id,source_website,week,player_first_name,player_last_name,position,projected_points,created_at,updated_at,team
18767,fanduel.com,Week 12,Christian,McCaffrey,RB,30.34,2025-11-20 17:52:44,2025-11-20 18:02:18,SF
16888,espn.com,Week 11,De'Von,Achane,RB,27.9,2025-11-13 05:19:16,2025-11-13 05:19:16,MIA
25650,sleeper.com,Week 14,Josh,Allen,QB,27.7,2025-12-03 01:52:43,2025-12-03 01:52:43,BUF
25104,fanduel.com,Week 13,Christian,McCaffrey,RB,27.24,2025-11-26 18:38:36,2025-11-26 18:38:36,SF
24015,sleeper.com,Week 13,Josh,Allen,QB,26.7,2025-11-26 18:35:52,2025-11-26 18:35:52,BUF
16889,espn.com,Week 11,Christian,McCaffrey,RB,26.6,2025-11-13 05:19:16,2025-11-13 05:19:16,SF
24016,sleeper.com,Week 13,Patrick,Mahomes,QB,26.3,2025-11-26 18:35:52,2025-11-26 18:35:52,KC
18561,espn.com,Week 12,Christian,McCaffrey,RB,26.1,2025-11-20 17:46:24,2025-11-20 18:00:16,SF
16397,sleeper.com,Week 11,Josh,Allen,QB,26.0,2025-11-13 05:18:19,2025-11-13 05:18:19,BUF
18103,sleeper.com,Week 12,Josh,Allen,QB,25.9,2025-11-20 17:45:26,2025-11-20 17:59:20,BUF
18104,sleeper.com,Week 12,Jalen,Hurts,QB,25.7,2025-11-20 17:45:26,2025-11-20 17:59:20,PHI
15194,sleeper.com,Week 10,Josh,Allen,QB,25.6,2025-11-07 00:48:26,2025-11-07 00:48:26,BUF
18105,sleeper.com,Week 12,Drake,Maye,QB,25.3,2025-11-20 17:45:26,2025-11-20 17:59:20,NE
18106,sleeper.com,Week 12,Christian,McCaffrey,RB,25.2,2025-11-20 17:45:26,2025-11-20 17:59:20,SF
15195,sleeper.com,Week 10,Lamar,Jackson,QB,25.1,2025-11-07 00:48:26,2025-11-07 00:48:26,BAL
18107,sleeper.com,Week 12,Lamar,Jackson,QB,25.1,2025-11-20 17:45:26,2025-11-20 17:59:20,BAL
18533,espn.com,Week 12,Drake,Maye,QB,25.1,2025-11-20 17:46:24,2025-11-20 18:00:16,NE
19968,fantasypros.com,Week 12,Christian,McCaffrey,RB,25.1,2025-11-20 18:01:42,2025-11-20 18:01:42,SF
24017,sleeper.com,Week 13,Jalen,Hurts,QB,25.1,2025-11-26 18:35:52,2025-11-26 18:35:52,PHI
17098,fantasypros.com,Week 11,Josh,Allen,QB,25.0,2025-11-13 05:20:49,2025-11-13 05:20:49,BUF
24742,fantasypros.com,Week 13,Patrick,Mahomes II,QB,25.0,2025-11-26 18:38:08,2025-11-26 18:38:08,KC
18108,sleeper.com,Week 12,Patrick,Mahomes,QB,24.9,2025-11-20 17:45:26,2025-11-20 17:59:20,KC
16398,sleeper.com,Week 11,Lamar,Jackson,QB,24.6,2025-11-13 05:18:19,2025-11-13 05:18:19,BAL
24018,sleeper.com,Week 13,Lamar,Jackson,QB,24.6,2025-11-26 18:35:52,2025-11-26 18:35:52,BAL
26083,fantasypros.com,Week 14,Josh,Allen,QB,24.6,2025-12-03 01:54:53,2025-12-03 03:06:17,BUF
17099,fantasypros.com,Week 11,Drake,Maye,QB,24.5,2025-11-13 05:20:49,2025-11-13 05:20:49,NE
24528,espn.com,Week 13,De'Von,Achane,RB,24.5,2025-11-26 18:36:55,2025-11-26 18:36:55,MIA
24743,fantasypros.com,Week 13,Josh,Allen,QB,24.5,2025-11-26 18:38:08,2025-11-26 18:38:08,BUF
15644,espn.com,Week 10,Christian,McCaffrey,RB,24.4,2025-11-07 00:49:32,2025-11-07 00:49:32,SF
25651,sleeper.com,Week 14,Dak,Prescott,QB,24.4,2025-12-03 01:52:43,2025-12-03 01:52:43,DAL
15196,sleeper.com,Week 10,Christian,McCaffrey,RB,24.2,2025-11-07 00:48:26,2025-11-07 00:48:26,SF
15197,sleeper.com,Week 10,Jaxson,Dart,QB,24.1,2025-11-07 00:48:26,2025-11-07 00:48:26,NYG
15848,fantasypros.com,Week 10,Josh,Allen,QB,24.1,2025-11-07 00:50:27,2025-11-07 00:50:27,BUF
16399,sleeper.com,Week 11,Jalen,Hurts,QB,24.1,2025-11-13 05:18:19,2025-11-13 05:18:19,PHI
25652,sleeper.com,Week 14,Jahmyr,Gibbs,RB,24.1,2025-12-03 01:52:43,2025-12-03 01:52:43,DET
17100,fantasypros.com,Week 11,Jalen,Hurts,QB,24.0,2025-11-13 05:20:49,2025-11-13 05:20:49,PHI
24019,sleeper.com,Week 13,Drake,Maye,QB,24.0,2025-11-26 18:35:52,2025-11-26 18:35:52,NE
24744,fantasypros.com,Week 13,Lamar,Jackson,QB,24.0,2025-11-26 18:38:08,2025-11-26 18:38:08,BAL
29166,espn.com,Week 14,Josh,Allen,QB,24.0,2025-12-03 04:47:06,2025-12-03 05:22:56,BUF
16400,sleeper.com,Week 11,Christian,McCaffrey,RB,23.9,2025-11-13 05:18:19,2025-11-13 05:18:19,SF
17450,firstdown.studio,Week 11,C.,McCaffrey,RB,23.9,2025-11-13 05:21:09,2025-11-13 05:21:09,SF
18109,sleeper.com,Week 12,Jonathan,Taylor,RB,23.9,2025-11-20 17:45:26,2025-11-20 17:59:20,IND
18768,fanduel.com,Week 12,Lamar,Jackson,QB,23.9,2025-11-20 17:52:44,2025-11-20 18:02:18,BAL
15198,sleeper.com,Week 10,Puka,Nacua,WR,23.7,2025-11-07 00:48:26,2025-11-07 00:48:26,LAR
24529,espn.com,Week 13,Christian,McCaffrey,RB,23.7,2025-11-26 18:36:55,2025-11-26 18:36:55,SF
29580,espn.com,Week 14,Jahmyr,Gibbs,RB,23.7,2025-12-03 05:22:56,2025-12-03 05:22:56,DET
15616,espn.com,Week 10,Lamar,Jackson,QB,23.6,2025-11-07 00:49:32,2025-11-07 00:49:32,BAL
16401,sleeper.com,Week 11,De'Von,Achane,RB,23.5,2025-11-13 05:18:19,2025-11-13 05:18:19,MIA
17101,fantasypros.com,Week 11,Lamar,Jackson,QB,23.5,2025-11-13 05:20:49,2025-11-13 05:20:49,BAL
19902,fantasypros.com,Week 12,Drake,Maye,QB,23.5,2025-11-20 18:01:42,2025-11-20 18:01:42,NE
24745,fantasypros.com,Week 13,Jalen,Hurts,QB,23.5,2025-11-26 18:38:08,2025-11-26 18:38:08,PHI
29581,espn.com,Week 14,De'Von,Achane,RB,23.5,2025-12-03 05:22:56,2025-12-03 05:22:56,MIA
17595,fanduel.com,Week 11,De'Von,Achane,RB,23.43,2025-11-13 05:21:22,2025-11-13 05:21:22,MIA
17596,fanduel.com,Week 11,Christian,McCaffrey,RB,23.42,2025-11-13 05:21:22,2025-11-13 05:21:22,SF
15617,espn.com,Week 10,Jaxson,Dart,QB,23.4,2025-11-07 00:49:32,2025-11-07 00:49:32,NYG
24496,espn.com,Week 13,Jalen,Hurts,QB,23.3,2025-11-26 18:36:55,2025-11-26 18:36:55,PHI
14721,fanduel.com,Week 10,Lamar,Jackson,QB,23.28,2025-11-07 00:48:09,2025-11-07 00:48:09,BAL
14722,fanduel.com,Week 10,Josh,Allen,QB,23.16,2025-11-07 00:48:09,2025-11-07 00:48:09,BUF
25105,fanduel.com,Week 13,Jaxon,Smith-Njigba,WR,23.14,2025-11-26 18:38:36,2025-11-26 18:38:36,SEA
15199,sleeper.com,Week 10,Jaxon,Smith-Njigba,WR,23.1,2025-11-07 00:48:26,2025-11-07 00:48:26,SEA
15694,espn.com,Week 10,Puka,Nacua,WR,23.1,2025-11-07 00:49:32,2025-11-07 00:49:32,LAR
16402,sleeper.com,Week 11,Drake,Maye,QB,23.1,2025-11-13 05:18:19,2025-11-13 05:18:19,NE
24020,sleeper.com,Week 13,Dak,Prescott,QB,23.1,2025-11-26 18:35:52,2025-11-26 18:35:52,DAL
24021,sleeper.com,Week 13,Christian,McCaffrey,RB,23.1,2025-11-26 18:35:52,2025-11-26 18:35:52,SF
15899,fantasypros.com,Week 10,Christian,McCaffrey,RB,23.0,2025-11-07 00:50:27,2025-11-07 00:50:27,SF
16236,firstdown.studio,Week 10,Josh,Allen,QB,23.0,2025-11-07 00:50:48,2025-11-07 00:51:07,BUF
17102,fantasypros.com,Week 11,Justin,Herbert,QB,23.0,2025-11-13 05:20:49,2025-11-13 05:20:49,LAC
18110,sleeper.com,Week 12,Brock,Purdy,QB,23.0,2025-11-20 17:45:26,2025-11-20 17:59:20,SF
24746,fantasypros.com,Week 13,Drake,Maye,QB,23.0,2025-11-26 18:38:08,2025-11-26 18:38:08,NE
25653,sleeper.com,Week 14,Jalen,Hurts,QB,23.0,2025-12-03 01:52:43,2025-12-03 01:52:43,PHI
16403,sleeper.com,Week 11,Justin,Herbert,QB,22.9,2025-11-13 05:18:19,2025-11-13 05:18:19,LAC
16938,espn.com,Week 11,Jaxon,Smith-Njigba,WR,22.9,2025-11-13 05:19:16,2025-11-13 05:19:16,SEA
25654,sleeper.com,Week 14,Patrick,Mahomes,QB,22.9,2025-12-03 01:52:43,2025-12-03 01:52:43,KC
25655,sleeper.com,Week 14,Lamar,Jackson,QB,22.9,2025-12-03 01:52:43,2025-12-03 01:52:43,BAL
25106,fanduel.com,Week 13,Bijan,Robinson,RB,22.74,2025-11-26 18:38:36,2025-11-26 18:38:36,ATL
15200,sleeper.com,Week 10,Jonathan,Taylor,RB,22.7,2025-11-07 00:48:26,2025-11-07 00:48:26,IND
15201,sleeper.com,Week 10,Jalen,Hurts,QB,22.6,2025-11-07 00:48:26,2025-11-07 00:48:26,PHI
24022,sleeper.com,Week 13,Jahmyr,Gibbs,RB,22.6,2025-11-26 18:35:52,2025-11-26 18:35:52,DET
25656,sleeper.com,Week 14,De'Von,Achane,RB,22.6,2025-12-03 01:52:43,2025-12-03 01:52:43,MIA
25107,fanduel.com,Week 13,De'Von,Achane,RB,22.53,2025-11-26 18:38:36,2025-11-26 18:38:36,MIA
15618,espn.com,Week 10,Josh,Allen,QB,22.5,2025-11-07 00:49:32,2025-11-07 00:49:32,BUF
16263,firstdown.studio,Week 10,C.,McCaffrey,RB,22.5,2025-11-07 00:50:48,2025-11-07 00:50:48,SF
16890,espn.com,Week 11,Josh,Jacobs,RB,22.5,2025-11-13 05:19:16,2025-11-13 05:19:16,GB
17103,fantasypros.com,Week 11,Dak,Prescott,QB,22.5,2025-11-13 05:20:49,2025-11-13 05:20:49,DAL
24747,fantasypros.com,Week 13,Matthew,Stafford,QB,22.5,2025-11-26 18:38:08,2025-11-26 18:38:08,LAR
26108,fantasypros.com,Week 14,De'Von,Achane,RB,22.5,2025-12-03 01:54:53,2025-12-03 03:06:17,MIA
18769,fanduel.com,Week 12,Jaxon,Smith-Njigba,WR,22.48,2025-11-20 17:52:44,2025-11-20 18:02:18,SEA
16404,sleeper.com,Week 11,Patrick,Mahomes,QB,22.4,2025-11-13 05:18:19,2025-11-13 05:18:19,KC
16858,espn.com,Week 11,Drake,Maye,QB,22.4,2025-11-13 05:19:16,2025-11-13 05:19:16,NE
17451,firstdown.studio,Week 11,De'Von,Achane,RB,22.4,2025-11-13 05:21:09,2025-11-13 05:21:09,MIA
18111,sleeper.com,Week 12,Jahmyr,Gibbs,RB,22.4,2025-11-20 17:45:26,2025-11-20 17:59:20,DET
18534,espn.com,Week 12,Jalen,Hurts,QB,22.4,2025-11-20 17:46:24,2025-11-20 18:00:16,PHI
24023,sleeper.com,Week 13,De'Von,Achane,RB,22.4,2025-11-26 18:35:52,2025-11-26 18:35:52,MIA
24024,sleeper.com,Week 13,Bo,Nix,QB,22.4,2025-11-26 18:35:52,2025-11-26 18:35:52,DEN
24497,espn.com,Week 13,Drake,Maye,QB,22.4,2025-11-26 18:36:55,2025-11-26 18:36:55,NE
25657,sleeper.com,Week 14,Jaxon,Smith-Njigba,WR,22.4,2025-12-03 01:52:43,2025-12-03 01:52:43,SEA
18770,fanduel.com,Week 12,Drake,Maye,QB,22.38,2025-11-20 17:52:44,2025-11-20 18:02:18,NE
15695,espn.com,Week 10,Amon-Ra,St. Brown,WR,22.3,2025-11-07 00:49:32,2025-11-07 00:49:32,DET
15849,fantasypros.com,Week 10,Lamar,Jackson,QB,22.3,2025-11-07 00:50:27,2025-11-07 00:50:27,BAL
16939,espn.com,Week 11,Ja'Marr,Chase,WR,22.3,2025-11-13 05:19:16,2025-11-13 05:19:16,CIN
24025,sleeper.com,Week 13,Justin,Herbert,QB,22.3,2025-11-26 18:35:52,2025-11-26 18:35:52,LAC
25108,fanduel.com,Week 13,Lamar,Jackson,QB,22.28,2025-11-26 18:38:36,2025-11-26 18:38:36,BAL
14723,fanduel.com,Week 10,Christian,McCaffrey,RB,22.27,2025-11-07 00:48:09,2025-11-07 00:48:09,SF
17597,fanduel.com,Week 11,Josh,Allen,QB,22.25,2025-11-13 05:21:22,2025-11-13 05:21:22,BUF
15202,sleeper.com,Week 10,Drake,Maye,QB,22.2,2025-11-07 00:48:26,2025-11-07 00:48:26,NE
16405,sleeper.com,Week 11,Puka,Nacua,WR,22.2,2025-11-13 05:18:19,2025-11-13 05:18:19,LAR
25658,sleeper.com,Week 14,Jonathan,Taylor,RB,22.2,2025-12-03 01:52:43,2025-12-03 01:52:43,IND
16406,sleeper.com,Week 11,Dak,Prescott,QB,22.1,2025-11-13 05:18:19,2025-11-13 05:18:19,DAL
19903,fantasypros.com,Week 12,Lamar,Jackson,QB,22.1,2025-11-20 18:01:42,2025-11-20 18:01:42,BAL
24026,sleeper.com,Week 13,Jonathan,Taylor,RB,22.1,2025-11-26 18:35:52,2025-11-26 18:35:52,IND
14724,fanduel.com,Week 10,Bijan,Robinson,RB,22.06,2025-11-07 00:48:09,2025-11-07 00:48:09,ATL
16407,sleeper.com,Week 11,Jaxon,Smith-Njigba,WR,22.0,2025-11-13 05:18:19,2025-11-13 05:18:19,SEA
17104,fantasypros.com,Week 11,Patrick,Mahomes II,QB,22.0,2025-11-13 05:20:49,2025-11-13 05:20:49,KC
24748,fantasypros.com,Week 13,Justin,Herbert,QB,22.0,2025-11-26 18:38:08,2025-11-26 18:38:08,LAC
18771,fanduel.com,Week 12,Bijan,Robinson,RB,21.97,2025-11-20 17:52:44,2025-11-20 18:02:18,ATL
17598,fanduel.com,Week 11,Drake,Maye,QB,21.95,2025-11-13 05:21:22,2025-11-13 05:21:22,NE
15203,sleeper.com,Week 10,Baker,Mayfield,QB,21.9,2025-11-07 00:48:26,2025-11-07 00:48:26,TB
15696,espn.com,Week 10,Jaxon,Smith-Njigba,WR,21.9,2025-11-07 00:49:32,2025-11-07 00:49:32,SEA
17453,firstdown.studio,Week 11,Ja'Marr,Chase,WR,21.9,2025-11-13 05:21:09,2025-11-13 05:21:09,CIN
24027,sleeper.com,Week 13,Jaxon,Smith-Njigba,WR,21.9,2025-11-26 18:35:52,2025-11-26 18:35:52,SEA
24578,espn.com,Week 13,Jaxon,Smith-Njigba,WR,21.9,2025-11-26 18:36:55,2025-11-26 18:36:55,SEA
16408,sleeper.com,Week 11,Bijan,Robinson,RB,21.8,2025-11-13 05:18:19,2025-11-13 05:18:19,ATL
19969,fantasypros.com,Week 12,Jahmyr,Gibbs,RB,21.8,2025-11-20 18:01:42,2025-11-20 18:01:42,DET
25659,sleeper.com,Week 14,Jared,Goff,QB,21.8,2025-12-03 01:52:43,2025-12-03 01:52:43,DET
25109,fanduel.com,Week 13,Drake,Maye,QB,21.71,2025-11-26 18:38:36,2025-11-26 18:38:36,NE
16266,firstdown.studio,Week 10,Puka,Nacua,WR,21.7,2025-11-07 00:50:48,2025-11-07 00:51:07,LAR
17419,firstdown.studio,Week 11,Josh,Allen,QB,21.7,2025-11-13 05:21:09,2025-11-13 05:26:14,BUF
18112,sleeper.com,Week 12,Dak,Prescott,QB,21.7,2025-11-20 17:45:26,2025-11-20 17:59:20,DAL
18562,espn.com,Week 12,Bijan,Robinson,RB,21.7,2025-11-20 17:46:24,2025-11-20 18:00:16,ATL
25660,sleeper.com,Week 14,Baker,Mayfield,QB,21.7,2025-12-03 01:52:43,2025-12-03 01:52:43,TB
25110,fanduel.com,Week 13,Amon-Ra,St. Brown,WR,21.65,2025-11-26 18:38:36,2025-11-26 18:38:36,DET
16859,espn.com,Week 11,Jalen,Hurts,QB,21.6,2025-11-13 05:19:16,2025-11-13 05:19:16,PHI
18113,sleeper.com,Week 12,Jaxson,Dart,QB,21.6,2025-11-20 17:45:26,2025-11-20 17:59:20,NYG
19904,fantasypros.com,Week 12,Josh,Allen,QB,21.6,2025-11-20 18:01:42,2025-11-20 18:01:42,BUF
24498,espn.com,Week 13,Patrick,Mahomes,QB,21.6,2025-11-26 18:36:55,2025-11-26 18:36:55,KC
14725,fanduel.com,Week 10,Jonathan,Taylor,RB,21.59,2025-11-07 00:48:09,2025-11-07 00:48:09,IND
25111,fanduel.com,Week 13,Patrick,Mahomes,QB,21.59,2025-11-26 18:38:36,2025-11-26 18:38:36,KC
18772,fanduel.com,Week 12,Josh,Allen,QB,21.56,2025-11-20 17:52:44,2025-11-20 18:02:18,BUF
26239,fanduel.com,Week 14,Josh,Allen,QB,21.51,2025-12-03 01:55:37,2025-12-03 03:57:34,BUF
15204,sleeper.com,Week 10,Amon-Ra,St. Brown,WR,21.5,2025-11-07 00:48:26,2025-11-07 00:48:26,DET
15850,fantasypros.com,Week 10,Drake,Maye,QB,21.5,2025-11-07 00:50:27,2025-11-07 00:50:27,NE
16409,sleeper.com,Week 11,Geno,Smith,QB,21.5,2025-11-13 05:18:19,2025-11-13 05:18:19,LV
16410,sleeper.com,Week 11,Baker,Mayfield,QB,21.5,2025-11-13 05:18:19,2025-11-13 05:18:19,TB
17105,fantasypros.com,Week 11,Matthew,Stafford,QB,21.5,2025-11-13 05:20:49,2025-11-13 05:20:49,LAR
24579,espn.com,Week 13,Ja'Marr,Chase,WR,21.5,2025-11-26 18:36:55,2025-11-26 18:36:55,CIN
24749,fantasypros.com,Week 13,Joe,Burrow,QB,21.5,2025-11-26 18:38:08,2025-11-26 18:38:08,CIN
26240,fanduel.com,Week 14,Jahmyr,Gibbs,RB,21.5,2025-12-03 01:55:37,2025-12-03 03:57:34,DET
26241,fanduel.com,Week 14,De'Von,Achane,RB,21.46,2025-12-03 01:55:37,2025-12-03 03:57:34,MIA
15205,sleeper.com,Week 10,Daniel,Jones,QB,21.4,2025-11-07 00:48:26,2025-11-07 00:48:26,IND
15206,sleeper.com,Week 10,Jahmyr,Gibbs,RB,21.4,2025-11-07 00:48:26,2025-11-07 00:48:26,DET
15619,espn.com,Week 10,Jalen,Hurts,QB,21.4,2025-11-07 00:49:32,2025-11-07 00:49:32,PHI
15645,espn.com,Week 10,De'Von,Achane,RB,21.4,2025-11-07 00:49:32,2025-11-07 00:49:32,MIA
18535,espn.com,Week 12,Patrick,Mahomes,QB,21.4,2025-11-20 17:46:24,2025-11-20 18:00:16,KC
24028,sleeper.com,Week 13,Baker,Mayfield,QB,21.4,2025-11-26 18:35:52,2025-11-26 18:35:52,TB
14726,fanduel.com,Week 10,De'Von,Achane,RB,21.34,2025-11-07 00:48:09,2025-11-07 00:48:09,MIA
15207,sleeper.com,Week 10,Jared,Goff,QB,21.3,2025-11-07 00:48:26,2025-11-07 00:48:26,DET
15646,espn.com,Week 10,Jonathan,Taylor,RB,21.3,2025-11-07 00:49:32,2025-11-07 00:49:32,IND
17420,firstdown.studio,Week 11,Drake,Maye,QB,21.3,2025-11-13 05:21:09,2025-11-13 05:26:14,NE
18611,espn.com,Week 12,Jaxon,Smith-Njigba,WR,21.3,2025-11-20 17:46:24,2025-11-20 18:00:16,SEA
24499,espn.com,Week 13,Lamar,Jackson,QB,21.3,2025-11-26 18:36:55,2025-11-26 18:36:55,BAL
26084,fantasypros.com,Week 14,Dak,Prescott,QB,21.3,2025-12-03 01:54:53,2025-12-03 03:06:17,DAL
29582,espn.com,Week 14,Josh,Jacobs,RB,21.3,2025-12-03 05:22:56,2025-12-03 05:22:56,GB
29583,espn.com,Week 14,James,Cook,RB,21.3,2025-12-03 05:22:56,2025-12-03 05:22:56,BUF
14727,fanduel.com,Week 10,Puka,Nacua,WR,21.28,2025-11-07 00:48:09,2025-11-07 00:51:07,LAR
17599,fanduel.com,Week 11,Lamar,Jackson,QB,21.24,2025-11-13 05:21:22,2025-11-13 05:21:22,BAL
16237,firstdown.studio,Week 10,Lamar,Jackson,QB,21.2,2025-11-07 00:50:48,2025-11-07 00:51:07,BAL
16411,sleeper.com,Week 11,Brock,Purdy,QB,21.2,2025-11-13 05:18:19,2025-11-13 05:18:19,SF
18536,espn.com,Week 12,Lamar,Jackson,QB,21.2,2025-11-20 17:46:24,2025-11-20 18:00:16,BAL
25112,fanduel.com,Week 13,Josh,Allen,QB,21.2,2025-11-26 18:38:36,2025-11-26 18:38:36,BUF
15208,sleeper.com,Week 10,Bo,Nix,QB,21.1,2025-11-07 00:48:26,2025-11-07 00:48:26,DEN
16001,fantasypros.com,Week 10,Jaxon,Smith-Njigba,WR,21.1,2025-11-07 00:50:27,2025-11-07 00:50:27,SEA
26109,fantasypros.com,Week 14,Jahmyr,Gibbs,RB,21.1,2025-12-03 01:54:53,2025-12-03 03:06:17,DET
26242,fanduel.com,Week 14,Dak,Prescott,QB,21.04,2025-12-03 01:55:37,2025-12-03 03:57:34,DAL
15647,espn.com,Week 10,James,Cook,RB,21.0,2025-11-07 00:49:32,2025-11-07 00:49:32,BUF
17106,fantasypros.com,Week 11,Baker,Mayfield,QB,21.0,2025-11-13 05:20:49,2025-11-13 05:20:49,TB
18563,espn.com,Week 12,Jahmyr,Gibbs,RB,21.0,2025-11-20 17:46:24,2025-11-20 18:00:16,DET
19970,fantasypros.com,Week 12,Jonathan,Taylor,RB,21.0,2025-11-20 18:01:42,2025-11-20 18:01:42,IND
20073,fantasypros.com,Week 12,Puka,Nacua,WR,21.0,2025-11-20 18:01:42,2025-11-20 18:01:42,LAR
24029,sleeper.com,Week 13,Jaxson,Dart,QB,21.0,2025-11-26 18:35:52,2025-11-26 18:35:52,NYG
24750,fantasypros.com,Week 13,Dak,Prescott,QB,21.0,2025-11-26 18:38:08,2025-11-26 18:38:08,DAL
25661,sleeper.com,Week 14,Justin,Herbert,QB,21.0,2025-12-03 01:52:43,2025-12-03 01:52:43,LAC
15209,sleeper.com,Week 10,Justin,Herbert,QB,20.9,2025-11-07 00:48:26,2025-11-07 00:48:26,LAC
16412,sleeper.com,Week 11,Jahmyr,Gibbs,RB,20.9,2025-11-13 05:18:19,2025-11-13 05:18:19,DET
17455,firstdown.studio,Week 11,Puka,Nacua,WR,20.9,2025-11-13 05:21:09,2025-11-13 05:26:14,LAR
17600,fanduel.com,Week 11,Puka,Nacua,WR,20.9,2025-11-13 05:21:22,2025-11-13 05:26:14,LAR
18114,sleeper.com,Week 12,Bijan,Robinson,RB,20.9,2025-11-20 17:45:26,2025-11-20 17:59:20,ATL
24030,sleeper.com,Week 13,Brock,Purdy,QB,20.9,2025-11-26 18:35:52,2025-11-26 18:35:52,SF
29208,espn.com,Week 14,Jaxon,Smith-Njigba,WR,20.9,2025-12-03 04:47:06,2025-12-03 05:22:56,SEA
29209,espn.com,Week 14,Puka,Nacua,WR,20.9,2025-12-03 04:47:06,2025-12-03 05:22:56,LAR
29584,espn.com,Week 14,Jonathan,Taylor,RB,20.9,2025-12-03 05:22:56,2025-12-03 05:22:56,IND
15620,espn.com,Week 10,Drake,Maye,QB,20.8,2025-11-07 00:49:32,2025-11-07 00:49:32,NE
16413,sleeper.com,Week 11,Aaron,Rodgers,QB,20.8,2025-11-13 05:18:19,2025-11-13 05:18:19,PIT
16414,sleeper.com,Week 11,Marcus,Mariota,QB,20.8,2025-11-13 05:18:19,2025-11-13 05:18:19,WAS
18612,espn.com,Week 12,Puka,Nacua,WR,20.8,2025-11-20 17:46:24,2025-11-20 18:00:16,LAR
19905,fantasypros.com,Week 12,Jalen,Hurts,QB,20.8,2025-11-20 18:01:42,2025-11-20 18:01:42,PHI
19971,fantasypros.com,Week 12,Bijan,Robinson,RB,20.8,2025-11-20 18:01:42,2025-11-20 18:01:42,ATL
24031,sleeper.com,Week 13,Trevor,Lawrence,QB,20.8,2025-11-26 18:35:52,2025-11-26 18:35:52,JAX
24032,sleeper.com,Week 13,Bijan,Robinson,RB,20.8,2025-11-26 18:35:52,2025-11-26 18:35:52,ATL
24500,espn.com,Week 13,Josh,Allen,QB,20.8,2025-11-26 18:36:55,2025-11-26 18:36:55,BUF
26110,fantasypros.com,Week 14,Jonathan,Taylor,RB,20.8,2025-12-03 01:54:53,2025-12-03 03:06:17,IND
15851,fantasypros.com,Week 10,Justin,Herbert,QB,20.7,2025-11-07 00:50:27,2025-11-07 00:50:27,LAC
16002,fantasypros.com,Week 10,Puka,Nacua,WR,20.7,2025-11-07 00:50:27,2025-11-07 00:50:27,LAR
16415,sleeper.com,Week 11,CeeDee,Lamb,WR,20.7,2025-11-13 05:18:19,2025-11-13 05:18:19,DAL
16860,espn.com,Week 11,Josh,Allen,QB,20.7,2025-11-13 05:19:16,2025-11-13 05:19:16,BUF
18115,sleeper.com,Week 12,Matthew,Stafford,QB,20.7,2025-11-20 17:45:26,2025-11-20 17:59:20,LAR
18116,sleeper.com,Week 12,Aaron,Rodgers,QB,20.7,2025-11-20 17:45:26,2025-11-20 17:59:20,PIT
24033,sleeper.com,Week 13,Matthew,Stafford,QB,20.7,2025-11-26 18:35:52,2025-11-26 18:35:52,LAR
24530,espn.com,Week 13,Bijan,Robinson,RB,20.7,2025-11-26 18:36:55,2025-11-26 18:36:55,ATL
17601,fanduel.com,Week 11,Jalen,Hurts,QB,20.64,2025-11-13 05:21:22,2025-11-13 05:21:22,PHI
17602,fanduel.com,Week 11,Bijan,Robinson,RB,20.61,2025-11-13 05:21:22,2025-11-13 05:21:22,ATL
15648,espn.com,Week 10,Bijan,Robinson,RB,20.6,2025-11-07 00:49:32,2025-11-07 00:49:32,ATL
15900,fantasypros.com,Week 10,Bijan,Robinson,RB,20.6,2025-11-07 00:50:27,2025-11-07 00:50:27,ATL
16003,fantasypros.com,Week 10,Amon-Ra,St. Brown,WR,20.6,2025-11-07 00:50:27,2025-11-07 00:50:27,DET
16267,firstdown.studio,Week 10,J.,Smith-Njigba,WR,20.6,2025-11-07 00:50:48,2025-11-07 00:50:48,SEA
16891,espn.com,Week 11,Bijan,Robinson,RB,20.6,2025-11-13 05:19:16,2025-11-13 05:19:16,ATL
24580,espn.com,Week 13,Amon-Ra,St. Brown,WR,20.6,2025-11-26 18:36:55,2025-11-26 18:36:55,DET
25662,sleeper.com,Week 14,Bo,Nix,QB,20.6,2025-12-03 01:52:43,2025-12-03 01:52:43,DEN
26133,fantasypros.com,Week 14,Jaxon,Smith-Njigba,WR,20.6,2025-12-03 01:54:53,2025-12-03 03:06:17,SEA
25113,fanduel.com,Week 13,Dak,Prescott,QB,20.53,2025-11-26 18:38:36,2025-11-26 18:38:36,DAL
15852,fantasypros.com,Week 10,Jalen,Hurts,QB,20.5,2025-11-07 00:50:27,2025-11-07 00:50:27,PHI
16264,firstdown.studio,Week 10,Jonathan,Taylor,RB,20.5,2025-11-07 00:50:48,2025-11-07 00:50:48,IND
16416,sleeper.com,Week 11,J.J.,McCarthy,QB,20.5,2025-11-13 05:18:19,2025-11-13 05:18:19,MIN
16417,sleeper.com,Week 11,Bo,Nix,QB,20.5,2025-11-13 05:18:19,2025-11-13 05:18:19,DEN
16940,espn.com,Week 11,Puka,Nacua,WR,20.5,2025-11-13 05:19:16,2025-11-13 05:19:16,LAR
17107,fantasypros.com,Week 11,Joe,Flacco,QB,20.5,2025-11-13 05:20:49,2025-11-13 05:20:49,CIN
18117,sleeper.com,Week 12,Jaxon,Smith-Njigba,WR,20.5,2025-11-20 17:45:26,2025-11-20 17:59:20,SEA
18564,espn.com,Week 12,Jonathan,Taylor,RB,20.5,2025-11-20 17:46:24,2025-11-20 18:00:16,IND
24751,fantasypros.com,Week 13,Jacoby,Brissett,QB,20.5,2025-11-26 18:38:08,2025-11-26 18:38:08,ARI
25114,fanduel.com,Week 13,Ja'Marr,Chase,WR,20.44,2025-11-26 18:38:36,2025-11-26 18:38:36,CIN
25115,fanduel.com,Week 13,Jonathan,Taylor,RB,20.42,2025-11-26 18:38:36,2025-11-26 18:38:36,IND
16265,firstdown.studio,Week 10,Bijan,Robinson,RB,20.4,2025-11-07 00:50:48,2025-11-07 00:50:48,ATL
16861,espn.com,Week 11,Lamar,Jackson,QB,20.4,2025-11-13 05:19:16,2025-11-13 05:19:16,BAL
17421,firstdown.studio,Week 11,Jalen,Hurts,QB,20.4,2025-11-13 05:21:09,2025-11-13 05:26:14,PHI
18118,sleeper.com,Week 12,Baker,Mayfield,QB,20.4,2025-11-20 17:45:26,2025-11-20 17:59:20,TB
19906,fantasypros.com,Week 12,Patrick,Mahomes II,QB,20.4,2025-11-20 18:01:42,2025-11-20 18:01:42,KC
24034,sleeper.com,Week 13,Daniel,Jones,QB,20.4,2025-11-26 18:35:52,2025-11-26 18:35:52,IND
24531,espn.com,Week 13,Jahmyr,Gibbs,RB,20.4,2025-11-26 18:36:55,2025-11-26 18:36:55,DET
25663,sleeper.com,Week 14,Matthew,Stafford,QB,20.4,2025-12-03 01:52:43,2025-12-03 01:52:43,LAR
25664,sleeper.com,Week 14,Trevor,Lawrence,QB,20.4,2025-12-03 01:52:43,2025-12-03 01:52:43,JAX
18773,fanduel.com,Week 12,Brock,Purdy,QB,20.34,2025-11-20 17:52:44,2025-11-20 18:02:18,SF
17456,firstdown.studio,Week 11,J.,Smith-Njigba,WR,20.3,2025-11-13 05:21:09,2025-11-13 05:21:09,SEA
18119,sleeper.com,Week 12,Jared,Goff,QB,20.3,2025-11-20 17:45:26,2025-11-20 17:59:20,DET
18537,espn.com,Week 12,Brock,Purdy,QB,20.3,2025-11-20 17:46:24,2025-11-20 18:00:16,SF
24035,sleeper.com,Week 13,Jacoby,Brissett,QB,20.3,2025-11-26 18:35:52,2025-11-26 18:35:52,ARI
24501,espn.com,Week 13,Bo,Nix,QB,20.3,2025-11-26 18:36:55,2025-11-26 18:36:55,DEN
24532,espn.com,Week 13,Jonathan,Taylor,RB,20.3,2025-11-26 18:36:55,2025-11-26 18:36:55,IND
24581,espn.com,Week 13,Puka,Nacua,WR,20.3,2025-11-26 18:36:55,2025-11-26 18:36:55,LAR
26085,fantasypros.com,Week 14,Jalen,Hurts,QB,20.3,2025-12-03 01:54:53,2025-12-03 03:06:17,PHI
29167,espn.com,Week 14,Dak,Prescott,QB,20.3,2025-12-03 04:47:06,2025-12-03 05:22:56,DAL
18774,fanduel.com,Week 12,Patrick,Mahomes,QB,20.26,2025-11-20 17:52:44,2025-11-20 18:02:18,KC
15853,fantasypros.com,Week 10,Jaxson,Dart,QB,20.2,2025-11-07 00:50:27,2025-11-07 00:50:27,NYG
16941,espn.com,Week 11,Amon-Ra,St. Brown,WR,20.2,2025-11-13 05:19:16,2025-11-13 05:19:16,DET
18613,espn.com,Week 12,Amon-Ra,St. Brown,WR,20.2,2025-11-20 17:46:24,2025-11-20 18:00:16,DET
24036,sleeper.com,Week 13,Ja'Marr,Chase,WR,20.2,2025-11-26 18:35:52,2025-11-26 18:35:52,CIN
24037,sleeper.com,Week 13,Puka,Nacua,WR,20.2,2025-11-26 18:35:52,2025-11-26 18:35:52,LAR
24533,espn.com,Week 13,Derrick,Henry,RB,20.2,2025-11-26 18:36:55,2025-11-26 18:36:55,BAL
25665,sleeper.com,Week 14,Daniel,Jones,QB,20.2,2025-12-03 01:52:43,2025-12-03 01:52:43,IND
17603,fanduel.com,Week 11,Justin,Herbert,QB,20.11,2025-11-13 05:21:22,2025-11-13 05:21:22,LAC
15210,sleeper.com,Week 10,Brock,Purdy,QB,20.1,2025-11-07 00:48:26,2025-11-07 00:48:26,SF
15621,espn.com,Week 10,Justin,Herbert,QB,20.1,2025-11-07 00:49:32,2025-11-07 00:49:32,LAC
16418,sleeper.com,Week 11,Josh,Jacobs,RB,20.1,2025-11-13 05:18:19,2025-11-13 05:18:19,GB
18120,sleeper.com,Week 12,Daniel,Jones,QB,20.1,2025-11-20 17:45:26,2025-11-20 17:59:20,IND
15622,espn.com,Week 10,Daniel,Jones,QB,20.0,2025-11-07 00:49:32,2025-11-07 00:49:32,IND
15901,fantasypros.com,Week 10,Jonathan,Taylor,RB,20.0,2025-11-07 00:50:27,2025-11-07 00:50:27,IND
16238,firstdown.studio,Week 10,Drake,Maye,QB,20.0,2025-11-07 00:50:48,2025-11-07 00:51:07,NE
17108,fantasypros.com,Week 11,Caleb,Williams,QB,20.0,2025-11-13 05:20:49,2025-11-13 05:20:49,CHI
17163,fantasypros.com,Week 11,Christian,McCaffrey,RB,20.0,2025-11-13 05:20:49,2025-11-13 05:20:49,SF
17422,firstdown.studio,Week 11,Patrick,Mahomes,QB,20.0,2025-11-13 05:21:09,2025-11-13 05:26:14,KC
17452,firstdown.studio,Week 11,Bijan,Robinson,RB,20.0,2025-11-13 05:21:09,2025-11-13 05:21:09,ATL
24582,espn.com,Week 13,CeeDee,Lamb,WR,20.0,2025-11-26 18:36:55,2025-11-26 18:36:55,DAL
24752,fantasypros.com,Week 13,Bo,Nix,QB,20.0,2025-11-26 18:38:08,2025-11-26 18:38:08,DEN
24805,fantasypros.com,Week 13,Jahmyr,Gibbs,RB,20.0,2025-11-26 18:38:08,2025-11-26 18:38:08,DET
25666,sleeper.com,Week 14,Jordan,Love,QB,20.0,2025-12-03 01:52:43,2025-12-03 01:52:43,GB
25667,sleeper.com,Week 14,Puka,Nacua,WR,20.0,2025-12-03 01:52:43,2025-12-03 01:52:43,LAR
26243,fanduel.com,Week 14,Jaxon,Smith-Njigba,WR,20.0,2025-12-03 01:55:37,2025-12-03 03:57:34,SEA
29585,espn.com,Week 14,Bijan,Robinson,RB,20.0,2025-12-03 05:22:56,2025-12-03 05:22:56,ATL
15211,sleeper.com,Week 10,Justin,Fields,QB,19.9,2025-11-07 00:48:26,2025-11-07 00:48:26,NYJ
15697,espn.com,Week 10,Justin,Jefferson,WR,19.9,2025-11-07 00:49:32,2025-11-07 00:49:32,MIN
15854,fantasypros.com,Week 10,Bo,Nix,QB,19.9,2025-11-07 00:50:27,2025-11-07 00:50:27,DEN
16419,sleeper.com,Week 11,Jared,Goff,QB,19.9,2025-11-13 05:18:19,2025-11-13 05:18:19,DET
17423,firstdown.studio,Week 11,Justin,Herbert,QB,19.9,2025-11-13 05:21:09,2025-11-13 05:26:14,LAC
18538,espn.com,Week 12,Daniel,Jones,QB,19.9,2025-11-20 17:46:24,2025-11-20 18:00:16,IND
19907,fantasypros.com,Week 12,Matthew,Stafford,QB,19.9,2025-11-20 18:01:42,2025-11-20 18:01:42,LAR
20074,fantasypros.com,Week 12,Jaxon,Smith-Njigba,WR,19.9,2025-11-20 18:01:42,2025-11-20 18:01:42,SEA
20075,fantasypros.com,Week 12,Amon-Ra,St. Brown,WR,19.9,2025-11-20 18:01:42,2025-11-20 18:01:42,DET
26134,fantasypros.com,Week 14,CeeDee,Lamb,WR,19.9,2025-12-03 01:54:53,2025-12-03 03:06:17,DAL
25116,fanduel.com,Week 13,Jalen,Hurts,QB,19.88,2025-11-26 18:38:36,2025-11-26 18:38:36,PHI
26244,fanduel.com,Week 14,Ja'Marr,Chase,WR,19.87,2025-12-03 01:55:37,2025-12-03 03:57:34,CIN
18775,fanduel.com,Week 12,Jahmyr,Gibbs,RB,19.81,2025-11-20 17:52:44,2025-11-20 18:02:18,DET
14728,fanduel.com,Week 10,James,Cook,RB,19.8,2025-11-07 00:48:09,2025-11-07 00:48:09,BUF
15212,sleeper.com,Week 10,De'Von,Achane,RB,19.8,2025-11-07 00:48:26,2025-11-07 00:48:26,MIA
15213,sleeper.com,Week 10,Bijan,Robinson,RB,19.8,2025-11-07 00:48:26,2025-11-07 00:48:26,ATL
15214,sleeper.com,Week 10,Marcus,Mariota,QB,19.8,2025-11-07 00:48:26,2025-11-07 00:48:26,WAS
15698,espn.com,Week 10,Drake,London,WR,19.8,2025-11-07 00:49:32,2025-11-07 00:49:32,ATL
18121,sleeper.com,Week 12,Sam,Darnold,QB,19.8,2025-11-20 17:45:26,2025-11-20 17:59:20,SEA
18122,sleeper.com,Week 12,Puka,Nacua,WR,19.8,2025-11-20 17:45:26,2025-11-20 17:59:20,LAR
18123,sleeper.com,Week 12,Trevor,Lawrence,QB,19.8,2025-11-20 17:45:26,2025-11-20 17:59:20,JAX
18124,sleeper.com,Week 12,Jacoby,Brissett,QB,19.8,2025-11-20 17:45:26,2025-11-20 17:59:20,ARI
24038,sleeper.com,Week 13,Marcus,Mariota,QB,19.8,2025-11-26 18:35:52,2025-11-26 18:35:52,WAS
25668,sleeper.com,Week 14,Sam,Darnold,QB,19.8,2025-12-03 01:52:43,2025-12-03 01:52:43,SEA
25117,fanduel.com,Week 13,Puka,Nacua,WR,19.75,2025-11-26 18:38:36,2025-11-26 18:38:36,LAR
25118,fanduel.com,Week 13,Justin,Herbert,QB,19.75,2025-11-26 18:38:36,2025-11-26 18:38:36,LAC
25669,sleeper.com,Week 14,Bijan,Robinson,RB,19.7,2025-12-03 01:52:43,2025-12-03 01:52:43,ATL
17604,fanduel.com,Week 11,James,Cook,RB,19.65,2025-11-13 05:21:22,2025-11-13 05:21:22,BUF
26250,fanduel.com,Week 14,Josh,Jacobs,RB,19.65,2025-12-03 01:55:37,2025-12-03 03:57:34,GB
15215,sleeper.com,Week 10,Matthew,Stafford,QB,19.6,2025-11-07 00:48:26,2025-11-07 00:48:26,LAR
15623,espn.com,Week 10,Matthew,Stafford,QB,19.6,2025-11-07 00:49:32,2025-11-07 00:49:32,LAR
15855,fantasypros.com,Week 10,Baker,Mayfield,QB,19.6,2025-11-07 00:50:27,2025-11-07 00:50:27,TB
16420,sleeper.com,Week 11,Tua,Tagovailoa,QB,19.6,2025-11-13 05:18:19,2025-11-13 05:18:19,MIA
16862,espn.com,Week 11,Justin,Herbert,QB,19.6,2025-11-13 05:19:16,2025-11-13 05:19:16,LAC
17164,fantasypros.com,Week 11,De'Von,Achane,RB,19.6,2025-11-13 05:20:49,2025-11-13 05:20:49,MIA
18539,espn.com,Week 12,Matthew,Stafford,QB,19.6,2025-11-20 17:46:24,2025-11-20 18:00:16,LAR
24039,sleeper.com,Week 13,Trey,McBride,TE,19.6,2025-11-26 18:35:52,2025-11-26 18:35:52,ARI
24040,sleeper.com,Week 13,Joe,Burrow,QB,19.6,2025-11-26 18:35:52,2025-11-26 18:35:52,CIN
24806,fantasypros.com,Week 13,Christian,McCaffrey,RB,19.6,2025-11-26 18:38:08,2025-11-26 18:38:08,SF
25670,sleeper.com,Week 14,Josh,Jacobs,RB,19.6,2025-12-03 01:52:43,2025-12-03 01:52:43,GB
26111,fantasypros.com,Week 14,James,Cook III,RB,19.6,2025-12-03 01:54:53,2025-12-03 03:06:17,BUF
26112,fantasypros.com,Week 14,Bijan,Robinson,RB,19.6,2025-12-03 01:54:53,2025-12-03 03:06:17,ATL
18776,fanduel.com,Week 12,Puka,Nacua,WR,19.53,2025-11-20 17:52:44,2025-11-20 18:02:59,LAR
15624,espn.com,Week 10,Caleb,Williams,QB,19.5,2025-11-07 00:49:32,2025-11-07 00:49:32,CHI
15902,fantasypros.com,Week 10,De'Von,Achane,RB,19.5,2025-11-07 00:50:27,2025-11-07 00:50:27,MIA
16239,firstdown.studio,Week 10,Justin,Herbert,QB,19.5,2025-11-07 00:50:48,2025-11-07 00:51:07,LAC
16863,espn.com,Week 11,Caleb,Williams,QB,19.5,2025-11-13 05:19:16,2025-11-13 05:19:16,CHI
16942,espn.com,Week 11,Justin,Jefferson,WR,19.5,2025-11-13 05:19:16,2025-11-13 05:19:16,MIN
17109,fantasypros.com,Week 11,Jordan,Love,QB,19.5,2025-11-13 05:20:49,2025-11-13 05:20:49,GB
18540,espn.com,Week 12,Jaxson,Dart,QB,19.5,2025-11-20 17:46:24,2025-11-20 18:00:16,NYG
24753,fantasypros.com,Week 13,Jared,Goff,QB,19.5,2025-11-26 18:38:08,2025-11-26 18:38:08,DET
29210,espn.com,Week 14,CeeDee,Lamb,WR,19.5,2025-12-03 04:47:06,2025-12-03 05:22:56,DAL
14729,fanduel.com,Week 10,Drake,Maye,QB,19.49,2025-11-07 00:48:09,2025-11-07 00:48:09,NE
14730,fanduel.com,Week 10,Jahmyr,Gibbs,RB,19.47,2025-11-07 00:48:09,2025-11-07 00:48:09,DET
18777,fanduel.com,Week 12,James,Cook,RB,19.46,2025-11-20 17:52:44,2025-11-20 18:02:18,BUF
15216,sleeper.com,Week 10,Sam,Darnold,QB,19.4,2025-11-07 00:48:26,2025-11-07 00:48:26,SEA
16421,sleeper.com,Week 11,C.J.,Stroud,QB,19.4,2025-11-13 05:18:19,2025-11-13 05:18:19,HOU
16892,espn.com,Week 11,Rico,Dowdle,RB,19.4,2025-11-13 05:19:16,2025-11-13 05:19:16,CAR
16943,espn.com,Week 11,CeeDee,Lamb,WR,19.4,2025-11-13 05:19:16,2025-11-13 05:19:16,DAL
18125,sleeper.com,Week 12,Amon-Ra,St. Brown,WR,19.4,2025-11-20 17:45:26,2025-11-20 17:59:20,DET
19908,fantasypros.com,Week 12,Jared,Goff,QB,19.4,2025-11-20 18:01:42,2025-11-20 18:01:42,DET
24502,espn.com,Week 13,Dak,Prescott,QB,19.4,2025-11-26 18:36:55,2025-11-26 18:36:55,DAL
25671,sleeper.com,Week 14,Tyler,Shough,QB,19.4,2025-12-03 01:52:43,2025-12-03 01:52:43,NO
25672,sleeper.com,Week 14,Jayden,Daniels,QB,19.4,2025-12-03 01:52:43,2025-12-03 01:52:43,WAS
29168,espn.com,Week 14,Jalen,Hurts,QB,19.4,2025-12-03 04:47:06,2025-12-03 05:22:56,PHI
16271,firstdown.studio,Week 10,A.,St. Brown,WR,19.3,2025-11-07 00:50:48,2025-11-07 00:50:48,DET
16422,sleeper.com,Week 11,Matthew,Stafford,QB,19.3,2025-11-13 05:18:19,2025-11-13 05:18:19,LAR
16423,sleeper.com,Week 11,Amon-Ra,St. Brown,WR,19.3,2025-11-13 05:18:19,2025-11-13 05:18:19,DET
25673,sleeper.com,Week 14,Joe,Burrow,QB,19.3,2025-12-03 01:52:43,2025-12-03 01:52:43,CIN
26247,fanduel.com,Week 14,Jonathan,Taylor,RB,19.27,2025-12-03 01:55:37,2025-12-03 03:57:34,IND
26253,fanduel.com,Week 14,CeeDee,Lamb,WR,19.26,2025-12-03 01:55:37,2025-12-03 03:57:34,DAL
26245,fanduel.com,Week 14,Bijan,Robinson,RB,19.25,2025-12-03 01:55:37,2025-12-03 03:57:34,ATL
18778,fanduel.com,Week 12,Jalen,Hurts,QB,19.21,2025-11-20 17:52:44,2025-11-20 18:02:18,PHI
15856,fantasypros.com,Week 10,Caleb,Williams,QB,19.2,2025-11-07 00:50:27,2025-11-07 00:50:27,CHI
17165,fantasypros.com,Week 11,Bijan,Robinson,RB,19.2,2025-11-13 05:20:49,2025-11-13 05:20:49,ATL
17424,firstdown.studio,Week 11,Matthew,Stafford,QB,19.2,2025-11-13 05:21:09,2025-11-13 05:26:14,LAR
24041,sleeper.com,Week 13,Sam,Darnold,QB,19.2,2025-11-26 18:35:52,2025-11-26 18:35:52,SEA
24042,sleeper.com,Week 13,Amon-Ra,St. Brown,WR,19.2,2025-11-26 18:35:52,2025-11-26 18:35:52,DET
24807,fantasypros.com,Week 13,Jonathan,Taylor,RB,19.2,2025-11-26 18:38:08,2025-11-26 18:38:08,IND
26113,fantasypros.com,Week 14,Chase,Brown,RB,19.2,2025-12-03 01:54:53,2025-12-03 03:06:17,CIN
15625,espn.com,Week 10,Bo,Nix,QB,19.1,2025-11-07 00:49:32,2025-11-07 00:49:32,DEN
16424,sleeper.com,Week 11,Sam,Darnold,QB,19.1,2025-11-13 05:18:19,2025-11-13 05:18:19,SEA
18541,espn.com,Week 12,Josh,Allen,QB,19.1,2025-11-20 17:46:24,2025-11-20 18:00:16,BUF
24043,sleeper.com,Week 13,Jordan,Love,QB,19.1,2025-11-26 18:35:52,2025-11-26 18:35:52,GB
24534,espn.com,Week 13,Josh,Jacobs,RB,19.1,2025-11-26 18:36:55,2025-11-26 18:36:55,GB
29211,espn.com,Week 14,Ja'Marr,Chase,WR,19.1,2025-12-03 04:47:06,2025-12-03 05:22:56,CIN
17605,fanduel.com,Week 11,Ja'Marr,Chase,WR,19.08,2025-11-13 05:21:22,2025-11-13 05:21:22,CIN
26246,fanduel.com,Week 14,Puka,Nacua,WR,19.08,2025-12-03 01:55:37,2025-12-03 03:57:34,LAR
18779,fanduel.com,Week 12,Jared,Goff,QB,19.05,2025-11-20 17:52:44,2025-11-20 18:02:18,DET
26248,fanduel.com,Week 14,Matthew,Stafford,QB,19.02,2025-12-03 01:55:37,2025-12-03 03:57:34,LAR
16425,sleeper.com,Week 11,Justin,Fields,QB,19.0,2025-11-13 05:18:19,2025-11-13 05:18:19,NYJ
16893,espn.com,Week 11,Jaylen,Warren,RB,19.0,2025-11-13 05:19:16,2025-11-13 05:19:16,PIT
17110,fantasypros.com,Week 11,Marcus,Mariota,QB,19.0,2025-11-13 05:20:49,2025-11-13 05:20:49,WAS
17425,firstdown.studio,Week 11,Dak,Prescott,QB,19.0,2025-11-13 05:21:09,2025-11-13 05:26:14,DAL
17461,firstdown.studio,Week 11,CeeDee,Lamb,WR,19.0,2025-11-13 05:21:09,2025-11-13 05:21:09,DAL
24583,espn.com,Week 13,George,Pickens,WR,19.0,2025-11-26 18:36:55,2025-11-26 18:36:55,DAL
24754,fantasypros.com,Week 13,Caleb,Williams,QB,19.0,2025-11-26 18:38:08,2025-11-26 18:38:08,CHI
26086,fantasypros.com,Week 14,Matthew,Stafford,QB,19.0,2025-12-03 01:54:53,2025-12-03 03:06:17,LAR
14731,fanduel.com,Week 10,Baker,Mayfield,QB,18.94,2025-11-07 00:48:09,2025-11-07 00:48:09,TB
14732,fanduel.com,Week 10,Jalen,Hurts,QB,18.94,2025-11-07 00:48:09,2025-11-07 00:48:09,PHI
16240,firstdown.studio,Week 10,Matthew,Stafford,QB,18.9,2025-11-07 00:50:48,2025-11-07 00:51:07,LAR
16864,espn.com,Week 11,Aaron,Rodgers,QB,18.9,2025-11-13 05:19:16,2025-11-13 05:19:16,PIT
16988,espn.com,Week 11,Trey,McBride,TE,18.9,2025-11-13 05:19:16,2025-11-13 05:19:16,ARI
18126,sleeper.com,Week 12,Tyler,Shough,QB,18.9,2025-11-20 17:45:26,2025-11-20 17:59:20,NO
19909,fantasypros.com,Week 12,Brock,Purdy,QB,18.9,2025-11-20 18:01:42,2025-11-20 18:01:42,SF
24503,espn.com,Week 13,Matthew,Stafford,QB,18.9,2025-11-26 18:36:55,2025-11-26 18:36:55,LAR
29212,espn.com,Week 14,George,Pickens,WR,18.9,2025-12-03 04:47:06,2025-12-03 05:22:56,DAL
17606,fanduel.com,Week 11,Patrick,Mahomes,QB,18.89,2025-11-13 05:21:22,2025-11-13 05:21:22,KC
15217,sleeper.com,Week 10,Geno,Smith,QB,18.8,2025-11-07 00:48:26,2025-11-07 00:48:26,LV
16241,firstdown.studio,Week 10,Jared,Goff,QB,18.8,2025-11-07 00:50:48,2025-11-07 00:51:07,DET
16242,firstdown.studio,Week 10,Jaxson,Dart,QB,18.8,2025-11-07 00:50:48,2025-11-07 00:51:07,NYG
16426,sleeper.com,Week 11,Ja'Marr,Chase,WR,18.8,2025-11-13 05:18:19,2025-11-13 05:18:19,CIN
16427,sleeper.com,Week 11,Trevor,Lawrence,QB,18.8,2025-11-13 05:18:19,2025-11-13 05:18:19,JAX
16894,espn.com,Week 11,Ashton,Jeanty,RB,18.8,2025-11-13 05:19:16,2025-11-13 05:19:16,LV
16944,espn.com,Week 11,Drake,London,WR,18.8,2025-11-13 05:19:16,2025-11-13 05:19:16,ATL
17166,fantasypros.com,Week 11,Josh,Jacobs,RB,18.8,2025-11-13 05:20:49,2025-11-13 05:20:49,GB
24504,espn.com,Week 13,Jaxson,Dart,QB,18.8,2025-11-26 18:36:55,2025-11-26 18:36:55,NYG
24808,fantasypros.com,Week 13,De'Von,Achane,RB,18.8,2025-11-26 18:38:08,2025-11-26 18:38:08,MIA
17607,fanduel.com,Week 11,Brock,Purdy,QB,18.73,2025-11-13 05:21:22,2025-11-13 05:21:22,SF
18780,fanduel.com,Week 12,Matthew,Stafford,QB,18.73,2025-11-20 17:52:44,2025-11-20 18:02:59,LAR
26249,fanduel.com,Week 14,Jalen,Hurts,QB,18.73,2025-12-03 01:55:37,2025-12-03 03:57:34,PHI
14733,fanduel.com,Week 10,Caleb,Williams,QB,18.72,2025-11-07 00:48:09,2025-11-07 00:48:09,CHI
14734,fanduel.com,Week 10,Matthew,Stafford,QB,18.7,2025-11-07 00:48:09,2025-11-07 00:51:07,LAR
15218,sleeper.com,Week 10,Trevor,Lawrence,QB,18.7,2025-11-07 00:48:26,2025-11-07 00:48:26,JAX
15626,espn.com,Week 10,Jared,Goff,QB,18.7,2025-11-07 00:49:32,2025-11-07 00:49:32,DET
15857,fantasypros.com,Week 10,Daniel,Jones,QB,18.7,2025-11-07 00:50:27,2025-11-07 00:50:27,IND
16243,firstdown.studio,Week 10,Baker,Mayfield,QB,18.7,2025-11-07 00:50:48,2025-11-07 00:51:07,TB
16428,sleeper.com,Week 11,Jordan,Love,QB,18.7,2025-11-13 05:18:19,2025-11-13 05:18:19,GB
18565,espn.com,Week 12,Rico,Dowdle,RB,18.7,2025-11-20 17:46:24,2025-11-20 18:00:16,CAR
24044,sleeper.com,Week 13,Aaron,Rodgers,QB,18.7,2025-11-26 18:35:52,2025-11-26 18:35:52,PIT
24045,sleeper.com,Week 13,Jared,Goff,QB,18.7,2025-11-26 18:35:52,2025-11-26 18:35:52,DET
25674,sleeper.com,Week 14,CeeDee,Lamb,WR,18.7,2025-12-03 01:52:43,2025-12-03 01:52:43,DAL
25675,sleeper.com,Week 14,Jacoby,Brissett,QB,18.7,2025-12-03 01:52:43,2025-12-03 01:52:43,ARI
26087,fantasypros.com,Week 14,Jared,Goff,QB,18.7,2025-12-03 01:54:53,2025-12-03 03:06:17,DET
14735,fanduel.com,Week 10,Justin,Herbert,QB,18.69,2025-11-07 00:48:09,2025-11-07 00:48:09,LAC
17608,fanduel.com,Week 11,J.J.,McCarthy,QB,18.69,2025-11-13 05:21:22,2025-11-13 05:21:22,MIN
17609,fanduel.com,Week 11,Dak,Prescott,QB,18.67,2025-11-13 05:21:22,2025-11-13 05:21:22,DAL
17610,fanduel.com,Week 11,CeeDee,Lamb,WR,18.66,2025-11-13 05:21:22,2025-11-13 05:21:22,DAL
14736,fanduel.com,Week 10,Bo,Nix,QB,18.62,2025-11-07 00:48:09,2025-11-07 00:48:09,DEN
25119,fanduel.com,Week 13,Jahmyr,Gibbs,RB,18.62,2025-11-26 18:38:36,2025-11-26 18:38:36,DET
15903,fantasypros.com,Week 10,James,Cook III,RB,18.6,2025-11-07 00:50:27,2025-11-07 00:50:27,BUF
16429,sleeper.com,Week 11,Jameis,Winston,QB,18.6,2025-11-13 05:18:19,2025-11-13 05:18:19,NYG
16430,sleeper.com,Week 11,Jacoby,Brissett,QB,18.6,2025-11-13 05:18:19,2025-11-13 05:18:19,ARI
17426,firstdown.studio,Week 11,Lamar,Jackson,QB,18.6,2025-11-13 05:21:09,2025-11-13 05:26:14,BAL
17454,firstdown.studio,Week 11,Josh,Jacobs,RB,18.6,2025-11-13 05:21:09,2025-11-13 05:21:09,GB
18127,sleeper.com,Week 12,CeeDee,Lamb,WR,18.6,2025-11-20 17:45:26,2025-11-20 17:59:20,DAL
18128,sleeper.com,Week 12,Bryce,Young,QB,18.6,2025-11-20 17:45:26,2025-11-20 17:59:20,CAR
19910,fantasypros.com,Week 12,Jacoby,Brissett,QB,18.6,2025-11-20 18:01:42,2025-11-20 18:01:42,ARI
25676,sleeper.com,Week 14,J.J.,McCarthy,QB,18.6,2025-12-03 01:52:43,2025-12-03 01:52:43,MIN
25120,fanduel.com,Week 13,Saquon,Barkley,RB,18.59,2025-11-26 18:38:36,2025-11-26 18:38:36,PHI
25121,fanduel.com,Week 13,CeeDee,Lamb,WR,18.57,2025-11-26 18:38:36,2025-11-26 18:38:36,DAL
14737,fanduel.com,Week 10,Amon-Ra,St. Brown,WR,18.55,2025-11-07 00:48:09,2025-11-07 00:48:09,DET
26251,fanduel.com,Week 14,Patrick,Mahomes,QB,18.54,2025-12-03 01:55:37,2025-12-03 03:57:34,KC
26252,fanduel.com,Week 14,Lamar,Jackson,QB,18.53,2025-12-03 01:55:37,2025-12-03 03:57:34,BAL
14738,fanduel.com,Week 10,Brock,Purdy,QB,18.52,2025-11-07 00:48:09,2025-11-07 00:48:09,SF
15219,sleeper.com,Week 10,Tua,Tagovailoa,QB,18.5,2025-11-07 00:48:26,2025-11-07 00:48:26,MIA
16269,firstdown.studio,Week 10,De'Von,Achane,RB,18.5,2025-11-07 00:50:48,2025-11-07 00:50:48,MIA
16431,sleeper.com,Week 11,Javonte,Williams,RB,18.5,2025-11-13 05:18:19,2025-11-13 05:18:19,DAL
16895,espn.com,Week 11,James,Cook,RB,18.5,2025-11-13 05:19:16,2025-11-13 05:19:16,BUF
17111,fantasypros.com,Week 11,Sam,Darnold,QB,18.5,2025-11-13 05:20:49,2025-11-13 05:20:49,SEA
17465,firstdown.studio,Week 11,Trey,McBride,TE,18.5,2025-11-13 05:21:09,2025-11-13 05:21:09,ARI
18129,sleeper.com,Week 12,Trey,McBride,TE,18.5,2025-11-20 17:45:26,2025-11-20 17:59:20,ARI
24046,sleeper.com,Week 13,Rashee,Rice,WR,18.5,2025-11-26 18:35:52,2025-11-26 18:35:52,KC
24755,fantasypros.com,Week 13,Sam,Darnold,QB,18.5,2025-11-26 18:38:08,2025-11-26 18:38:08,SEA
26088,fantasypros.com,Week 14,Joe,Burrow,QB,18.5,2025-12-03 01:54:53,2025-12-03 03:06:17,CIN
29169,espn.com,Week 14,Jared,Goff,QB,18.5,2025-12-03 04:47:06,2025-12-03 05:22:56,DET
29170,espn.com,Week 14,Matthew,Stafford,QB,18.5,2025-12-03 04:47:06,2025-12-03 05:22:56,LAR
14739,fanduel.com,Week 10,Daniel,Jones,QB,18.49,2025-11-07 00:48:09,2025-11-07 00:48:09,IND
14740,fanduel.com,Week 10,Justin,Jefferson,WR,18.41,2025-11-07 00:48:09,2025-11-07 00:48:09,MIN
15220,sleeper.com,Week 10,Jordan,Love,QB,18.4,2025-11-07 00:48:26,2025-11-07 00:48:26,GB
16432,sleeper.com,Week 11,Bryce,Young,QB,18.4,2025-11-13 05:18:19,2025-11-13 05:18:19,CAR
16433,sleeper.com,Week 11,Caleb,Williams,QB,18.4,2025-11-13 05:18:19,2025-11-13 05:18:19,CHI
16865,espn.com,Week 11,J.J.,McCarthy,QB,18.4,2025-11-13 05:19:16,2025-11-13 05:19:16,MIN
17167,fantasypros.com,Week 11,Jahmyr,Gibbs,RB,18.4,2025-11-13 05:20:49,2025-11-13 05:20:49,DET
24047,sleeper.com,Week 13,CeeDee,Lamb,WR,18.4,2025-11-26 18:35:52,2025-11-26 18:35:52,DAL
24048,sleeper.com,Week 13,C.J.,Stroud,QB,18.4,2025-11-26 18:35:52,2025-11-26 18:35:52,HOU
24809,fantasypros.com,Week 13,Bijan,Robinson,RB,18.4,2025-11-26 18:38:08,2025-11-26 18:38:08,ATL
17611,fanduel.com,Week 11,TreVeyon,Henderson,RB,18.32,2025-11-13 05:21:22,2025-11-13 05:21:22,NE
20213,fantasypros.com,Week 12,Trey,McBride,TE,18.3,2025-11-20 18:01:42,2025-11-20 18:01:42,ARI
24049,sleeper.com,Week 13,Geno,Smith,QB,18.3,2025-11-26 18:35:52,2025-11-26 18:35:52,LV
26089,fantasypros.com,Week 14,Patrick,Mahomes II,QB,18.3,2025-12-03 01:54:53,2025-12-03 03:06:17,KC
26135,fantasypros.com,Week 14,Ja'Marr,Chase,WR,18.3,2025-12-03 01:54:53,2025-12-03 03:06:17,CIN
17612,fanduel.com,Week 11,Trey,McBride,TE,18.28,2025-11-13 05:21:22,2025-11-13 05:21:22,ARI
17613,fanduel.com,Week 11,Jaxon,Smith-Njigba,WR,18.28,2025-11-13 05:21:22,2025-11-13 05:21:22,SEA
26254,fanduel.com,Week 14,Jared,Goff,QB,18.26,2025-12-03 01:55:37,2025-12-03 03:57:34,DET
15649,espn.com,Week 10,Jahmyr,Gibbs,RB,18.2,2025-11-07 00:49:32,2025-11-07 00:49:32,DET
15650,espn.com,Week 10,Rico,Dowdle,RB,18.2,2025-11-07 00:49:32,2025-11-07 00:49:32,CAR
16866,espn.com,Week 11,Marcus,Mariota,QB,18.2,2025-11-13 05:19:16,2025-11-13 05:26:13,WAS
18614,espn.com,Week 12,CeeDee,Lamb,WR,18.2,2025-11-20 17:46:24,2025-11-20 18:00:16,DAL
24505,espn.com,Week 13,Justin,Herbert,QB,18.2,2025-11-26 18:36:55,2025-11-26 18:36:55,LAC
25677,sleeper.com,Week 14,Shedeur,Sanders,QB,18.2,2025-12-03 01:52:43,2025-12-03 01:52:43,CLE
26090,fantasypros.com,Week 14,Lamar,Jackson,QB,18.2,2025-12-03 01:54:53,2025-12-03 03:06:17,BAL
26136,fantasypros.com,Week 14,Rashee,Rice,WR,18.2,2025-12-03 01:54:53,2025-12-03 03:06:17,KC
26137,fantasypros.com,Week 14,George,Pickens,WR,18.2,2025-12-03 01:54:53,2025-12-03 03:06:17,DAL
18781,fanduel.com,Week 12,Amon-Ra,St. Brown,WR,18.18,2025-11-20 17:52:44,2025-11-20 18:02:18,DET
25122,fanduel.com,Week 13,Matthew,Stafford,QB,18.17,2025-11-26 18:38:36,2025-11-26 18:38:36,LAR
18782,fanduel.com,Week 12,CeeDee,Lamb,WR,18.15,2025-11-20 17:52:44,2025-11-20 18:02:18,DAL
14741,fanduel.com,Week 10,Jared,Goff,QB,18.12,2025-11-07 00:48:09,2025-11-07 00:48:09,DET
15221,sleeper.com,Week 10,Caleb,Williams,QB,18.1,2025-11-07 00:48:26,2025-11-07 00:48:26,CHI
15222,sleeper.com,Week 10,Josh,Jacobs,RB,18.1,2025-11-07 00:48:26,2025-11-07 00:48:26,GB
15651,espn.com,Week 10,Josh,Jacobs,RB,18.1,2025-11-07 00:49:32,2025-11-07 00:49:32,GB
15858,fantasypros.com,Week 10,Matthew,Stafford,QB,18.1,2025-11-07 00:50:27,2025-11-07 00:50:27,LAR
16244,firstdown.studio,Week 10,Daniel,Jones,QB,18.1,2025-11-07 00:50:48,2025-11-07 00:51:07,IND
16245,firstdown.studio,Week 10,Caleb,Williams,QB,18.1,2025-11-07 00:50:48,2025-11-07 00:51:07,CHI
16246,firstdown.studio,Week 10,Bo,Nix,QB,18.1,2025-11-07 00:50:48,2025-11-07 00:51:07,DEN
16867,espn.com,Week 11,Matthew,Stafford,QB,18.1,2025-11-13 05:19:16,2025-11-13 05:19:16,LAR
17466,firstdown.studio,Week 11,A.,St. Brown,WR,18.1,2025-11-13 05:21:09,2025-11-13 05:21:09,DET
17614,fanduel.com,Week 11,Justin,Jefferson,WR,18.1,2025-11-13 05:21:22,2025-11-13 05:21:22,MIN
18130,sleeper.com,Week 12,Geno,Smith,QB,18.1,2025-11-20 17:45:26,2025-11-20 17:59:20,LV
18131,sleeper.com,Week 12,Jordan,Love,QB,18.1,2025-11-20 17:45:26,2025-11-20 17:59:20,GB
18132,sleeper.com,Week 12,Caleb,Williams,QB,18.1,2025-11-20 17:45:26,2025-11-20 17:59:20,CHI
19911,fantasypros.com,Week 12,Dak,Prescott,QB,18.1,2025-11-20 18:01:42,2025-11-20 18:01:42,DAL
24050,sleeper.com,Week 13,Derrick,Henry,RB,18.1,2025-11-26 18:35:52,2025-11-26 18:35:52,BAL
24584,espn.com,Week 13,Rashee,Rice,WR,18.1,2025-11-26 18:36:55,2025-11-26 18:36:55,KC
17615,fanduel.com,Week 11,Matthew,Stafford,QB,18.09,2025-11-13 05:21:22,2025-11-13 05:26:14,LAR
15223,sleeper.com,Week 10,Aaron,Rodgers,QB,18.0,2025-11-07 00:48:26,2025-11-07 00:48:26,PIT
16247,firstdown.studio,Week 10,Sam,Darnold,QB,18.0,2025-11-07 00:50:48,2025-11-07 00:51:07,SEA
16868,espn.com,Week 11,Patrick,Mahomes,QB,18.0,2025-11-13 05:19:16,2025-11-13 05:19:16,KC
17112,fantasypros.com,Week 11,Aaron,Rodgers,QB,18.0,2025-11-13 05:20:49,2025-11-13 05:20:49,PIT
17168,fantasypros.com,Week 11,Rico,Dowdle,RB,18.0,2025-11-13 05:20:49,2025-11-13 05:20:49,CAR
17277,fantasypros.com,Week 11,Ja'Marr,Chase,WR,18.0,2025-11-13 05:20:49,2025-11-13 05:20:49,CIN
17464,firstdown.studio,Week 11,Rashee,Rice,WR,18.0,2025-11-13 05:21:09,2025-11-13 05:21:09,KC
24051,sleeper.com,Week 13,Shedeur,Sanders,QB,18.0,2025-11-26 18:35:52,2025-11-26 18:35:52,CLE
24535,espn.com,Week 13,James,Cook,RB,18.0,2025-11-26 18:36:55,2025-11-26 18:36:55,BUF
24756,fantasypros.com,Week 13,Jordan,Love,QB,18.0,2025-11-26 18:38:08,2025-11-26 18:38:08,GB
24810,fantasypros.com,Week 13,Chase,Brown,RB,18.0,2025-11-26 18:38:08,2025-11-26 18:38:08,CIN
24830,fantasypros.com,Week 13,Jaxon,Smith-Njigba,WR,18.0,2025-11-26 18:38:08,2025-11-26 18:38:08,SEA
25678,sleeper.com,Week 14,Tyrod,Taylor,QB,18.0,2025-12-03 01:52:43,2025-12-03 01:52:43,NYJ
26091,fantasypros.com,Week 14,Baker,Mayfield,QB,18.0,2025-12-03 01:54:53,2025-12-03 03:06:17,TB
29171,espn.com,Week 14,Joe,Burrow,QB,18.0,2025-12-03 04:47:06,2025-12-03 05:22:56,CIN
17616,fanduel.com,Week 11,Amon-Ra,St. Brown,WR,17.99,2025-11-13 05:21:22,2025-11-13 05:21:22,DET
14742,fanduel.com,Week 10,Jaxson,Dart,QB,17.96,2025-11-07 00:48:09,2025-11-07 00:48:09,NYG
26255,fanduel.com,Week 14,James,Cook,RB,17.91,2025-12-03 01:55:37,2025-12-03 03:57:34,BUF
16869,espn.com,Week 11,Jacoby,Brissett,QB,17.9,2025-11-13 05:19:16,2025-11-13 05:19:16,ARI
16870,espn.com,Week 11,Dak,Prescott,QB,17.9,2025-11-13 05:19:16,2025-11-13 05:19:16,DAL
18133,sleeper.com,Week 12,Joe,Flacco,QB,17.9,2025-11-20 17:45:26,2025-11-20 17:59:20,CIN
18661,espn.com,Week 12,Trey,McBride,TE,17.9,2025-11-20 17:46:24,2025-11-20 18:00:16,ARI
24506,espn.com,Week 13,Joe,Burrow,QB,17.9,2025-11-26 18:36:55,2025-11-26 18:36:55,CIN
25679,sleeper.com,Week 14,James,Cook,RB,17.9,2025-12-03 01:52:43,2025-12-03 01:52:43,BUF
25680,sleeper.com,Week 14,Aaron,Rodgers,QB,17.9,2025-12-03 01:52:43,2025-12-03 01:52:43,PIT
25681,sleeper.com,Week 14,Javonte,Williams,RB,17.9,2025-12-03 01:52:43,2025-12-03 01:52:43,DAL
26256,fanduel.com,Week 14,Joe,Burrow,QB,17.9,2025-12-03 01:55:37,2025-12-03 03:57:34,CIN
29172,espn.com,Week 14,Patrick,Mahomes,QB,17.9,2025-12-03 04:47:06,2025-12-03 05:22:56,KC
17617,fanduel.com,Week 11,Josh,Jacobs,RB,17.87,2025-11-13 05:21:22,2025-11-13 05:21:22,GB
17618,fanduel.com,Week 11,Marcus,Mariota,QB,17.85,2025-11-13 05:21:22,2025-11-13 05:26:13,WAS
17619,fanduel.com,Week 11,Aaron,Rodgers,QB,17.85,2025-11-13 05:21:22,2025-11-13 05:21:22,PIT
15904,fantasypros.com,Week 10,Rico,Dowdle,RB,17.8,2025-11-07 00:50:27,2025-11-07 00:50:27,CAR
17427,firstdown.studio,Week 11,J.J.,McCarthy,QB,17.8,2025-11-13 05:21:09,2025-11-13 05:26:14,MIN
18542,espn.com,Week 12,Jared,Goff,QB,17.8,2025-11-20 17:46:24,2025-11-20 18:00:16,DET
24052,sleeper.com,Week 13,Tua,Tagovailoa,QB,17.8,2025-11-26 18:35:52,2025-11-26 18:35:52,MIA
24053,sleeper.com,Week 13,Caleb,Williams,QB,17.8,2025-11-26 18:35:52,2025-11-26 18:35:52,CHI
25682,sleeper.com,Week 14,Ja'Marr,Chase,WR,17.8,2025-12-03 01:52:43,2025-12-03 01:52:43,CIN
26092,fantasypros.com,Week 14,Jacoby,Brissett,QB,17.8,2025-12-03 01:54:53,2025-12-03 03:06:17,ARI
29173,espn.com,Week 14,Bo,Nix,QB,17.8,2025-12-03 04:47:06,2025-12-03 05:22:56,DEN
17620,fanduel.com,Week 11,Saquon,Barkley,RB,17.72,2025-11-13 05:21:22,2025-11-13 05:21:22,PHI
15627,espn.com,Week 10,J.J.,McCarthy,QB,17.7,2025-11-07 00:49:32,2025-11-07 00:49:32,MIN
16248,firstdown.studio,Week 10,Jalen,Hurts,QB,17.7,2025-11-07 00:50:48,2025-11-07 00:51:07,PHI
16434,sleeper.com,Week 11,Joe,Flacco,QB,17.7,2025-11-13 05:18:19,2025-11-13 05:18:19,CIN
16871,espn.com,Week 11,Davis,Mills,QB,17.7,2025-11-13 05:19:16,2025-11-13 05:19:16,HOU
17457,firstdown.studio,Week 11,Rico,Dowdle,RB,17.7,2025-11-13 05:21:09,2025-11-13 05:21:09,CAR
18543,espn.com,Week 12,Dak,Prescott,QB,17.7,2025-11-20 17:46:24,2025-11-20 18:00:16,DAL
18615,espn.com,Week 12,Rashee,Rice,WR,17.7,2025-11-20 17:46:24,2025-11-20 18:00:16,KC
19912,fantasypros.com,Week 12,Caleb,Williams,QB,17.7,2025-11-20 18:01:42,2025-11-20 18:01:42,CHI
24536,espn.com,Week 13,Saquon,Barkley,RB,17.7,2025-11-26 18:36:55,2025-11-26 18:36:55,PHI
18783,fanduel.com,Week 12,Caleb,Williams,QB,17.68,2025-11-20 17:52:44,2025-11-20 18:02:18,CHI
14743,fanduel.com,Week 10,Zay,Flowers,WR,17.66,2025-11-07 00:48:09,2025-11-07 00:48:09,BAL
15224,sleeper.com,Week 10,Bryce,Young,QB,17.6,2025-11-07 00:48:26,2025-11-07 00:48:26,CAR
15225,sleeper.com,Week 10,J.J.,McCarthy,QB,17.6,2025-11-07 00:48:26,2025-11-07 00:48:26,MIN
16872,espn.com,Week 11,Tua,Tagovailoa,QB,17.6,2025-11-13 05:19:16,2025-11-13 05:19:16,MIA
17169,fantasypros.com,Week 11,Javonte,Williams,RB,17.6,2025-11-13 05:20:49,2025-11-13 05:20:49,DAL
17278,fantasypros.com,Week 11,Jaxon,Smith-Njigba,WR,17.6,2025-11-13 05:20:49,2025-11-13 05:20:49,SEA
24811,fantasypros.com,Week 13,James,Cook III,RB,17.6,2025-11-26 18:38:08,2025-11-26 18:38:08,BUF
24831,fantasypros.com,Week 13,Rashee,Rice,WR,17.6,2025-11-26 18:38:08,2025-11-26 18:38:08,KC
25683,sleeper.com,Week 14,George,Pickens,WR,17.6,2025-12-03 01:52:43,2025-12-03 01:52:43,DAL
25684,sleeper.com,Week 14,Trey,McBride,TE,17.6,2025-12-03 01:52:43,2025-12-03 01:52:43,ARI
25685,sleeper.com,Week 14,Drake,London,WR,17.6,2025-12-03 01:52:43,2025-12-03 01:52:43,ATL
26093,fantasypros.com,Week 14,Jordan,Love,QB,17.6,2025-12-03 01:54:53,2025-12-03 03:06:17,GB
26257,fanduel.com,Week 14,Bo,Nix,QB,17.6,2025-12-03 01:55:37,2025-12-03 03:57:34,DEN
29174,espn.com,Week 14,Jordan,Love,QB,17.6,2025-12-03 04:47:06,2025-12-03 05:22:56,GB
14744,fanduel.com,Week 10,J.J.,McCarthy,QB,17.57,2025-11-07 00:48:09,2025-11-07 00:48:09,MIN
26267,fanduel.com,Week 14,Breece,Hall,RB,17.53,2025-12-03 01:55:37,2025-12-03 03:57:34,NYJ
17621,fanduel.com,Week 11,Jordan,Love,QB,17.51,2025-11-13 05:21:22,2025-11-13 05:21:22,GB
15859,fantasypros.com,Week 10,Jared,Goff,QB,17.5,2025-11-07 00:50:27,2025-11-07 00:50:27,DET
16435,sleeper.com,Week 11,Michael,Penix,QB,17.5,2025-11-13 05:18:19,2025-11-13 05:18:19,ATL
17113,fantasypros.com,Week 11,J.J.,McCarthy,QB,17.5,2025-11-13 05:20:49,2025-11-13 05:20:49,MIN
17428,firstdown.studio,Week 11,Jacoby,Brissett,QB,17.5,2025-11-13 05:21:09,2025-11-13 05:26:14,ARI
17429,firstdown.studio,Week 11,Caleb,Williams,QB,17.5,2025-11-13 05:21:09,2025-11-13 05:26:14,CHI
18134,sleeper.com,Week 12,Rashee,Rice,WR,17.5,2025-11-20 17:45:26,2025-11-20 17:59:20,KC
18544,espn.com,Week 12,Caleb,Williams,QB,17.5,2025-11-20 17:46:24,2025-11-20 18:00:16,CHI
18616,espn.com,Week 12,Justin,Jefferson,WR,17.5,2025-11-20 17:46:24,2025-11-20 18:00:16,MIN
20076,fantasypros.com,Week 12,Rashee,Rice,WR,17.5,2025-11-20 18:01:42,2025-11-20 18:01:42,KC
24757,fantasypros.com,Week 13,Trevor,Lawrence,QB,17.5,2025-11-26 18:38:08,2025-11-26 18:38:08,JAX
26270,fanduel.com,Week 14,George,Pickens,WR,17.49,2025-12-03 01:55:37,2025-12-03 03:57:34,DAL
18784,fanduel.com,Week 12,Emanuel,Wilson,RB,17.48,2025-11-20 17:52:44,2025-11-20 18:02:18,GB
18785,fanduel.com,Week 12,Jonathan,Taylor,RB,17.48,2025-11-20 17:52:44,2025-11-20 18:02:18,IND
17622,fanduel.com,Week 11,Jahmyr,Gibbs,RB,17.47,2025-11-13 05:21:22,2025-11-13 05:21:22,DET
14745,fanduel.com,Week 10,Jordan,Love,QB,17.43,2025-11-07 00:48:09,2025-11-07 00:48:09,GB
18786,fanduel.com,Week 12,Zay,Flowers,WR,17.42,2025-11-20 17:52:44,2025-11-20 18:02:18,BAL
16436,sleeper.com,Week 11,Justin,Jefferson,WR,17.4,2025-11-13 05:18:19,2025-11-13 05:18:19,MIN
16873,espn.com,Week 11,Baker,Mayfield,QB,17.4,2025-11-13 05:19:16,2025-11-13 05:19:16,TB
16896,espn.com,Week 11,Jahmyr,Gibbs,RB,17.4,2025-11-13 05:19:16,2025-11-13 05:19:16,DET
18135,sleeper.com,Week 12,J.J.,McCarthy,QB,17.4,2025-11-20 17:45:26,2025-11-20 17:59:20,MIN
18545,espn.com,Week 12,Jordan,Love,QB,17.4,2025-11-20 17:46:24,2025-11-20 18:00:16,GB
19913,fantasypros.com,Week 12,Daniel,Jones,QB,17.4,2025-11-20 18:01:42,2025-11-20 18:01:42,IND
24507,espn.com,Week 13,Caleb,Williams,QB,17.4,2025-11-26 18:36:55,2025-11-26 18:36:55,CHI
24628,espn.com,Week 13,Trey,McBride,TE,17.4,2025-11-26 18:36:55,2025-11-26 18:36:55,ARI
25686,sleeper.com,Week 14,Geno,Smith,QB,17.4,2025-12-03 01:52:43,2025-12-03 01:52:43,LV
25687,sleeper.com,Week 14,C.J.,Stroud,QB,17.4,2025-12-03 01:52:43,2025-12-03 01:52:43,HOU
18787,fanduel.com,Week 12,Daniel,Jones,QB,17.39,2025-11-20 17:52:44,2025-11-20 18:02:18,IND
25123,fanduel.com,Week 13,Joe,Burrow,QB,17.37,2025-11-26 18:38:36,2025-11-26 18:38:36,CIN
18788,fanduel.com,Week 12,Tee,Higgins,WR,17.31,2025-11-20 17:52:44,2025-11-20 18:02:18,CIN
15905,fantasypros.com,Week 10,Jahmyr,Gibbs,RB,17.3,2025-11-07 00:50:27,2025-11-07 00:50:27,DET
16004,fantasypros.com,Week 10,Drake,London,WR,17.3,2025-11-07 00:50:27,2025-11-07 00:50:27,ATL
16437,sleeper.com,Week 11,Trey,McBride,TE,17.3,2025-11-13 05:18:19,2025-11-13 05:18:19,ARI
16438,sleeper.com,Week 11,Ashton,Jeanty,RB,17.3,2025-11-13 05:18:19,2025-11-13 05:18:19,LV
16874,espn.com,Week 11,Bo,Nix,QB,17.3,2025-11-13 05:19:16,2025-11-13 05:19:16,DEN
17279,fantasypros.com,Week 11,Puka,Nacua,WR,17.3,2025-11-13 05:20:49,2025-11-13 05:20:49,LAR
17623,fanduel.com,Week 11,Caleb,Williams,QB,17.3,2025-11-13 05:21:22,2025-11-13 05:21:22,CHI
24508,espn.com,Week 13,Jacoby,Brissett,QB,17.3,2025-11-26 18:36:55,2025-11-26 18:36:55,ARI
24832,fantasypros.com,Week 13,Ja'Marr,Chase,WR,17.3,2025-11-26 18:38:08,2025-11-26 18:38:08,CIN
25688,sleeper.com,Week 14,Caleb,Williams,QB,17.3,2025-12-03 01:52:43,2025-12-03 01:52:43,CHI
26094,fantasypros.com,Week 14,Bo,Nix,QB,17.3,2025-12-03 01:54:53,2025-12-03 03:06:17,DEN
26259,fanduel.com,Week 14,Baker,Mayfield,QB,17.29,2025-12-03 01:55:37,2025-12-03 03:57:34,TB
25124,fanduel.com,Week 13,Bo,Nix,QB,17.27,2025-11-26 18:38:36,2025-11-26 18:38:36,DEN
17624,fanduel.com,Week 11,Baker,Mayfield,QB,17.26,2025-11-13 05:21:22,2025-11-13 05:21:22,TB
26258,fanduel.com,Week 14,Trevor,Lawrence,QB,17.26,2025-12-03 01:55:37,2025-12-03 03:57:34,JAX
25125,fanduel.com,Week 13,Breece,Hall,RB,17.24,2025-11-26 18:38:36,2025-11-26 18:38:36,NYJ
15699,espn.com,Week 10,A.J.,Brown,WR,17.2,2025-11-07 00:49:32,2025-11-07 00:49:32,PHI
15744,espn.com,Week 10,Trey,McBride,TE,17.2,2025-11-07 00:49:32,2025-11-07 00:49:32,ARI
16439,sleeper.com,Week 11,Drake,London,WR,17.2,2025-11-13 05:18:19,2025-11-13 05:18:19,ATL
16440,sleeper.com,Week 11,Brock,Bowers,TE,17.2,2025-11-13 05:18:19,2025-11-13 05:18:19,LV
16989,espn.com,Week 11,Brock,Bowers,TE,17.2,2025-11-13 05:19:16,2025-11-13 05:19:16,LV
17170,fantasypros.com,Week 11,Ashton,Jeanty,RB,17.2,2025-11-13 05:20:49,2025-11-13 05:20:49,LV
17459,firstdown.studio,Week 11,Jaylen,Warren,RB,17.2,2025-11-13 05:21:09,2025-11-13 05:21:09,PIT
17468,firstdown.studio,Week 11,Drake,London,WR,17.2,2025-11-13 05:21:09,2025-11-13 05:21:09,ATL
24054,sleeper.com,Week 13,George,Pickens,WR,17.2,2025-11-26 18:35:52,2025-11-26 18:35:52,DAL
24509,espn.com,Week 13,Daniel,Jones,QB,17.2,2025-11-26 18:36:55,2025-11-26 18:36:55,IND
24510,espn.com,Week 13,C.J.,Stroud,QB,17.2,2025-11-26 18:36:55,2025-11-26 18:36:55,HOU
24812,fantasypros.com,Week 13,Derrick,Henry,RB,17.2,2025-11-26 18:38:08,2025-11-26 18:38:08,BAL
29175,espn.com,Week 14,Daniel,Jones,QB,17.2,2025-12-03 04:47:06,2025-12-03 05:22:56,IND
14746,fanduel.com,Week 10,Marcus,Mariota,QB,17.1,2025-11-07 00:48:09,2025-11-07 00:51:07,WAS
15628,espn.com,Week 10,Brock,Purdy,QB,17.1,2025-11-07 00:49:32,2025-11-07 00:49:32,SF
15860,fantasypros.com,Week 10,Sam,Darnold,QB,17.1,2025-11-07 00:50:27,2025-11-07 00:50:27,SEA
16268,firstdown.studio,Week 10,Rico,Dowdle,RB,17.1,2025-11-07 00:50:48,2025-11-07 00:50:48,CAR
17430,firstdown.studio,Week 11,Joe,Flacco,QB,17.1,2025-11-13 05:21:09,2025-11-13 05:26:14,CIN
17458,firstdown.studio,Week 11,T.,Henderson,RB,17.1,2025-11-13 05:21:09,2025-11-13 05:21:09,NE
17467,firstdown.studio,Week 11,Jaylen,Waddle,WR,17.1,2025-11-13 05:21:09,2025-11-13 05:21:09,MIA
18566,espn.com,Week 12,Derrick,Henry,RB,17.1,2025-11-20 17:46:24,2025-11-20 18:00:16,BAL
19914,fantasypros.com,Week 12,Jaxson,Dart,QB,17.1,2025-11-20 18:01:42,2025-11-20 18:01:42,NYG
24055,sleeper.com,Week 13,Tyrod,Taylor,QB,17.1,2025-11-26 18:35:52,2025-11-26 18:35:52,NYJ
29213,espn.com,Week 14,Rashee,Rice,WR,17.1,2025-12-03 04:47:06,2025-12-03 05:22:56,KC
14747,fanduel.com,Week 10,Jaxon,Smith-Njigba,WR,17.07,2025-11-07 00:48:09,2025-11-07 00:48:09,SEA
18789,fanduel.com,Week 12,Travis,Etienne,RB,17.07,2025-11-20 17:52:44,2025-11-20 18:02:59,JAX
26308,fanduel.com,Week 14,Marcus,Mariota,QB,17.02,2025-12-03 01:55:37,2025-12-03 03:57:34,WAS
18790,fanduel.com,Week 12,Baker,Mayfield,QB,17.01,2025-11-20 17:52:44,2025-11-20 18:02:18,TB
15629,espn.com,Week 10,Jordan,Love,QB,17.0,2025-11-07 00:49:32,2025-11-07 00:49:32,GB
16875,espn.com,Week 11,Jordan,Love,QB,17.0,2025-11-13 05:19:16,2025-11-13 05:19:16,GB
17114,fantasypros.com,Week 11,Jared,Goff,QB,17.0,2025-11-13 05:20:49,2025-11-13 05:20:49,DET
17431,firstdown.studio,Week 11,Aaron,Rodgers,QB,17.0,2025-11-13 05:21:09,2025-11-13 05:26:14,PIT
18136,sleeper.com,Week 12,Kirk,Cousins,QB,17.0,2025-11-20 17:45:26,2025-11-20 17:59:20,ATL
18617,espn.com,Week 12,Chris,Olave,WR,17.0,2025-11-20 17:46:24,2025-11-20 18:00:16,NO
24056,sleeper.com,Week 13,Ashton,Jeanty,RB,17.0,2025-11-26 18:35:52,2025-11-26 18:35:52,LV
24057,sleeper.com,Week 13,Drake,London,WR,17.0,2025-11-26 18:35:52,2025-11-26 18:35:52,ATL
24758,fantasypros.com,Week 13,Brock,Purdy,QB,17.0,2025-11-26 18:38:08,2025-11-26 18:38:08,SF
25126,fanduel.com,Week 13,Trevor,Lawrence,QB,17.0,2025-11-26 18:38:36,2025-11-26 18:38:36,JAX
25689,sleeper.com,Week 14,Tua,Tagovailoa,QB,17.0,2025-12-03 01:52:43,2025-12-03 01:52:43,MIA
26095,fantasypros.com,Week 14,Justin,Herbert,QB,17.0,2025-12-03 01:54:53,2025-12-03 03:06:17,LAC
17625,fanduel.com,Week 11,Bo,Nix,QB,16.95,2025-11-13 05:21:22,2025-11-13 05:21:22,DEN
18791,fanduel.com,Week 12,Chase,Brown,RB,16.95,2025-11-20 17:52:44,2025-11-20 18:02:18,CIN
14748,fanduel.com,Week 10,Sam,Darnold,QB,16.9,2025-11-07 00:48:09,2025-11-07 00:48:09,SEA
15226,sleeper.com,Week 10,James,Cook,RB,16.9,2025-11-07 00:48:26,2025-11-07 00:48:26,BUF
15227,sleeper.com,Week 10,Justin,Jefferson,WR,16.9,2025-11-07 00:48:26,2025-11-07 00:48:26,MIN
16272,firstdown.studio,Week 10,Jahmyr,Gibbs,RB,16.9,2025-11-07 00:50:48,2025-11-07 00:50:48,DET
17280,fantasypros.com,Week 11,CeeDee,Lamb,WR,16.9,2025-11-13 05:20:49,2025-11-13 05:20:49,DAL
17460,firstdown.studio,Week 11,Ashton,Jeanty,RB,16.9,2025-11-13 05:21:09,2025-11-13 05:21:09,LV
18137,sleeper.com,Week 12,Saquon,Barkley,RB,16.9,2025-11-20 17:45:26,2025-11-20 17:59:20,PHI
18138,sleeper.com,Week 12,Javonte,Williams,RB,16.9,2025-11-20 17:45:26,2025-11-20 17:59:20,DAL
18618,espn.com,Week 12,Davante,Adams,WR,16.9,2025-11-20 17:46:24,2025-11-20 18:00:16,LAR
24058,sleeper.com,Week 13,Bryce,Young,QB,16.9,2025-11-26 18:35:52,2025-11-26 18:35:52,CAR
24833,fantasypros.com,Week 13,Amon-Ra,St. Brown,WR,16.9,2025-11-26 18:38:08,2025-11-26 18:38:08,DET
25127,fanduel.com,Week 13,Devin,Neal,RB,16.9,2025-11-26 18:38:36,2025-11-26 18:38:36,NO
29176,espn.com,Week 14,Caleb,Williams,QB,16.9,2025-12-03 04:47:06,2025-12-03 05:22:56,CHI
29214,espn.com,Week 14,Nico,Collins,WR,16.9,2025-12-03 04:47:06,2025-12-03 05:22:56,HOU
15228,sleeper.com,Week 10,Michael,Penix,QB,16.8,2025-11-07 00:48:26,2025-11-07 00:48:26,ATL
16945,espn.com,Week 11,Jaylen,Waddle,WR,16.8,2025-11-13 05:19:16,2025-11-13 05:19:16,MIA
17171,fantasypros.com,Week 11,James,Cook III,RB,16.8,2025-11-13 05:20:49,2025-11-13 05:20:49,BUF
17432,firstdown.studio,Week 11,C.J.,Stroud,QB,16.8,2025-11-13 05:21:09,2025-11-13 05:26:14,HOU
18139,sleeper.com,Week 12,Derrick,Henry,RB,16.8,2025-11-20 17:45:26,2025-11-20 17:59:20,BAL
18140,sleeper.com,Week 12,Chris,Olave,WR,16.8,2025-11-20 17:45:26,2025-11-20 17:59:20,NO
18546,espn.com,Week 12,Jacoby,Brissett,QB,16.8,2025-11-20 17:46:24,2025-11-20 18:00:16,ARI
18567,espn.com,Week 12,Saquon,Barkley,RB,16.8,2025-11-20 17:46:24,2025-11-20 18:00:16,PHI
19915,fantasypros.com,Week 12,Baker,Mayfield,QB,16.8,2025-11-20 18:01:42,2025-11-20 18:01:42,TB
24585,espn.com,Week 13,A.J.,Brown,WR,16.8,2025-11-26 18:36:55,2025-11-26 18:36:55,PHI
24813,fantasypros.com,Week 13,TreVeyon,Henderson,RB,16.8,2025-11-26 18:38:08,2025-11-26 18:38:08,NE
25128,fanduel.com,Week 13,Jared,Goff,QB,16.8,2025-11-26 18:38:36,2025-11-26 18:38:36,DET
25690,sleeper.com,Week 14,Rashee,Rice,WR,16.8,2025-12-03 01:52:43,2025-12-03 01:52:43,KC
29177,espn.com,Week 14,Lamar,Jackson,QB,16.8,2025-12-03 04:47:06,2025-12-03 05:22:56,BAL
17626,fanduel.com,Week 11,Emeka,Egbuka,WR,16.75,2025-11-13 05:21:22,2025-11-13 05:21:22,TB
25129,fanduel.com,Week 13,Daniel,Jones,QB,16.74,2025-11-26 18:38:36,2025-11-26 18:38:36,IND
26260,fanduel.com,Week 14,Daniel,Jones,QB,16.74,2025-12-03 01:55:37,2025-12-03 03:57:34,IND
15229,sleeper.com,Week 10,Rico,Dowdle,RB,16.7,2025-11-07 00:48:26,2025-11-07 00:48:26,CAR
15630,espn.com,Week 10,Justin,Fields,QB,16.7,2025-11-07 00:49:32,2025-11-07 00:49:32,NYJ
15861,fantasypros.com,Week 10,Jordan,Love,QB,16.7,2025-11-07 00:50:27,2025-11-07 00:50:27,GB
16876,espn.com,Week 11,Joe,Flacco,QB,16.7,2025-11-13 05:19:16,2025-11-13 05:19:16,CIN
18141,sleeper.com,Week 12,James,Cook,RB,16.7,2025-11-20 17:45:26,2025-11-20 17:59:20,BUF
18142,sleeper.com,Week 12,Rico,Dowdle,RB,16.7,2025-11-20 17:45:26,2025-11-20 17:59:20,CAR
18619,espn.com,Week 12,Emeka,Egbuka,WR,16.7,2025-11-20 17:46:24,2025-11-20 18:00:16,TB
18620,espn.com,Week 12,Stefon,Diggs,WR,16.7,2025-11-20 17:46:24,2025-11-20 18:00:16,NE
20077,fantasypros.com,Week 12,CeeDee,Lamb,WR,16.7,2025-11-20 18:01:42,2025-11-20 18:01:42,DAL
24059,sleeper.com,Week 13,Tyler,Shough,QB,16.7,2025-11-26 18:35:52,2025-11-26 18:35:52,NO
24537,espn.com,Week 13,TreVeyon,Henderson,RB,16.7,2025-11-26 18:36:55,2025-11-26 18:36:55,NE
26138,fantasypros.com,Week 14,Puka,Nacua,WR,16.7,2025-12-03 01:54:53,2025-12-03 03:06:17,LAR
29178,espn.com,Week 14,C.J.,Stroud,QB,16.7,2025-12-03 04:47:06,2025-12-03 05:22:56,HOU
29215,espn.com,Week 14,Davante,Adams,WR,16.7,2025-12-03 04:47:06,2025-12-03 05:22:56,LAR
18792,fanduel.com,Week 12,Jordan,Love,QB,16.69,2025-11-20 17:52:44,2025-11-20 18:02:18,GB
26262,fanduel.com,Week 14,Jordan,Love,QB,16.68,2025-12-03 01:55:37,2025-12-03 03:57:34,GB
17627,fanduel.com,Week 11,Jared,Goff,QB,16.67,2025-11-13 05:21:22,2025-11-13 05:21:22,DET
25130,fanduel.com,Week 13,Rashee,Rice,WR,16.63,2025-11-26 18:38:36,2025-11-26 18:38:36,KC
14749,fanduel.com,Week 10,Davante,Adams,WR,16.61,2025-11-07 00:48:09,2025-11-07 00:51:07,LAR
15230,sleeper.com,Week 10,Rachaad,White,RB,16.6,2025-11-07 00:48:26,2025-11-07 00:48:26,TB
15631,espn.com,Week 10,Sam,Darnold,QB,16.6,2025-11-07 00:49:32,2025-11-07 00:49:32,SEA
16270,firstdown.studio,Week 10,James,Cook,RB,16.6,2025-11-07 00:50:48,2025-11-07 00:50:48,BUF
16277,firstdown.studio,Week 10,Justin,Jefferson,WR,16.6,2025-11-07 00:50:48,2025-11-07 00:50:48,MIN
16441,sleeper.com,Week 11,Rashee,Rice,WR,16.6,2025-11-13 05:18:19,2025-11-13 05:18:19,KC
16877,espn.com,Week 11,Geno,Smith,QB,16.6,2025-11-13 05:19:16,2025-11-13 05:19:16,LV
16878,espn.com,Week 11,Mac,Jones,QB,16.6,2025-11-13 05:19:16,2025-11-13 05:19:16,SF
16946,espn.com,Week 11,Emeka,Egbuka,WR,16.6,2025-11-13 05:19:16,2025-11-13 05:19:16,TB
17281,fantasypros.com,Week 11,Amon-Ra,St. Brown,WR,16.6,2025-11-13 05:20:49,2025-11-13 05:20:49,DET
17433,firstdown.studio,Week 11,Baker,Mayfield,QB,16.6,2025-11-13 05:21:09,2025-11-13 05:26:14,TB
17434,firstdown.studio,Week 11,Jordan,Love,QB,16.6,2025-11-13 05:21:09,2025-11-13 05:26:14,GB
18621,espn.com,Week 12,Tee,Higgins,WR,16.6,2025-11-20 17:46:24,2025-11-20 18:00:16,CIN
18622,espn.com,Week 12,George,Pickens,WR,16.6,2025-11-20 17:46:24,2025-11-20 18:00:16,DAL
19916,fantasypros.com,Week 12,Sam,Darnold,QB,16.6,2025-11-20 18:01:42,2025-11-20 18:01:42,SEA
24060,sleeper.com,Week 13,Kirk,Cousins,QB,16.6,2025-11-26 18:35:52,2025-11-26 18:35:52,ATL
24834,fantasypros.com,Week 13,Puka,Nacua,WR,16.6,2025-11-26 18:38:08,2025-11-26 18:38:08,LAR
26096,fantasypros.com,Week 14,Daniel,Jones,QB,16.6,2025-12-03 01:54:53,2025-12-03 03:06:17,IND
29586,espn.com,Week 14,Breece,Hall,RB,16.6,2025-12-03 05:22:56,2025-12-03 05:22:56,NYJ
14750,fanduel.com,Week 10,Drake,London,WR,16.58,2025-11-07 00:48:09,2025-11-07 00:48:09,ATL
18793,fanduel.com,Week 12,Trevor,Lawrence,QB,16.58,2025-11-20 17:52:44,2025-11-20 18:02:59,JAX
25131,fanduel.com,Week 13,Zay,Flowers,WR,16.56,2025-11-26 18:38:36,2025-11-26 18:38:36,BAL
25132,fanduel.com,Week 13,Jaxson,Dart,QB,16.52,2025-11-26 18:38:36,2025-11-26 18:38:36,NYG
15231,sleeper.com,Week 10,Tyler,Shough,QB,16.5,2025-11-07 00:48:26,2025-11-07 00:48:26,NO
15700,espn.com,Week 10,Davante,Adams,WR,16.5,2025-11-07 00:49:32,2025-11-07 00:49:32,LAR
15906,fantasypros.com,Week 10,Josh,Jacobs,RB,16.5,2025-11-07 00:50:27,2025-11-07 00:50:27,GB
16442,sleeper.com,Week 11,Nico,Collins,WR,16.5,2025-11-13 05:18:19,2025-11-13 05:18:19,HOU
17115,fantasypros.com,Week 11,Jacoby,Brissett,QB,16.5,2025-11-13 05:20:49,2025-11-13 05:20:49,ARI
17435,firstdown.studio,Week 11,Marcus,Mariota,QB,16.5,2025-11-13 05:21:09,2025-11-13 05:26:14,WAS
18547,espn.com,Week 12,Davis,Mills,QB,16.5,2025-11-20 17:46:24,2025-11-20 18:00:16,HOU
19972,fantasypros.com,Week 12,Rico,Dowdle,RB,16.5,2025-11-20 18:01:42,2025-11-20 18:01:42,CAR
24511,espn.com,Week 13,Trevor,Lawrence,QB,16.5,2025-11-26 18:36:55,2025-11-26 18:36:55,JAX
24586,espn.com,Week 13,Davante,Adams,WR,16.5,2025-11-26 18:36:55,2025-11-26 18:36:55,LAR
24759,fantasypros.com,Week 13,Jaxson,Dart,QB,16.5,2025-11-26 18:38:08,2025-11-26 18:38:08,NYG
18794,fanduel.com,Week 12,Rashee,Rice,WR,16.49,2025-11-20 17:52:44,2025-11-20 18:02:18,KC
26261,fanduel.com,Week 14,Sam,Darnold,QB,16.49,2025-12-03 01:55:37,2025-12-03 03:57:34,SEA
17628,fanduel.com,Week 11,Sam,Darnold,QB,16.47,2025-11-13 05:21:22,2025-11-13 05:21:22,SEA
25133,fanduel.com,Week 13,Sam,Darnold,QB,16.47,2025-11-26 18:38:36,2025-11-26 18:38:36,SEA
18795,fanduel.com,Week 12,Davante,Adams,WR,16.46,2025-11-20 17:52:44,2025-11-20 18:02:59,LAR
25134,fanduel.com,Week 13,Trey,McBride,TE,16.46,2025-11-26 18:38:36,2025-11-26 18:38:36,ARI
25135,fanduel.com,Week 13,Davante,Adams,WR,16.45,2025-11-26 18:38:36,2025-11-26 18:38:36,LAR
17629,fanduel.com,Week 11,Drake,London,WR,16.44,2025-11-13 05:21:22,2025-11-13 05:21:22,ATL
15232,sleeper.com,Week 10,Garrett,Wilson,WR,16.4,2025-11-07 00:48:26,2025-11-07 00:48:26,NYJ
15233,sleeper.com,Week 10,Saquon,Barkley,RB,16.4,2025-11-07 00:48:26,2025-11-07 00:48:26,PHI
15862,fantasypros.com,Week 10,Marcus,Mariota,QB,16.4,2025-11-07 00:50:27,2025-11-07 00:50:27,WAS
16443,sleeper.com,Week 11,Rico,Dowdle,RB,16.4,2025-11-13 05:18:19,2025-11-13 05:18:19,CAR
16947,espn.com,Week 11,Rashee,Rice,WR,16.4,2025-11-13 05:19:16,2025-11-13 05:19:16,KC
17172,fantasypros.com,Week 11,Jaylen,Warren,RB,16.4,2025-11-13 05:20:49,2025-11-13 05:20:49,PIT
18623,espn.com,Week 12,Nico,Collins,WR,16.4,2025-11-20 17:46:24,2025-11-20 18:00:16,HOU
18624,espn.com,Week 12,Tetairoa,McMillan,WR,16.4,2025-11-20 17:46:24,2025-11-20 18:00:16,CAR
20078,fantasypros.com,Week 12,Emeka,Egbuka,WR,16.4,2025-11-20 18:01:42,2025-11-20 18:01:42,TB
24061,sleeper.com,Week 13,Javonte,Williams,RB,16.4,2025-11-26 18:35:52,2025-11-26 18:35:52,DAL
24587,espn.com,Week 13,Nico,Collins,WR,16.4,2025-11-26 18:36:55,2025-11-26 18:36:55,HOU
24814,fantasypros.com,Week 13,Saquon,Barkley,RB,16.4,2025-11-26 18:38:08,2025-11-26 18:38:08,PHI
25136,fanduel.com,Week 13,Aaron,Rodgers,QB,16.4,2025-11-26 18:38:36,2025-11-26 18:38:36,PIT
25691,sleeper.com,Week 14,Kirk,Cousins,QB,16.4,2025-12-03 01:52:43,2025-12-03 01:52:43,ATL
26139,fantasypros.com,Week 14,Davante,Adams,WR,16.4,2025-12-03 01:54:53,2025-12-03 03:06:17,LAR
29179,espn.com,Week 14,Marcus,Mariota,QB,16.4,2025-12-03 04:47:06,2025-12-03 05:22:56,WAS
29587,espn.com,Week 14,Derrick,Henry,RB,16.4,2025-12-03 05:22:56,2025-12-03 05:22:56,BAL
29588,espn.com,Week 14,Bucky,Irving,RB,16.4,2025-12-03 05:22:56,2025-12-03 05:22:56,TB
18796,fanduel.com,Week 12,Dak,Prescott,QB,16.36,2025-11-20 17:52:44,2025-11-20 18:02:18,DAL
18797,fanduel.com,Week 12,Sam,Darnold,QB,16.35,2025-11-20 17:52:44,2025-11-20 18:02:18,SEA
18798,fanduel.com,Week 12,Trey,McBride,TE,16.34,2025-11-20 17:52:44,2025-11-20 18:02:18,ARI
25137,fanduel.com,Week 13,Josh,Jacobs,RB,16.34,2025-11-26 18:38:36,2025-11-26 18:38:36,GB
26263,fanduel.com,Week 14,Jameson,Williams,WR,16.32,2025-12-03 01:55:37,2025-12-03 03:57:34,DET
15234,sleeper.com,Week 10,Drake,London,WR,16.3,2025-11-07 00:48:26,2025-11-07 00:48:26,ATL
15235,sleeper.com,Week 10,Kyren,Williams,RB,16.3,2025-11-07 00:48:26,2025-11-07 00:48:26,LAR
15632,espn.com,Week 10,Marcus,Mariota,QB,16.3,2025-11-07 00:49:32,2025-11-07 00:51:07,WAS
16005,fantasypros.com,Week 10,Justin,Jefferson,WR,16.3,2025-11-07 00:50:27,2025-11-07 00:50:27,MIN
16444,sleeper.com,Week 11,TreVeyon,Henderson,RB,16.3,2025-11-13 05:18:19,2025-11-13 05:18:19,NE
16879,espn.com,Week 11,Justin,Fields,QB,16.3,2025-11-13 05:19:16,2025-11-13 05:19:16,NYJ
16948,espn.com,Week 11,Nico,Collins,WR,16.3,2025-11-13 05:19:16,2025-11-13 05:19:16,HOU
17436,firstdown.studio,Week 11,Mac,Jones,QB,16.3,2025-11-13 05:21:09,2025-11-13 05:26:14,SF
17462,firstdown.studio,Week 11,Javonte,Williams,RB,16.3,2025-11-13 05:21:09,2025-11-13 05:21:09,DAL
18143,sleeper.com,Week 12,Tee,Higgins,WR,16.3,2025-11-20 17:45:26,2025-11-20 17:59:20,CIN
18625,espn.com,Week 12,A.J.,Brown,WR,16.3,2025-11-20 17:46:24,2025-11-20 18:00:16,PHI
19917,fantasypros.com,Week 12,Jordan,Love,QB,16.3,2025-11-20 18:01:42,2025-11-20 18:01:42,GB
19973,fantasypros.com,Week 12,Saquon,Barkley,RB,16.3,2025-11-20 18:01:42,2025-11-20 18:01:42,PHI
24538,espn.com,Week 13,Breece,Hall,RB,16.3,2025-11-26 18:36:55,2025-11-26 18:36:55,NYJ
25692,sleeper.com,Week 14,Derrick,Henry,RB,16.3,2025-12-03 01:52:43,2025-12-03 01:52:43,BAL
26097,fantasypros.com,Week 14,Sam,Darnold,QB,16.3,2025-12-03 01:54:53,2025-12-03 03:06:17,SEA
29216,espn.com,Week 14,A.J.,Brown,WR,16.3,2025-12-03 04:47:06,2025-12-03 05:22:56,PHI
26264,fanduel.com,Week 14,Ashton,Jeanty,RB,16.28,2025-12-03 01:55:37,2025-12-03 03:57:34,LV
14751,fanduel.com,Week 10,Josh,Jacobs,RB,16.26,2025-11-07 00:48:09,2025-11-07 00:48:09,GB
18799,fanduel.com,Week 12,TreVeyon,Henderson,RB,16.26,2025-11-20 17:52:44,2025-11-20 18:02:18,NE
14752,fanduel.com,Week 10,Emeka,Egbuka,WR,16.23,2025-11-07 00:48:09,2025-11-07 00:48:09,TB
17630,fanduel.com,Week 11,Jacoby,Brissett,QB,16.23,2025-11-13 05:21:22,2025-11-13 05:21:22,ARI
26265,fanduel.com,Week 14,Justin,Jefferson,WR,16.22,2025-12-03 01:55:37,2025-12-03 03:57:34,MIN
15652,espn.com,Week 10,Rachaad,White,RB,16.2,2025-11-07 00:49:32,2025-11-07 00:49:32,TB
16880,espn.com,Week 11,Jared,Goff,QB,16.2,2025-11-13 05:19:16,2025-11-13 05:19:16,DET
17282,fantasypros.com,Week 11,Drake,London,WR,16.2,2025-11-13 05:20:49,2025-11-13 05:20:49,ATL
17437,firstdown.studio,Week 11,Tua,Tagovailoa,QB,16.2,2025-11-13 05:21:09,2025-11-13 05:26:14,MIA
17472,firstdown.studio,Week 11,Brock,Bowers,TE,16.2,2025-11-13 05:21:09,2025-11-13 05:21:09,LV
17631,fanduel.com,Week 11,Zay,Flowers,WR,16.2,2025-11-13 05:21:22,2025-11-13 05:21:22,BAL
18144,sleeper.com,Week 12,Davis,Mills,QB,16.2,2025-11-20 17:45:26,2025-11-20 17:59:20,HOU
18145,sleeper.com,Week 12,Tyrod,Taylor,QB,16.2,2025-11-20 17:45:26,2025-11-20 17:59:20,NYJ
18146,sleeper.com,Week 12,Chase,Brown,RB,16.2,2025-11-20 17:45:26,2025-11-20 17:59:20,CIN
20079,fantasypros.com,Week 12,Davante,Adams,WR,16.2,2025-11-20 18:01:42,2025-11-20 18:01:42,LAR
24062,sleeper.com,Week 13,TreVeyon,Henderson,RB,16.2,2025-11-26 18:35:52,2025-11-26 18:35:52,NE
24835,fantasypros.com,Week 13,Davante,Adams,WR,16.2,2025-11-26 18:38:08,2025-11-26 18:38:08,LAR
29180,espn.com,Week 14,Justin,Herbert,QB,16.2,2025-12-03 04:47:06,2025-12-03 05:22:56,LAC
14753,fanduel.com,Week 10,Saquon,Barkley,RB,16.18,2025-11-07 00:48:09,2025-11-07 00:48:09,PHI
25138,fanduel.com,Week 13,James,Cook,RB,16.15,2025-11-26 18:38:36,2025-11-26 18:38:36,BUF
14754,fanduel.com,Week 10,Justin,Fields,QB,16.1,2025-11-07 00:48:09,2025-11-07 00:48:09,NYJ
15236,sleeper.com,Week 10,Dillon,Gabriel,QB,16.1,2025-11-07 00:48:26,2025-11-07 00:48:26,CLE
15633,espn.com,Week 10,Baker,Mayfield,QB,16.1,2025-11-07 00:49:32,2025-11-07 00:49:32,TB
15653,espn.com,Week 10,Saquon,Barkley,RB,16.1,2025-11-07 00:49:32,2025-11-07 00:49:32,PHI
15863,fantasypros.com,Week 10,J.J.,McCarthy,QB,16.1,2025-11-07 00:50:27,2025-11-07 00:50:27,MIN
16273,firstdown.studio,Week 10,Josh,Jacobs,RB,16.1,2025-11-07 00:50:48,2025-11-07 00:50:48,GB
16897,espn.com,Week 11,Javonte,Williams,RB,16.1,2025-11-13 05:19:16,2025-11-13 05:19:16,DAL
17438,firstdown.studio,Week 11,Sam,Darnold,QB,16.1,2025-11-13 05:21:09,2025-11-13 05:26:14,SEA
17471,firstdown.studio,Week 11,Justin,Jefferson,WR,16.1,2025-11-13 05:21:09,2025-11-13 05:21:09,MIN
20080,fantasypros.com,Week 12,Nico,Collins,WR,16.1,2025-11-20 18:01:42,2025-11-20 18:01:42,HOU
24063,sleeper.com,Week 13,Nico,Collins,WR,16.1,2025-11-26 18:35:52,2025-11-26 18:35:52,HOU
24064,sleeper.com,Week 13,Josh,Jacobs,RB,16.1,2025-11-26 18:35:52,2025-11-26 18:35:52,GB
29181,espn.com,Week 14,Trevor,Lawrence,QB,16.1,2025-12-03 04:47:06,2025-12-03 05:22:56,JAX
29217,espn.com,Week 14,Drake,London,WR,16.1,2025-12-03 04:47:06,2025-12-03 05:22:56,ATL
25139,fanduel.com,Week 13,Brock,Purdy,QB,16.05,2025-11-26 18:38:36,2025-11-26 18:38:36,SF
18800,fanduel.com,Week 12,Ashton,Jeanty,RB,16.02,2025-11-20 17:52:44,2025-11-20 18:02:18,LV
15237,sleeper.com,Week 10,Trey,McBride,TE,16.0,2025-11-07 00:48:26,2025-11-07 00:48:26,ARI
15238,sleeper.com,Week 10,Brock,Bowers,TE,16.0,2025-11-07 00:48:26,2025-11-07 00:48:26,LV
15634,espn.com,Week 10,Michael,Penix Jr.,QB,16.0,2025-11-07 00:49:32,2025-11-07 00:49:32,ATL
17116,fantasypros.com,Week 11,Geno,Smith,QB,16.0,2025-11-13 05:20:49,2025-11-13 05:20:49,LV
17173,fantasypros.com,Week 11,Saquon,Barkley,RB,16.0,2025-11-13 05:20:49,2025-11-13 05:20:49,PHI
17439,firstdown.studio,Week 11,Jared,Goff,QB,16.0,2025-11-13 05:21:09,2025-11-13 05:26:14,DET
17440,firstdown.studio,Week 11,Bo,Nix,QB,16.0,2025-11-13 05:21:09,2025-11-13 05:26:14,DEN
18147,sleeper.com,Week 12,TreVeyon,Henderson,RB,16.0,2025-11-20 17:45:26,2025-11-20 17:59:20,NE
18148,sleeper.com,Week 12,Stefon,Diggs,WR,16.0,2025-11-20 17:45:26,2025-11-20 17:59:20,NE
18548,espn.com,Week 12,Tyler,Shough,QB,16.0,2025-11-20 17:46:24,2025-11-20 18:00:16,NO
19918,fantasypros.com,Week 12,Trevor,Lawrence,QB,16.0,2025-11-20 18:01:42,2025-11-20 18:02:59,JAX
24760,fantasypros.com,Week 13,Daniel,Jones,QB,16.0,2025-11-26 18:38:08,2025-11-26 18:38:08,IND
24815,fantasypros.com,Week 13,Kyren,Williams,RB,16.0,2025-11-26 18:38:08,2025-11-26 18:38:08,LAR
29218,espn.com,Week 14,Jameson,Williams,WR,16.0,2025-12-03 04:47:06,2025-12-03 05:22:56,DET
26266,fanduel.com,Week 14,Trey,McBride,TE,15.98,2025-12-03 01:55:37,2025-12-03 03:57:34,ARI
18801,fanduel.com,Week 12,Emeka,Egbuka,WR,15.97,2025-11-20 17:52:44,2025-11-20 18:02:18,TB
18802,fanduel.com,Week 12,Saquon,Barkley,RB,15.94,2025-11-20 17:52:44,2025-11-20 18:02:18,PHI
16278,firstdown.studio,Week 10,Emeka,Egbuka,WR,15.9,2025-11-07 00:50:48,2025-11-07 00:50:48,TB
17283,fantasypros.com,Week 11,Rashee,Rice,WR,15.9,2025-11-13 05:20:49,2025-11-13 05:20:49,KC
18149,sleeper.com,Week 12,A.J.,Brown,WR,15.9,2025-11-20 17:45:26,2025-11-20 17:59:20,PHI
18150,sleeper.com,Week 12,DeVonta,Smith,WR,15.9,2025-11-20 17:45:26,2025-11-20 17:59:20,PHI
18549,espn.com,Week 12,Joe,Flacco,QB,15.9,2025-11-20 17:46:24,2025-11-20 18:00:16,CIN
19974,fantasypros.com,Week 12,Javonte,Williams,RB,15.9,2025-11-20 18:01:42,2025-11-20 18:01:42,DAL
19975,fantasypros.com,Week 12,TreVeyon,Henderson,RB,15.9,2025-11-20 18:01:42,2025-11-20 18:01:42,NE
24065,sleeper.com,Week 13,Chris,Olave,WR,15.9,2025-11-26 18:35:52,2025-11-26 18:35:52,NO
24512,espn.com,Week 13,Jared,Goff,QB,15.9,2025-11-26 18:36:55,2025-11-26 18:36:55,DET
24513,espn.com,Week 13,Tyrod,Taylor,QB,15.9,2025-11-26 18:36:55,2025-11-26 18:36:55,NYJ
24588,espn.com,Week 13,Chris,Olave,WR,15.9,2025-11-26 18:36:55,2025-11-26 18:36:55,NO
24836,fantasypros.com,Week 13,CeeDee,Lamb,WR,15.9,2025-11-26 18:38:08,2025-11-26 18:38:08,DAL
25693,sleeper.com,Week 14,Nico,Collins,WR,15.9,2025-12-03 01:52:43,2025-12-03 01:52:43,HOU
26098,fantasypros.com,Week 14,Trevor,Lawrence,QB,15.9,2025-12-03 01:54:53,2025-12-03 03:06:17,JAX
26140,fantasypros.com,Week 14,Jameson,Williams,WR,15.9,2025-12-03 01:54:53,2025-12-03 03:06:17,DET
29182,espn.com,Week 14,Tyrod,Taylor,QB,15.9,2025-12-03 04:47:06,2025-12-03 05:22:56,NYJ
29589,espn.com,Week 14,Ashton,Jeanty,RB,15.9,2025-12-03 05:22:56,2025-12-03 05:22:56,LV
17632,fanduel.com,Week 11,Ashton,Jeanty,RB,15.89,2025-11-13 05:21:22,2025-11-13 05:21:22,LV
18803,fanduel.com,Week 12,Quinshon,Judkins,RB,15.88,2025-11-20 17:52:44,2025-11-20 18:02:18,CLE
14755,fanduel.com,Week 10,Michael,Penix Jr.,QB,15.87,2025-11-07 00:48:09,2025-11-07 00:48:09,ATL
25140,fanduel.com,Week 13,George,Pickens,WR,15.86,2025-11-26 18:38:36,2025-11-26 18:38:36,DAL
17633,fanduel.com,Week 11,Michael,Penix Jr.,QB,15.84,2025-11-13 05:21:22,2025-11-13 05:21:22,ATL
18804,fanduel.com,Week 12,Jacoby,Brissett,QB,15.82,2025-11-20 17:52:44,2025-11-20 18:02:18,ARI
15239,sleeper.com,Week 10,Derrick,Henry,RB,15.8,2025-11-07 00:48:26,2025-11-07 00:48:26,BAL
15654,espn.com,Week 10,Derrick,Henry,RB,15.8,2025-11-07 00:49:32,2025-11-07 00:49:32,BAL
15745,espn.com,Week 10,Brock,Bowers,TE,15.8,2025-11-07 00:49:32,2025-11-07 00:49:32,LV
15864,fantasypros.com,Week 10,Justin,Fields,QB,15.8,2025-11-07 00:50:27,2025-11-07 00:50:27,NYJ
16006,fantasypros.com,Week 10,Emeka,Egbuka,WR,15.8,2025-11-07 00:50:27,2025-11-07 00:50:27,TB
16279,firstdown.studio,Week 10,Drake,London,WR,15.8,2025-11-07 00:50:48,2025-11-07 00:50:48,ATL
16445,sleeper.com,Week 11,Derrick,Henry,RB,15.8,2025-11-13 05:18:19,2025-11-13 05:18:19,BAL
16446,sleeper.com,Week 11,Dillon,Gabriel,QB,15.8,2025-11-13 05:18:19,2025-11-13 05:18:19,CLE
17441,firstdown.studio,Week 11,Geno,Smith,QB,15.8,2025-11-13 05:21:09,2025-11-13 05:26:14,LV
17463,firstdown.studio,Week 11,James,Cook,RB,15.8,2025-11-13 05:21:09,2025-11-13 05:21:09,BUF
18151,sleeper.com,Week 12,Davante,Adams,WR,15.8,2025-11-20 17:45:26,2025-11-20 17:59:20,LAR
18568,espn.com,Week 12,Chase,Brown,RB,15.8,2025-11-20 17:46:24,2025-11-20 18:00:16,CIN
18569,espn.com,Week 12,James,Cook,RB,15.8,2025-11-20 17:46:24,2025-11-20 18:00:16,BUF
19919,fantasypros.com,Week 12,Joe,Flacco,QB,15.8,2025-11-20 18:01:42,2025-11-20 18:01:42,CIN
24066,sleeper.com,Week 13,James,Cook,RB,15.8,2025-11-26 18:35:52,2025-11-26 18:35:52,BUF
24067,sleeper.com,Week 13,Davante,Adams,WR,15.8,2025-11-26 18:35:52,2025-11-26 18:35:52,LAR
24068,sleeper.com,Week 13,Saquon,Barkley,RB,15.8,2025-11-26 18:35:52,2025-11-26 18:35:52,PHI
24069,sleeper.com,Week 13,Zay,Flowers,WR,15.8,2025-11-26 18:35:52,2025-11-26 18:35:52,BAL
24514,espn.com,Week 13,Brock,Purdy,QB,15.8,2025-11-26 18:36:55,2025-11-26 18:36:55,SF
26141,fantasypros.com,Week 14,Chris,Olave,WR,15.8,2025-12-03 01:54:53,2025-12-03 03:06:17,NO
18805,fanduel.com,Week 12,Breece,Hall,RB,15.78,2025-11-20 17:52:44,2025-11-20 18:02:18,NYJ
25141,fanduel.com,Week 13,Caleb,Williams,QB,15.75,2025-11-26 18:38:36,2025-11-26 18:38:36,CHI
15701,espn.com,Week 10,Nico,Collins,WR,15.7,2025-11-07 00:49:32,2025-11-07 00:49:32,HOU
16249,firstdown.studio,Week 10,Jordan,Love,QB,15.7,2025-11-07 00:50:48,2025-11-07 00:51:07,GB
16250,firstdown.studio,Week 10,Jacoby,Brissett,QB,15.7,2025-11-07 00:50:48,2025-11-07 00:51:07,ARI
16251,firstdown.studio,Week 10,J.J.,McCarthy,QB,15.7,2025-11-07 00:50:48,2025-11-07 00:51:07,MIN
16881,espn.com,Week 11,Michael,Penix Jr.,QB,15.7,2025-11-13 05:19:16,2025-11-13 05:19:16,ATL
16949,espn.com,Week 11,Davante,Adams,WR,15.7,2025-11-13 05:19:16,2025-11-13 05:19:16,LAR
16950,espn.com,Week 11,A.J.,Brown,WR,15.7,2025-11-13 05:19:16,2025-11-13 05:19:16,PHI
20081,fantasypros.com,Week 12,Stefon,Diggs,WR,15.7,2025-11-20 18:01:42,2025-11-20 18:01:42,NE
24515,espn.com,Week 13,Jordan,Love,QB,15.7,2025-11-26 18:36:55,2025-11-26 18:36:55,GB
24539,espn.com,Week 13,Chase,Brown,RB,15.7,2025-11-26 18:36:55,2025-11-26 18:36:55,CIN
25694,sleeper.com,Week 14,Jameson,Williams,WR,15.7,2025-12-03 01:52:43,2025-12-03 01:52:43,DET
25695,sleeper.com,Week 14,Amon-Ra,St. Brown,WR,15.7,2025-12-03 01:52:43,2025-12-03 01:52:43,DET
14756,fanduel.com,Week 10,Brock,Bowers,TE,15.65,2025-11-07 00:48:09,2025-11-07 00:48:09,LV
25142,fanduel.com,Week 13,Derrick,Henry,RB,15.64,2025-11-26 18:38:36,2025-11-26 18:38:36,BAL
17634,fanduel.com,Week 11,Jaylen,Warren,RB,15.63,2025-11-13 05:21:22,2025-11-13 05:21:22,PIT
18806,fanduel.com,Week 12,Derrick,Henry,RB,15.63,2025-11-20 17:52:44,2025-11-20 18:02:18,BAL
17635,fanduel.com,Week 11,Justin,Fields,QB,15.62,2025-11-13 05:21:22,2025-11-13 05:21:22,NYJ
15655,espn.com,Week 10,Kyren,Williams,RB,15.6,2025-11-07 00:49:32,2025-11-07 00:49:32,LAR
15702,espn.com,Week 10,Zay,Flowers,WR,15.6,2025-11-07 00:49:32,2025-11-07 00:49:32,BAL
15703,espn.com,Week 10,Emeka,Egbuka,WR,15.6,2025-11-07 00:49:32,2025-11-07 00:49:32,TB
16161,fantasypros.com,Week 10,Trey,McBride,TE,15.6,2025-11-07 00:50:27,2025-11-07 00:50:27,ARI
16252,firstdown.studio,Week 10,Marcus,Mariota,QB,15.6,2025-11-07 00:50:48,2025-11-07 00:51:07,WAS
16447,sleeper.com,Week 11,Jaylen,Waddle,WR,15.6,2025-11-13 05:18:19,2025-11-13 05:18:19,MIA
16448,sleeper.com,Week 11,Saquon,Barkley,RB,15.6,2025-11-13 05:18:19,2025-11-13 05:18:19,PHI
16449,sleeper.com,Week 11,Chase,Brown,RB,15.6,2025-11-13 05:18:19,2025-11-13 05:18:19,CIN
17174,fantasypros.com,Week 11,Chase,Brown,RB,15.6,2025-11-13 05:20:49,2025-11-13 05:20:49,CIN
17284,fantasypros.com,Week 11,Justin,Jefferson,WR,15.6,2025-11-13 05:20:49,2025-11-13 05:20:49,MIN
18626,espn.com,Week 12,Michael,Pittman Jr.,WR,15.6,2025-11-20 17:46:24,2025-11-20 18:00:16,IND
20082,fantasypros.com,Week 12,Tee,Higgins,WR,15.6,2025-11-20 18:01:42,2025-11-20 18:01:42,CIN
24070,sleeper.com,Week 13,Max,Brosmer,QB,15.6,2025-11-26 18:35:52,2025-11-26 18:35:52,MIN
24816,fantasypros.com,Week 13,Travis,Etienne Jr.,RB,15.6,2025-11-26 18:38:08,2025-11-26 18:38:08,JAX
24837,fantasypros.com,Week 13,George,Pickens,WR,15.6,2025-11-26 18:38:08,2025-11-26 18:38:08,DAL
25696,sleeper.com,Week 14,Chase,Brown,RB,15.6,2025-12-03 01:52:43,2025-12-03 01:52:43,CIN
25697,sleeper.com,Week 14,Chris,Olave,WR,15.6,2025-12-03 01:52:43,2025-12-03 01:52:43,NO
26099,fantasypros.com,Week 14,Caleb,Williams,QB,15.6,2025-12-03 01:54:53,2025-12-03 03:06:17,CHI
26114,fantasypros.com,Week 14,Bucky,Irving,RB,15.6,2025-12-03 01:54:53,2025-12-03 03:06:17,TB
25143,fanduel.com,Week 13,Jordan,Love,QB,15.59,2025-11-26 18:38:36,2025-11-26 18:38:36,GB
17636,fanduel.com,Week 11,Javonte,Williams,RB,15.55,2025-11-13 05:21:22,2025-11-13 05:21:22,DAL
14757,fanduel.com,Week 10,Aaron,Rodgers,QB,15.52,2025-11-07 00:48:09,2025-11-07 00:48:09,PIT
15240,sleeper.com,Week 10,Jaylen,Warren,RB,15.5,2025-11-07 00:48:26,2025-11-07 00:48:26,PIT
15865,fantasypros.com,Week 10,Jacoby,Brissett,QB,15.5,2025-11-07 00:50:27,2025-11-07 00:50:27,ARI
16282,firstdown.studio,Week 10,Brock,Bowers,TE,15.5,2025-11-07 00:50:48,2025-11-07 00:50:48,LV
16898,espn.com,Week 11,Saquon,Barkley,RB,15.5,2025-11-13 05:19:16,2025-11-13 05:19:16,PHI
17117,fantasypros.com,Week 11,Bo,Nix,QB,15.5,2025-11-13 05:20:49,2025-11-13 05:20:49,DEN
18152,sleeper.com,Week 12,Justin,Jefferson,WR,15.5,2025-11-20 17:45:26,2025-11-20 17:59:20,MIN
18550,espn.com,Week 12,Tyrod,Taylor,QB,15.5,2025-11-20 17:46:24,2025-11-20 18:00:16,NYJ
19920,fantasypros.com,Week 12,Bryce,Young,QB,15.5,2025-11-20 18:01:42,2025-11-20 18:01:42,CAR
20083,fantasypros.com,Week 12,Chris,Olave,WR,15.5,2025-11-20 18:01:42,2025-11-20 18:01:42,NO
24516,espn.com,Week 13,Baker,Mayfield,QB,15.5,2025-11-26 18:36:55,2025-11-26 18:36:55,TB
24540,espn.com,Week 13,Ashton,Jeanty,RB,15.5,2025-11-26 18:36:55,2025-11-26 18:36:55,LV
24761,fantasypros.com,Week 13,Tua,Tagovailoa,QB,15.5,2025-11-26 18:38:08,2025-11-26 18:38:08,MIA
26115,fantasypros.com,Week 14,Breece,Hall,RB,15.5,2025-12-03 01:54:53,2025-12-03 03:06:17,NYJ
29644,espn.com,Week 14,Trey,McBride,TE,15.5,2025-12-03 05:22:56,2025-12-03 05:22:56,ARI
17637,fanduel.com,Week 11,Travis,Etienne,RB,15.49,2025-11-13 05:21:22,2025-11-13 05:26:13,JAX
17638,fanduel.com,Week 11,A.J.,Brown,WR,15.49,2025-11-13 05:21:22,2025-11-13 05:21:22,PHI
26268,fanduel.com,Week 14,Chase,Brown,RB,15.47,2025-12-03 01:55:37,2025-12-03 03:57:34,CIN
26269,fanduel.com,Week 14,Saquon,Barkley,RB,15.46,2025-12-03 01:55:37,2025-12-03 03:57:34,PHI
17639,fanduel.com,Week 11,Geno,Smith,QB,15.42,2025-11-13 05:21:22,2025-11-13 05:21:22,LV
14758,fanduel.com,Week 10,Rico,Dowdle,RB,15.41,2025-11-07 00:48:09,2025-11-07 00:48:09,CAR
14759,fanduel.com,Week 10,Ashton,Jeanty,RB,15.4,2025-11-07 00:48:09,2025-11-07 00:48:09,LV
15635,espn.com,Week 10,Davis,Mills,QB,15.4,2025-11-07 00:49:32,2025-11-07 00:49:32,HOU
16007,fantasypros.com,Week 10,Davante,Adams,WR,15.4,2025-11-07 00:50:27,2025-11-07 00:50:27,LAR
17470,firstdown.studio,Week 11,Jahmyr,Gibbs,RB,15.4,2025-11-13 05:21:09,2025-11-13 05:21:09,DET
17473,firstdown.studio,Week 11,Davante,Adams,WR,15.4,2025-11-13 05:21:09,2025-11-13 05:26:14,LAR
18551,espn.com,Week 12,Trevor,Lawrence,QB,15.4,2025-11-20 17:46:24,2025-11-20 18:00:16,JAX
19976,fantasypros.com,Week 12,Derrick,Henry,RB,15.4,2025-11-20 18:01:42,2025-11-20 18:01:42,BAL
20084,fantasypros.com,Week 12,Justin,Jefferson,WR,15.4,2025-11-20 18:01:42,2025-11-20 18:01:42,MIN
24071,sleeper.com,Week 13,Michael,Wilson,WR,15.4,2025-11-26 18:35:52,2025-11-26 18:35:52,ARI
24072,sleeper.com,Week 13,A.J.,Brown,WR,15.4,2025-11-26 18:35:52,2025-11-26 18:35:52,PHI
24589,espn.com,Week 13,DeVonta,Smith,WR,15.4,2025-11-26 18:36:55,2025-11-26 18:36:55,PHI
25698,sleeper.com,Week 14,Davante,Adams,WR,15.4,2025-12-03 01:52:43,2025-12-03 01:52:43,LAR
25699,sleeper.com,Week 14,Brock,Bowers,TE,15.4,2025-12-03 01:52:43,2025-12-03 01:52:43,LV
29183,espn.com,Week 14,Baker,Mayfield,QB,15.4,2025-12-03 04:47:06,2025-12-03 05:22:56,TB
29184,espn.com,Week 14,Jacoby,Brissett,QB,15.4,2025-12-03 04:47:06,2025-12-03 05:22:56,ARI
14760,fanduel.com,Week 10,Kyren,Williams,RB,15.38,2025-11-07 00:48:09,2025-11-07 00:51:07,LAR
25144,fanduel.com,Week 13,Kyren,Williams,RB,15.35,2025-11-26 18:38:36,2025-11-26 18:38:36,LAR
25145,fanduel.com,Week 13,Marcus,Mariota,QB,15.34,2025-11-26 18:38:36,2025-11-26 18:38:36,WAS
14761,fanduel.com,Week 10,Travis,Etienne,RB,15.31,2025-11-07 00:48:09,2025-11-07 00:51:07,JAX
25146,fanduel.com,Week 13,C.J.,Stroud,QB,15.31,2025-11-26 18:38:36,2025-11-26 18:38:36,HOU
15241,sleeper.com,Week 10,Jacoby,Brissett,QB,15.3,2025-11-07 00:48:26,2025-11-07 00:48:26,ARI
15656,espn.com,Week 10,Jaylen,Warren,RB,15.3,2025-11-07 00:49:32,2025-11-07 00:49:32,PIT
15704,espn.com,Week 10,Ladd,McConkey,WR,15.3,2025-11-07 00:49:32,2025-11-07 00:49:32,LAC
16008,fantasypros.com,Week 10,Nico,Collins,WR,15.3,2025-11-07 00:50:27,2025-11-07 00:50:27,HOU
16275,firstdown.studio,Week 10,Saquon,Barkley,RB,15.3,2025-11-07 00:50:48,2025-11-07 00:50:48,PHI
16450,sleeper.com,Week 11,Kimani,Vidal,RB,15.3,2025-11-13 05:18:19,2025-11-13 05:18:19,LAC
16882,espn.com,Week 11,Trevor,Lawrence,QB,15.3,2025-11-13 05:19:16,2025-11-13 05:19:16,JAX
16951,espn.com,Week 11,DeVonta,Smith,WR,15.3,2025-11-13 05:19:16,2025-11-13 05:19:16,PHI
18570,espn.com,Week 12,Ashton,Jeanty,RB,15.3,2025-11-20 17:46:24,2025-11-20 18:00:16,LV
19977,fantasypros.com,Week 12,Chase,Brown,RB,15.3,2025-11-20 18:01:42,2025-11-20 18:01:42,CIN
25700,sleeper.com,Week 14,Bucky,Irving,RB,15.3,2025-12-03 01:52:43,2025-12-03 01:52:43,TB
26100,fantasypros.com,Week 14,Tyrod,Taylor,QB,15.3,2025-12-03 01:54:53,2025-12-03 03:06:17,NYJ
18807,fanduel.com,Week 12,Chris,Olave,WR,15.27,2025-11-20 17:52:44,2025-11-20 18:02:18,NO
25147,fanduel.com,Week 13,Chase,Brown,RB,15.26,2025-11-26 18:38:36,2025-11-26 18:38:36,CIN
26271,fanduel.com,Week 14,Davante,Adams,WR,15.23,2025-12-03 01:55:37,2025-12-03 03:57:34,LAR
14762,fanduel.com,Week 10,Breece,Hall,RB,15.21,2025-11-07 00:48:09,2025-11-07 00:48:09,NYJ
15242,sleeper.com,Week 10,Chris,Olave,WR,15.2,2025-11-07 00:48:26,2025-11-07 00:48:26,NO
15636,espn.com,Week 10,Jacoby,Brissett,QB,15.2,2025-11-07 00:49:32,2025-11-07 00:49:32,ARI
15907,fantasypros.com,Week 10,Saquon,Barkley,RB,15.2,2025-11-07 00:50:27,2025-11-07 00:50:27,PHI
16162,fantasypros.com,Week 10,Brock,Bowers,TE,15.2,2025-11-07 00:50:27,2025-11-07 00:50:27,LV
16253,firstdown.studio,Week 10,Justin,Fields,QB,15.2,2025-11-07 00:50:48,2025-11-07 00:51:07,NYJ
16451,sleeper.com,Week 11,Davante,Adams,WR,15.2,2025-11-13 05:18:19,2025-11-13 05:18:19,LAR
16452,sleeper.com,Week 11,A.J.,Brown,WR,15.2,2025-11-13 05:18:19,2025-11-13 05:18:19,PHI
16952,espn.com,Week 11,Ladd,McConkey,WR,15.2,2025-11-13 05:19:16,2025-11-13 05:19:16,LAC
17175,fantasypros.com,Week 11,Kyren,Williams,RB,15.2,2025-11-13 05:20:49,2025-11-13 05:20:49,LAR
17285,fantasypros.com,Week 11,Emeka,Egbuka,WR,15.2,2025-11-13 05:20:49,2025-11-13 05:20:49,TB
17469,firstdown.studio,Week 11,Saquon,Barkley,RB,15.2,2025-11-13 05:21:09,2025-11-13 05:21:09,PHI
18552,espn.com,Week 12,Sam,Darnold,QB,15.2,2025-11-20 17:46:24,2025-11-20 18:00:16,SEA
24073,sleeper.com,Week 13,Cam,Ward,QB,15.2,2025-11-26 18:35:52,2025-11-26 18:35:52,TEN
24074,sleeper.com,Week 13,DeVonta,Smith,WR,15.2,2025-11-26 18:35:52,2025-11-26 18:35:52,PHI
24517,espn.com,Week 13,Sam,Darnold,QB,15.2,2025-11-26 18:36:55,2025-11-26 18:36:55,SEA
24541,espn.com,Week 13,Rico,Dowdle,RB,15.2,2025-11-26 18:36:55,2025-11-26 18:36:55,CAR
24817,fantasypros.com,Week 13,Ashton,Jeanty,RB,15.2,2025-11-26 18:38:08,2025-11-26 18:38:08,LV
24838,fantasypros.com,Week 13,Jaylen,Waddle,WR,15.2,2025-11-26 18:38:08,2025-11-26 18:38:08,MIA
25701,sleeper.com,Week 14,Saquon,Barkley,RB,15.2,2025-12-03 01:52:43,2025-12-03 01:52:43,PHI
26116,fantasypros.com,Week 14,Josh,Jacobs,RB,15.2,2025-12-03 01:54:53,2025-12-03 03:06:17,GB
26142,fantasypros.com,Week 14,Nico,Collins,WR,15.2,2025-12-03 01:54:53,2025-12-03 03:06:17,HOU
29219,espn.com,Week 14,Justin,Jefferson,WR,15.2,2025-12-03 04:47:06,2025-12-03 05:22:56,MIN
26272,fanduel.com,Week 14,Kyren,Williams,RB,15.19,2025-12-03 01:55:37,2025-12-03 03:57:34,LAR
26273,fanduel.com,Week 14,Caleb,Williams,QB,15.17,2025-12-03 01:55:37,2025-12-03 03:57:34,CHI
17640,fanduel.com,Week 11,Joe,Flacco,QB,15.15,2025-11-13 05:21:22,2025-11-13 05:21:22,CIN
18808,fanduel.com,Week 12,Tyler,Shough,QB,15.14,2025-11-20 17:52:44,2025-11-20 18:02:18,NO
18809,fanduel.com,Week 12,Jameis,Winston,QB,15.13,2025-11-20 17:52:44,2025-11-20 18:02:18,NYG
17641,fanduel.com,Week 11,Breece,Hall,RB,15.12,2025-11-13 05:21:22,2025-11-13 05:21:22,NYJ
15243,sleeper.com,Week 10,Davante,Adams,WR,15.1,2025-11-07 00:48:26,2025-11-07 00:48:26,LAR
15657,espn.com,Week 10,Quinshon,Judkins,RB,15.1,2025-11-07 00:49:32,2025-11-07 00:49:32,CLE
15866,fantasypros.com,Week 10,Aaron,Rodgers,QB,15.1,2025-11-07 00:50:27,2025-11-07 00:50:27,PIT
16453,sleeper.com,Week 11,James,Cook,RB,15.1,2025-11-13 05:18:19,2025-11-13 05:18:19,BUF
17442,firstdown.studio,Week 11,Michael,Penix,QB,15.1,2025-11-13 05:21:09,2025-11-13 05:26:14,ATL
18153,sleeper.com,Week 12,George,Kittle,TE,15.1,2025-11-20 17:45:26,2025-11-20 17:59:20,SF
18154,sleeper.com,Week 12,Brock,Bowers,TE,15.1,2025-11-20 17:45:26,2025-11-20 17:59:20,LV
18662,espn.com,Week 12,Brock,Bowers,TE,15.1,2025-11-20 17:46:24,2025-11-20 18:00:16,LV
18663,espn.com,Week 12,George,Kittle,TE,15.1,2025-11-20 17:46:24,2025-11-20 18:00:16,SF
18810,fanduel.com,Week 12,Rico,Dowdle,RB,15.1,2025-11-20 17:52:44,2025-11-20 18:02:18,CAR
19921,fantasypros.com,Week 12,Tyler,Shough,QB,15.1,2025-11-20 18:01:42,2025-11-20 18:01:42,NO
20214,fantasypros.com,Week 12,George,Kittle,TE,15.1,2025-11-20 18:01:42,2025-11-20 18:01:42,SF
20215,fantasypros.com,Week 12,Brock,Bowers,TE,15.1,2025-11-20 18:01:42,2025-11-20 18:01:42,LV
24075,sleeper.com,Week 13,Brock,Bowers,TE,15.1,2025-11-26 18:35:52,2025-11-26 18:35:52,LV
24542,espn.com,Week 13,Javonte,Williams,RB,15.1,2025-11-26 18:36:55,2025-11-26 18:36:55,DAL
25702,sleeper.com,Week 14,Ashton,Jeanty,RB,15.1,2025-12-03 01:52:43,2025-12-03 01:52:43,LV
26117,fantasypros.com,Week 14,Kyren,Williams,RB,15.1,2025-12-03 01:54:53,2025-12-03 03:06:17,LAR
26143,fantasypros.com,Week 14,Jaylen,Waddle,WR,15.1,2025-12-03 01:54:53,2025-12-03 03:06:17,MIA
18811,fanduel.com,Week 12,Joe,Flacco,QB,15.06,2025-11-20 17:52:44,2025-11-20 18:02:18,CIN
17642,fanduel.com,Week 11,Davante,Adams,WR,15.05,2025-11-13 05:21:22,2025-11-13 05:26:14,LAR
26274,fanduel.com,Week 14,Chris,Olave,WR,15.05,2025-12-03 01:55:37,2025-12-03 03:57:34,NO
18812,fanduel.com,Week 12,Kyren,Williams,RB,15.04,2025-11-20 17:52:44,2025-11-20 18:02:59,LAR
26276,fanduel.com,Week 14,C.J.,Stroud,QB,15.04,2025-12-03 01:55:37,2025-12-03 03:57:34,HOU
17643,fanduel.com,Week 11,Chase,Brown,RB,15.03,2025-11-13 05:21:22,2025-11-13 05:21:22,CIN
26275,fanduel.com,Week 14,Emeka,Egbuka,WR,15.02,2025-12-03 01:55:37,2025-12-03 03:57:34,TB
17644,fanduel.com,Week 11,Rashee,Rice,WR,15.01,2025-11-13 05:21:22,2025-11-13 05:21:22,KC
15244,sleeper.com,Week 10,A.J.,Brown,WR,15.0,2025-11-07 00:48:26,2025-11-07 00:48:26,PHI
15245,sleeper.com,Week 10,Zay,Flowers,WR,15.0,2025-11-07 00:48:26,2025-11-07 00:48:26,BAL
15637,espn.com,Week 10,Aaron,Rodgers,QB,15.0,2025-11-07 00:49:32,2025-11-07 00:49:32,PIT
15705,espn.com,Week 10,Michael,Pittman Jr.,WR,15.0,2025-11-07 00:49:32,2025-11-07 00:49:32,IND
16454,sleeper.com,Week 11,DeVonta,Smith,WR,15.0,2025-11-13 05:18:19,2025-11-13 05:18:19,PHI
16883,espn.com,Week 11,Sam,Darnold,QB,15.0,2025-11-13 05:19:16,2025-11-13 05:19:16,SEA
17118,fantasypros.com,Week 11,Tua,Tagovailoa,QB,15.0,2025-11-13 05:20:49,2025-11-13 05:20:49,MIA
18155,sleeper.com,Week 12,George,Pickens,WR,15.0,2025-11-20 17:45:26,2025-11-20 17:59:20,DAL
18156,sleeper.com,Week 12,Zay,Flowers,WR,15.0,2025-11-20 17:45:26,2025-11-20 17:59:20,BAL
18571,espn.com,Week 12,Kyren,Williams,RB,15.0,2025-11-20 17:46:24,2025-11-20 18:00:16,LAR
24076,sleeper.com,Week 13,Ladd,McConkey,WR,15.0,2025-11-26 18:35:52,2025-11-26 18:35:52,LAC
24762,fantasypros.com,Week 13,Tyrod,Taylor,QB,15.0,2025-11-26 18:38:08,2025-11-26 18:38:08,NYJ
26158,fantasypros.com,Week 14,Trey,McBride,TE,15.0,2025-12-03 01:54:53,2025-12-03 03:06:17,ARI
29220,espn.com,Week 14,Chris,Olave,WR,15.0,2025-12-03 04:47:06,2025-12-03 05:22:56,NO
26278,fanduel.com,Week 14,Tyrod,Taylor,QB,14.98,2025-12-03 01:55:37,2025-12-03 03:57:34,NYJ
17645,fanduel.com,Week 11,Trevor,Lawrence,QB,14.97,2025-11-13 05:21:22,2025-11-13 05:26:13,JAX
14763,fanduel.com,Week 10,A.J.,Brown,WR,14.94,2025-11-07 00:48:09,2025-11-07 00:48:09,PHI
18813,fanduel.com,Week 12,Tetairoa,McMillan,WR,14.94,2025-11-20 17:52:44,2025-11-20 18:02:18,CAR
18814,fanduel.com,Week 12,Bryce,Young,QB,14.92,2025-11-20 17:52:44,2025-11-20 18:02:18,CAR
25148,fanduel.com,Week 13,A.J.,Brown,WR,14.92,2025-11-26 18:38:36,2025-11-26 18:38:36,PHI
15706,espn.com,Week 10,DeVonta,Smith,WR,14.9,2025-11-07 00:49:32,2025-11-07 00:49:32,PHI
16009,fantasypros.com,Week 10,Jaylen,Waddle,WR,14.9,2025-11-07 00:50:27,2025-11-07 00:50:27,MIA
16455,sleeper.com,Week 11,Rachaad,White,RB,14.9,2025-11-13 05:18:19,2025-11-13 05:18:19,TB
16456,sleeper.com,Week 11,Jaylen,Warren,RB,14.9,2025-11-13 05:18:19,2025-11-13 05:18:19,PIT
17479,firstdown.studio,Week 11,Nico,Collins,WR,14.9,2025-11-13 05:21:09,2025-11-13 05:21:09,HOU
18572,espn.com,Week 12,D'Andre,Swift,RB,14.9,2025-11-20 17:46:24,2025-11-20 18:00:16,CHI
24543,espn.com,Week 13,Travis,Etienne Jr.,RB,14.9,2025-11-26 18:36:55,2025-11-26 18:36:55,JAX
26101,fantasypros.com,Week 14,Tyler,Shough,QB,14.9,2025-12-03 01:54:53,2025-12-03 03:06:17,NO
26118,fantasypros.com,Week 14,Derrick,Henry,RB,14.9,2025-12-03 01:54:53,2025-12-03 03:06:17,BAL
25149,fanduel.com,Week 13,Jacoby,Brissett,QB,14.83,2025-11-26 18:38:36,2025-11-26 18:38:36,ARI
18815,fanduel.com,Week 12,Stefon,Diggs,WR,14.81,2025-11-20 17:52:44,2025-11-20 18:02:18,NE
15246,sleeper.com,Week 10,Davis,Mills,QB,14.8,2025-11-07 00:48:26,2025-11-07 00:48:26,HOU
15247,sleeper.com,Week 10,Jaylen,Waddle,WR,14.8,2025-11-07 00:48:26,2025-11-07 00:48:26,MIA
15658,espn.com,Week 10,D'Andre,Swift,RB,14.8,2025-11-07 00:49:32,2025-11-07 00:49:32,CHI
15867,fantasypros.com,Week 10,Michael,Penix Jr.,QB,14.8,2025-11-07 00:50:27,2025-11-07 00:50:27,ATL
15908,fantasypros.com,Week 10,Jaylen,Warren,RB,14.8,2025-11-07 00:50:27,2025-11-07 00:50:27,PIT
16285,firstdown.studio,Week 10,Zay,Flowers,WR,14.8,2025-11-07 00:50:48,2025-11-07 00:50:48,BAL
17176,fantasypros.com,Week 11,TreVeyon,Henderson,RB,14.8,2025-11-13 05:20:49,2025-11-13 05:20:49,NE
17286,fantasypros.com,Week 11,Jaylen,Waddle,WR,14.8,2025-11-13 05:20:49,2025-11-13 05:20:49,MIA
18157,sleeper.com,Week 12,Tetairoa,McMillan,WR,14.8,2025-11-20 17:45:26,2025-11-20 17:59:20,CAR
18553,espn.com,Week 12,Mason,Rudolph,QB,14.8,2025-11-20 17:46:24,2025-11-20 18:00:16,PIT
18627,espn.com,Week 12,DeVonta,Smith,WR,14.8,2025-11-20 17:46:24,2025-11-20 18:00:16,PHI
18664,espn.com,Week 12,Tyler,Warren,TE,14.8,2025-11-20 17:46:24,2025-11-20 18:00:16,IND
19922,fantasypros.com,Week 12,J.J.,McCarthy,QB,14.8,2025-11-20 18:01:42,2025-11-20 18:01:42,MIN
24518,espn.com,Week 13,Marcus,Mariota,QB,14.8,2025-11-26 18:36:55,2025-11-26 18:36:55,WAS
24818,fantasypros.com,Week 13,Breece,Hall,RB,14.8,2025-11-26 18:38:08,2025-11-26 18:38:08,NYJ
24839,fantasypros.com,Week 13,Nico,Collins,WR,14.8,2025-11-26 18:38:08,2025-11-26 18:38:08,HOU
29590,espn.com,Week 14,Quinshon,Judkins,RB,14.8,2025-12-03 05:22:56,2025-12-03 05:22:56,CLE
25150,fanduel.com,Week 13,Chris,Olave,WR,14.79,2025-11-26 18:38:36,2025-11-26 18:38:36,NO
25151,fanduel.com,Week 13,Nico,Collins,WR,14.79,2025-11-26 18:38:36,2025-11-26 18:38:36,HOU
14764,fanduel.com,Week 10,Dillon,Gabriel,QB,14.78,2025-11-07 00:48:09,2025-11-07 00:48:09,CLE
17646,fanduel.com,Week 11,Stefon,Diggs,WR,14.76,2025-11-13 05:21:22,2025-11-13 05:21:22,NE
26277,fanduel.com,Week 14,Quinshon,Judkins,RB,14.76,2025-12-03 01:55:37,2025-12-03 03:57:34,CLE
15248,sleeper.com,Week 10,Emeka,Egbuka,WR,14.7,2025-11-07 00:48:26,2025-11-07 00:48:26,TB
15249,sleeper.com,Week 10,Nico,Collins,WR,14.7,2025-11-07 00:48:26,2025-11-07 00:48:26,HOU
15250,sleeper.com,Week 10,DeVonta,Smith,WR,14.7,2025-11-07 00:48:26,2025-11-07 00:48:26,PHI
16284,firstdown.studio,Week 10,Davante,Adams,WR,14.7,2025-11-07 00:50:48,2025-11-07 00:51:07,LAR
16290,firstdown.studio,Week 10,Trey,McBride,TE,14.7,2025-11-07 00:50:48,2025-11-07 00:50:48,ARI
16457,sleeper.com,Week 11,Cam,Ward,QB,14.7,2025-11-13 05:18:19,2025-11-13 05:18:19,TEN
16899,espn.com,Week 11,D'Andre,Swift,RB,14.7,2025-11-13 05:19:16,2025-11-13 05:19:16,CHI
16953,espn.com,Week 11,George,Pickens,WR,14.7,2025-11-13 05:19:16,2025-11-13 05:19:16,DAL
17478,firstdown.studio,Week 11,George,Pickens,WR,14.7,2025-11-13 05:21:09,2025-11-13 05:21:09,DAL
18158,sleeper.com,Week 12,Josh,Jacobs,RB,14.7,2025-11-20 17:45:26,2025-11-20 17:59:20,GB
18554,espn.com,Week 12,Baker,Mayfield,QB,14.7,2025-11-20 17:46:24,2025-11-20 18:00:16,TB
26119,fantasypros.com,Week 14,Quinshon,Judkins,RB,14.7,2025-12-03 01:54:53,2025-12-03 03:06:17,CLE
26120,fantasypros.com,Week 14,RJ,Harvey,RB,14.7,2025-12-03 01:54:53,2025-12-03 03:06:17,DEN
18816,fanduel.com,Week 12,J.J.,McCarthy,QB,14.67,2025-11-20 17:52:44,2025-11-20 18:02:18,MIN
14765,fanduel.com,Week 10,Michael,Pittman Jr.,WR,14.65,2025-11-07 00:48:09,2025-11-07 00:48:09,IND
14766,fanduel.com,Week 10,Alvin,Kamara,RB,14.64,2025-11-07 00:48:09,2025-11-07 00:48:09,NO
17647,fanduel.com,Week 11,Ladd,McConkey,WR,14.64,2025-11-13 05:21:22,2025-11-13 05:21:22,LAC
14767,fanduel.com,Week 10,Quinshon,Judkins,RB,14.62,2025-11-07 00:48:09,2025-11-07 00:48:09,CLE
17648,fanduel.com,Week 11,Kyren,Williams,RB,14.62,2025-11-13 05:21:22,2025-11-13 05:26:14,LAR
25152,fanduel.com,Week 13,Tyler,Warren,TE,14.61,2025-11-26 18:38:36,2025-11-26 18:38:36,IND
25153,fanduel.com,Week 13,TreVeyon,Henderson,RB,14.61,2025-11-26 18:38:36,2025-11-26 18:38:36,NE
14768,fanduel.com,Week 10,Bucky,Irving,RB,14.6,2025-11-07 00:48:09,2025-11-07 00:48:09,TB
15707,espn.com,Week 10,Chris,Olave,WR,14.6,2025-11-07 00:49:32,2025-11-07 00:49:32,NO
15909,fantasypros.com,Week 10,Kyren,Williams,RB,14.6,2025-11-07 00:50:27,2025-11-07 00:50:27,LAR
16010,fantasypros.com,Week 10,Ladd,McConkey,WR,14.6,2025-11-07 00:50:27,2025-11-07 00:50:27,LAC
16011,fantasypros.com,Week 10,Zay,Flowers,WR,14.6,2025-11-07 00:50:27,2025-11-07 00:50:27,BAL
16274,firstdown.studio,Week 10,Quinshon,Judkins,RB,14.6,2025-11-07 00:50:48,2025-11-07 00:50:48,CLE
16458,sleeper.com,Week 11,Zay,Flowers,WR,14.6,2025-11-13 05:18:19,2025-11-13 05:18:19,BAL
16900,espn.com,Week 11,Quinshon,Judkins,RB,14.6,2025-11-13 05:19:16,2025-11-13 05:19:16,CLE
16954,espn.com,Week 11,Rome,Odunze,WR,14.6,2025-11-13 05:19:16,2025-11-13 05:19:16,CHI
18159,sleeper.com,Week 12,Nico,Collins,WR,14.6,2025-11-20 17:45:26,2025-11-20 17:59:20,HOU
18160,sleeper.com,Week 12,Cam,Ward,QB,14.6,2025-11-20 17:45:26,2025-11-20 17:59:20,TEN
18573,espn.com,Week 12,Jaylen,Warren,RB,14.6,2025-11-20 17:46:24,2025-11-20 18:00:16,PIT
20085,fantasypros.com,Week 12,Tetairoa,McMillan,WR,14.6,2025-11-20 18:01:42,2025-11-20 18:01:42,CAR
24544,espn.com,Week 13,RJ,Harvey,RB,14.6,2025-11-26 18:36:55,2025-11-26 18:36:55,DEN
24629,espn.com,Week 13,Brock,Bowers,TE,14.6,2025-11-26 18:36:55,2025-11-26 18:36:55,LV
25703,sleeper.com,Week 14,Quinshon,Judkins,RB,14.6,2025-12-03 01:52:43,2025-12-03 01:52:43,CLE
26102,fantasypros.com,Week 14,Marcus,Mariota,QB,14.6,2025-12-03 01:54:53,2025-12-03 03:06:17,WAS
29185,espn.com,Week 14,J.J.,McCarthy,QB,14.6,2025-12-03 04:47:06,2025-12-03 05:22:56,MIN
25154,fanduel.com,Week 13,Emeka,Egbuka,WR,14.56,2025-11-26 18:38:36,2025-11-26 18:38:36,TB
17649,fanduel.com,Week 11,Tua,Tagovailoa,QB,14.55,2025-11-13 05:21:22,2025-11-13 05:21:22,MIA
25155,fanduel.com,Week 13,Justin,Jefferson,WR,14.53,2025-11-26 18:38:36,2025-11-26 18:38:36,MIN
14769,fanduel.com,Week 10,Trevor,Lawrence,QB,14.52,2025-11-07 00:48:09,2025-11-07 00:51:07,JAX
17650,fanduel.com,Week 11,Rico,Dowdle,RB,14.52,2025-11-13 05:21:22,2025-11-13 05:21:22,CAR
26279,fanduel.com,Week 14,Rashee,Rice,WR,14.52,2025-12-03 01:55:37,2025-12-03 03:57:34,KC
15251,sleeper.com,Week 10,Ashton,Jeanty,RB,14.5,2025-11-07 00:48:26,2025-11-07 00:48:26,LV
15252,sleeper.com,Week 10,George,Kittle,TE,14.5,2025-11-07 00:48:26,2025-11-07 00:48:26,SF
15708,espn.com,Week 10,Wan'Dale,Robinson,WR,14.5,2025-11-07 00:49:32,2025-11-07 00:49:32,NYG
15868,fantasypros.com,Week 10,Mac,Jones,QB,14.5,2025-11-07 00:50:27,2025-11-07 00:50:27,SF
16289,firstdown.studio,Week 10,Ladd,McConkey,WR,14.5,2025-11-07 00:50:48,2025-11-07 00:50:48,LAC
16459,sleeper.com,Week 11,Ladd,McConkey,WR,14.5,2025-11-13 05:18:19,2025-11-13 05:18:19,LAC
16901,espn.com,Week 11,Travis,Etienne Jr.,RB,14.5,2025-11-13 05:19:16,2025-11-13 05:19:16,JAX
16955,espn.com,Week 11,Wan'Dale,Robinson,WR,14.5,2025-11-13 05:19:16,2025-11-13 05:19:16,NYG
17119,fantasypros.com,Week 11,Mac,Jones,QB,14.5,2025-11-13 05:20:49,2025-11-13 05:20:49,SF
17287,fantasypros.com,Week 11,Nico,Collins,WR,14.5,2025-11-13 05:20:49,2025-11-13 05:20:49,HOU
17443,firstdown.studio,Week 11,Trevor,Lawrence,QB,14.5,2025-11-13 05:21:09,2025-11-13 05:26:14,JAX
17480,firstdown.studio,Week 11,Emeka,Egbuka,WR,14.5,2025-11-13 05:21:09,2025-11-13 05:21:09,TB
17483,firstdown.studio,Week 11,Ladd,McConkey,WR,14.5,2025-11-13 05:21:09,2025-11-13 05:21:09,LAC
18555,espn.com,Week 12,Bryce,Young,QB,14.5,2025-11-20 17:46:24,2025-11-20 18:00:16,CAR
18574,espn.com,Week 12,Emanuel,Wilson,RB,14.5,2025-11-20 17:46:24,2025-11-20 18:00:16,GB
20086,fantasypros.com,Week 12,DeVonta,Smith,WR,14.5,2025-11-20 18:01:42,2025-11-20 18:01:42,PHI
24077,sleeper.com,Week 13,Chase,Brown,RB,14.5,2025-11-26 18:35:52,2025-11-26 18:35:52,CIN
24763,fantasypros.com,Week 13,Tyler,Shough,QB,14.5,2025-11-26 18:38:08,2025-11-26 18:38:08,NO
24840,fantasypros.com,Week 13,Chris,Olave,WR,14.5,2025-11-26 18:38:08,2025-11-26 18:38:08,NO
26144,fantasypros.com,Week 14,A.J.,Brown,WR,14.5,2025-12-03 01:54:53,2025-12-03 03:06:17,PHI
29591,espn.com,Week 14,Saquon,Barkley,RB,14.5,2025-12-03 05:22:56,2025-12-03 05:22:56,PHI
26280,fanduel.com,Week 14,Derrick,Henry,RB,14.46,2025-12-03 01:55:37,2025-12-03 03:57:34,BAL
26281,fanduel.com,Week 14,Jacoby,Brissett,QB,14.46,2025-12-03 01:55:37,2025-12-03 03:57:34,ARI
25156,fanduel.com,Week 13,Travis,Etienne,RB,14.43,2025-11-26 18:38:36,2025-11-26 18:38:36,JAX
15253,sleeper.com,Week 10,Stefon,Diggs,WR,14.4,2025-11-07 00:48:26,2025-11-07 00:48:26,NE
15254,sleeper.com,Week 10,Wan'Dale,Robinson,WR,14.4,2025-11-07 00:48:26,2025-11-07 00:48:26,NYG
15659,espn.com,Week 10,Breece,Hall,RB,14.4,2025-11-07 00:49:32,2025-11-07 00:49:32,NYJ
15910,fantasypros.com,Week 10,Derrick,Henry,RB,14.4,2025-11-07 00:50:27,2025-11-07 00:50:27,BAL
16254,firstdown.studio,Week 10,Aaron,Rodgers,QB,14.4,2025-11-07 00:50:48,2025-11-07 00:51:07,PIT
17177,fantasypros.com,Week 11,Quinshon,Judkins,RB,14.4,2025-11-13 05:20:49,2025-11-13 05:20:49,CLE
17477,firstdown.studio,Week 11,Chase,Brown,RB,14.4,2025-11-13 05:21:09,2025-11-13 05:21:09,CIN
18161,sleeper.com,Week 12,Woody,Marks,RB,14.4,2025-11-20 17:45:26,2025-11-20 17:59:20,HOU
18575,espn.com,Week 12,TreVeyon,Henderson,RB,14.4,2025-11-20 17:46:24,2025-11-20 18:00:16,NE
19923,fantasypros.com,Week 12,Davis,Mills,QB,14.4,2025-11-20 18:01:42,2025-11-20 18:01:42,HOU
19978,fantasypros.com,Week 12,James,Cook III,RB,14.4,2025-11-20 18:01:42,2025-11-20 18:01:42,BUF
24078,sleeper.com,Week 13,Kyren,Williams,RB,14.4,2025-11-26 18:35:52,2025-11-26 18:35:52,LAR
24590,espn.com,Week 13,Jaylen,Waddle,WR,14.4,2025-11-26 18:36:55,2025-11-26 18:36:55,MIA
24819,fantasypros.com,Week 13,Rico,Dowdle,RB,14.4,2025-11-26 18:38:08,2025-11-26 18:38:08,CAR
25704,sleeper.com,Week 14,Kyren,Williams,RB,14.4,2025-12-03 01:52:43,2025-12-03 01:52:43,LAR
26121,fantasypros.com,Week 14,Javonte,Williams,RB,14.4,2025-12-03 01:54:53,2025-12-03 03:06:17,DAL
17651,fanduel.com,Week 11,George,Pickens,WR,14.39,2025-11-13 05:21:22,2025-11-13 05:21:22,DAL
26282,fanduel.com,Week 14,Devin,Neal,RB,14.39,2025-12-03 01:55:37,2025-12-03 03:57:34,NO
26283,fanduel.com,Week 14,Nico,Collins,WR,14.35,2025-12-03 01:55:37,2025-12-03 03:57:34,HOU
15255,sleeper.com,Week 10,Breece,Hall,RB,14.3,2025-11-07 00:48:26,2025-11-07 00:48:26,NYJ
16255,firstdown.studio,Week 10,Michael,Penix,QB,14.3,2025-11-07 00:50:48,2025-11-07 00:51:07,ATL
16460,sleeper.com,Week 11,Emeka,Egbuka,WR,14.3,2025-11-13 05:18:19,2025-11-13 05:18:19,TB
16461,sleeper.com,Week 11,George,Pickens,WR,14.3,2025-11-13 05:18:19,2025-11-13 05:18:19,DAL
16462,sleeper.com,Week 11,Aaron,Jones,RB,14.3,2025-11-13 05:18:19,2025-11-13 05:18:19,MIN
16902,espn.com,Week 11,Derrick,Henry,RB,14.3,2025-11-13 05:19:16,2025-11-13 05:19:16,BAL
18162,sleeper.com,Week 12,Ashton,Jeanty,RB,14.3,2025-11-20 17:45:26,2025-11-20 17:59:20,LV
19979,fantasypros.com,Week 12,Kyren,Williams,RB,14.3,2025-11-20 18:01:42,2025-11-20 18:01:42,LAR
24079,sleeper.com,Week 13,Travis,Etienne,RB,14.3,2025-11-26 18:35:52,2025-11-26 18:35:52,JAX
24519,espn.com,Week 13,Aaron,Rodgers,QB,14.3,2025-11-26 18:36:55,2025-11-26 18:36:55,PIT
25705,sleeper.com,Week 14,A.J.,Brown,WR,14.3,2025-12-03 01:52:43,2025-12-03 01:52:43,PHI
25706,sleeper.com,Week 14,Breece,Hall,RB,14.3,2025-12-03 01:52:43,2025-12-03 01:52:43,NYJ
29186,espn.com,Week 14,Sam,Darnold,QB,14.3,2025-12-03 04:47:06,2025-12-03 05:22:56,SEA
29592,espn.com,Week 14,Chase,Brown,RB,14.3,2025-12-03 05:22:56,2025-12-03 05:22:56,CIN
18817,fanduel.com,Week 12,George,Kittle,TE,14.28,2025-11-20 17:52:44,2025-11-20 18:02:18,SF
25157,fanduel.com,Week 13,Tetairoa,McMillan,WR,14.28,2025-11-26 18:38:36,2025-11-26 18:38:36,CAR
14770,fanduel.com,Week 10,Trey,McBride,TE,14.26,2025-11-07 00:48:09,2025-11-07 00:48:09,ARI
14771,fanduel.com,Week 10,Omarion,Hampton,RB,14.26,2025-11-07 00:48:09,2025-11-07 00:48:09,LAC
18818,fanduel.com,Week 12,Justin,Jefferson,WR,14.23,2025-11-20 17:52:44,2025-11-20 18:02:18,MIN
18819,fanduel.com,Week 12,Javonte,Williams,RB,14.23,2025-11-20 17:52:44,2025-11-20 18:02:18,DAL
15869,fantasypros.com,Week 10,Bryce,Young,QB,14.2,2025-11-07 00:50:27,2025-11-07 00:50:27,CAR
16903,espn.com,Week 11,Rachaad,White,RB,14.2,2025-11-13 05:19:16,2025-11-13 05:19:16,TB
17288,fantasypros.com,Week 11,Davante,Adams,WR,14.2,2025-11-13 05:20:49,2025-11-13 05:20:49,LAR
17444,firstdown.studio,Week 11,Davis,Mills,QB,14.2,2025-11-13 05:21:09,2025-11-13 05:26:14,HOU
18556,espn.com,Week 12,J.J.,McCarthy,QB,14.2,2025-11-20 17:46:24,2025-11-20 18:00:16,MIN
18576,espn.com,Week 12,Breece,Hall,RB,14.2,2025-11-20 17:46:24,2025-11-20 18:00:16,NYJ
18577,espn.com,Week 12,Javonte,Williams,RB,14.2,2025-11-20 17:46:24,2025-11-20 18:00:16,DAL
18820,fanduel.com,Week 12,Nico,Collins,WR,14.2,2025-11-20 17:52:44,2025-11-20 18:02:18,HOU
19980,fantasypros.com,Week 12,Travis,Etienne Jr.,RB,14.2,2025-11-20 18:01:42,2025-11-20 18:02:59,JAX
20087,fantasypros.com,Week 12,George,Pickens,WR,14.2,2025-11-20 18:01:42,2025-11-20 18:01:42,DAL
20088,fantasypros.com,Week 12,Wan'Dale,Robinson,WR,14.2,2025-11-20 18:01:42,2025-11-20 18:01:42,NYG
24080,sleeper.com,Week 13,Bucky,Irving,RB,14.2,2025-11-26 18:35:52,2025-11-26 18:35:52,TB
24081,sleeper.com,Week 13,Rico,Dowdle,RB,14.2,2025-11-26 18:35:52,2025-11-26 18:35:52,CAR
24082,sleeper.com,Week 13,Breece,Hall,RB,14.2,2025-11-26 18:35:52,2025-11-26 18:35:52,NYJ
24841,fantasypros.com,Week 13,A.J.,Brown,WR,14.2,2025-11-26 18:38:08,2025-11-26 18:38:08,PHI
18821,fanduel.com,Week 12,D'Andre,Swift,RB,14.19,2025-11-20 17:52:44,2025-11-20 18:02:18,CHI
25158,fanduel.com,Week 13,Tyler,Shough,QB,14.18,2025-11-26 18:38:36,2025-11-26 18:38:36,NO
18822,fanduel.com,Week 12,A.J.,Brown,WR,14.14,2025-11-20 17:52:44,2025-11-20 18:02:18,PHI
26284,fanduel.com,Week 14,Tyler,Shough,QB,14.14,2025-12-03 01:55:37,2025-12-03 03:57:34,NO
26286,fanduel.com,Week 14,Zay,Flowers,WR,14.14,2025-12-03 01:55:37,2025-12-03 03:57:34,BAL
25159,fanduel.com,Week 13,Kenneth,Walker III,RB,14.12,2025-11-26 18:38:36,2025-11-26 18:38:36,SEA
15709,espn.com,Week 10,Jaylen,Waddle,WR,14.1,2025-11-07 00:49:32,2025-11-07 00:49:32,MIA
16012,fantasypros.com,Week 10,Michael,Pittman Jr.,WR,14.1,2025-11-07 00:50:27,2025-11-07 00:50:27,IND
16281,firstdown.studio,Week 10,Rachaad,White,RB,14.1,2025-11-07 00:50:48,2025-11-07 00:50:48,TB
16294,firstdown.studio,Week 10,Deebo,Samuel,WR,14.1,2025-11-07 00:50:48,2025-11-07 00:50:48,WAS
16463,sleeper.com,Week 11,George,Kittle,TE,14.1,2025-11-13 05:18:19,2025-11-13 05:18:19,SF
16464,sleeper.com,Week 11,DK,Metcalf,WR,14.1,2025-11-13 05:18:19,2025-11-13 05:18:19,PIT
16904,espn.com,Week 11,Aaron,Jones Sr.,RB,14.1,2025-11-13 05:19:16,2025-11-13 05:19:16,MIN
17652,fanduel.com,Week 11,Jameis,Winston,QB,14.1,2025-11-13 05:21:22,2025-11-13 05:21:22,NYG
19981,fantasypros.com,Week 12,Woody,Marks,RB,14.1,2025-11-20 18:01:42,2025-11-20 18:01:42,HOU
20089,fantasypros.com,Week 12,A.J.,Brown,WR,14.1,2025-11-20 18:01:42,2025-11-20 18:01:42,PHI
24083,sleeper.com,Week 13,Emeka,Egbuka,WR,14.1,2025-11-26 18:35:52,2025-11-26 18:35:52,TB
24591,espn.com,Week 13,Zay,Flowers,WR,14.1,2025-11-26 18:36:55,2025-11-26 18:36:55,BAL
25707,sleeper.com,Week 14,Zay,Flowers,WR,14.1,2025-12-03 01:52:43,2025-12-03 01:52:43,BAL
26103,fantasypros.com,Week 14,C.J.,Stroud,QB,14.1,2025-12-03 01:54:53,2025-12-03 03:06:17,HOU
26122,fantasypros.com,Week 14,Saquon,Barkley,RB,14.1,2025-12-03 01:54:53,2025-12-03 03:06:17,PHI
29593,espn.com,Week 14,Javonte,Williams,RB,14.1,2025-12-03 05:22:56,2025-12-03 05:22:56,DAL
25160,fanduel.com,Week 13,Tyrod,Taylor,QB,14.08,2025-11-26 18:38:36,2025-11-26 18:38:36,NYJ
25161,fanduel.com,Week 13,Kirk,Cousins,QB,14.07,2025-11-26 18:38:36,2025-11-26 18:38:36,ATL
18823,fanduel.com,Week 12,Tyrod,Taylor,QB,14.03,2025-11-20 17:52:44,2025-11-20 18:02:18,NYJ
18824,fanduel.com,Week 12,Jameson,Williams,WR,14.03,2025-11-20 17:52:44,2025-11-20 18:02:18,DET
26287,fanduel.com,Week 14,Travis,Etienne,RB,14.01,2025-12-03 01:55:37,2025-12-03 03:57:34,JAX
14772,fanduel.com,Week 10,Bryce,Young,QB,14.0,2025-11-07 00:48:09,2025-11-07 00:48:09,CAR
15710,espn.com,Week 10,Deebo,Samuel,WR,14.0,2025-11-07 00:49:32,2025-11-07 00:51:07,WAS
15711,espn.com,Week 10,Stefon,Diggs,WR,14.0,2025-11-07 00:49:32,2025-11-07 00:49:32,NE
16013,fantasypros.com,Week 10,Rome,Odunze,WR,14.0,2025-11-07 00:50:27,2025-11-07 00:50:27,CHI
16014,fantasypros.com,Week 10,A.J.,Brown,WR,14.0,2025-11-07 00:50:27,2025-11-07 00:50:27,PHI
16905,espn.com,Week 11,TreVeyon,Henderson,RB,14.0,2025-11-13 05:19:16,2025-11-13 05:19:16,NE
17120,fantasypros.com,Week 11,Michael,Penix Jr.,QB,14.0,2025-11-13 05:20:49,2025-11-13 05:20:49,ATL
17178,fantasypros.com,Week 11,Travis,Etienne Jr.,RB,14.0,2025-11-13 05:20:49,2025-11-13 05:26:13,JAX
17302,fantasypros.com,Week 11,Trey,McBride,TE,14.0,2025-11-13 05:20:49,2025-11-13 05:20:49,ARI
17653,fanduel.com,Week 11,Deebo,Samuel,WR,14.0,2025-11-13 05:21:22,2025-11-13 05:26:13,WAS
18163,sleeper.com,Week 12,Shedeur,Sanders,QB,14.0,2025-11-20 17:45:26,2025-11-20 17:59:20,CLE
18578,espn.com,Week 12,Rhamondre,Stevenson,RB,14.0,2025-11-20 17:46:24,2025-11-20 18:00:16,NE
18628,espn.com,Week 12,Jauan,Jennings,WR,14.0,2025-11-20 17:46:24,2025-11-20 18:00:16,SF
19924,fantasypros.com,Week 12,Mason,Rudolph,QB,14.0,2025-11-20 18:01:42,2025-11-20 18:01:42,PIT
24084,sleeper.com,Week 13,Jaylen,Waddle,WR,14.0,2025-11-26 18:35:52,2025-11-26 18:35:52,MIA
24085,sleeper.com,Week 13,Jaylen,Warren,RB,14.0,2025-11-26 18:35:52,2025-11-26 18:35:52,PIT
24545,espn.com,Week 13,Kyren,Williams,RB,14.0,2025-11-26 18:36:55,2025-11-26 18:36:55,LAR
24592,espn.com,Week 13,Emeka,Egbuka,WR,14.0,2025-11-26 18:36:55,2025-11-26 18:36:55,TB
24593,espn.com,Week 13,Justin,Jefferson,WR,14.0,2025-11-26 18:36:55,2025-11-26 18:36:55,MIN
24630,espn.com,Week 13,George,Kittle,TE,14.0,2025-11-26 18:36:55,2025-11-26 18:36:55,SF
24764,fantasypros.com,Week 13,C.J.,Stroud,QB,14.0,2025-11-26 18:38:08,2025-11-26 18:38:08,HOU
24820,fantasypros.com,Week 13,Javonte,Williams,RB,14.0,2025-11-26 18:38:08,2025-11-26 18:38:08,DAL
24966,fantasypros.com,Week 13,Trey,McBride,TE,14.0,2025-11-26 18:38:08,2025-11-26 18:38:08,ARI
25708,sleeper.com,Week 14,Jaylen,Waddle,WR,14.0,2025-12-03 01:52:43,2025-12-03 01:52:43,MIA
26124,fantasypros.com,Week 14,Jaylen,Warren,RB,14.0,2025-12-03 01:54:53,2025-12-03 03:06:17,PIT
29187,espn.com,Week 14,Tyler,Shough,QB,14.0,2025-12-03 04:47:06,2025-12-03 05:22:56,NO
29221,espn.com,Week 14,Jaylen,Waddle,WR,14.0,2025-12-03 04:47:06,2025-12-03 05:22:56,MIA
26285,fanduel.com,Week 14,Tyler,Warren,TE,13.99,2025-12-03 01:55:37,2025-12-03 03:57:34,IND
25162,fanduel.com,Week 13,Rico,Dowdle,RB,13.98,2025-11-26 18:38:36,2025-11-26 18:38:36,CAR
25163,fanduel.com,Week 13,Tua,Tagovailoa,QB,13.97,2025-11-26 18:38:36,2025-11-26 18:38:36,MIA
14773,fanduel.com,Week 10,J.K.,Dobbins,RB,13.96,2025-11-07 00:48:09,2025-11-07 00:48:09,DEN
14774,fanduel.com,Week 10,Tyler,Warren,TE,13.91,2025-11-07 00:48:09,2025-11-07 00:48:09,IND
15256,sleeper.com,Week 10,Deebo,Samuel,WR,13.9,2025-11-07 00:48:26,2025-11-07 00:48:26,WAS
15660,espn.com,Week 10,David,Montgomery,RB,13.9,2025-11-07 00:49:32,2025-11-07 00:49:32,DET
15661,espn.com,Week 10,Ashton,Jeanty,RB,13.9,2025-11-07 00:49:32,2025-11-07 00:49:32,LV
16015,fantasypros.com,Week 10,Stefon,Diggs,WR,13.9,2025-11-07 00:50:27,2025-11-07 00:50:27,NE
16016,fantasypros.com,Week 10,DeVonta,Smith,WR,13.9,2025-11-07 00:50:27,2025-11-07 00:50:27,PHI
16292,firstdown.studio,Week 10,Jaylen,Waddle,WR,13.9,2025-11-07 00:50:48,2025-11-07 00:50:48,MIA
16465,sleeper.com,Week 11,Woody,Marks,RB,13.9,2025-11-13 05:18:19,2025-11-13 05:18:19,HOU
16466,sleeper.com,Week 11,Travis,Etienne,RB,13.9,2025-11-13 05:18:19,2025-11-13 05:18:19,JAX
16906,espn.com,Week 11,Kyren,Williams,RB,13.9,2025-11-13 05:19:16,2025-11-13 05:19:16,LAR
16907,espn.com,Week 11,Woody,Marks,RB,13.9,2025-11-13 05:19:16,2025-11-13 05:19:16,HOU
16956,espn.com,Week 11,Stefon,Diggs,WR,13.9,2025-11-13 05:19:16,2025-11-13 05:19:16,NE
16957,espn.com,Week 11,Deebo,Samuel,WR,13.9,2025-11-13 05:19:16,2025-11-13 05:26:13,WAS
18579,espn.com,Week 12,Quinshon,Judkins,RB,13.9,2025-11-20 17:46:24,2025-11-20 18:00:16,CLE
24546,espn.com,Week 13,Kenneth,Walker,RB,13.9,2025-11-26 18:36:55,2025-11-26 18:36:55,SEA
24594,espn.com,Week 13,Wan'Dale,Robinson,WR,13.9,2025-11-26 18:36:55,2025-11-26 18:36:55,NYG
25709,sleeper.com,Week 14,Ladd,McConkey,WR,13.9,2025-12-03 01:52:43,2025-12-03 01:52:43,LAC
25710,sleeper.com,Week 14,Cam,Ward,QB,13.9,2025-12-03 01:52:43,2025-12-03 01:52:43,TEN
14775,fanduel.com,Week 10,Deebo,Samuel,WR,13.89,2025-11-07 00:48:09,2025-11-07 00:51:07,WAS
18825,fanduel.com,Week 12,Davis,Mills,QB,13.89,2025-11-20 17:52:44,2025-11-20 18:02:18,HOU
14776,fanduel.com,Week 10,Courtland,Sutton,WR,13.86,2025-11-07 00:48:09,2025-11-07 00:48:09,DEN
15257,sleeper.com,Week 10,Quinshon,Judkins,RB,13.8,2025-11-07 00:48:26,2025-11-07 00:48:26,CLE
15258,sleeper.com,Week 10,Michael,Pittman,WR,13.8,2025-11-07 00:48:26,2025-11-07 00:48:26,IND
15638,espn.com,Week 10,Tua,Tagovailoa,QB,13.8,2025-11-07 00:49:32,2025-11-07 00:49:32,MIA
15870,fantasypros.com,Week 10,Trevor,Lawrence,QB,13.8,2025-11-07 00:50:27,2025-11-07 00:51:07,JAX
15911,fantasypros.com,Week 10,Quinshon,Judkins,RB,13.8,2025-11-07 00:50:27,2025-11-07 00:50:27,CLE
16256,firstdown.studio,Week 10,Trevor,Lawrence,QB,13.8,2025-11-07 00:50:48,2025-11-07 00:51:07,JAX
16276,firstdown.studio,Week 10,Derrick,Henry,RB,13.8,2025-11-07 00:50:48,2025-11-07 00:50:48,BAL
16467,sleeper.com,Week 11,Stefon,Diggs,WR,13.8,2025-11-13 05:18:19,2025-11-13 05:18:19,NE
16908,espn.com,Week 11,Breece,Hall,RB,13.8,2025-11-13 05:19:16,2025-11-13 05:19:16,NYJ
17289,fantasypros.com,Week 11,Ladd,McConkey,WR,13.8,2025-11-13 05:20:49,2025-11-13 05:20:49,LAC
17445,firstdown.studio,Week 11,Jameis,Winston,QB,13.8,2025-11-13 05:21:09,2025-11-13 05:26:14,NYG
17475,firstdown.studio,Week 11,Woody,Marks,RB,13.8,2025-11-13 05:21:09,2025-11-13 05:21:09,HOU
18580,espn.com,Week 12,Kenneth,Walker,RB,13.8,2025-11-20 17:46:24,2025-11-20 18:00:16,SEA
24547,espn.com,Week 13,Jaylen,Warren,RB,13.8,2025-11-26 18:36:55,2025-11-26 18:36:55,PIT
24842,fantasypros.com,Week 13,Tetairoa,McMillan,WR,13.8,2025-11-26 18:38:08,2025-11-26 18:38:08,CAR
29222,espn.com,Week 14,Marvin,Harrison Jr.,WR,13.8,2025-12-03 04:47:06,2025-12-03 05:22:56,ARI
18826,fanduel.com,Week 12,Kirk,Cousins,QB,13.79,2025-11-20 17:52:44,2025-11-20 18:02:18,ATL
17654,fanduel.com,Week 11,Khalil,Shakir,WR,13.78,2025-11-13 05:21:22,2025-11-13 05:21:22,BUF
17655,fanduel.com,Week 11,Jaylen,Waddle,WR,13.77,2025-11-13 05:21:22,2025-11-13 05:21:22,MIA
25164,fanduel.com,Week 13,DeVonta,Smith,WR,13.76,2025-11-26 18:38:36,2025-11-26 18:38:36,PHI
25165,fanduel.com,Week 13,Ladd,McConkey,WR,13.75,2025-11-26 18:38:36,2025-11-26 18:38:36,LAC
17656,fanduel.com,Week 11,Jacory,Croskey-Merritt,RB,13.73,2025-11-13 05:21:22,2025-11-13 05:26:13,WAS
17657,fanduel.com,Week 11,Nico,Collins,WR,13.72,2025-11-13 05:21:22,2025-11-13 05:21:22,HOU
18827,fanduel.com,Week 12,Kenneth,Walker III,RB,13.71,2025-11-20 17:52:44,2025-11-20 18:02:18,SEA
26288,fanduel.com,Week 14,Tua,Tagovailoa,QB,13.71,2025-12-03 01:55:37,2025-12-03 03:57:34,MIA
15259,sleeper.com,Week 10,Ladd,McConkey,WR,13.7,2025-11-07 00:48:26,2025-11-07 00:48:26,LAC
15712,espn.com,Week 10,Rome,Odunze,WR,13.7,2025-11-07 00:49:32,2025-11-07 00:49:32,CHI
15713,espn.com,Week 10,Garrett,Wilson,WR,13.7,2025-11-07 00:49:32,2025-11-07 00:49:32,NYJ
15912,fantasypros.com,Week 10,Ashton,Jeanty,RB,13.7,2025-11-07 00:50:27,2025-11-07 00:50:27,LV
16280,firstdown.studio,Week 10,Kyren,Williams,RB,13.7,2025-11-07 00:50:48,2025-11-07 00:51:07,LAR
16297,firstdown.studio,Week 10,W.,Robinson,WR,13.7,2025-11-07 00:50:48,2025-11-07 00:50:48,NYG
16468,sleeper.com,Week 11,Quinshon,Judkins,RB,13.7,2025-11-13 05:18:19,2025-11-13 05:18:19,CLE
16884,espn.com,Week 11,Jameis,Winston,QB,13.7,2025-11-13 05:19:16,2025-11-13 05:19:16,NYG
17303,fantasypros.com,Week 11,Brock,Bowers,TE,13.7,2025-11-13 05:20:49,2025-11-13 05:20:49,LV
18164,sleeper.com,Week 12,Jameson,Williams,WR,13.7,2025-11-20 17:45:26,2025-11-20 17:59:20,DET
18581,espn.com,Week 12,Alvin,Kamara,RB,13.7,2025-11-20 17:46:24,2025-11-20 18:00:16,NO
18828,fanduel.com,Week 12,Shedeur,Sanders,QB,13.7,2025-11-20 17:52:44,2025-11-20 18:02:18,CLE
24595,espn.com,Week 13,Marvin,Harrison Jr.,WR,13.7,2025-11-26 18:36:55,2025-11-26 18:36:55,ARI
24596,espn.com,Week 13,Courtland,Sutton,WR,13.7,2025-11-26 18:36:55,2025-11-26 18:36:55,DEN
24967,fantasypros.com,Week 13,George,Kittle,TE,13.7,2025-11-26 18:38:08,2025-11-26 18:38:08,SF
25711,sleeper.com,Week 14,Tee,Higgins,WR,13.7,2025-12-03 01:52:43,2025-12-03 01:52:43,CIN
26145,fantasypros.com,Week 14,Ladd,McConkey,WR,13.7,2025-12-03 01:54:53,2025-12-03 03:06:17,LAC
14777,fanduel.com,Week 10,Ladd,McConkey,WR,13.69,2025-11-07 00:48:09,2025-11-07 00:48:09,LAC
25166,fanduel.com,Week 13,Ashton,Jeanty,RB,13.68,2025-11-26 18:38:36,2025-11-26 18:38:36,LV
25167,fanduel.com,Week 13,Stefon,Diggs,WR,13.66,2025-11-26 18:38:36,2025-11-26 18:38:36,NE
14778,fanduel.com,Week 10,Stefon,Diggs,WR,13.65,2025-11-07 00:48:09,2025-11-07 00:48:09,NE
26289,fanduel.com,Week 14,Aaron,Rodgers,QB,13.65,2025-12-03 01:55:37,2025-12-03 03:57:34,PIT
14779,fanduel.com,Week 10,Jacoby,Brissett,QB,13.64,2025-11-07 00:48:09,2025-11-07 00:48:09,ARI
26291,fanduel.com,Week 14,Kirk,Cousins,QB,13.63,2025-12-03 01:55:37,2025-12-03 03:57:34,ATL
17658,fanduel.com,Week 11,Brock,Bowers,TE,13.62,2025-11-13 05:21:22,2025-11-13 05:21:22,LV
15913,fantasypros.com,Week 10,J.K.,Dobbins,RB,13.6,2025-11-07 00:50:27,2025-11-07 00:50:27,DEN
16257,firstdown.studio,Week 10,Tua,Tagovailoa,QB,13.6,2025-11-07 00:50:48,2025-11-07 00:51:07,MIA
16958,espn.com,Week 11,Tee,Higgins,WR,13.6,2025-11-13 05:19:16,2025-11-13 05:19:16,CIN
16990,espn.com,Week 11,George,Kittle,TE,13.6,2025-11-13 05:19:16,2025-11-13 05:19:16,SF
17179,fantasypros.com,Week 11,Derrick,Henry,RB,13.6,2025-11-13 05:20:49,2025-11-13 05:20:49,BAL
18165,sleeper.com,Week 12,Emeka,Egbuka,WR,13.6,2025-11-20 17:45:26,2025-11-20 17:59:20,TB
18166,sleeper.com,Week 12,Quinshon,Judkins,RB,13.6,2025-11-20 17:45:26,2025-11-20 17:59:20,CLE
18582,espn.com,Week 12,Woody,Marks,RB,13.6,2025-11-20 17:46:24,2025-11-20 18:00:16,HOU
18583,espn.com,Week 12,Travis,Etienne Jr.,RB,13.6,2025-11-20 17:46:24,2025-11-20 18:00:16,JAX
18829,fanduel.com,Week 12,George,Pickens,WR,13.6,2025-11-20 17:52:44,2025-11-20 18:02:18,DAL
24086,sleeper.com,Week 13,George,Kittle,TE,13.6,2025-11-26 18:35:52,2025-11-26 18:35:52,SF
24597,espn.com,Week 13,Stefon,Diggs,WR,13.6,2025-11-26 18:36:55,2025-11-26 18:36:55,NE
24821,fantasypros.com,Week 13,Jaylen,Warren,RB,13.6,2025-11-26 18:38:08,2025-11-26 18:38:08,PIT
26104,fantasypros.com,Week 14,Tua,Tagovailoa,QB,13.6,2025-12-03 01:54:53,2025-12-03 03:06:17,MIA
26159,fantasypros.com,Week 14,Brock,Bowers,TE,13.6,2025-12-03 01:54:53,2025-12-03 03:06:17,LV
29223,espn.com,Week 14,Emeka,Egbuka,WR,13.6,2025-12-03 04:47:06,2025-12-03 05:22:56,TB
26292,fanduel.com,Week 14,Bucky,Irving,RB,13.58,2025-12-03 01:55:37,2025-12-03 03:57:34,TB
18830,fanduel.com,Week 12,Khalil,Shakir,WR,13.56,2025-11-20 17:52:44,2025-11-20 18:02:18,BUF
14780,fanduel.com,Week 10,Jaylen,Waddle,WR,13.55,2025-11-07 00:48:09,2025-11-07 00:48:09,MIA
14781,fanduel.com,Week 10,Derrick,Henry,RB,13.55,2025-11-07 00:48:09,2025-11-07 00:48:09,BAL
18831,fanduel.com,Week 12,Geno,Smith,QB,13.52,2025-11-20 17:52:44,2025-11-20 18:02:18,LV
16017,fantasypros.com,Week 10,Courtland,Sutton,WR,13.5,2025-11-07 00:50:27,2025-11-07 00:50:27,DEN
16018,fantasypros.com,Week 10,Chris,Olave,WR,13.5,2025-11-07 00:50:27,2025-11-07 00:50:27,NO
16283,firstdown.studio,Week 10,D'Andre,Swift,RB,13.5,2025-11-07 00:50:48,2025-11-07 00:50:48,CHI
16469,sleeper.com,Week 11,Kyren,Williams,RB,13.5,2025-11-13 05:18:19,2025-11-13 05:18:19,LAR
16885,espn.com,Week 11,Dillon,Gabriel,QB,13.5,2025-11-13 05:19:16,2025-11-13 05:19:16,CLE
16959,espn.com,Week 11,Tetairoa,McMillan,WR,13.5,2025-11-13 05:19:16,2025-11-13 05:19:16,CAR
17121,fantasypros.com,Week 11,Justin,Fields,QB,13.5,2025-11-13 05:20:49,2025-11-13 05:20:49,NYJ
17482,firstdown.studio,Week 11,Aaron,Jones,RB,13.5,2025-11-13 05:21:09,2025-11-13 05:21:09,MIN
18584,espn.com,Week 12,Aaron,Jones Sr.,RB,13.5,2025-11-20 17:46:24,2025-11-20 18:00:16,MIN
19925,fantasypros.com,Week 12,Kirk,Cousins,QB,13.5,2025-11-20 18:01:42,2025-11-20 18:01:42,ATL
19982,fantasypros.com,Week 12,Ashton,Jeanty,RB,13.5,2025-11-20 18:01:42,2025-11-20 18:01:42,LV
20090,fantasypros.com,Week 12,Michael,Pittman Jr.,WR,13.5,2025-11-20 18:01:42,2025-11-20 18:01:42,IND
24520,espn.com,Week 13,Tyler,Shough,QB,13.5,2025-11-26 18:36:55,2025-11-26 18:36:55,NO
24598,espn.com,Week 13,Rome,Odunze,WR,13.5,2025-11-26 18:36:55,2025-11-26 18:36:55,CHI
24765,fantasypros.com,Week 13,Cam,Ward,QB,13.5,2025-11-26 18:38:08,2025-11-26 18:38:08,TEN
25712,sleeper.com,Week 14,DeVonta,Smith,WR,13.5,2025-12-03 01:52:43,2025-12-03 01:52:43,PHI
25713,sleeper.com,Week 14,Justin,Jefferson,WR,13.5,2025-12-03 01:52:43,2025-12-03 01:52:43,MIN
29224,espn.com,Week 14,DeVonta,Smith,WR,13.5,2025-12-03 04:47:06,2025-12-03 05:22:56,PHI
26293,fanduel.com,Week 14,A.J.,Brown,WR,13.49,2025-12-03 01:55:37,2025-12-03 03:57:34,PHI
14782,fanduel.com,Week 10,Romeo,Doubs,WR,13.48,2025-11-07 00:48:09,2025-11-07 00:48:09,GB
14783,fanduel.com,Week 10,Tua,Tagovailoa,QB,13.47,2025-11-07 00:48:09,2025-11-07 00:48:09,MIA
14784,fanduel.com,Week 10,Khalil,Shakir,WR,13.44,2025-11-07 00:48:09,2025-11-07 00:48:09,BUF
26294,fanduel.com,Week 14,David,Montgomery,RB,13.43,2025-12-03 01:55:37,2025-12-03 03:57:34,DET
25168,fanduel.com,Week 13,Brock,Bowers,TE,13.41,2025-11-26 18:38:36,2025-11-26 18:38:36,LV
15871,fantasypros.com,Week 10,Tua,Tagovailoa,QB,13.4,2025-11-07 00:50:27,2025-11-07 00:50:27,MIA
15914,fantasypros.com,Week 10,Breece,Hall,RB,13.4,2025-11-07 00:50:27,2025-11-07 00:50:27,NYJ
16019,fantasypros.com,Week 10,Garrett,Wilson,WR,13.4,2025-11-07 00:50:27,2025-11-07 00:50:27,NYJ
16295,firstdown.studio,Week 10,DeVonta,Smith,WR,13.4,2025-11-07 00:50:48,2025-11-07 00:50:48,PHI
16298,firstdown.studio,Week 10,Chris,Olave,WR,13.4,2025-11-07 00:50:48,2025-11-07 00:50:48,NO
16470,sleeper.com,Week 11,Khalil,Shakir,WR,13.4,2025-11-13 05:18:19,2025-11-13 05:18:19,BUF
16471,sleeper.com,Week 11,Deebo,Samuel,WR,13.4,2025-11-13 05:18:19,2025-11-13 05:18:19,WAS
16472,sleeper.com,Week 11,Tetairoa,McMillan,WR,13.4,2025-11-13 05:18:19,2025-11-13 05:18:19,CAR
16473,sleeper.com,Week 11,Wan'Dale,Robinson,WR,13.4,2025-11-13 05:18:19,2025-11-13 05:18:19,NYG
16960,espn.com,Week 11,Zay,Flowers,WR,13.4,2025-11-13 05:19:16,2025-11-13 05:19:16,BAL
16961,espn.com,Week 11,Jauan,Jennings,WR,13.4,2025-11-13 05:19:16,2025-11-13 05:19:16,SF
17290,fantasypros.com,Week 11,George,Pickens,WR,13.4,2025-11-13 05:20:49,2025-11-13 05:20:49,DAL
17304,fantasypros.com,Week 11,George,Kittle,TE,13.4,2025-11-13 05:20:49,2025-11-13 05:20:49,SF
17488,firstdown.studio,Week 11,Tee,Higgins,WR,13.4,2025-11-13 05:21:09,2025-11-13 05:21:09,CIN
18167,sleeper.com,Week 12,Kyren,Williams,RB,13.4,2025-11-20 17:45:26,2025-11-20 17:59:20,LAR
18629,espn.com,Week 12,Wan'Dale,Robinson,WR,13.4,2025-11-20 17:46:24,2025-11-20 18:00:16,NYG
20091,fantasypros.com,Week 12,Jameson,Williams,WR,13.4,2025-11-20 18:01:42,2025-11-20 18:01:42,DET
24087,sleeper.com,Week 13,Quinshon,Judkins,RB,13.4,2025-11-26 18:35:52,2025-11-26 18:35:52,CLE
24088,sleeper.com,Week 13,Tetairoa,McMillan,WR,13.4,2025-11-26 18:35:52,2025-11-26 18:35:52,CAR
24089,sleeper.com,Week 13,Stefon,Diggs,WR,13.4,2025-11-26 18:35:52,2025-11-26 18:35:52,NE
24843,fantasypros.com,Week 13,Stefon,Diggs,WR,13.4,2025-11-26 18:38:08,2025-11-26 18:38:08,NE
24968,fantasypros.com,Week 13,Brock,Bowers,TE,13.4,2025-11-26 18:38:08,2025-11-26 18:38:08,LV
26146,fantasypros.com,Week 14,Emeka,Egbuka,WR,13.4,2025-12-03 01:54:53,2025-12-03 03:06:17,TB
17659,fanduel.com,Week 11,Dillon,Gabriel,QB,13.38,2025-11-13 05:21:22,2025-11-13 05:21:22,CLE
14785,fanduel.com,Week 10,Tetairoa,McMillan,WR,13.36,2025-11-07 00:48:09,2025-11-07 00:48:09,CAR
15639,espn.com,Week 10,Trevor,Lawrence,QB,13.3,2025-11-07 00:49:32,2025-11-07 00:49:32,JAX
15714,espn.com,Week 10,Marvin,Harrison Jr.,WR,13.3,2025-11-07 00:49:32,2025-11-07 00:49:32,ARI
15715,espn.com,Week 10,Courtland,Sutton,WR,13.3,2025-11-07 00:49:32,2025-11-07 00:49:32,DEN
15716,espn.com,Week 10,DK,Metcalf,WR,13.3,2025-11-07 00:49:32,2025-11-07 00:49:32,PIT
16020,fantasypros.com,Week 10,Wan'Dale,Robinson,WR,13.3,2025-11-07 00:50:27,2025-11-07 00:50:27,NYG
18168,sleeper.com,Week 12,DK,Metcalf,WR,13.3,2025-11-20 17:45:26,2025-11-20 17:59:20,PIT
19983,fantasypros.com,Week 12,Quinshon,Judkins,RB,13.3,2025-11-20 18:01:42,2025-11-20 18:01:42,CLE
19984,fantasypros.com,Week 12,Breece,Hall,RB,13.3,2025-11-20 18:01:42,2025-11-20 18:01:42,NYJ
20092,fantasypros.com,Week 12,Rome,Odunze,WR,13.3,2025-11-20 18:01:42,2025-11-20 18:01:42,CHI
24521,espn.com,Week 13,Cam,Ward,QB,13.3,2025-11-26 18:36:55,2025-11-26 18:36:55,TEN
24599,espn.com,Week 13,Michael,Pittman Jr.,WR,13.3,2025-11-26 18:36:55,2025-11-26 18:36:55,IND
24600,espn.com,Week 13,DK,Metcalf,WR,13.3,2025-11-26 18:36:55,2025-11-26 18:36:55,PIT
24631,espn.com,Week 13,Tyler,Warren,TE,13.3,2025-11-26 18:36:55,2025-11-26 18:36:55,IND
26295,fanduel.com,Week 14,Shedeur,Sanders,QB,13.3,2025-12-03 01:55:37,2025-12-03 03:57:34,CLE
29225,espn.com,Week 14,Tee,Higgins,WR,13.3,2025-12-03 04:47:06,2025-12-03 05:22:56,CIN
17660,fanduel.com,Week 11,C.J.,Stroud,QB,13.28,2025-11-13 05:21:22,2025-11-13 05:21:22,HOU
26296,fanduel.com,Week 14,Khalil,Shakir,WR,13.27,2025-12-03 01:55:37,2025-12-03 03:57:34,BUF
17661,fanduel.com,Week 11,DeVonta,Smith,WR,13.26,2025-11-13 05:21:22,2025-11-13 05:21:22,PHI
17662,fanduel.com,Week 11,Quinshon,Judkins,RB,13.22,2025-11-13 05:21:22,2025-11-13 05:21:22,CLE
14786,fanduel.com,Week 10,Geno,Smith,QB,13.2,2025-11-07 00:48:09,2025-11-07 00:48:09,LV
15640,espn.com,Week 10,Bryce,Young,QB,13.2,2025-11-07 00:49:32,2025-11-07 00:49:32,CAR
15662,espn.com,Week 10,J.K.,Dobbins,RB,13.2,2025-11-07 00:49:32,2025-11-07 00:49:32,DEN
15663,espn.com,Week 10,TreVeyon,Henderson,RB,13.2,2025-11-07 00:49:32,2025-11-07 00:49:32,NE
16021,fantasypros.com,Week 10,Tetairoa,McMillan,WR,13.2,2025-11-07 00:50:27,2025-11-07 00:50:27,CAR
16286,firstdown.studio,Week 10,Breece,Hall,RB,13.2,2025-11-07 00:50:48,2025-11-07 00:50:48,NYJ
16287,firstdown.studio,Week 10,Ashton,Jeanty,RB,13.2,2025-11-07 00:50:48,2025-11-07 00:50:48,LV
16474,sleeper.com,Week 11,Tee,Higgins,WR,13.2,2025-11-13 05:18:19,2025-11-13 05:18:19,CIN
16909,espn.com,Week 11,Chase,Brown,RB,13.2,2025-11-13 05:19:16,2025-11-13 05:19:16,CIN
17180,fantasypros.com,Week 11,Breece,Hall,RB,13.2,2025-11-13 05:20:49,2025-11-13 05:20:49,NYJ
18630,espn.com,Week 12,Zay,Flowers,WR,13.2,2025-11-20 17:46:24,2025-11-20 18:00:16,BAL
24090,sleeper.com,Week 13,Wan'Dale,Robinson,WR,13.2,2025-11-26 18:35:52,2025-11-26 18:35:52,NYG
24601,espn.com,Week 13,Tetairoa,McMillan,WR,13.2,2025-11-26 18:36:55,2025-11-26 18:36:55,CAR
24602,espn.com,Week 13,Ladd,McConkey,WR,13.2,2025-11-26 18:36:55,2025-11-26 18:36:55,LAC
24822,fantasypros.com,Week 13,Josh,Jacobs,RB,13.2,2025-11-26 18:38:08,2025-11-26 18:38:08,GB
29645,espn.com,Week 14,Brock,Bowers,TE,13.2,2025-12-03 05:22:56,2025-12-03 05:22:56,LV
17663,fanduel.com,Week 11,Derrick,Henry,RB,13.16,2025-11-13 05:21:22,2025-11-13 05:21:22,BAL
18832,fanduel.com,Week 12,Brock,Bowers,TE,13.14,2025-11-20 17:52:44,2025-11-20 18:02:18,LV
25169,fanduel.com,Week 13,Khalil,Shakir,WR,13.12,2025-11-26 18:38:36,2025-11-26 18:38:36,BUF
15717,espn.com,Week 10,Jauan,Jennings,WR,13.1,2025-11-07 00:49:32,2025-11-07 00:49:32,SF
15746,espn.com,Week 10,Sam,LaPorta,TE,13.1,2025-11-07 00:49:32,2025-11-07 00:49:32,DET
15872,fantasypros.com,Week 10,Geno,Smith,QB,13.1,2025-11-07 00:50:27,2025-11-07 00:50:27,LV
16288,firstdown.studio,Week 10,Jaylen,Warren,RB,13.1,2025-11-07 00:50:48,2025-11-07 00:50:48,PIT
16296,firstdown.studio,Week 10,Stefon,Diggs,WR,13.1,2025-11-07 00:50:48,2025-11-07 00:50:48,NE
16301,firstdown.studio,Week 10,Nico,Collins,WR,13.1,2025-11-07 00:50:48,2025-11-07 00:50:48,HOU
16475,sleeper.com,Week 11,RJ,Harvey,RB,13.1,2025-11-13 05:18:19,2025-11-13 05:18:19,DEN
17291,fantasypros.com,Week 11,Tee,Higgins,WR,13.1,2025-11-13 05:20:49,2025-11-13 05:20:49,CIN
17305,fantasypros.com,Week 11,Jake,Ferguson,TE,13.1,2025-11-13 05:20:49,2025-11-13 05:20:49,DAL
17446,firstdown.studio,Week 11,Justin,Fields,QB,13.1,2025-11-13 05:21:09,2025-11-13 05:26:14,NYJ
17476,firstdown.studio,Week 11,Quinshon,Judkins,RB,13.1,2025-11-13 05:21:09,2025-11-13 05:21:09,CLE
17494,firstdown.studio,Week 11,W.,Robinson,WR,13.1,2025-11-13 05:21:09,2025-11-13 05:21:09,NYG
18631,espn.com,Week 12,Rome,Odunze,WR,13.1,2025-11-20 17:46:24,2025-11-20 18:00:16,CHI
19985,fantasypros.com,Week 12,D'Andre,Swift,RB,13.1,2025-11-20 18:01:42,2025-11-20 18:01:42,CHI
19986,fantasypros.com,Week 12,Aaron,Jones Sr.,RB,13.1,2025-11-20 18:01:42,2025-11-20 18:01:42,MIN
24548,espn.com,Week 13,Kenneth,Gainwell,RB,13.1,2025-11-26 18:36:55,2025-11-26 18:36:55,PIT
24844,fantasypros.com,Week 13,Ladd,McConkey,WR,13.1,2025-11-26 18:38:08,2025-11-26 18:38:08,LAC
24969,fantasypros.com,Week 13,Travis,Kelce,TE,13.1,2025-11-26 18:38:08,2025-11-26 18:38:08,KC
25714,sleeper.com,Week 14,Jakobi,Meyers,WR,13.1,2025-12-03 01:52:43,2025-12-03 01:52:43,JAX
26105,fantasypros.com,Week 14,Aaron,Rodgers,QB,13.1,2025-12-03 01:54:53,2025-12-03 03:06:17,PIT
26297,fanduel.com,Week 14,Romeo,Doubs,WR,13.1,2025-12-03 01:55:37,2025-12-03 03:57:34,GB
14787,fanduel.com,Week 10,Chris,Olave,WR,13.09,2025-11-07 00:48:09,2025-11-07 00:48:09,NO
18833,fanduel.com,Week 12,Jaylen,Warren,RB,13.09,2025-11-20 17:52:44,2025-11-20 18:02:18,PIT
14788,fanduel.com,Week 10,Tyler,Shough,QB,13.07,2025-11-07 00:48:09,2025-11-07 00:48:09,NO
18834,fanduel.com,Week 12,Michael,Pittman Jr.,WR,13.07,2025-11-20 17:52:44,2025-11-20 18:02:18,IND
25170,fanduel.com,Week 13,Cameron,Ward,QB,13.06,2025-11-26 18:38:36,2025-11-26 18:38:36,TEN
14789,fanduel.com,Week 10,TreVeyon,Henderson,RB,13.05,2025-11-07 00:48:09,2025-11-07 00:48:09,NE
17664,fanduel.com,Week 11,D'Andre,Swift,RB,13.05,2025-11-13 05:21:22,2025-11-13 05:21:22,CHI
17665,fanduel.com,Week 11,Tetairoa,McMillan,WR,13.04,2025-11-13 05:21:22,2025-11-13 05:21:22,CAR
25171,fanduel.com,Week 13,Tyrone,Tracy Jr.,RB,13.04,2025-11-26 18:38:36,2025-11-26 18:38:36,NYG
18835,fanduel.com,Week 12,DeVonta,Smith,WR,13.03,2025-11-20 17:52:44,2025-11-20 18:02:18,PHI
15260,sleeper.com,Week 10,Sam,LaPorta,TE,13.0,2025-11-07 00:48:26,2025-11-07 00:48:26,DET
15261,sleeper.com,Week 10,Courtland,Sutton,WR,13.0,2025-11-07 00:48:26,2025-11-07 00:48:26,DEN
16022,fantasypros.com,Week 10,Marvin,Harrison Jr.,WR,13.0,2025-11-07 00:50:27,2025-11-07 00:50:27,ARI
16302,firstdown.studio,Week 10,Michael,Pittman,WR,13.0,2025-11-07 00:50:48,2025-11-07 00:50:48,IND
17122,fantasypros.com,Week 11,Trevor,Lawrence,QB,13.0,2025-11-13 05:20:49,2025-11-13 05:26:13,JAX
17474,firstdown.studio,Week 11,Derrick,Henry,RB,13.0,2025-11-13 05:21:09,2025-11-13 05:21:09,BAL
17489,firstdown.studio,Week 11,DeVonta,Smith,WR,13.0,2025-11-13 05:21:09,2025-11-13 05:21:09,PHI
17493,firstdown.studio,Week 11,Deebo,Samuel,WR,13.0,2025-11-13 05:21:09,2025-11-13 05:21:09,WAS
18169,sleeper.com,Week 12,Jaylen,Warren,RB,13.0,2025-11-20 17:45:26,2025-11-20 17:59:20,PIT
18585,espn.com,Week 12,David,Montgomery,RB,13.0,2025-11-20 17:46:24,2025-11-20 18:00:16,DET
18632,espn.com,Week 12,Michael,Wilson,WR,13.0,2025-11-20 17:46:24,2025-11-20 18:00:16,ARI
19926,fantasypros.com,Week 12,Tyrod,Taylor,QB,13.0,2025-11-20 18:01:42,2025-11-20 18:01:42,NYJ
20216,fantasypros.com,Week 12,Tyler,Warren,TE,13.0,2025-11-20 18:01:42,2025-11-20 18:01:42,IND
24091,sleeper.com,Week 13,RJ,Harvey,RB,13.0,2025-11-26 18:35:52,2025-11-26 18:35:52,DEN
24766,fantasypros.com,Week 13,Kirk,Cousins,QB,13.0,2025-11-26 18:38:08,2025-11-26 18:38:08,ATL
25715,sleeper.com,Week 14,Khalil,Shakir,WR,13.0,2025-12-03 01:52:43,2025-12-03 01:52:43,BUF
29226,espn.com,Week 14,Rome,Odunze,WR,13.0,2025-12-03 04:47:06,2025-12-03 05:22:56,CHI
17666,fanduel.com,Week 11,Rachaad,White,RB,12.97,2025-11-13 05:21:22,2025-11-13 05:21:22,TB
14790,fanduel.com,Week 10,Marvin,Harrison Jr.,WR,12.93,2025-11-07 00:48:09,2025-11-07 00:48:09,ARI
25172,fanduel.com,Week 13,Quinshon,Judkins,RB,12.91,2025-11-26 18:38:36,2025-11-26 18:38:36,CLE
15262,sleeper.com,Week 10,D'Andre,Swift,RB,12.9,2025-11-07 00:48:26,2025-11-07 00:48:26,CHI
15263,sleeper.com,Week 10,Keenan,Allen,WR,12.9,2025-11-07 00:48:26,2025-11-07 00:48:26,LAC
16258,firstdown.studio,Week 10,Bryce,Young,QB,12.9,2025-11-07 00:50:48,2025-11-07 00:51:07,CAR
16910,espn.com,Week 11,Tyrone,Tracy Jr.,RB,12.9,2025-11-13 05:19:16,2025-11-13 05:19:16,NYG
16962,espn.com,Week 11,Courtland,Sutton,WR,12.9,2025-11-13 05:19:16,2025-11-13 05:19:16,DEN
16963,espn.com,Week 11,Khalil,Shakir,WR,12.9,2025-11-13 05:19:16,2025-11-13 05:19:16,BUF
17481,firstdown.studio,Week 11,Kyren,Williams,RB,12.9,2025-11-13 05:21:09,2025-11-13 05:26:14,LAR
17484,firstdown.studio,Week 11,Travis,Etienne,RB,12.9,2025-11-13 05:21:09,2025-11-13 05:26:13,JAX
17490,firstdown.studio,Week 11,Rome,Odunze,WR,12.9,2025-11-13 05:21:09,2025-11-13 05:21:09,CHI
18170,sleeper.com,Week 12,Travis,Etienne,RB,12.9,2025-11-20 17:45:26,2025-11-20 17:59:20,JAX
18171,sleeper.com,Week 12,Alvin,Kamara,RB,12.9,2025-11-20 17:45:26,2025-11-20 17:59:20,NO
18633,espn.com,Week 12,Jameson,Williams,WR,12.9,2025-11-20 17:46:24,2025-11-20 18:00:16,DET
18836,fanduel.com,Week 12,Jauan,Jennings,WR,12.9,2025-11-20 17:52:44,2025-11-20 18:02:18,SF
20217,fantasypros.com,Week 12,Travis,Kelce,TE,12.9,2025-11-20 18:01:42,2025-11-20 18:01:42,KC
24092,sleeper.com,Week 13,Khalil,Shakir,WR,12.9,2025-11-26 18:35:52,2025-11-26 18:35:52,BUF
24603,espn.com,Week 13,Troy,Franklin,WR,12.9,2025-11-26 18:36:55,2025-11-26 18:36:55,DEN
29646,espn.com,Week 14,Tyler,Warren,TE,12.9,2025-12-03 05:22:56,2025-12-03 05:22:56,IND
14791,fanduel.com,Week 10,DeVonta,Smith,WR,12.89,2025-11-07 00:48:09,2025-11-07 00:48:09,PHI
26300,fanduel.com,Week 14,DeVonta,Smith,WR,12.88,2025-12-03 01:55:37,2025-12-03 03:57:34,PHI
14792,fanduel.com,Week 10,Nico,Collins,WR,12.83,2025-11-07 00:48:09,2025-11-07 00:48:09,HOU
15264,sleeper.com,Week 10,Tyler,Warren,TE,12.8,2025-11-07 00:48:26,2025-11-07 00:48:26,IND
15641,espn.com,Week 10,Dillon,Gabriel,QB,12.8,2025-11-07 00:49:32,2025-11-07 00:49:32,CLE
15664,espn.com,Week 10,Tyrone,Tracy Jr.,RB,12.8,2025-11-07 00:49:32,2025-11-07 00:49:32,NYG
15718,espn.com,Week 10,Romeo,Doubs,WR,12.8,2025-11-07 00:49:32,2025-11-07 00:49:32,GB
15719,espn.com,Week 10,Jordan,Addison,WR,12.8,2025-11-07 00:49:32,2025-11-07 00:49:32,MIN
15915,fantasypros.com,Week 10,Kimani,Vidal,RB,12.8,2025-11-07 00:50:27,2025-11-07 00:50:27,LAC
16299,firstdown.studio,Week 10,Courtland,Sutton,WR,12.8,2025-11-07 00:50:48,2025-11-07 00:50:48,DEN
16476,sleeper.com,Week 11,D'Andre,Swift,RB,12.8,2025-11-13 05:18:19,2025-11-13 05:18:19,CHI
16477,sleeper.com,Week 11,Rome,Odunze,WR,12.8,2025-11-13 05:18:19,2025-11-13 05:18:19,CHI
16911,espn.com,Week 11,Kimani,Vidal,RB,12.8,2025-11-13 05:19:16,2025-11-13 05:19:16,LAC
16964,espn.com,Week 11,Jordan,Addison,WR,12.8,2025-11-13 05:19:16,2025-11-13 05:19:16,MIN
17181,fantasypros.com,Week 11,Aaron,Jones Sr.,RB,12.8,2025-11-13 05:20:49,2025-11-13 05:20:49,MIN
17292,fantasypros.com,Week 11,Rome,Odunze,WR,12.8,2025-11-13 05:20:49,2025-11-13 05:20:49,CHI
17306,fantasypros.com,Week 11,Oronde,Gadsden II,TE,12.8,2025-11-13 05:20:49,2025-11-13 05:20:49,LAC
17492,firstdown.studio,Week 11,Zay,Flowers,WR,12.8,2025-11-13 05:21:09,2025-11-13 05:21:09,BAL
17495,firstdown.studio,Week 11,Stefon,Diggs,WR,12.8,2025-11-13 05:21:09,2025-11-13 05:21:09,NE
17667,fanduel.com,Week 11,Bryce,Young,QB,12.8,2025-11-13 05:21:22,2025-11-13 05:21:22,CAR
18172,sleeper.com,Week 12,Wan'Dale,Robinson,WR,12.8,2025-11-20 17:45:26,2025-11-20 17:59:20,NYG
18634,espn.com,Week 12,DK,Metcalf,WR,12.8,2025-11-20 17:46:24,2025-11-20 18:00:16,PIT
20093,fantasypros.com,Week 12,Zay,Flowers,WR,12.8,2025-11-20 18:01:42,2025-11-20 18:01:42,BAL
24093,sleeper.com,Week 13,Travis,Kelce,TE,12.8,2025-11-26 18:35:52,2025-11-26 18:35:52,KC
24823,fantasypros.com,Week 13,RJ,Harvey,RB,12.8,2025-11-26 18:38:08,2025-11-26 18:38:08,DEN
24845,fantasypros.com,Week 13,DeVonta,Smith,WR,12.8,2025-11-26 18:38:08,2025-11-26 18:38:08,PHI
24970,fantasypros.com,Week 13,Tyler,Warren,TE,12.8,2025-11-26 18:38:08,2025-11-26 18:38:08,IND
25716,sleeper.com,Week 14,Deebo,Samuel,WR,12.8,2025-12-03 01:52:43,2025-12-03 01:52:43,WAS
25717,sleeper.com,Week 14,Terry,McLaurin,WR,12.8,2025-12-03 01:52:43,2025-12-03 01:52:43,WAS
26147,fantasypros.com,Week 14,Zay,Flowers,WR,12.8,2025-12-03 01:54:53,2025-12-03 03:06:17,BAL
26148,fantasypros.com,Week 14,Justin,Jefferson,WR,12.8,2025-12-03 01:54:53,2025-12-03 03:06:17,MIN
29227,espn.com,Week 14,Michael,Pittman Jr.,WR,12.8,2025-12-03 04:47:06,2025-12-03 05:22:56,IND
25173,fanduel.com,Week 13,Omarion,Hampton,RB,12.79,2025-11-26 18:38:36,2025-11-26 18:38:36,LAC
17668,fanduel.com,Week 11,Kimani,Vidal,RB,12.77,2025-11-13 05:21:22,2025-11-13 05:21:22,LAC
17669,fanduel.com,Week 11,D.K.,Metcalf,WR,12.74,2025-11-13 05:21:22,2025-11-13 05:21:22,PIT
26301,fanduel.com,Week 14,Kenneth,Walker III,RB,12.73,2025-12-03 01:55:37,2025-12-03 03:57:34,SEA
25174,fanduel.com,Week 13,Shedeur,Sanders,QB,12.72,2025-11-26 18:38:36,2025-11-26 18:38:36,CLE
26299,fanduel.com,Week 14,Brian,Thomas Jr.,WR,12.72,2025-12-03 01:55:37,2025-12-03 03:57:34,JAX
15265,sleeper.com,Week 10,Kimani,Vidal,RB,12.7,2025-11-07 00:48:26,2025-11-07 00:48:26,LAC
15665,espn.com,Week 10,Travis,Etienne Jr.,RB,12.7,2025-11-07 00:49:32,2025-11-07 00:49:32,JAX
15720,espn.com,Week 10,Khalil,Shakir,WR,12.7,2025-11-07 00:49:32,2025-11-07 00:49:32,BUF
16023,fantasypros.com,Week 10,Deebo,Samuel Sr.,WR,12.7,2025-11-07 00:50:27,2025-11-07 00:50:27,WAS
16024,fantasypros.com,Week 10,DK,Metcalf,WR,12.7,2025-11-07 00:50:27,2025-11-07 00:50:27,PIT
16259,firstdown.studio,Week 10,Davis,Mills,QB,12.7,2025-11-07 00:50:48,2025-11-07 00:51:07,HOU
16260,firstdown.studio,Week 10,Dillon,Gabriel,QB,12.7,2025-11-07 00:50:48,2025-11-07 00:51:07,CLE
18173,sleeper.com,Week 12,Michael,Pittman,WR,12.7,2025-11-20 17:45:26,2025-11-20 17:59:20,IND
25718,sleeper.com,Week 14,Emeka,Egbuka,WR,12.7,2025-12-03 01:52:43,2025-12-03 01:52:43,TB
25719,sleeper.com,Week 14,RJ,Harvey,RB,12.7,2025-12-03 01:52:43,2025-12-03 01:52:43,DEN
26149,fantasypros.com,Week 14,DeVonta,Smith,WR,12.7,2025-12-03 01:54:53,2025-12-03 03:06:17,PHI
26150,fantasypros.com,Week 14,Michael,Pittman Jr.,WR,12.7,2025-12-03 01:54:53,2025-12-03 03:06:17,IND
14793,fanduel.com,Week 10,Davis,Mills,QB,12.69,2025-11-07 00:48:09,2025-11-07 00:48:09,HOU
14794,fanduel.com,Week 10,Jaylen,Warren,RB,12.68,2025-11-07 00:48:09,2025-11-07 00:48:09,PIT
18837,fanduel.com,Week 12,Alec,Pierce,WR,12.68,2025-11-20 17:52:44,2025-11-20 18:02:18,IND
25175,fanduel.com,Week 13,D.K.,Metcalf,WR,12.65,2025-11-26 18:38:36,2025-11-26 18:38:36,PIT
26304,fanduel.com,Week 14,Jordan,Addison,WR,12.65,2025-12-03 01:55:37,2025-12-03 03:57:34,MIN
26305,fanduel.com,Week 14,Woody,Marks,RB,12.63,2025-12-03 01:55:37,2025-12-03 03:57:34,HOU
15266,sleeper.com,Week 10,Tetairoa,McMillan,WR,12.6,2025-11-07 00:48:26,2025-11-07 00:48:26,CAR
15267,sleeper.com,Week 10,DK,Metcalf,WR,12.6,2025-11-07 00:48:26,2025-11-07 00:48:26,PIT
15873,fantasypros.com,Week 10,Davis,Mills,QB,12.6,2025-11-07 00:50:27,2025-11-07 00:50:27,HOU
16965,espn.com,Week 11,Troy,Franklin,WR,12.6,2025-11-13 05:19:16,2025-11-13 05:19:16,DEN
17491,firstdown.studio,Week 11,A.J.,Brown,WR,12.6,2025-11-13 05:21:09,2025-11-13 05:21:09,PHI
18174,sleeper.com,Week 12,D'Andre,Swift,RB,12.6,2025-11-20 17:45:26,2025-11-20 17:59:20,CHI
18557,espn.com,Week 12,Geno,Smith,QB,12.6,2025-11-20 17:46:24,2025-11-20 18:00:16,LV
20094,fantasypros.com,Week 12,Michael,Wilson,WR,12.6,2025-11-20 18:01:42,2025-11-20 18:01:42,ARI
24094,sleeper.com,Week 13,Kenneth,Gainwell,RB,12.6,2025-11-26 18:35:52,2025-11-26 18:35:52,PIT
24095,sleeper.com,Week 13,Michael,Pittman,WR,12.6,2025-11-26 18:35:52,2025-11-26 18:35:52,IND
24522,espn.com,Week 13,Tua,Tagovailoa,QB,12.6,2025-11-26 18:36:55,2025-11-26 18:36:55,MIA
26151,fantasypros.com,Week 14,Terry,McLaurin,WR,12.6,2025-12-03 01:54:53,2025-12-03 03:06:17,WAS
25176,fanduel.com,Week 13,Bryce,Young,QB,12.59,2025-11-26 18:38:36,2025-11-26 18:38:36,CAR
14795,fanduel.com,Week 10,Harold,Fannin Jr.,TE,12.58,2025-11-07 00:48:09,2025-11-07 00:48:09,CLE
17670,fanduel.com,Week 11,Romeo,Doubs,WR,12.58,2025-11-13 05:21:22,2025-11-13 05:21:22,GB
26302,fanduel.com,Week 14,Jaylen,Waddle,WR,12.57,2025-12-03 01:55:37,2025-12-03 03:57:34,MIA
14796,fanduel.com,Week 10,Alec,Pierce,WR,12.54,2025-11-07 00:48:09,2025-11-07 00:48:09,IND
14797,fanduel.com,Week 10,Rome,Odunze,WR,12.54,2025-11-07 00:48:09,2025-11-07 00:48:09,CHI
18838,fanduel.com,Week 12,Alvin,Kamara,RB,12.52,2025-11-20 17:52:44,2025-11-20 18:02:18,NO
26290,fanduel.com,Week 14,Javonte,Williams,RB,12.52,2025-12-03 01:55:37,2025-12-03 03:57:34,DAL
15666,espn.com,Week 10,Kenneth,Walker,RB,12.5,2025-11-07 00:49:32,2025-11-07 00:49:32,SEA
15721,espn.com,Week 10,Keenan,Allen,WR,12.5,2025-11-07 00:49:32,2025-11-07 00:49:32,LAC
15747,espn.com,Week 10,Tyler,Warren,TE,12.5,2025-11-07 00:49:32,2025-11-07 00:49:32,IND
15916,fantasypros.com,Week 10,Travis,Etienne Jr.,RB,12.5,2025-11-07 00:50:27,2025-11-07 00:51:07,JAX
16478,sleeper.com,Week 11,Ricky,Pearsall,WR,12.5,2025-11-13 05:18:19,2025-11-13 05:18:19,SF
16479,sleeper.com,Week 11,Tre,Tucker,WR,12.5,2025-11-13 05:18:19,2025-11-13 05:18:19,LV
16966,espn.com,Week 11,DK,Metcalf,WR,12.5,2025-11-13 05:19:16,2025-11-13 05:19:16,PIT
16967,espn.com,Week 11,Quentin,Johnston,WR,12.5,2025-11-13 05:19:16,2025-11-13 05:19:16,LAC
17123,fantasypros.com,Week 11,Bryce,Young,QB,12.5,2025-11-13 05:20:49,2025-11-13 05:20:49,CAR
17307,fantasypros.com,Week 11,Sam,LaPorta,TE,12.5,2025-11-13 05:20:49,2025-11-13 05:20:49,DET
17486,firstdown.studio,Week 11,Breece,Hall,RB,12.5,2025-11-13 05:21:09,2025-11-13 05:21:09,NYJ
17487,firstdown.studio,Week 11,D'Andre,Swift,RB,12.5,2025-11-13 05:21:09,2025-11-13 05:21:09,CHI
18175,sleeper.com,Week 12,Michael,Wilson,WR,12.5,2025-11-20 17:45:26,2025-11-20 17:59:20,ARI
20095,fantasypros.com,Week 12,DK,Metcalf,WR,12.5,2025-11-20 18:01:42,2025-11-20 18:01:42,PIT
24096,sleeper.com,Week 13,Deebo,Samuel,WR,12.5,2025-11-26 18:35:52,2025-11-26 18:35:52,WAS
24097,sleeper.com,Week 13,Quentin,Johnston,WR,12.5,2025-11-26 18:35:52,2025-11-26 18:35:52,LAC
24098,sleeper.com,Week 13,Courtland,Sutton,WR,12.5,2025-11-26 18:35:52,2025-11-26 18:35:52,DEN
24549,espn.com,Week 13,Aaron,Jones Sr.,RB,12.5,2025-11-26 18:36:55,2025-11-26 18:36:55,MIN
24550,espn.com,Week 13,Quinshon,Judkins,RB,12.5,2025-11-26 18:36:55,2025-11-26 18:36:55,CLE
24551,espn.com,Week 13,Tyrone,Tracy Jr.,RB,12.5,2025-11-26 18:36:55,2025-11-26 18:36:55,NYG
24767,fantasypros.com,Week 13,Aaron,Rodgers,QB,12.5,2025-11-26 18:38:08,2025-11-26 18:38:08,PIT
24971,fantasypros.com,Week 13,Mark,Andrews,TE,12.5,2025-11-26 18:38:08,2025-11-26 18:38:08,BAL
26106,fantasypros.com,Week 14,Shedeur,Sanders,QB,12.5,2025-12-03 01:54:53,2025-12-03 03:06:17,CLE
25177,fanduel.com,Week 13,Jaylen,Waddle,WR,12.49,2025-11-26 18:38:36,2025-11-26 18:38:36,MIA
17671,fanduel.com,Week 11,Cooper,Kupp,WR,12.46,2025-11-13 05:21:22,2025-11-13 05:21:22,SEA
26303,fanduel.com,Week 14,Geno,Smith,QB,12.45,2025-12-03 01:55:37,2025-12-03 03:57:34,LV
15268,sleeper.com,Week 10,Travis,Etienne,RB,12.4,2025-11-07 00:48:26,2025-11-07 00:48:26,JAX
15269,sleeper.com,Week 10,Jordan,Addison,WR,12.4,2025-11-07 00:48:26,2025-11-07 00:48:26,MIN
15642,espn.com,Week 10,Tyler,Shough,QB,12.4,2025-11-07 00:49:32,2025-11-07 00:49:32,NO
15722,espn.com,Week 10,Troy,Franklin,WR,12.4,2025-11-07 00:49:32,2025-11-07 00:49:32,DEN
16025,fantasypros.com,Week 10,Romeo,Doubs,WR,12.4,2025-11-07 00:50:27,2025-11-07 00:50:27,GB
16291,firstdown.studio,Week 10,Kimani,Vidal,RB,12.4,2025-11-07 00:50:48,2025-11-07 00:50:48,LAC
16309,firstdown.studio,Week 10,Garrett,Wilson,WR,12.4,2025-11-07 00:50:48,2025-11-07 00:50:48,NYJ
16480,sleeper.com,Week 11,Courtland,Sutton,WR,12.4,2025-11-13 05:18:19,2025-11-13 05:18:19,DEN
17182,fantasypros.com,Week 11,Kimani,Vidal,RB,12.4,2025-11-13 05:20:49,2025-11-13 05:20:49,LAC
17293,fantasypros.com,Week 11,A.J.,Brown,WR,12.4,2025-11-13 05:20:49,2025-11-13 05:20:49,PHI
18176,sleeper.com,Week 12,Bucky,Irving,RB,12.4,2025-11-20 17:45:26,2025-11-20 17:59:20,TB
18177,sleeper.com,Week 12,Breece,Hall,RB,12.4,2025-11-20 17:45:26,2025-11-20 17:59:20,NYJ
18558,espn.com,Week 12,Kirk,Cousins,QB,12.4,2025-11-20 17:46:24,2025-11-20 18:00:16,ATL
24099,sleeper.com,Week 13,Woody,Marks,RB,12.4,2025-11-26 18:35:52,2025-11-26 18:35:52,HOU
24100,sleeper.com,Week 13,Brian,Thomas,WR,12.4,2025-11-26 18:35:52,2025-11-26 18:35:52,JAX
24101,sleeper.com,Week 13,Justin,Jefferson,WR,12.4,2025-11-26 18:35:52,2025-11-26 18:35:52,MIN
24523,espn.com,Week 13,Kirk,Cousins,QB,12.4,2025-11-26 18:36:55,2025-11-26 18:36:55,ATL
24824,fantasypros.com,Week 13,Bucky,Irving,RB,12.4,2025-11-26 18:38:08,2025-11-26 18:38:08,TB
24846,fantasypros.com,Week 13,Wan'Dale,Robinson,WR,12.4,2025-11-26 18:38:08,2025-11-26 18:38:08,NYG
25720,sleeper.com,Week 14,Brian,Thomas,WR,12.4,2025-12-03 01:52:43,2025-12-03 01:52:43,JAX
26152,fantasypros.com,Week 14,Khalil,Shakir,WR,12.4,2025-12-03 01:54:53,2025-12-03 03:06:17,BUF
26160,fantasypros.com,Week 14,Tyler,Warren,TE,12.4,2025-12-03 01:54:53,2025-12-03 03:06:17,IND
25178,fanduel.com,Week 13,Geno,Smith,QB,12.38,2025-11-26 18:38:36,2025-11-26 18:38:36,LV
17672,fanduel.com,Week 11,Woody,Marks,RB,12.35,2025-11-13 05:21:22,2025-11-13 05:21:22,HOU
18839,fanduel.com,Week 12,Kyle,Pitts,TE,12.34,2025-11-20 17:52:44,2025-11-20 18:02:18,ATL
18840,fanduel.com,Week 12,Tyrone,Tracy Jr.,RB,12.33,2025-11-20 17:52:44,2025-11-20 18:02:18,NYG
17673,fanduel.com,Week 11,Quentin,Johnston,WR,12.31,2025-11-13 05:21:22,2025-11-13 05:21:22,LAC
15270,sleeper.com,Week 10,Khalil,Shakir,WR,12.3,2025-11-07 00:48:26,2025-11-07 00:48:26,BUF
15271,sleeper.com,Week 10,Rome,Odunze,WR,12.3,2025-11-07 00:48:26,2025-11-07 00:48:26,CHI
16026,fantasypros.com,Week 10,DJ,Moore,WR,12.3,2025-11-07 00:50:27,2025-11-07 00:50:27,CHI
16261,firstdown.studio,Week 10,Geno,Smith,QB,12.3,2025-11-07 00:50:48,2025-11-07 00:51:07,LV
16305,firstdown.studio,Week 10,A.J.,Brown,WR,12.3,2025-11-07 00:50:48,2025-11-07 00:50:48,PHI
16481,sleeper.com,Week 11,Sam,LaPorta,TE,12.3,2025-11-13 05:18:19,2025-11-13 05:18:19,DET
16482,sleeper.com,Week 11,Quentin,Johnston,WR,12.3,2025-11-13 05:18:19,2025-11-13 05:18:19,LAC
16483,sleeper.com,Week 11,Breece,Hall,RB,12.3,2025-11-13 05:18:19,2025-11-13 05:18:19,NYJ
16912,espn.com,Week 11,RJ,Harvey,RB,12.3,2025-11-13 05:19:16,2025-11-13 05:19:16,DEN
17500,firstdown.studio,Week 11,Khalil,Shakir,WR,12.3,2025-11-13 05:21:09,2025-11-13 05:21:09,BUF
18635,espn.com,Week 12,Romeo,Doubs,WR,12.3,2025-11-20 17:46:24,2025-11-20 18:00:16,GB
19927,fantasypros.com,Week 12,Geno,Smith,QB,12.3,2025-11-20 18:01:42,2025-11-20 18:01:42,LV
19987,fantasypros.com,Week 12,Kenneth,Walker III,RB,12.3,2025-11-20 18:01:42,2025-11-20 18:01:42,SEA
24552,espn.com,Week 13,Omarion,Hampton,RB,12.3,2025-11-26 18:36:55,2025-11-26 18:36:55,LAC
25721,sleeper.com,Week 14,Woody,Marks,RB,12.3,2025-12-03 01:52:43,2025-12-03 01:52:43,HOU
26153,fantasypros.com,Week 14,Christian,Watson,WR,12.3,2025-12-03 01:54:53,2025-12-03 03:06:17,GB
29228,espn.com,Week 14,Zay,Flowers,WR,12.3,2025-12-03 04:47:06,2025-12-03 05:22:56,BAL
29229,espn.com,Week 14,Ladd,McConkey,WR,12.3,2025-12-03 04:47:06,2025-12-03 05:22:56,LAC
17674,fanduel.com,Week 11,Jauan,Jennings,WR,12.29,2025-11-13 05:21:22,2025-11-13 05:21:22,SF
18841,fanduel.com,Week 12,David,Montgomery,RB,12.27,2025-11-20 17:52:44,2025-11-20 18:02:18,DET
25179,fanduel.com,Week 13,Romeo,Doubs,WR,12.26,2025-11-26 18:38:36,2025-11-26 18:38:36,GB
18842,fanduel.com,Week 12,Michael,Wilson,WR,12.24,2025-11-20 17:52:44,2025-11-20 18:02:18,ARI
14798,fanduel.com,Week 10,Sam,LaPorta,TE,12.21,2025-11-07 00:48:09,2025-11-07 00:48:09,DET
15667,espn.com,Week 10,Alvin,Kamara,RB,12.2,2025-11-07 00:49:32,2025-11-07 00:49:32,NO
15723,espn.com,Week 10,Tetairoa,McMillan,WR,12.2,2025-11-07 00:49:32,2025-11-07 00:49:32,CAR
15917,fantasypros.com,Week 10,TreVeyon,Henderson,RB,12.2,2025-11-07 00:50:27,2025-11-07 00:50:27,NE
16027,fantasypros.com,Week 10,Jordan,Addison,WR,12.2,2025-11-07 00:50:27,2025-11-07 00:50:27,MIN
16163,fantasypros.com,Week 10,Oronde,Gadsden II,TE,12.2,2025-11-07 00:50:27,2025-11-07 00:50:27,LAC
17308,fantasypros.com,Week 11,Dallas,Goedert,TE,12.2,2025-11-13 05:20:49,2025-11-13 05:20:49,PHI
17485,firstdown.studio,Week 11,Kimani,Vidal,RB,12.2,2025-11-13 05:21:09,2025-11-13 05:21:09,LAC
17497,firstdown.studio,Week 11,DK,Metcalf,WR,12.2,2025-11-13 05:21:09,2025-11-13 05:21:09,PIT
18178,sleeper.com,Week 12,Travis,Kelce,TE,12.2,2025-11-20 17:45:26,2025-11-20 17:59:20,KC
18586,espn.com,Week 12,Bucky,Irving,RB,12.2,2025-11-20 17:46:24,2025-11-20 18:00:16,TB
24102,sleeper.com,Week 13,Devin,Neal,RB,12.2,2025-11-26 18:35:52,2025-11-26 18:35:52,NO
24103,sleeper.com,Week 13,Terry,McLaurin,WR,12.2,2025-11-26 18:35:52,2025-11-26 18:35:52,WAS
24604,espn.com,Week 13,Khalil,Shakir,WR,12.2,2025-11-26 18:36:55,2025-11-26 18:36:55,BUF
24605,espn.com,Week 13,Jauan,Jennings,WR,12.2,2025-11-26 18:36:55,2025-11-26 18:36:55,SF
24972,fantasypros.com,Week 13,Jake,Ferguson,TE,12.2,2025-11-26 18:38:08,2025-11-26 18:38:08,DAL
26123,fantasypros.com,Week 14,Travis,Etienne Jr.,RB,12.2,2025-12-03 01:54:53,2025-12-03 03:06:17,JAX
29188,espn.com,Week 14,Aaron,Rodgers,QB,12.2,2025-12-03 04:47:06,2025-12-03 05:22:56,PIT
29230,espn.com,Week 14,DK,Metcalf,WR,12.2,2025-12-03 04:47:06,2025-12-03 05:22:56,PIT
26329,fanduel.com,Week 14,Terry,McLaurin,WR,12.19,2025-12-03 01:55:37,2025-12-03 03:57:34,WAS
25180,fanduel.com,Week 13,George,Kittle,TE,12.18,2025-11-26 18:38:36,2025-11-26 18:38:36,SF
25181,fanduel.com,Week 13,Troy,Franklin,WR,12.18,2025-11-26 18:38:36,2025-11-26 18:38:36,DEN
14799,fanduel.com,Week 10,Troy,Franklin,WR,12.15,2025-11-07 00:48:09,2025-11-07 00:48:09,DEN
14800,fanduel.com,Week 10,D.K.,Metcalf,WR,12.15,2025-11-07 00:48:09,2025-11-07 00:48:09,PIT
26306,fanduel.com,Week 14,Marvin,Harrison Jr.,WR,12.12,2025-12-03 01:55:37,2025-12-03 03:57:34,ARI
15272,sleeper.com,Week 10,Oronde,Gadsden,TE,12.1,2025-11-07 00:48:26,2025-11-07 00:48:26,LAC
15643,espn.com,Week 10,Geno,Smith,QB,12.1,2025-11-07 00:49:32,2025-11-07 00:49:32,LV
15724,espn.com,Week 10,Jameson,Williams,WR,12.1,2025-11-07 00:49:32,2025-11-07 00:49:32,DET
15748,espn.com,Week 10,George,Kittle,TE,12.1,2025-11-07 00:49:32,2025-11-07 00:49:32,SF
16311,firstdown.studio,Week 10,Oronde,Gadsden,TE,12.1,2025-11-07 00:50:48,2025-11-07 00:50:48,LAC
16968,espn.com,Week 11,Romeo,Doubs,WR,12.1,2025-11-13 05:19:16,2025-11-13 05:19:16,GB
16969,espn.com,Week 11,Keenan,Allen,WR,12.1,2025-11-13 05:19:16,2025-11-13 05:19:16,LAC
17294,fantasypros.com,Week 11,DeVonta,Smith,WR,12.1,2025-11-13 05:20:49,2025-11-13 05:20:49,PHI
18179,sleeper.com,Week 12,Tyler,Warren,TE,12.1,2025-11-20 17:45:26,2025-11-20 17:59:20,IND
18180,sleeper.com,Week 12,Kenneth,Gainwell,RB,12.1,2025-11-20 17:45:26,2025-11-20 17:59:20,PIT
24104,sleeper.com,Week 13,Oronde,Gadsden,TE,12.1,2025-11-26 18:35:52,2025-11-26 18:35:52,LAC
24847,fantasypros.com,Week 13,Emeka,Egbuka,WR,12.1,2025-11-26 18:38:08,2025-11-26 18:38:08,TB
25722,sleeper.com,Week 14,Jaylen,Warren,RB,12.1,2025-12-03 01:52:43,2025-12-03 01:52:43,PIT
25723,sleeper.com,Week 14,Courtland,Sutton,WR,12.1,2025-12-03 01:52:43,2025-12-03 01:52:43,DEN
26125,fantasypros.com,Week 14,Ashton,Jeanty,RB,12.1,2025-12-03 01:54:53,2025-12-03 03:06:17,LV
26126,fantasypros.com,Week 14,Kenneth,Walker III,RB,12.1,2025-12-03 01:54:53,2025-12-03 03:06:17,SEA
26307,fanduel.com,Week 14,Omarion,Hampton,RB,12.1,2025-12-03 01:55:37,2025-12-03 03:57:34,LAC
29231,espn.com,Week 14,Khalil,Shakir,WR,12.1,2025-12-03 04:47:06,2025-12-03 05:22:56,BUF
18843,fanduel.com,Week 12,Tyler,Warren,TE,12.07,2025-11-20 17:52:44,2025-11-20 18:02:18,IND
17675,fanduel.com,Week 11,Keenan,Allen,WR,12.03,2025-11-13 05:21:22,2025-11-13 05:21:22,LAC
15273,sleeper.com,Week 10,David,Montgomery,RB,12.0,2025-11-07 00:48:26,2025-11-07 00:48:26,DET
16164,fantasypros.com,Week 10,Tyler,Warren,TE,12.0,2025-11-07 00:50:27,2025-11-07 00:50:27,IND
16308,firstdown.studio,Week 10,Marvin,Harrison,WR,12.0,2025-11-07 00:50:48,2025-11-07 00:50:48,ARI
16312,firstdown.studio,Week 10,Romeo,Doubs,WR,12.0,2025-11-07 00:50:48,2025-11-07 00:50:48,GB
16484,sleeper.com,Week 11,Jordan,Addison,WR,12.0,2025-11-13 05:18:19,2025-11-13 05:18:19,MIN
17124,fantasypros.com,Week 11,Jameis,Winston,QB,12.0,2025-11-13 05:20:49,2025-11-13 05:20:49,NYG
17183,fantasypros.com,Week 11,D'Andre,Swift,RB,12.0,2025-11-13 05:20:49,2025-11-13 05:20:49,CHI
17499,firstdown.studio,Week 11,T.,McMillan,WR,12.0,2025-11-13 05:21:09,2025-11-13 05:21:09,CAR
24105,sleeper.com,Week 13,DK,Metcalf,WR,12.0,2025-11-26 18:35:52,2025-11-26 18:35:52,PIT
24606,espn.com,Week 13,Keenan,Allen,WR,12.0,2025-11-26 18:36:55,2025-11-26 18:36:55,LAC
24632,espn.com,Week 13,Mark,Andrews,TE,12.0,2025-11-26 18:36:55,2025-11-26 18:36:55,BAL
24768,fantasypros.com,Week 13,Bryce,Young,QB,12.0,2025-11-26 18:38:08,2025-11-26 18:38:08,CAR
24825,fantasypros.com,Week 13,Woody,Marks,RB,12.0,2025-11-26 18:38:08,2025-11-26 18:38:08,HOU
26107,fantasypros.com,Week 14,J.J.,McCarthy,QB,12.0,2025-12-03 01:54:53,2025-12-03 03:06:17,MIN
26211,fantasypros.com,Week 14,Denver Broncos,Defense,DST,12.0,2025-12-03 01:54:53,2025-12-03 03:06:17,DEN
29189,espn.com,Week 14,Shedeur,Sanders,QB,12.0,2025-12-03 04:47:06,2025-12-03 05:22:56,CLE
17676,fanduel.com,Week 11,Cameron,Ward,QB,11.97,2025-11-13 05:21:22,2025-11-13 05:21:22,TEN
18844,fanduel.com,Week 12,Travis,Kelce,TE,11.97,2025-11-20 17:52:44,2025-11-20 18:02:18,KC
25182,fanduel.com,Week 13,Javonte,Williams,RB,11.94,2025-11-26 18:38:36,2025-11-26 18:38:36,DAL
14801,fanduel.com,Week 10,Kenneth,Walker III,RB,11.92,2025-11-07 00:48:09,2025-11-07 00:48:09,SEA
25183,fanduel.com,Week 13,David,Montgomery,RB,11.92,2025-11-26 18:38:36,2025-11-26 18:38:36,DET
17677,fanduel.com,Week 11,Tyrone,Tracy Jr.,RB,11.91,2025-11-13 05:21:22,2025-11-13 05:21:22,NYG
17678,fanduel.com,Week 11,Rome,Odunze,WR,11.91,2025-11-13 05:21:22,2025-11-13 05:21:22,CHI
15274,sleeper.com,Week 10,Jauan,Jennings,WR,11.9,2025-11-07 00:48:26,2025-11-07 00:48:26,SF
15275,sleeper.com,Week 10,Marvin,Harrison,WR,11.9,2025-11-07 00:48:26,2025-11-07 00:48:26,ARI
15276,sleeper.com,Week 10,Alvin,Kamara,RB,11.9,2025-11-07 00:48:26,2025-11-07 00:48:26,NO
15725,espn.com,Week 10,DJ,Moore,WR,11.9,2025-11-07 00:49:32,2025-11-07 00:49:32,CHI
16165,fantasypros.com,Week 10,George,Kittle,TE,11.9,2025-11-07 00:50:27,2025-11-07 00:50:27,SF
16970,espn.com,Week 11,Jameson,Williams,WR,11.9,2025-11-13 05:19:16,2025-11-13 05:19:16,DET
16971,espn.com,Week 11,Brian,Thomas Jr.,WR,11.9,2025-11-13 05:19:16,2025-11-13 05:19:16,JAX
17309,fantasypros.com,Week 11,Travis,Kelce,TE,11.9,2025-11-13 05:20:49,2025-11-13 05:20:49,KC
18181,sleeper.com,Week 12,Jauan,Jennings,WR,11.9,2025-11-20 17:45:26,2025-11-20 17:59:20,SF
18636,espn.com,Week 12,Jordan,Addison,WR,11.9,2025-11-20 17:46:24,2025-11-20 18:00:16,MIN
18665,espn.com,Week 12,Travis,Kelce,TE,11.9,2025-11-20 17:46:24,2025-11-20 18:00:16,KC
20096,fantasypros.com,Week 12,Jauan,Jennings,WR,11.9,2025-11-20 18:01:42,2025-11-20 18:01:42,SF
24106,sleeper.com,Week 13,Jameson,Williams,WR,11.9,2025-11-26 18:35:52,2025-11-26 18:35:52,DET
24973,fantasypros.com,Week 13,Oronde,Gadsden II,TE,11.9,2025-11-26 18:38:08,2025-11-26 18:38:08,LAC
25724,sleeper.com,Week 14,DK,Metcalf,WR,11.9,2025-12-03 01:52:43,2025-12-03 01:52:43,PIT
29190,espn.com,Week 14,Tua,Tagovailoa,QB,11.9,2025-12-03 04:47:06,2025-12-03 05:22:56,MIA
29232,espn.com,Week 14,Terry,McLaurin,WR,11.9,2025-12-03 04:47:06,2025-12-03 05:22:56,WAS
17679,fanduel.com,Week 11,Sam,LaPorta,TE,11.89,2025-11-13 05:21:22,2025-11-13 05:21:22,DET
25184,fanduel.com,Week 13,Terry,McLaurin,WR,11.86,2025-11-26 18:38:36,2025-11-26 18:38:36,WAS
18845,fanduel.com,Week 12,Romeo,Doubs,WR,11.85,2025-11-20 17:52:44,2025-11-20 18:02:18,GB
25185,fanduel.com,Week 13,Jameson,Williams,WR,11.85,2025-11-26 18:38:36,2025-11-26 18:38:36,DET
25186,fanduel.com,Week 13,Woody,Marks,RB,11.85,2025-11-26 18:38:36,2025-11-26 18:38:36,HOU
25187,fanduel.com,Week 13,Bucky,Irving,RB,11.85,2025-11-26 18:38:36,2025-11-26 18:38:36,TB
18846,fanduel.com,Week 12,Wan'Dale,Robinson,WR,11.83,2025-11-20 17:52:44,2025-11-20 18:02:18,NYG
14802,fanduel.com,Week 10,Jameson,Williams,WR,11.82,2025-11-07 00:48:09,2025-11-07 00:48:09,DET
15749,espn.com,Week 10,Kyle,Pitts Sr.,TE,11.8,2025-11-07 00:49:32,2025-11-07 00:49:32,ATL
16166,fantasypros.com,Week 10,Sam,LaPorta,TE,11.8,2025-11-07 00:50:27,2025-11-07 00:50:27,DET
16300,firstdown.studio,Week 10,Travis,Etienne,RB,11.8,2025-11-07 00:50:48,2025-11-07 00:51:07,JAX
17680,fanduel.com,Week 11,Jameson,Williams,WR,11.8,2025-11-13 05:21:22,2025-11-13 05:21:22,DET
18182,sleeper.com,Week 12,Khalil,Shakir,WR,11.8,2025-11-20 17:45:26,2025-11-20 17:59:20,BUF
18183,sleeper.com,Week 12,Rome,Odunze,WR,11.8,2025-11-20 17:45:26,2025-11-20 17:59:20,CHI
18847,fanduel.com,Week 12,Woody,Marks,RB,11.8,2025-11-20 17:52:44,2025-11-20 18:02:18,HOU
19988,fantasypros.com,Week 12,Emanuel,Wilson,RB,11.8,2025-11-20 18:01:42,2025-11-20 18:01:42,GB
20097,fantasypros.com,Week 12,Khalil,Shakir,WR,11.8,2025-11-20 18:01:42,2025-11-20 18:01:42,BUF
24524,espn.com,Week 13,Shedeur,Sanders,QB,11.8,2025-11-26 18:36:55,2025-11-26 18:36:55,CLE
24553,espn.com,Week 13,Woody,Marks,RB,11.8,2025-11-26 18:36:55,2025-11-26 18:36:55,HOU
24554,espn.com,Week 13,Bucky,Irving,RB,11.8,2025-11-26 18:36:55,2025-11-26 18:36:55,TB
24607,espn.com,Week 13,Brian,Thomas Jr.,WR,11.8,2025-11-26 18:36:55,2025-11-26 18:36:55,JAX
24608,espn.com,Week 13,Jameson,Williams,WR,11.8,2025-11-26 18:36:55,2025-11-26 18:36:55,DET
25725,sleeper.com,Week 14,Michael,Pittman,WR,11.8,2025-12-03 01:52:43,2025-12-03 01:52:43,IND
29233,espn.com,Week 14,Christian,Watson,WR,11.8,2025-12-03 04:47:06,2025-12-03 05:22:56,GB
29234,espn.com,Week 14,Courtland,Sutton,WR,11.8,2025-12-03 04:47:06,2025-12-03 05:22:56,DEN
14803,fanduel.com,Week 10,Wan'Dale,Robinson,WR,11.79,2025-11-07 00:48:09,2025-11-07 00:48:09,NYG
17681,fanduel.com,Week 11,George,Kittle,TE,11.79,2025-11-13 05:21:22,2025-11-13 05:21:22,SF
14804,fanduel.com,Week 10,Oronde,Gadsden,TE,11.75,2025-11-07 00:48:09,2025-11-07 00:48:09,LAC
17682,fanduel.com,Week 11,Cade,Otton,TE,11.75,2025-11-13 05:21:22,2025-11-13 05:21:22,TB
18848,fanduel.com,Week 12,Rashid,Shaheed,WR,11.74,2025-11-20 17:52:44,2025-11-20 18:02:18,SEA
14805,fanduel.com,Week 10,Garrett,Wilson,WR,11.72,2025-11-07 00:48:09,2025-11-07 00:48:09,NYJ
15668,espn.com,Week 10,Kimani,Vidal,RB,11.7,2025-11-07 00:49:32,2025-11-07 00:49:32,LAC
15726,espn.com,Week 10,Quentin,Johnston,WR,11.7,2025-11-07 00:49:32,2025-11-07 00:49:32,LAC
15918,fantasypros.com,Week 10,Rachaad,White,RB,11.7,2025-11-07 00:50:27,2025-11-07 00:50:27,TB
16028,fantasypros.com,Week 10,Khalil,Shakir,WR,11.7,2025-11-07 00:50:27,2025-11-07 00:50:27,BUF
16029,fantasypros.com,Week 10,Troy,Franklin,WR,11.7,2025-11-07 00:50:27,2025-11-07 00:50:27,DEN
16293,firstdown.studio,Week 10,J.K.,Dobbins,RB,11.7,2025-11-07 00:50:48,2025-11-07 00:50:48,DEN
16313,firstdown.studio,Week 10,Rome,Odunze,WR,11.7,2025-11-07 00:50:48,2025-11-07 00:50:48,CHI
16316,firstdown.studio,Week 10,T.,McMillan,WR,11.7,2025-11-07 00:50:48,2025-11-07 00:50:48,CAR
16319,firstdown.studio,Week 10,Khalil,Shakir,WR,11.7,2025-11-07 00:50:48,2025-11-07 00:50:48,BUF
17295,fantasypros.com,Week 11,Stefon,Diggs,WR,11.7,2025-11-13 05:20:49,2025-11-13 05:20:49,NE
17496,firstdown.studio,Week 11,RJ,Harvey,RB,11.7,2025-11-13 05:21:09,2025-11-13 05:21:09,DEN
18184,sleeper.com,Week 12,Dallas,Goedert,TE,11.7,2025-11-20 17:45:26,2025-11-20 17:59:20,PHI
18185,sleeper.com,Week 12,David,Montgomery,RB,11.7,2025-11-20 17:45:26,2025-11-20 17:59:20,DET
19989,fantasypros.com,Week 12,David,Montgomery,RB,11.7,2025-11-20 18:01:42,2025-11-20 18:01:42,DET
20218,fantasypros.com,Week 12,Hunter,Henry,TE,11.7,2025-11-20 18:01:42,2025-11-20 18:01:42,NE
24107,sleeper.com,Week 13,Omarion,Hampton,RB,11.7,2025-11-26 18:35:52,2025-11-26 18:35:52,LAC
24108,sleeper.com,Week 13,Tyler,Warren,TE,11.7,2025-11-26 18:35:52,2025-11-26 18:35:52,IND
24109,sleeper.com,Week 13,Keenan,Allen,WR,11.7,2025-11-26 18:35:52,2025-11-26 18:35:52,LAC
24555,espn.com,Week 13,Rhamondre,Stevenson,RB,11.7,2025-11-26 18:36:55,2025-11-26 18:36:55,NE
24633,espn.com,Week 13,Travis,Kelce,TE,11.7,2025-11-26 18:36:55,2025-11-26 18:36:55,KC
24848,fantasypros.com,Week 13,Justin,Jefferson,WR,11.7,2025-11-26 18:38:08,2025-11-26 18:38:08,MIN
25726,sleeper.com,Week 14,Jake,Ferguson,TE,11.7,2025-12-03 01:52:43,2025-12-03 01:52:43,DAL
25727,sleeper.com,Week 14,Tyler,Warren,TE,11.7,2025-12-03 01:52:43,2025-12-03 01:52:43,IND
25728,sleeper.com,Week 14,Travis,Etienne,RB,11.7,2025-12-03 01:52:43,2025-12-03 01:52:43,JAX
26154,fantasypros.com,Week 14,Jakobi,Meyers,WR,11.7,2025-12-03 01:54:53,2025-12-03 03:06:17,JAX
29235,espn.com,Week 14,Michael,Wilson,WR,11.7,2025-12-03 04:47:06,2025-12-03 05:22:56,ARI
25188,fanduel.com,Week 13,Travis,Kelce,TE,11.65,2025-11-26 18:38:36,2025-11-26 18:38:36,KC
26310,fanduel.com,Week 14,Christian,Watson,WR,11.64,2025-12-03 01:55:37,2025-12-03 03:57:34,GB
18849,fanduel.com,Week 12,Hunter,Henry,TE,11.63,2025-11-20 17:52:44,2025-11-20 18:02:18,NE
15277,sleeper.com,Week 10,Woody,Marks,RB,11.6,2025-11-07 00:48:26,2025-11-07 00:48:26,HOU
16030,fantasypros.com,Week 10,Jameson,Williams,WR,11.6,2025-11-07 00:50:27,2025-11-07 00:50:27,DET
16886,espn.com,Week 11,Bryce,Young,QB,11.6,2025-11-13 05:19:16,2025-11-13 05:19:16,CAR
17184,fantasypros.com,Week 11,Rachaad,White,RB,11.6,2025-11-13 05:20:49,2025-11-13 05:20:49,TB
17310,fantasypros.com,Week 11,Cade,Otton,TE,11.6,2025-11-13 05:20:49,2025-11-13 05:20:49,TB
17501,firstdown.studio,Week 11,Quentin,Johnston,WR,11.6,2025-11-13 05:21:09,2025-11-13 05:21:09,LAC
17504,firstdown.studio,Week 11,George,Kittle,TE,11.6,2025-11-13 05:21:09,2025-11-13 05:21:09,SF
18186,sleeper.com,Week 12,Kenneth,Walker,RB,11.6,2025-11-20 17:45:26,2025-11-20 17:59:20,SEA
18187,sleeper.com,Week 12,Aaron,Jones,RB,11.6,2025-11-20 17:45:26,2025-11-20 17:59:20,MIN
24609,espn.com,Week 13,Deebo,Samuel,WR,11.6,2025-11-26 18:36:55,2025-11-26 18:36:55,WAS
24826,fantasypros.com,Week 13,Quinshon,Judkins,RB,11.6,2025-11-26 18:38:08,2025-11-26 18:38:08,CLE
24974,fantasypros.com,Week 13,Hunter,Henry,TE,11.6,2025-11-26 18:38:08,2025-11-26 18:38:08,NE
25729,sleeper.com,Week 14,Harold,Fannin,TE,11.6,2025-12-03 01:52:43,2025-12-03 01:52:43,CLE
25730,sleeper.com,Week 14,Devaughn,Vele,WR,11.6,2025-12-03 01:52:43,2025-12-03 01:52:43,NO
26155,fantasypros.com,Week 14,Courtland,Sutton,WR,11.6,2025-12-03 01:54:53,2025-12-03 03:06:17,DEN
26156,fantasypros.com,Week 14,Michael,Wilson,WR,11.6,2025-12-03 01:54:53,2025-12-03 03:06:17,ARI
18850,fanduel.com,Week 12,Rome,Odunze,WR,11.59,2025-11-20 17:52:44,2025-11-20 18:02:18,CHI
14806,fanduel.com,Week 10,Jauan,Jennings,WR,11.58,2025-11-07 00:48:09,2025-11-07 00:48:09,SF
25189,fanduel.com,Week 13,Wan'Dale,Robinson,WR,11.58,2025-11-26 18:38:36,2025-11-26 18:38:36,NYG
26311,fanduel.com,Week 14,Zonovan,Knight,RB,11.53,2025-12-03 01:55:37,2025-12-03 03:57:34,ARI
15727,espn.com,Week 10,Brian,Thomas Jr.,WR,11.5,2025-11-07 00:49:32,2025-11-07 00:49:32,JAX
15750,espn.com,Week 10,Oronde,Gadsden,TE,11.5,2025-11-07 00:49:32,2025-11-07 00:49:32,LAC
15874,fantasypros.com,Week 10,Dillon,Gabriel,QB,11.5,2025-11-07 00:50:27,2025-11-07 00:50:27,CLE
16314,firstdown.studio,Week 10,DK,Metcalf,WR,11.5,2025-11-07 00:50:48,2025-11-07 00:50:48,PIT
16315,firstdown.studio,Week 10,George,Kittle,TE,11.5,2025-11-07 00:50:48,2025-11-07 00:50:48,SF
16485,sleeper.com,Week 11,Brian,Thomas,WR,11.5,2025-11-13 05:18:19,2025-11-13 05:18:19,JAX
16972,espn.com,Week 11,Calvin,Austin,WR,11.5,2025-11-13 05:19:16,2025-11-13 05:19:16,PIT
17125,fantasypros.com,Week 11,Dillon,Gabriel,QB,11.5,2025-11-13 05:20:49,2025-11-13 05:20:49,CLE
17508,firstdown.studio,Week 11,Jake,Ferguson,TE,11.5,2025-11-13 05:21:09,2025-11-13 05:21:09,DAL
18188,sleeper.com,Week 12,Brian,Thomas,WR,11.5,2025-11-20 17:45:26,2025-11-20 17:59:20,JAX
18637,espn.com,Week 12,Khalil,Shakir,WR,11.5,2025-11-20 17:46:24,2025-11-20 18:00:16,BUF
18666,espn.com,Week 12,Hunter,Henry,TE,11.5,2025-11-20 17:46:24,2025-11-20 18:00:16,NE
24110,sleeper.com,Week 13,Kenneth,Walker,RB,11.5,2025-11-26 18:35:52,2025-11-26 18:35:52,SEA
24610,espn.com,Week 13,Michael,Wilson,WR,11.5,2025-11-26 18:36:55,2025-11-26 18:36:55,ARI
24769,fantasypros.com,Week 13,Marcus,Mariota,QB,11.5,2025-11-26 18:38:08,2025-11-26 18:38:08,WAS
25731,sleeper.com,Week 14,Alec,Pierce,WR,11.5,2025-12-03 01:52:43,2025-12-03 01:52:43,IND
25732,sleeper.com,Week 14,Marvin,Harrison,WR,11.5,2025-12-03 01:52:43,2025-12-03 01:52:43,ARI
25733,sleeper.com,Week 14,Kenneth,Gainwell,RB,11.5,2025-12-03 01:52:43,2025-12-03 01:52:43,PIT
26157,fantasypros.com,Week 14,Troy,Franklin,WR,11.5,2025-12-03 01:54:53,2025-12-03 03:06:17,DEN
27133,fantasypros.com,Week 14,Deebo,Samuel Sr.,WR,11.5,2025-12-03 02:17:53,2025-12-03 03:06:17,WAS
25190,fanduel.com,Week 13,Jauan,Jennings,WR,11.44,2025-11-26 18:38:36,2025-11-26 18:38:36,SF
26312,fanduel.com,Week 14,Amon-Ra,St. Brown,WR,11.44,2025-12-03 01:55:37,2025-12-03 03:57:34,DET
26313,fanduel.com,Week 14,Ladd,McConkey,WR,11.44,2025-12-03 01:55:37,2025-12-03 03:57:34,LAC
14807,fanduel.com,Week 10,Chris,Godwin,WR,11.43,2025-11-07 00:48:09,2025-11-07 00:48:09,TB
17683,fanduel.com,Week 11,Hunter,Henry,TE,11.42,2025-11-13 05:21:22,2025-11-13 05:21:22,NE
14808,fanduel.com,Week 10,Tyrone,Tracy Jr.,RB,11.4,2025-11-07 00:48:09,2025-11-07 00:48:09,NYG
15669,espn.com,Week 10,Aaron,Jones Sr.,RB,11.4,2025-11-07 00:49:32,2025-11-07 00:49:32,MIN
15728,espn.com,Week 10,Darius,Slayton,WR,11.4,2025-11-07 00:49:32,2025-11-07 00:49:32,NYG
16031,fantasypros.com,Week 10,Quentin,Johnston,WR,11.4,2025-11-07 00:50:27,2025-11-07 00:50:27,LAC
16307,firstdown.studio,Week 10,Tyrone,Tracy,RB,11.4,2025-11-07 00:50:48,2025-11-07 00:50:48,NYG
16973,espn.com,Week 11,Xavier,Worthy,WR,11.4,2025-11-13 05:19:16,2025-11-13 05:19:16,KC
17296,fantasypros.com,Week 11,Zay,Flowers,WR,11.4,2025-11-13 05:20:49,2025-11-13 05:20:49,BAL
17447,firstdown.studio,Week 11,Dillon,Gabriel,QB,11.4,2025-11-13 05:21:09,2025-11-13 05:26:14,CLE
17502,firstdown.studio,Week 11,Brian,Thomas,WR,11.4,2025-11-13 05:21:09,2025-11-13 05:26:13,JAX
18638,espn.com,Week 12,Alec,Pierce,WR,11.4,2025-11-20 17:46:24,2025-11-20 18:00:16,IND
18639,espn.com,Week 12,Xavier,Worthy,WR,11.4,2025-11-20 17:46:24,2025-11-20 18:00:16,KC
19990,fantasypros.com,Week 12,Alvin,Kamara,RB,11.4,2025-11-20 18:01:42,2025-11-20 18:01:42,NO
24111,sleeper.com,Week 13,Dallas,Goedert,TE,11.4,2025-11-26 18:35:52,2025-11-26 18:35:52,PHI
24556,espn.com,Week 13,D'Andre,Swift,RB,11.4,2025-11-26 18:36:55,2025-11-26 18:36:55,CHI
24634,espn.com,Week 13,Kyle,Pitts Sr.,TE,11.4,2025-11-26 18:36:55,2025-11-26 18:36:55,ATL
24849,fantasypros.com,Week 13,Michael,Wilson,WR,11.4,2025-11-26 18:38:08,2025-11-26 18:38:08,ARI
25734,sleeper.com,Week 14,Kenneth,Walker,RB,11.4,2025-12-03 01:52:43,2025-12-03 01:52:43,SEA
26127,fantasypros.com,Week 14,D'Andre,Swift,RB,11.4,2025-12-03 01:54:53,2025-12-03 03:06:17,CHI
27015,fantasypros.com,Week 14,Cam,Ward,QB,11.4,2025-12-03 02:17:53,2025-12-03 03:06:17,TEN
27134,fantasypros.com,Week 14,Rome,Odunze,WR,11.4,2025-12-03 02:17:53,2025-12-03 03:06:17,CHI
26314,fanduel.com,Week 14,Cameron,Ward,QB,11.36,2025-12-03 01:55:37,2025-12-03 03:57:34,TEN
14809,fanduel.com,Week 10,Jordan,Addison,WR,11.34,2025-11-07 00:48:09,2025-11-07 00:48:09,MIN
25191,fanduel.com,Week 13,Xavier,Worthy,WR,11.34,2025-11-26 18:38:36,2025-11-26 18:38:36,KC
26315,fanduel.com,Week 14,RJ,Harvey,RB,11.33,2025-12-03 01:55:37,2025-12-03 03:57:34,DEN
25192,fanduel.com,Week 13,Zach,Charbonnet,RB,11.31,2025-11-26 18:38:36,2025-11-26 18:38:36,SEA
14810,fanduel.com,Week 10,Jacory,Croskey-Merritt,RB,11.3,2025-11-07 00:48:09,2025-11-07 00:51:07,WAS
15278,sleeper.com,Week 10,Tyrone,Tracy,RB,11.3,2025-11-07 00:48:26,2025-11-07 00:48:26,NYG
15279,sleeper.com,Week 10,J.K.,Dobbins,RB,11.3,2025-11-07 00:48:26,2025-11-07 00:48:26,DEN
16262,firstdown.studio,Week 10,Tyler,Shough,QB,11.3,2025-11-07 00:50:48,2025-11-07 00:51:07,NO
16486,sleeper.com,Week 11,Oronde,Gadsden,TE,11.3,2025-11-13 05:18:19,2025-11-13 05:18:19,LAC
16991,espn.com,Week 11,Sam,LaPorta,TE,11.3,2025-11-13 05:19:16,2025-11-13 05:19:16,DET
17311,fantasypros.com,Week 11,Kyle,Pitts Sr.,TE,11.3,2025-11-13 05:20:49,2025-11-13 05:20:49,ATL
18189,sleeper.com,Week 12,Ricky,Pearsall,WR,11.3,2025-11-20 17:45:26,2025-11-20 17:59:20,SF
18640,espn.com,Week 12,Christian,Watson,WR,11.3,2025-11-20 17:46:24,2025-11-20 18:00:16,GB
18667,espn.com,Week 12,Dallas,Goedert,TE,11.3,2025-11-20 17:46:24,2025-11-20 18:00:16,PHI
24112,sleeper.com,Week 13,Jake,Ferguson,TE,11.3,2025-11-26 18:35:52,2025-11-26 18:35:52,DAL
24113,sleeper.com,Week 13,Xavier,Worthy,WR,11.3,2025-11-26 18:35:52,2025-11-26 18:35:52,KC
24975,fantasypros.com,Week 13,Dallas,Goedert,TE,11.3,2025-11-26 18:38:08,2025-11-26 18:38:08,PHI
25735,sleeper.com,Week 14,Quentin,Johnston,WR,11.3,2025-12-03 01:52:43,2025-12-03 01:52:43,LAC
26316,fanduel.com,Week 14,Jaylen,Warren,RB,11.3,2025-12-03 01:55:37,2025-12-03 03:57:34,PIT
27135,fantasypros.com,Week 14,DK,Metcalf,WR,11.3,2025-12-03 02:17:53,2025-12-03 03:06:17,PIT
27136,fantasypros.com,Week 14,Marvin,Harrison Jr.,WR,11.3,2025-12-03 02:17:53,2025-12-03 03:06:17,ARI
17684,fanduel.com,Week 11,Tee,Higgins,WR,11.28,2025-11-13 05:21:22,2025-11-13 05:21:22,CIN
14811,fanduel.com,Week 10,Dalton,Kincaid,TE,11.27,2025-11-07 00:48:09,2025-11-07 00:48:09,BUF
25193,fanduel.com,Week 13,Courtland,Sutton,WR,11.27,2025-11-26 18:38:36,2025-11-26 18:38:36,DEN
14812,fanduel.com,Week 10,Tre,Tucker,WR,11.26,2025-11-07 00:48:09,2025-11-07 00:48:09,LV
25194,fanduel.com,Week 13,RJ,Harvey,RB,11.23,2025-11-26 18:38:36,2025-11-26 18:38:36,DEN
17685,fanduel.com,Week 11,Wan'Dale,Robinson,WR,11.21,2025-11-13 05:21:22,2025-11-13 05:21:22,NYG
15729,espn.com,Week 10,Josh,Downs,WR,11.2,2025-11-07 00:49:32,2025-11-07 00:49:32,IND
15919,fantasypros.com,Week 10,Kyle,Monangai,RB,11.2,2025-11-07 00:50:27,2025-11-07 00:50:27,CHI
16167,fantasypros.com,Week 10,Dalton,Kincaid,TE,11.2,2025-11-07 00:50:27,2025-11-07 00:50:27,BUF
16306,firstdown.studio,Week 10,T.,Henderson,RB,11.2,2025-11-07 00:50:48,2025-11-07 00:50:48,NE
16318,firstdown.studio,Week 10,DJ,Moore,WR,11.2,2025-11-07 00:50:48,2025-11-07 00:50:48,CHI
16323,firstdown.studio,Week 10,Troy,Franklin,WR,11.2,2025-11-07 00:50:48,2025-11-07 00:50:48,DEN
16487,sleeper.com,Week 11,Jake,Ferguson,TE,11.2,2025-11-13 05:18:19,2025-11-13 05:18:19,DAL
16488,sleeper.com,Week 11,Keenan,Allen,WR,11.2,2025-11-13 05:18:19,2025-11-13 05:18:19,LAC
16913,espn.com,Week 11,Bam,Knight,RB,11.2,2025-11-13 05:19:16,2025-11-13 05:19:16,ARI
17185,fantasypros.com,Week 11,Woody,Marks,RB,11.2,2025-11-13 05:20:49,2025-11-13 05:20:49,HOU
17686,fanduel.com,Week 11,Michael,Wilson,WR,11.2,2025-11-13 05:21:22,2025-11-13 05:21:22,ARI
18641,espn.com,Week 12,Darnell,Mooney,WR,11.2,2025-11-20 17:46:24,2025-11-20 18:00:16,ATL
18642,espn.com,Week 12,Brian,Thomas Jr.,WR,11.2,2025-11-20 17:46:24,2025-11-20 18:00:16,JAX
19928,fantasypros.com,Week 12,Shedeur,Sanders,QB,11.2,2025-11-20 18:01:42,2025-11-20 18:01:42,CLE
19991,fantasypros.com,Week 12,Kareem,Hunt,RB,11.2,2025-11-20 18:01:42,2025-11-20 18:01:42,KC
20098,fantasypros.com,Week 12,Romeo,Doubs,WR,11.2,2025-11-20 18:01:42,2025-11-20 18:01:42,GB
20219,fantasypros.com,Week 12,Dallas,Goedert,TE,11.2,2025-11-20 18:01:42,2025-11-20 18:01:42,PHI
24525,espn.com,Week 13,Geno,Smith,QB,11.2,2025-11-26 18:36:55,2025-11-26 18:36:55,LV
24635,espn.com,Week 13,Hunter,Henry,TE,11.2,2025-11-26 18:36:55,2025-11-26 18:36:55,NE
24827,fantasypros.com,Week 13,Kenneth,Walker III,RB,11.2,2025-11-26 18:38:08,2025-11-26 18:38:08,SEA
25736,sleeper.com,Week 14,Travis,Kelce,TE,11.2,2025-12-03 01:52:43,2025-12-03 01:52:43,KC
27137,fantasypros.com,Week 14,Chris,Godwin Jr.,WR,11.2,2025-12-03 02:17:53,2025-12-03 03:06:17,TB
29236,espn.com,Week 14,Deebo,Samuel,WR,11.2,2025-12-03 04:47:06,2025-12-03 05:22:56,WAS
18851,fanduel.com,Week 12,Rachaad,White,RB,11.16,2025-11-20 17:52:44,2025-11-20 18:02:18,TB
26317,fanduel.com,Week 14,Chris,Godwin,WR,11.16,2025-12-03 01:55:37,2025-12-03 03:57:34,TB
26318,fanduel.com,Week 14,Kenneth,Gainwell,RB,11.15,2025-12-03 01:55:37,2025-12-03 03:57:34,PIT
17687,fanduel.com,Week 11,Jordan,Addison,WR,11.13,2025-11-13 05:21:22,2025-11-13 05:21:22,MIN
15280,sleeper.com,Week 10,Dallas,Goedert,TE,11.1,2025-11-07 00:48:26,2025-11-07 00:48:26,PHI
15670,espn.com,Week 10,Kyle,Monangai,RB,11.1,2025-11-07 00:49:32,2025-11-07 00:49:32,CHI
16168,fantasypros.com,Week 10,Dallas,Goedert,TE,11.1,2025-11-07 00:50:27,2025-11-07 00:50:27,PHI
16303,firstdown.studio,Week 10,David,Montgomery,RB,11.1,2025-11-07 00:50:48,2025-11-07 00:50:48,DET
16321,firstdown.studio,Week 10,Sam,LaPorta,TE,11.1,2025-11-07 00:50:48,2025-11-07 00:50:48,DET
16325,firstdown.studio,Week 10,Cade,Otton,TE,11.1,2025-11-07 00:50:48,2025-11-07 00:50:48,TB
16992,espn.com,Week 11,Dallas,Goedert,TE,11.1,2025-11-13 05:19:16,2025-11-13 05:19:16,PHI
17448,firstdown.studio,Week 11,Bryce,Young,QB,11.1,2025-11-13 05:21:09,2025-11-13 05:26:14,CAR
17506,firstdown.studio,Week 11,Jauan,Jennings,WR,11.1,2025-11-13 05:21:09,2025-11-13 05:21:09,SF
17507,firstdown.studio,Week 11,Courtland,Sutton,WR,11.1,2025-11-13 05:21:09,2025-11-13 05:21:09,DEN
18587,espn.com,Week 12,Tyrone,Tracy Jr.,RB,11.1,2025-11-20 17:46:24,2025-11-20 18:00:16,NYG
18588,espn.com,Week 12,Trey,Benson,RB,11.1,2025-11-20 17:46:24,2025-11-20 18:00:16,ARI
24114,sleeper.com,Week 13,Jauan,Jennings,WR,11.1,2025-11-26 18:35:52,2025-11-26 18:35:52,SF
24115,sleeper.com,Week 13,Greg,Dortch,WR,11.1,2025-11-26 18:35:52,2025-11-26 18:35:52,ARI
24557,espn.com,Week 13,Devin,Neal,RB,11.1,2025-11-26 18:36:55,2025-11-26 18:36:55,NO
25195,fanduel.com,Week 13,Jaylen,Warren,RB,11.1,2025-11-26 18:38:36,2025-11-26 18:38:36,PIT
25737,sleeper.com,Week 14,Oronde,Gadsden,TE,11.1,2025-12-03 01:52:43,2025-12-03 01:52:43,LAC
18852,fanduel.com,Week 12,Xavier,Worthy,WR,11.09,2025-11-20 17:52:44,2025-11-20 18:02:18,KC
14813,fanduel.com,Week 10,Woody,Marks,RB,11.08,2025-11-07 00:48:09,2025-11-07 00:48:09,HOU
17688,fanduel.com,Week 11,Kenneth,Walker III,RB,11.06,2025-11-13 05:21:22,2025-11-13 05:21:22,SEA
17689,fanduel.com,Week 11,Courtland,Sutton,WR,11.06,2025-11-13 05:21:22,2025-11-13 05:21:22,DEN
18853,fanduel.com,Week 12,Jordan,Addison,WR,11.06,2025-11-20 17:52:44,2025-11-20 18:02:18,MIN
26319,fanduel.com,Week 14,D'Andre,Swift,RB,11.06,2025-12-03 01:55:37,2025-12-03 03:57:34,CHI
18854,fanduel.com,Week 12,D.K.,Metcalf,WR,11.05,2025-11-20 17:52:44,2025-11-20 18:02:18,PIT
25196,fanduel.com,Week 13,Jordan,Addison,WR,11.04,2025-11-26 18:38:36,2025-11-26 18:38:36,MIN
18855,fanduel.com,Week 12,Cameron,Ward,QB,11.02,2025-11-20 17:52:44,2025-11-20 18:02:18,TEN
15281,sleeper.com,Week 10,Rhamondre,Stevenson,RB,11.0,2025-11-07 00:48:26,2025-11-07 00:48:26,NE
15282,sleeper.com,Week 10,Romeo,Doubs,WR,11.0,2025-11-07 00:48:26,2025-11-07 00:48:26,GB
16310,firstdown.studio,Week 10,Aaron,Jones,RB,11.0,2025-11-07 00:50:48,2025-11-07 00:50:48,MIN
16322,firstdown.studio,Week 10,Tyler,Warren,TE,11.0,2025-11-07 00:50:48,2025-11-07 00:50:48,IND
16327,firstdown.studio,Week 10,Keenan,Allen,WR,11.0,2025-11-07 00:50:48,2025-11-07 00:50:48,LAC
16489,sleeper.com,Week 11,Romeo,Doubs,WR,11.0,2025-11-13 05:18:19,2025-11-13 05:18:19,GB
16490,sleeper.com,Week 11,Travis,Kelce,TE,11.0,2025-11-13 05:18:19,2025-11-13 05:18:19,KC
16974,espn.com,Week 11,Tre,Tucker,WR,11.0,2025-11-13 05:19:16,2025-11-13 05:19:16,LV
17126,fantasypros.com,Week 11,Cam,Ward,QB,11.0,2025-11-13 05:20:49,2025-11-13 05:20:49,TEN
17297,fantasypros.com,Week 11,DK,Metcalf,WR,11.0,2025-11-13 05:20:49,2025-11-13 05:20:49,PIT
17312,fantasypros.com,Week 11,Dalton,Schultz,TE,11.0,2025-11-13 05:20:49,2025-11-13 05:20:49,HOU
17510,firstdown.studio,Week 11,Cade,Otton,TE,11.0,2025-11-13 05:21:09,2025-11-13 05:21:09,TB
18190,sleeper.com,Week 12,Zach,Charbonnet,RB,11.0,2025-11-20 17:45:26,2025-11-20 17:59:20,SEA
19992,fantasypros.com,Week 12,Jaylen,Warren,RB,11.0,2025-11-20 18:01:42,2025-11-20 18:01:42,PIT
24116,sleeper.com,Week 13,D'Andre,Swift,RB,11.0,2025-11-26 18:35:52,2025-11-26 18:35:52,CHI
24611,espn.com,Week 13,Terry,McLaurin,WR,11.0,2025-11-26 18:36:55,2025-11-26 18:36:55,WAS
24612,espn.com,Week 13,Xavier,Worthy,WR,11.0,2025-11-26 18:36:55,2025-11-26 18:36:55,KC
24770,fantasypros.com,Week 13,Shedeur,Sanders,QB,11.0,2025-11-26 18:38:08,2025-11-26 18:38:08,CLE
24850,fantasypros.com,Week 13,Zay,Flowers,WR,11.0,2025-11-26 18:38:08,2025-11-26 18:38:08,BAL
24976,fantasypros.com,Week 13,Kyle,Pitts Sr.,TE,11.0,2025-11-26 18:38:08,2025-11-26 18:38:08,ATL
25738,sleeper.com,Week 14,John,Metchie,WR,11.0,2025-12-03 01:52:43,2025-12-03 01:52:43,NYJ
25739,sleeper.com,Week 14,Christian,Watson,WR,11.0,2025-12-03 01:52:43,2025-12-03 01:52:43,GB
25740,sleeper.com,Week 14,Chris,Rodriguez,RB,11.0,2025-12-03 01:52:43,2025-12-03 01:52:43,WAS
25741,sleeper.com,Week 14,David,Montgomery,RB,11.0,2025-12-03 01:52:43,2025-12-03 01:52:43,DET
26320,fanduel.com,Week 14,D.K.,Metcalf,WR,11.0,2025-12-03 01:55:37,2025-12-03 03:57:34,PIT
29237,espn.com,Week 14,Keenan,Allen,WR,11.0,2025-12-03 04:47:06,2025-12-03 05:22:56,LAC
29238,espn.com,Week 14,Chris,Godwin Jr.,WR,11.0,2025-12-03 04:47:06,2025-12-03 05:22:56,TB
29647,espn.com,Week 14,Jake,Ferguson,TE,11.0,2025-12-03 05:22:56,2025-12-03 05:22:56,DAL
14814,fanduel.com,Week 10,Quentin,Johnston,WR,10.95,2025-11-07 00:48:09,2025-11-07 00:48:09,LAC
18856,fanduel.com,Week 12,Mark,Andrews,TE,10.94,2025-11-20 17:52:44,2025-11-20 18:02:18,BAL
14815,fanduel.com,Week 10,Rashid,Shaheed,WR,10.9,2025-11-07 00:48:09,2025-11-07 00:48:09,SEA
15283,sleeper.com,Week 10,Tre,Tucker,WR,10.9,2025-11-07 00:48:26,2025-11-07 00:48:26,LV
15284,sleeper.com,Week 10,Quentin,Johnston,WR,10.9,2025-11-07 00:48:26,2025-11-07 00:48:26,LAC
15730,espn.com,Week 10,Rashid,Shaheed,WR,10.9,2025-11-07 00:49:32,2025-11-07 00:49:32,SEA
16169,fantasypros.com,Week 10,Kyle,Pitts Sr.,TE,10.9,2025-11-07 00:50:27,2025-11-07 00:50:27,ATL
16330,firstdown.studio,Week 10,Kyle,Pitts,TE,10.9,2025-11-07 00:50:48,2025-11-07 00:50:48,ATL
16491,sleeper.com,Week 11,Brandon,Aubrey,K,10.9,2025-11-13 05:18:19,2025-11-13 05:18:19,DAL
16492,sleeper.com,Week 11,Jameson,Williams,WR,10.9,2025-11-13 05:18:19,2025-11-13 05:18:19,DET
16914,espn.com,Week 11,Kareem,Hunt,RB,10.9,2025-11-13 05:19:16,2025-11-13 05:19:16,KC
17498,firstdown.studio,Week 11,Tyrone,Tracy,RB,10.9,2025-11-13 05:21:09,2025-11-13 05:21:09,NYG
17505,firstdown.studio,Week 11,Tre,Tucker,WR,10.9,2025-11-13 05:21:09,2025-11-13 05:21:09,LV
17514,firstdown.studio,Week 11,Kyle,Pitts,TE,10.9,2025-11-13 05:21:09,2025-11-13 05:21:09,ATL
18191,sleeper.com,Week 12,Kyle,Pitts,TE,10.9,2025-11-20 17:45:26,2025-11-20 17:59:20,ATL
18192,sleeper.com,Week 12,Alec,Pierce,WR,10.9,2025-11-20 17:45:26,2025-11-20 17:59:20,IND
18193,sleeper.com,Week 12,Juwan,Johnson,TE,10.9,2025-11-20 17:45:26,2025-11-20 17:59:20,NO
18668,espn.com,Week 12,Kyle,Pitts Sr.,TE,10.9,2025-11-20 17:46:24,2025-11-20 18:00:16,ATL
20099,fantasypros.com,Week 12,Alec,Pierce,WR,10.9,2025-11-20 18:01:42,2025-11-20 18:01:42,IND
24117,sleeper.com,Week 13,Rome,Odunze,WR,10.9,2025-11-26 18:35:52,2025-11-26 18:35:52,CHI
24118,sleeper.com,Week 13,Trey,Benson,RB,10.9,2025-11-26 18:35:52,2025-11-26 18:35:52,ARI
24613,espn.com,Week 13,Christian,Watson,WR,10.9,2025-11-26 18:36:55,2025-11-26 18:36:55,GB
24636,espn.com,Week 13,Jake,Ferguson,TE,10.9,2025-11-26 18:36:55,2025-11-26 18:36:55,DAL
25742,sleeper.com,Week 14,D'Andre,Swift,RB,10.9,2025-12-03 01:52:43,2025-12-03 01:52:43,CHI
25743,sleeper.com,Week 14,Keenan,Allen,WR,10.9,2025-12-03 01:52:43,2025-12-03 01:52:43,LAC
25744,sleeper.com,Week 14,Juwan,Johnson,TE,10.9,2025-12-03 01:52:43,2025-12-03 01:52:43,NO
29191,espn.com,Week 14,Cam,Ward,QB,10.9,2025-12-03 04:47:06,2025-12-03 05:22:56,TEN
29239,espn.com,Week 14,Brian,Thomas Jr.,WR,10.9,2025-12-03 04:47:06,2025-12-03 05:22:56,JAX
29240,espn.com,Week 14,Jakobi,Meyers,WR,10.9,2025-12-03 04:47:06,2025-12-03 05:22:56,JAX
14816,fanduel.com,Week 10,Keenan,Allen,WR,10.88,2025-11-07 00:48:09,2025-11-07 00:48:09,LAC
17690,fanduel.com,Week 11,Tre,Tucker,WR,10.86,2025-11-13 05:21:22,2025-11-13 05:21:22,LV
14817,fanduel.com,Week 10,Kenneth,Gainwell,RB,10.84,2025-11-07 00:48:09,2025-11-07 00:48:09,PIT
17691,fanduel.com,Week 11,Jakobi,Meyers,WR,10.84,2025-11-13 05:21:22,2025-11-13 05:26:13,JAX
26321,fanduel.com,Week 14,Kyle,Pitts,TE,10.83,2025-12-03 01:55:37,2025-12-03 03:57:34,ATL
15751,espn.com,Week 10,Dallas,Goedert,TE,10.8,2025-11-07 00:49:32,2025-11-07 00:49:32,PHI
15920,fantasypros.com,Week 10,Kenneth,Walker III,RB,10.8,2025-11-07 00:50:27,2025-11-07 00:50:27,SEA
16032,fantasypros.com,Week 10,Keenan,Allen,WR,10.8,2025-11-07 00:50:27,2025-11-07 00:50:27,LAC
16304,firstdown.studio,Week 10,Kenneth,Walker,RB,10.8,2025-11-07 00:50:48,2025-11-07 00:50:48,SEA
16975,espn.com,Week 11,Jerry,Jeudy,WR,10.8,2025-11-13 05:19:16,2025-11-13 05:19:16,CLE
16976,espn.com,Week 11,Darius,Slayton,WR,10.8,2025-11-13 05:19:16,2025-11-13 05:19:16,NYG
16993,espn.com,Week 11,Jake,Ferguson,TE,10.8,2025-11-13 05:19:16,2025-11-13 05:19:16,DAL
17186,fantasypros.com,Week 11,David,Montgomery,RB,10.8,2025-11-13 05:20:49,2025-11-13 05:20:49,DET
17511,firstdown.studio,Week 11,Romeo,Doubs,WR,10.8,2025-11-13 05:21:09,2025-11-13 05:21:09,GB
17512,firstdown.studio,Week 11,Travis,Kelce,TE,10.8,2025-11-13 05:21:09,2025-11-13 05:21:09,KC
18194,sleeper.com,Week 12,Romeo,Doubs,WR,10.8,2025-11-20 17:45:26,2025-11-20 17:59:20,GB
18559,espn.com,Week 12,Cam,Ward,QB,10.8,2025-11-20 17:46:24,2025-11-20 18:00:16,TEN
20220,fantasypros.com,Week 12,Jake,Ferguson,TE,10.8,2025-11-20 18:01:42,2025-11-20 18:01:42,DAL
24119,sleeper.com,Week 13,Alec,Pierce,WR,10.8,2025-11-26 18:35:52,2025-11-26 18:35:52,IND
24558,espn.com,Week 13,Trey,Benson,RB,10.8,2025-11-26 18:36:55,2025-11-26 18:36:55,ARI
24637,espn.com,Week 13,Dallas,Goedert,TE,10.8,2025-11-26 18:36:55,2025-11-26 18:36:55,PHI
24828,fantasypros.com,Week 13,Kareem,Hunt,RB,10.8,2025-11-26 18:38:08,2025-11-26 18:38:08,KC
25745,sleeper.com,Week 14,Chris,Godwin,WR,10.8,2025-12-03 01:52:43,2025-12-03 01:52:43,TB
26128,fantasypros.com,Week 14,Woody,Marks,RB,10.8,2025-12-03 01:54:53,2025-12-03 03:06:17,HOU
26161,fantasypros.com,Week 14,Travis,Kelce,TE,10.8,2025-12-03 01:54:53,2025-12-03 03:06:17,KC
26298,fanduel.com,Week 14,Jordan,Mason,RB,10.8,2025-12-03 01:55:37,2025-12-03 03:57:34,MIN
29241,espn.com,Week 14,Adonai,Mitchell,WR,10.8,2025-12-03 04:47:06,2025-12-03 05:22:56,NYJ
17692,fanduel.com,Week 11,David,Njoku,TE,10.77,2025-11-13 05:21:22,2025-11-13 05:21:22,CLE
18857,fanduel.com,Week 12,Theo,Johnson,TE,10.72,2025-11-20 17:52:44,2025-11-20 18:02:18,NYG
18858,fanduel.com,Week 12,Michael,Carter,RB,10.72,2025-11-20 17:52:44,2025-11-20 18:02:18,ARI
15285,sleeper.com,Week 10,Jameson,Williams,WR,10.7,2025-11-07 00:48:26,2025-11-07 00:48:26,DET
15286,sleeper.com,Week 10,Darius,Slayton,WR,10.7,2025-11-07 00:48:26,2025-11-07 00:48:26,NYG
15752,espn.com,Week 10,Hunter,Henry,TE,10.7,2025-11-07 00:49:32,2025-11-07 00:49:32,NE
15921,fantasypros.com,Week 10,David,Montgomery,RB,10.7,2025-11-07 00:50:27,2025-11-07 00:50:27,DET
16317,firstdown.studio,Week 10,Alvin,Kamara,RB,10.7,2025-11-07 00:50:48,2025-11-07 00:50:48,NO
16329,firstdown.studio,Week 10,Jauan,Jennings,WR,10.7,2025-11-07 00:50:48,2025-11-07 00:50:48,SF
16493,sleeper.com,Week 11,Jauan,Jennings,WR,10.7,2025-11-13 05:18:19,2025-11-13 05:18:19,SF
16494,sleeper.com,Week 11,Dallas,Goedert,TE,10.7,2025-11-13 05:18:19,2025-11-13 05:18:19,PHI
16915,espn.com,Week 11,Kenneth,Walker,RB,10.7,2025-11-13 05:19:16,2025-11-13 05:19:16,SEA
17298,fantasypros.com,Week 11,Jauan,Jennings,WR,10.7,2025-11-13 05:20:49,2025-11-13 05:20:49,SF
17313,fantasypros.com,Week 11,Theo,Johnson,TE,10.7,2025-11-13 05:20:49,2025-11-13 05:20:49,NYG
17503,firstdown.studio,Week 11,Rachaad,White,RB,10.7,2025-11-13 05:21:09,2025-11-13 05:21:09,TB
18195,sleeper.com,Week 12,Tre,Tucker,WR,10.7,2025-11-20 17:45:26,2025-11-20 17:59:20,LV
18643,espn.com,Week 12,Josh,Downs,WR,10.7,2025-11-20 17:46:24,2025-11-20 18:00:16,IND
24120,sleeper.com,Week 13,Jakobi,Meyers,WR,10.7,2025-11-26 18:35:52,2025-11-26 18:35:52,JAX
24851,fantasypros.com,Week 13,Khalil,Shakir,WR,10.7,2025-11-26 18:38:08,2025-11-26 18:38:08,BUF
24977,fantasypros.com,Week 13,Juwan,Johnson,TE,10.7,2025-11-26 18:38:08,2025-11-26 18:38:08,NO
25746,sleeper.com,Week 14,Brandon,Aubrey,K,10.7,2025-12-03 01:52:43,2025-12-03 01:52:43,DAL
26129,fantasypros.com,Week 14,Kareem,Hunt,RB,10.7,2025-12-03 01:54:53,2025-12-03 03:06:17,KC
29242,espn.com,Week 14,Alec,Pierce,WR,10.7,2025-12-03 04:47:06,2025-12-03 05:22:56,IND
17693,fanduel.com,Week 11,Travis,Kelce,TE,10.68,2025-11-13 05:21:22,2025-11-13 05:21:22,KC
14818,fanduel.com,Week 10,David,Montgomery,RB,10.62,2025-11-07 00:48:09,2025-11-07 00:48:09,DET
25197,fanduel.com,Week 13,Alec,Pierce,WR,10.62,2025-11-26 18:38:36,2025-11-26 18:38:36,IND
25198,fanduel.com,Week 13,Jakobi,Meyers,WR,10.62,2025-11-26 18:38:36,2025-11-26 18:38:36,JAX
14819,fanduel.com,Week 10,Hunter,Henry,TE,10.6,2025-11-07 00:48:09,2025-11-07 00:48:09,NE
15287,sleeper.com,Week 10,Kenneth,Walker,RB,10.6,2025-11-07 00:48:26,2025-11-07 00:48:26,SEA
15288,sleeper.com,Week 10,Emari,Demercado,RB,10.6,2025-11-07 00:48:26,2025-11-07 00:48:26,ARI
15289,sleeper.com,Week 10,Juwan,Johnson,TE,10.6,2025-11-07 00:48:26,2025-11-07 00:48:26,NO
15753,espn.com,Week 10,Theo,Johnson,TE,10.6,2025-11-07 00:49:32,2025-11-07 00:49:32,NYG
15875,fantasypros.com,Week 10,Tyler,Shough,QB,10.6,2025-11-07 00:50:27,2025-11-07 00:50:27,NO
16170,fantasypros.com,Week 10,Colston,Loveland,TE,10.6,2025-11-07 00:50:27,2025-11-07 00:50:27,CHI
16324,firstdown.studio,Week 10,Jordan,Addison,WR,10.6,2025-11-07 00:50:48,2025-11-07 00:50:48,MIN
16495,sleeper.com,Week 11,David,Montgomery,RB,10.6,2025-11-13 05:18:19,2025-11-13 05:18:19,DET
16977,espn.com,Week 11,Michael,Wilson,WR,10.6,2025-11-13 05:19:16,2025-11-13 05:19:16,ARI
16978,espn.com,Week 11,Malik,Washington,WR,10.6,2025-11-13 05:19:16,2025-11-13 05:19:16,MIA
16994,espn.com,Week 11,Theo,Johnson,TE,10.6,2025-11-13 05:19:16,2025-11-13 05:19:16,NYG
17449,firstdown.studio,Week 11,Cam,Ward,QB,10.6,2025-11-13 05:21:09,2025-11-13 05:26:14,TEN
17513,firstdown.studio,Week 11,P.,Washington,WR,10.6,2025-11-13 05:21:09,2025-11-13 05:26:13,JAX
17694,fanduel.com,Week 11,Rashid,Shaheed,WR,10.6,2025-11-13 05:21:22,2025-11-13 05:21:22,SEA
17695,fanduel.com,Week 11,Jake,Ferguson,TE,10.6,2025-11-13 05:21:22,2025-11-13 05:21:22,DAL
19993,fantasypros.com,Week 12,Tyrone,Tracy Jr.,RB,10.6,2025-11-20 18:01:42,2025-11-20 18:01:42,NYG
20100,fantasypros.com,Week 12,Jordan,Addison,WR,10.6,2025-11-20 18:01:42,2025-11-20 18:01:42,MIN
20221,fantasypros.com,Week 12,Kyle,Pitts Sr.,TE,10.6,2025-11-20 18:01:42,2025-11-20 18:01:42,ATL
24121,sleeper.com,Week 13,Mark,Andrews,TE,10.6,2025-11-26 18:35:52,2025-11-26 18:35:52,BAL
24526,espn.com,Week 13,Bryce,Young,QB,10.6,2025-11-26 18:36:55,2025-11-26 18:36:55,CAR
24614,espn.com,Week 13,Jayden,Higgins,WR,10.6,2025-11-26 18:36:55,2025-11-26 18:36:55,HOU
24638,espn.com,Week 13,Oronde,Gadsden,TE,10.6,2025-11-26 18:36:55,2025-11-26 18:36:55,LAC
25747,sleeper.com,Week 14,Rome,Odunze,WR,10.6,2025-12-03 01:52:43,2025-12-03 01:52:43,CHI
25748,sleeper.com,Week 14,Brenton,Strange,TE,10.6,2025-12-03 01:52:43,2025-12-03 01:52:43,JAX
25749,sleeper.com,Week 14,Kareem,Hunt,RB,10.6,2025-12-03 01:52:43,2025-12-03 01:52:43,KC
27138,fantasypros.com,Week 14,Alec,Pierce,WR,10.6,2025-12-03 02:17:53,2025-12-03 03:06:17,IND
29192,espn.com,Week 14,Kirk,Cousins,QB,10.6,2025-12-03 04:47:06,2025-12-03 05:22:56,ATL
25199,fanduel.com,Week 13,Tony,Pollard,RB,10.58,2025-11-26 18:38:36,2025-11-26 18:38:36,TEN
25200,fanduel.com,Week 13,Rome,Odunze,WR,10.57,2025-11-26 18:38:36,2025-11-26 18:38:36,CHI
25201,fanduel.com,Week 13,Mark,Andrews,TE,10.57,2025-11-26 18:38:36,2025-11-26 18:38:36,BAL
18859,fanduel.com,Week 12,Isaiah,Likely,TE,10.56,2025-11-20 17:52:44,2025-11-20 18:02:18,BAL
26322,fanduel.com,Week 14,Courtland,Sutton,WR,10.54,2025-12-03 01:55:37,2025-12-03 03:57:34,DEN
25202,fanduel.com,Week 13,Michael,Pittman Jr.,WR,10.52,2025-11-26 18:38:36,2025-11-26 18:38:36,IND
18860,fanduel.com,Week 12,Darnell,Mooney,WR,10.51,2025-11-20 17:52:44,2025-11-20 18:02:18,ATL
26323,fanduel.com,Week 14,Tyjae,Spears,RB,10.51,2025-12-03 01:55:37,2025-12-03 03:57:34,TEN
15731,espn.com,Week 10,Alec,Pierce,WR,10.5,2025-11-07 00:49:32,2025-11-07 00:49:32,IND
16496,sleeper.com,Week 11,Zach,Ertz,TE,10.5,2025-11-13 05:18:19,2025-11-13 05:18:19,WAS
16497,sleeper.com,Week 11,Kenneth,Gainwell,RB,10.5,2025-11-13 05:18:19,2025-11-13 05:18:19,PIT
16979,espn.com,Week 11,Greg,Dortch,WR,10.5,2025-11-13 05:19:16,2025-11-13 05:19:16,ARI
16995,espn.com,Week 11,Oronde,Gadsden,TE,10.5,2025-11-13 05:19:16,2025-11-13 05:19:16,LAC
17127,fantasypros.com,Week 11,Davis,Mills,QB,10.5,2025-11-13 05:20:49,2025-11-13 05:20:49,HOU
17696,fanduel.com,Week 11,RJ,Harvey,RB,10.5,2025-11-13 05:21:22,2025-11-13 05:21:22,DEN
18196,sleeper.com,Week 12,Jake,Ferguson,TE,10.5,2025-11-20 17:45:26,2025-11-20 17:59:20,DAL
18197,sleeper.com,Week 12,Xavier,Worthy,WR,10.5,2025-11-20 17:45:26,2025-11-20 17:59:20,KC
18560,espn.com,Week 12,Shedeur,Sanders,QB,10.5,2025-11-20 17:46:24,2025-11-20 18:00:16,CLE
20101,fantasypros.com,Week 12,Christian,Watson,WR,10.5,2025-11-20 18:01:42,2025-11-20 18:01:42,GB
24122,sleeper.com,Week 13,Tre,Tucker,WR,10.5,2025-11-26 18:35:52,2025-11-26 18:35:52,LV
24123,sleeper.com,Week 13,Juwan,Johnson,TE,10.5,2025-11-26 18:35:52,2025-11-26 18:35:52,NO
24559,espn.com,Week 13,David,Montgomery,RB,10.5,2025-11-26 18:36:55,2025-11-26 18:36:55,DET
24615,espn.com,Week 13,Tre,Tucker,WR,10.5,2025-11-26 18:36:55,2025-11-26 18:36:55,LV
24771,fantasypros.com,Week 13,Geno,Smith,QB,10.5,2025-11-26 18:38:08,2025-11-26 18:38:08,LV
25750,sleeper.com,Week 14,Zach,Ertz,TE,10.5,2025-12-03 01:52:43,2025-12-03 01:52:43,WAS
26130,fantasypros.com,Week 14,Jordan,Mason,RB,10.5,2025-12-03 01:54:53,2025-12-03 03:06:17,MIN
26324,fanduel.com,Week 14,Harold,Fannin Jr.,TE,10.5,2025-12-03 01:55:37,2025-12-03 03:57:34,CLE
29243,espn.com,Week 14,John,Metchie,WR,10.5,2025-12-03 04:47:06,2025-12-03 05:22:56,NYJ
18861,fanduel.com,Week 12,Noah,Fant,TE,10.48,2025-11-20 17:52:44,2025-11-20 18:02:18,CIN
26326,fanduel.com,Week 14,Brock,Bowers,TE,10.44,2025-12-03 01:55:37,2025-12-03 03:57:34,LV
14820,fanduel.com,Week 10,Josh,Downs,WR,10.43,2025-11-07 00:48:09,2025-11-07 00:48:09,IND
25203,fanduel.com,Week 13,Keenan,Allen,WR,10.43,2025-11-26 18:38:36,2025-11-26 18:38:36,LAC
17697,fanduel.com,Week 11,Aaron,Jones,RB,10.41,2025-11-13 05:21:22,2025-11-13 05:21:22,MIN
15290,sleeper.com,Week 10,Alec,Pierce,WR,10.4,2025-11-07 00:48:26,2025-11-07 00:48:26,IND
15291,sleeper.com,Week 10,Troy,Franklin,WR,10.4,2025-11-07 00:48:26,2025-11-07 00:48:26,DEN
16498,sleeper.com,Week 11,Darius,Slayton,WR,10.4,2025-11-13 05:18:19,2025-11-13 05:18:19,NYG
17187,fantasypros.com,Week 11,Zach,Charbonnet,RB,10.4,2025-11-13 05:20:49,2025-11-13 05:20:49,SEA
17314,fantasypros.com,Week 11,Hunter,Henry,TE,10.4,2025-11-13 05:20:49,2025-11-13 05:20:49,NE
17515,firstdown.studio,Week 11,Jordan,Addison,WR,10.4,2025-11-13 05:21:09,2025-11-13 05:21:09,MIN
17521,firstdown.studio,Week 11,Troy,Franklin,WR,10.4,2025-11-13 05:21:09,2025-11-13 05:21:09,DEN
18198,sleeper.com,Week 12,Darnell,Mooney,WR,10.4,2025-11-20 17:45:26,2025-11-20 17:59:20,ATL
18199,sleeper.com,Week 12,Jordan,Addison,WR,10.4,2025-11-20 17:45:26,2025-11-20 17:59:20,MIN
18862,fanduel.com,Week 12,Aaron,Jones,RB,10.4,2025-11-20 17:52:44,2025-11-20 18:02:18,MIN
18863,fanduel.com,Week 12,Juwan,Johnson,TE,10.4,2025-11-20 17:52:44,2025-11-20 18:02:18,NO
19994,fantasypros.com,Week 12,Zach,Charbonnet,RB,10.4,2025-11-20 18:01:42,2025-11-20 18:01:42,SEA
24124,sleeper.com,Week 13,Tyrone,Tracy,RB,10.4,2025-11-26 18:35:52,2025-11-26 18:35:52,NYG
24125,sleeper.com,Week 13,Romeo,Doubs,WR,10.4,2025-11-26 18:35:52,2025-11-26 18:35:52,GB
24616,espn.com,Week 13,Darnell,Mooney,WR,10.4,2025-11-26 18:36:55,2025-11-26 18:36:55,ATL
24829,fantasypros.com,Week 13,Kenneth,Gainwell,RB,10.4,2025-11-26 18:38:08,2025-11-26 18:38:08,PIT
24978,fantasypros.com,Week 13,Theo,Johnson,TE,10.4,2025-11-26 18:38:08,2025-11-26 18:38:08,NYG
26162,fantasypros.com,Week 14,Brenton,Strange,TE,10.4,2025-12-03 01:54:53,2025-12-03 03:06:17,JAX
27139,fantasypros.com,Week 14,Brian,Thomas Jr.,WR,10.4,2025-12-03 02:17:53,2025-12-03 03:06:17,JAX
29244,espn.com,Week 14,Jordan,Addison,WR,10.4,2025-12-03 04:47:06,2025-12-03 05:22:56,MIN
29245,espn.com,Week 14,Romeo,Doubs,WR,10.4,2025-12-03 04:47:06,2025-12-03 05:22:56,GB
14821,fanduel.com,Week 10,Theo,Johnson,TE,10.39,2025-11-07 00:48:09,2025-11-07 00:48:09,NYG
25204,fanduel.com,Week 13,Quentin,Johnston,WR,10.39,2025-11-26 18:38:36,2025-11-26 18:38:36,LAC
14822,fanduel.com,Week 10,Demarcus,Robinson,WR,10.38,2025-11-07 00:48:09,2025-11-07 00:48:09,SF
18864,fanduel.com,Week 12,Mason,Taylor,TE,10.38,2025-11-20 17:52:44,2025-11-20 18:02:18,NYJ
17698,fanduel.com,Week 11,Zach,Ertz,TE,10.32,2025-11-13 05:21:22,2025-11-13 05:26:13,WAS
26325,fanduel.com,Week 14,Michael,Pittman Jr.,WR,10.32,2025-12-03 01:55:37,2025-12-03 03:57:34,IND
25205,fanduel.com,Week 13,Juwan,Johnson,TE,10.31,2025-11-26 18:38:36,2025-11-26 18:38:36,NO
25206,fanduel.com,Week 13,Kyle,Pitts,TE,10.31,2025-11-26 18:38:36,2025-11-26 18:38:36,ATL
15922,fantasypros.com,Week 10,Tyrone,Tracy Jr.,RB,10.3,2025-11-07 00:50:27,2025-11-07 00:50:27,NYG
15923,fantasypros.com,Week 10,Zach,Charbonnet,RB,10.3,2025-11-07 00:50:27,2025-11-07 00:50:27,SEA
16033,fantasypros.com,Week 10,Jauan,Jennings,WR,10.3,2025-11-07 00:50:27,2025-11-07 00:50:27,SF
16320,firstdown.studio,Week 10,Woody,Marks,RB,10.3,2025-11-07 00:50:48,2025-11-07 00:50:48,HOU
16326,firstdown.studio,Week 10,Jameson,Williams,WR,10.3,2025-11-07 00:50:48,2025-11-07 00:50:48,DET
16328,firstdown.studio,Week 10,Alec,Pierce,WR,10.3,2025-11-07 00:50:48,2025-11-07 00:50:48,IND
16331,firstdown.studio,Week 10,P.,Washington,WR,10.3,2025-11-07 00:50:48,2025-11-07 00:51:07,JAX
16499,sleeper.com,Week 11,Kyle,Pitts,TE,10.3,2025-11-13 05:18:19,2025-11-13 05:18:19,ATL
16916,espn.com,Week 11,David,Montgomery,RB,10.3,2025-11-13 05:19:16,2025-11-13 05:19:16,DET
16980,espn.com,Week 11,Mack,Hollins,WR,10.3,2025-11-13 05:19:16,2025-11-13 05:19:16,NE
16996,espn.com,Week 11,Kyle,Pitts Sr.,TE,10.3,2025-11-13 05:19:16,2025-11-13 05:19:16,ATL
17299,fantasypros.com,Week 11,Romeo,Doubs,WR,10.3,2025-11-13 05:20:49,2025-11-13 05:20:49,GB
17516,firstdown.studio,Week 11,Jameson,Williams,WR,10.3,2025-11-13 05:21:09,2025-11-13 05:21:09,DET
18200,sleeper.com,Week 12,Jakobi,Meyers,WR,10.3,2025-11-20 17:45:26,2025-11-20 17:59:20,JAX
18201,sleeper.com,Week 12,Jake,Bates,K,10.3,2025-11-20 17:45:26,2025-11-20 17:59:20,DET
18644,espn.com,Week 12,Ricky,Pearsall,WR,10.3,2025-11-20 17:46:24,2025-11-20 18:00:16,SF
20102,fantasypros.com,Week 12,Ricky,Pearsall,WR,10.3,2025-11-20 18:01:42,2025-11-20 18:01:42,SF
24126,sleeper.com,Week 13,Troy,Franklin,WR,10.3,2025-11-26 18:35:52,2025-11-26 18:35:52,DEN
24560,espn.com,Week 13,Tony,Pollard,RB,10.3,2025-11-26 18:36:55,2025-11-26 18:36:55,TEN
24617,espn.com,Week 13,Romeo,Doubs,WR,10.3,2025-11-26 18:36:55,2025-11-26 18:36:55,GB
24639,espn.com,Week 13,Harold,Fannin Jr.,TE,10.3,2025-11-26 18:36:55,2025-11-26 18:36:55,CLE
24852,fantasypros.com,Week 13,Michael,Pittman Jr.,WR,10.3,2025-11-26 18:38:08,2025-11-26 18:38:08,IND
25751,sleeper.com,Week 14,Michael,Wilson,WR,10.3,2025-12-03 01:52:43,2025-12-03 01:52:43,ARI
25752,sleeper.com,Week 14,Dallas,Goedert,TE,10.3,2025-12-03 01:52:43,2025-12-03 01:52:43,PHI
25207,fanduel.com,Week 13,Hunter,Henry,TE,10.29,2025-11-26 18:38:36,2025-11-26 18:38:36,NE
14823,fanduel.com,Week 10,Zach,Ertz,TE,10.25,2025-11-07 00:48:09,2025-11-07 00:51:07,WAS
25208,fanduel.com,Week 13,Harold,Fannin Jr.,TE,10.25,2025-11-26 18:38:36,2025-11-26 18:38:36,CLE
17699,fanduel.com,Week 11,Keon,Coleman,WR,10.24,2025-11-13 05:21:22,2025-11-13 05:21:22,BUF
17700,fanduel.com,Week 11,Christian,Watson,WR,10.24,2025-11-13 05:21:22,2025-11-13 05:21:22,GB
18865,fanduel.com,Week 12,Jakobi,Meyers,WR,10.24,2025-11-20 17:52:44,2025-11-20 18:02:59,JAX
26347,fanduel.com,Week 14,T.J.,Hockenson,TE,10.24,2025-12-03 01:55:37,2025-12-03 03:57:34,MIN
17701,fanduel.com,Week 11,Dallas,Goedert,TE,10.22,2025-11-13 05:21:22,2025-11-13 05:21:22,PHI
14824,fanduel.com,Week 10,Parker,Washington,WR,10.21,2025-11-07 00:48:09,2025-11-07 00:51:07,JAX
15292,sleeper.com,Week 10,Hunter,Henry,TE,10.2,2025-11-07 00:48:26,2025-11-07 00:48:26,NE
15293,sleeper.com,Week 10,Jacory,Croskey-Merritt,RB,10.2,2025-11-07 00:48:26,2025-11-07 00:48:26,WAS
15294,sleeper.com,Week 10,Kenneth,Gainwell,RB,10.2,2025-11-07 00:48:26,2025-11-07 00:48:26,PIT
15295,sleeper.com,Week 10,Aaron,Jones,RB,10.2,2025-11-07 00:48:26,2025-11-07 00:48:26,MIN
15671,espn.com,Week 10,Woody,Marks,RB,10.2,2025-11-07 00:49:32,2025-11-07 00:49:32,HOU
15732,espn.com,Week 10,Tre,Tucker,WR,10.2,2025-11-07 00:49:32,2025-11-07 00:49:32,LV
15924,fantasypros.com,Week 10,Alvin,Kamara,RB,10.2,2025-11-07 00:50:27,2025-11-07 00:50:27,NO
16500,sleeper.com,Week 11,Xavier,Worthy,WR,10.2,2025-11-13 05:18:19,2025-11-13 05:18:19,KC
16917,espn.com,Week 11,Sean,Tucker,RB,10.2,2025-11-13 05:19:16,2025-11-13 05:19:16,TB
16981,espn.com,Week 11,DJ,Moore,WR,10.2,2025-11-13 05:19:16,2025-11-13 05:19:16,CHI
16997,espn.com,Week 11,Dalton,Schultz,TE,10.2,2025-11-13 05:19:16,2025-11-13 05:19:16,HOU
17517,firstdown.studio,Week 11,DJ,Moore,WR,10.2,2025-11-13 05:21:09,2025-11-13 05:21:09,CHI
17520,firstdown.studio,Week 11,Jakobi,Meyers,WR,10.2,2025-11-13 05:21:09,2025-11-13 05:26:13,JAX
17524,firstdown.studio,Week 11,Zach,Ertz,TE,10.2,2025-11-13 05:21:09,2025-11-13 05:21:09,WAS
18202,sleeper.com,Week 12,Hunter,Henry,TE,10.2,2025-11-20 17:45:26,2025-11-20 17:59:20,NE
18589,espn.com,Week 12,Kenneth,Gainwell,RB,10.2,2025-11-20 17:46:24,2025-11-20 18:00:16,PIT
18669,espn.com,Week 12,Dalton,Schultz,TE,10.2,2025-11-20 17:46:24,2025-11-20 18:00:16,HOU
20103,fantasypros.com,Week 12,Xavier,Worthy,WR,10.2,2025-11-20 18:01:42,2025-11-20 18:01:42,KC
20222,fantasypros.com,Week 12,Theo,Johnson,TE,10.2,2025-11-20 18:01:42,2025-11-20 18:01:42,NYG
24618,espn.com,Week 13,Jakobi,Meyers,WR,10.2,2025-11-26 18:36:55,2025-11-26 18:36:55,JAX
25753,sleeper.com,Week 14,Tre,Tucker,WR,10.2,2025-12-03 01:52:43,2025-12-03 01:52:43,LV
26131,fantasypros.com,Week 14,Kyle,Monangai,RB,10.2,2025-12-03 01:54:53,2025-12-03 03:06:17,CHI
26132,fantasypros.com,Week 14,Devin,Neal,RB,10.2,2025-12-03 01:54:53,2025-12-03 03:06:17,NO
26163,fantasypros.com,Week 14,Jake,Ferguson,TE,10.2,2025-12-03 01:54:53,2025-12-03 03:06:17,DAL
27016,fantasypros.com,Week 14,Kirk,Cousins,QB,10.2,2025-12-03 02:17:53,2025-12-03 03:06:17,ATL
27140,fantasypros.com,Week 14,Quentin,Johnston,WR,10.2,2025-12-03 02:17:53,2025-12-03 03:06:17,LAC
17702,fanduel.com,Week 11,Xavier,Worthy,WR,10.13,2025-11-13 05:21:22,2025-11-13 05:21:22,KC
26328,fanduel.com,Week 14,Alec,Pierce,WR,10.13,2025-12-03 01:55:37,2025-12-03 03:57:34,IND
26331,fanduel.com,Week 14,Travis,Kelce,TE,10.13,2025-12-03 01:55:37,2025-12-03 03:57:34,KC
26330,fanduel.com,Week 14,Rome,Odunze,WR,10.12,2025-12-03 01:55:37,2025-12-03 03:57:34,CHI
15296,sleeper.com,Week 10,DJ,Moore,WR,10.1,2025-11-07 00:48:26,2025-11-07 00:48:26,CHI
15297,sleeper.com,Week 10,Zach,Charbonnet,RB,10.1,2025-11-07 00:48:26,2025-11-07 00:48:26,SEA
15754,espn.com,Week 10,Harold,Fannin Jr.,TE,10.1,2025-11-07 00:49:32,2025-11-07 00:49:32,CLE
15925,fantasypros.com,Week 10,RJ,Harvey,RB,10.1,2025-11-07 00:50:27,2025-11-07 00:50:27,DEN
16034,fantasypros.com,Week 10,Parker,Washington,WR,10.1,2025-11-07 00:50:27,2025-11-07 00:51:07,JAX
16035,fantasypros.com,Week 10,Tez,Johnson,WR,10.1,2025-11-07 00:50:27,2025-11-07 00:50:27,TB
16171,fantasypros.com,Week 10,Hunter,Henry,TE,10.1,2025-11-07 00:50:27,2025-11-07 00:50:27,NE
16501,sleeper.com,Week 11,Chris,Boswell,K,10.1,2025-11-13 05:18:19,2025-11-13 05:18:19,PIT
17315,fantasypros.com,Week 11,Harold,Fannin Jr.,TE,10.1,2025-11-13 05:20:49,2025-11-13 05:20:49,CLE
17522,firstdown.studio,Week 11,Darius,Slayton,WR,10.1,2025-11-13 05:21:09,2025-11-13 05:21:09,NYG
17526,firstdown.studio,Week 11,Dallas,Goedert,TE,10.1,2025-11-13 05:21:09,2025-11-13 05:21:09,PHI
18203,sleeper.com,Week 12,Brandon,Aubrey,K,10.1,2025-11-20 17:45:26,2025-11-20 17:59:20,DAL
20104,fantasypros.com,Week 12,Tez,Johnson,WR,10.1,2025-11-20 18:01:42,2025-11-20 18:01:42,TB
24127,sleeper.com,Week 13,Brandon,Aubrey,K,10.1,2025-11-26 18:35:52,2025-11-26 18:35:52,DAL
24128,sleeper.com,Week 13,Brenton,Strange,TE,10.1,2025-11-26 18:35:52,2025-11-26 18:35:52,JAX
24619,espn.com,Week 13,Chimere,Dike,WR,10.1,2025-11-26 18:36:55,2025-11-26 18:36:55,TEN
24979,fantasypros.com,Week 13,Brenton,Strange,TE,10.1,2025-11-26 18:38:08,2025-11-26 18:38:08,JAX
25754,sleeper.com,Week 14,Omarion,Hampton,RB,10.1,2025-12-03 01:52:43,2025-12-03 01:52:43,LAC
25755,sleeper.com,Week 14,Jake,Bates,K,10.1,2025-12-03 01:52:43,2025-12-03 01:52:43,DET
26164,fantasypros.com,Week 14,Kyle,Pitts Sr.,TE,10.1,2025-12-03 01:54:53,2025-12-03 03:06:17,ATL
29246,espn.com,Week 14,Jayden,Higgins,WR,10.1,2025-12-03 04:47:06,2025-12-03 05:22:56,HOU
29247,espn.com,Week 14,Xavier,Worthy,WR,10.1,2025-12-03 04:47:06,2025-12-03 05:22:56,KC
29648,espn.com,Week 14,Travis,Kelce,TE,10.1,2025-12-03 05:22:56,2025-12-03 05:22:56,KC
26333,fanduel.com,Week 14,Xavier,Worthy,WR,10.06,2025-12-03 01:55:37,2025-12-03 03:57:34,KC
17703,fanduel.com,Week 11,Mason,Taylor,TE,10.03,2025-11-13 05:21:22,2025-11-13 05:21:22,NYJ
17704,fanduel.com,Week 11,Mark,Andrews,TE,10.03,2025-11-13 05:21:22,2025-11-13 05:21:22,BAL
25209,fanduel.com,Week 13,Kayshon,Boutte,WR,10.03,2025-11-26 18:38:36,2025-11-26 18:38:36,NE
26332,fanduel.com,Week 14,Juwan,Johnson,TE,10.03,2025-12-03 01:55:37,2025-12-03 03:57:34,NO
25210,fanduel.com,Week 13,Cooper,Kupp,WR,10.01,2025-11-26 18:38:36,2025-11-26 18:38:36,SEA
15298,sleeper.com,Week 10,Josh,Downs,WR,10.0,2025-11-07 00:48:26,2025-11-07 00:48:26,IND
15672,espn.com,Week 10,Devin,Singletary,RB,10.0,2025-11-07 00:49:32,2025-11-07 00:49:32,NYG
15926,fantasypros.com,Week 10,Woody,Marks,RB,10.0,2025-11-07 00:50:27,2025-11-07 00:50:27,HOU
16186,fantasypros.com,Week 10,Cameron,Dicker,K,10.0,2025-11-07 00:50:27,2025-11-07 00:50:27,LAC
16211,fantasypros.com,Week 10,Denver Broncos,Defense,DST,10.0,2025-11-07 00:50:27,2025-11-07 00:50:27,DEN
16337,firstdown.studio,Week 10,Dallas,Goedert,TE,10.0,2025-11-07 00:50:48,2025-11-07 00:50:48,PHI
16502,sleeper.com,Week 11,Cade,Otton,TE,10.0,2025-11-13 05:18:19,2025-11-13 05:18:19,TB
16503,sleeper.com,Week 11,Tyrone,Tracy,RB,10.0,2025-11-13 05:18:19,2025-11-13 05:18:19,NYG
16504,sleeper.com,Week 11,Dalton,Schultz,TE,10.0,2025-11-13 05:18:19,2025-11-13 05:18:19,HOU
16998,espn.com,Week 11,Travis,Kelce,TE,10.0,2025-11-13 05:19:16,2025-11-13 05:19:16,KC
16999,espn.com,Week 11,Hunter,Henry,TE,10.0,2025-11-13 05:19:16,2025-11-13 05:19:16,NE
17000,espn.com,Week 11,Zach,Ertz,TE,10.0,2025-11-13 05:19:16,2025-11-13 05:26:13,WAS
17128,fantasypros.com,Week 11,C.J.,Stroud,QB,10.0,2025-11-13 05:20:49,2025-11-13 05:20:49,HOU
17188,fantasypros.com,Week 11,RJ,Harvey,RB,10.0,2025-11-13 05:20:49,2025-11-13 05:20:49,DEN
17300,fantasypros.com,Week 11,Jordan,Addison,WR,10.0,2025-11-13 05:20:49,2025-11-13 05:20:49,MIN
17369,fantasypros.com,Week 11,Brandon,Aubrey,K,10.0,2025-11-13 05:20:49,2025-11-13 05:20:49,DAL
17394,fantasypros.com,Week 11,Houston Texans,Defense,DST,10.0,2025-11-13 05:20:49,2025-11-13 05:20:49,HOU
17705,fanduel.com,Week 11,Theo,Johnson,TE,10.0,2025-11-13 05:21:22,2025-11-13 05:21:22,NYG
18204,sleeper.com,Week 12,Tyrone,Tracy,RB,10.0,2025-11-20 17:45:26,2025-11-20 17:59:20,NYG
18590,espn.com,Week 12,Tony,Pollard,RB,10.0,2025-11-20 17:46:24,2025-11-20 18:00:16,TEN
18670,espn.com,Week 12,Mark,Andrews,TE,10.0,2025-11-20 17:46:24,2025-11-20 18:00:16,BAL
20105,fantasypros.com,Week 12,Darnell,Mooney,WR,10.0,2025-11-20 18:01:42,2025-11-20 18:01:42,ATL
20106,fantasypros.com,Week 12,Jakobi,Meyers,WR,10.0,2025-11-20 18:01:42,2025-11-20 18:02:59,JAX
20223,fantasypros.com,Week 12,Mark,Andrews,TE,10.0,2025-11-20 18:01:42,2025-11-20 18:01:42,BAL
20224,fantasypros.com,Week 12,Cade,Otton,TE,10.0,2025-11-20 18:01:42,2025-11-20 18:01:42,TB
20283,fantasypros.com,Week 12,Brandon,Aubrey,K,10.0,2025-11-20 18:01:42,2025-11-20 18:01:42,DAL
20314,fantasypros.com,Week 12,Seattle Seahawks,Defense,DST,10.0,2025-11-20 18:01:42,2025-11-20 18:01:42,SEA
24620,espn.com,Week 13,Jerry,Jeudy,WR,10.0,2025-11-26 18:36:55,2025-11-26 18:36:55,CLE
24621,espn.com,Week 13,Quentin,Johnston,WR,10.0,2025-11-26 18:36:55,2025-11-26 18:36:55,LAC
24772,fantasypros.com,Week 13,Baker,Mayfield,QB,10.0,2025-11-26 18:38:08,2025-11-26 18:38:08,TB
24853,fantasypros.com,Week 13,Jameson,Williams,WR,10.0,2025-11-26 18:38:08,2025-11-26 18:38:08,DET
25039,fantasypros.com,Week 13,Brandon,Aubrey,K,10.0,2025-11-26 18:38:08,2025-11-26 18:38:08,DAL
25072,fantasypros.com,Week 13,Seattle Seahawks,Defense,DST,10.0,2025-11-26 18:38:08,2025-11-26 18:38:08,SEA
25756,sleeper.com,Week 14,Kyle,Pitts,TE,10.0,2025-12-03 01:52:43,2025-12-03 01:52:43,ATL
27141,fantasypros.com,Week 14,Romeo,Doubs,WR,10.0,2025-12-03 02:17:53,2025-12-03 03:06:17,GB
27142,fantasypros.com,Week 14,Jayden,Higgins,WR,10.0,2025-12-03 02:17:53,2025-12-03 03:06:17,HOU
27143,fantasypros.com,Week 14,Keenan,Allen,WR,10.0,2025-12-03 02:17:53,2025-12-03 03:06:17,LAC
29193,espn.com,Week 14,Geno,Smith,QB,10.0,2025-12-03 04:47:06,2025-12-03 05:22:56,LV
29649,espn.com,Week 14,Dalton,Kincaid,TE,10.0,2025-12-03 05:22:56,2025-12-03 05:22:56,BUF
25211,fanduel.com,Week 13,Chris,Godwin,WR,9.96,2025-11-26 18:38:36,2025-11-26 18:38:36,TB
25212,fanduel.com,Week 13,Kenneth,Gainwell,RB,9.96,2025-11-26 18:38:36,2025-11-26 18:38:36,PIT
14825,fanduel.com,Week 10,Aaron,Jones,RB,9.94,2025-11-07 00:48:09,2025-11-07 00:48:09,MIN
17706,fanduel.com,Week 11,David,Montgomery,RB,9.94,2025-11-13 05:21:22,2025-11-13 05:21:22,DET
17707,fanduel.com,Week 11,Troy,Franklin,WR,9.93,2025-11-13 05:21:22,2025-11-13 05:21:22,DEN
26334,fanduel.com,Week 14,Keenan,Allen,WR,9.93,2025-12-03 01:55:37,2025-12-03 03:57:34,LAC
25213,fanduel.com,Week 13,D'Andre,Swift,RB,9.92,2025-11-26 18:38:36,2025-11-26 18:38:36,CHI
14826,fanduel.com,Week 10,Juwan,Johnson,TE,9.91,2025-11-07 00:48:09,2025-11-07 00:48:09,NO
25214,fanduel.com,Week 13,Aaron,Jones,RB,9.91,2025-11-26 18:38:36,2025-11-26 18:38:36,MIN
25215,fanduel.com,Week 13,Oronde,Gadsden,TE,9.91,2025-11-26 18:38:36,2025-11-26 18:38:36,LAC
15673,espn.com,Week 10,Zach,Charbonnet,RB,9.9,2025-11-07 00:49:32,2025-11-07 00:49:32,SEA
16036,fantasypros.com,Week 10,Josh,Downs,WR,9.9,2025-11-07 00:50:27,2025-11-07 00:50:27,IND
16037,fantasypros.com,Week 10,Tre,Tucker,WR,9.9,2025-11-07 00:50:27,2025-11-07 00:50:27,LV
16172,fantasypros.com,Week 10,Harold,Fannin Jr.,TE,9.9,2025-11-07 00:50:27,2025-11-07 00:50:27,CLE
16505,sleeper.com,Week 11,Troy,Franklin,WR,9.9,2025-11-13 05:18:19,2025-11-13 05:18:19,DEN
16887,espn.com,Week 11,Cam,Ward,QB,9.9,2025-11-13 05:19:16,2025-11-13 05:19:16,TEN
16918,espn.com,Week 11,Devin,Singletary,RB,9.9,2025-11-13 05:19:16,2025-11-13 05:19:16,NYG
17525,firstdown.studio,Week 11,Xavier,Worthy,WR,9.9,2025-11-13 05:21:09,2025-11-13 05:21:09,KC
17708,fanduel.com,Week 11,Isaiah,Likely,TE,9.9,2025-11-13 05:21:22,2025-11-13 05:21:22,BAL
19929,fantasypros.com,Week 12,Cam,Ward,QB,9.9,2025-11-20 18:01:42,2025-11-20 18:01:42,TEN
19995,fantasypros.com,Week 12,Kenneth,Gainwell,RB,9.9,2025-11-20 18:01:42,2025-11-20 18:01:42,PIT
24129,sleeper.com,Week 13,Kyle,Pitts,TE,9.9,2025-11-26 18:35:52,2025-11-26 18:35:52,ATL
24130,sleeper.com,Week 13,Ricky,Pearsall,WR,9.9,2025-11-26 18:35:52,2025-11-26 18:35:52,SF
24561,espn.com,Week 13,Tyjae,Spears,RB,9.9,2025-11-26 18:36:55,2025-11-26 18:36:55,TEN
25757,sleeper.com,Week 14,Dalton,Kincaid,TE,9.9,2025-12-03 01:52:43,2025-12-03 01:52:43,BUF
25758,sleeper.com,Week 14,Mark,Andrews,TE,9.9,2025-12-03 01:52:43,2025-12-03 01:52:43,BAL
25216,fanduel.com,Week 13,Michael,Wilson,WR,9.83,2025-11-26 18:38:36,2025-11-26 18:38:36,ARI
14827,fanduel.com,Week 10,Dallas,Goedert,TE,9.81,2025-11-07 00:48:09,2025-11-07 00:48:09,PHI
15299,sleeper.com,Week 10,Kyle,Pitts,TE,9.8,2025-11-07 00:48:26,2025-11-07 00:48:26,ATL
15733,espn.com,Week 10,Calvin,Austin,WR,9.8,2025-11-07 00:49:32,2025-11-07 00:49:32,PIT
15755,espn.com,Week 10,Dalton,Kincaid,TE,9.8,2025-11-07 00:49:32,2025-11-07 00:49:32,BUF
16187,fantasypros.com,Week 10,Chase,McLaughlin,K,9.8,2025-11-07 00:50:27,2025-11-07 00:50:27,TB
16212,fantasypros.com,Week 10,Seattle Seahawks,Defense,DST,9.8,2025-11-07 00:50:27,2025-11-07 00:50:27,SEA
16338,firstdown.studio,Week 10,Tre,Tucker,WR,9.8,2025-11-07 00:50:48,2025-11-07 00:50:48,LV
16506,sleeper.com,Week 11,Parker,Washington,WR,9.8,2025-11-13 05:18:19,2025-11-13 05:18:19,JAX
16507,sleeper.com,Week 11,Michael,Wilson,WR,9.8,2025-11-13 05:18:19,2025-11-13 05:18:19,ARI
16919,espn.com,Week 11,Emari,Demercado,RB,9.8,2025-11-13 05:19:16,2025-11-13 05:19:16,ARI
17316,fantasypros.com,Week 11,Mark,Andrews,TE,9.8,2025-11-13 05:20:49,2025-11-13 05:20:49,BAL
17370,fantasypros.com,Week 11,Chris,Boswell,K,9.8,2025-11-13 05:20:49,2025-11-13 05:20:49,PIT
17395,fantasypros.com,Week 11,New England Patriots,Defense,DST,9.8,2025-11-13 05:20:49,2025-11-13 05:20:49,NE
17529,firstdown.studio,Week 11,Keenan,Allen,WR,9.8,2025-11-13 05:21:09,2025-11-13 05:21:09,LAC
18591,espn.com,Week 12,Zach,Charbonnet,RB,9.8,2025-11-20 17:46:24,2025-11-20 18:00:16,SEA
18645,espn.com,Week 12,Kayshon,Boutte,WR,9.8,2025-11-20 17:46:24,2025-11-20 18:00:16,NE
18671,espn.com,Week 12,Jake,Ferguson,TE,9.8,2025-11-20 17:46:24,2025-11-20 18:00:16,DAL
20284,fantasypros.com,Week 12,Jason,Myers,K,9.8,2025-11-20 18:01:42,2025-11-20 18:01:42,SEA
20315,fantasypros.com,Week 12,Cleveland Browns,Defense,DST,9.8,2025-11-20 18:01:42,2025-11-20 18:01:42,CLE
24131,sleeper.com,Week 13,Cameron,Dicker,K,9.8,2025-11-26 18:35:52,2025-11-26 18:35:52,LAC
24622,espn.com,Week 13,Isaiah,Hodgins,WR,9.8,2025-11-26 18:36:55,2025-11-26 18:36:55,NYG
24623,espn.com,Week 13,Alec,Pierce,WR,9.8,2025-11-26 18:36:55,2025-11-26 18:36:55,IND
24980,fantasypros.com,Week 13,Dalton,Schultz,TE,9.8,2025-11-26 18:38:08,2025-11-26 18:38:08,HOU
25040,fantasypros.com,Week 13,Tyler,Loop,K,9.8,2025-11-26 18:38:08,2025-11-26 18:38:08,BAL
25073,fantasypros.com,Week 13,Los Angeles Chargers,Defense,DST,9.8,2025-11-26 18:38:08,2025-11-26 18:38:08,LAC
25759,sleeper.com,Week 14,Jayden,Higgins,WR,9.8,2025-12-03 01:52:43,2025-12-03 01:52:43,HOU
25760,sleeper.com,Week 14,Adonai,Mitchell,WR,9.8,2025-12-03 01:52:43,2025-12-03 01:52:43,NYJ
27144,fantasypros.com,Week 14,Xavier,Worthy,WR,9.8,2025-12-03 02:17:53,2025-12-03 03:06:17,KC
14828,fanduel.com,Week 10,Jerry,Jeudy,WR,9.79,2025-11-07 00:48:09,2025-11-07 00:48:09,CLE
18866,fanduel.com,Week 12,Christian,Watson,WR,9.76,2025-11-20 17:52:44,2025-11-20 18:02:18,GB
18867,fanduel.com,Week 12,Zach,Charbonnet,RB,9.75,2025-11-20 17:52:44,2025-11-20 18:02:18,SEA
18868,fanduel.com,Week 12,Jake,Ferguson,TE,9.74,2025-11-20 17:52:44,2025-11-20 18:02:18,DAL
25217,fanduel.com,Week 13,Christian,Watson,WR,9.74,2025-11-26 18:38:36,2025-11-26 18:38:36,GB
15300,sleeper.com,Week 10,Colston,Loveland,TE,9.7,2025-11-07 00:48:26,2025-11-07 00:48:26,CHI
15301,sleeper.com,Week 10,Dalton,Kincaid,TE,9.7,2025-11-07 00:48:26,2025-11-07 00:48:26,BUF
15302,sleeper.com,Week 10,Tez,Johnson,WR,9.7,2025-11-07 00:48:26,2025-11-07 00:48:26,TB
15927,fantasypros.com,Week 10,Zonovan,Knight,RB,9.7,2025-11-07 00:50:27,2025-11-07 00:50:27,ARI
17001,espn.com,Week 11,Cade,Otton,TE,9.7,2025-11-13 05:19:16,2025-11-13 05:19:16,TB
24132,sleeper.com,Week 13,Isiah,Pacheco,RB,9.7,2025-11-26 18:35:52,2025-11-26 18:35:52,KC
24133,sleeper.com,Week 13,Hunter,Henry,TE,9.7,2025-11-26 18:35:52,2025-11-26 18:35:52,NE
24134,sleeper.com,Week 13,Jayden,Higgins,WR,9.7,2025-11-26 18:35:52,2025-11-26 18:35:52,HOU
24135,sleeper.com,Week 13,Harold,Fannin,TE,9.7,2025-11-26 18:35:52,2025-11-26 18:35:52,CLE
24562,espn.com,Week 13,Isiah,Pacheco,RB,9.7,2025-11-26 18:36:55,2025-11-26 18:36:55,KC
26212,fantasypros.com,Week 14,Cleveland Browns,Defense,DST,9.7,2025-12-03 01:54:53,2025-12-03 03:06:17,CLE
27145,fantasypros.com,Week 14,Adonai,Mitchell,WR,9.7,2025-12-03 02:17:53,2025-12-03 03:06:17,NYJ
29248,espn.com,Week 14,Devaughn,Vele,WR,9.7,2025-12-03 04:47:06,2025-12-03 05:22:56,NO
29650,espn.com,Week 14,Juwan,Johnson,TE,9.7,2025-12-03 05:22:56,2025-12-03 05:22:56,NO
29651,espn.com,Week 14,Dalton,Schultz,TE,9.7,2025-12-03 05:22:56,2025-12-03 05:22:56,HOU
25218,fanduel.com,Week 13,Deebo,Samuel,WR,9.69,2025-11-26 18:38:36,2025-11-26 18:38:36,WAS
26335,fanduel.com,Week 14,D.J.,Moore,WR,9.66,2025-12-03 01:55:37,2025-12-03 03:57:34,CHI
18869,fanduel.com,Week 12,Tyjae,Spears,RB,9.64,2025-11-20 17:52:44,2025-11-20 18:02:18,TEN
14829,fanduel.com,Week 10,D'Andre,Swift,RB,9.63,2025-11-07 00:48:09,2025-11-07 00:48:09,CHI
15303,sleeper.com,Week 10,Cameron,Dicker,K,9.6,2025-11-07 00:48:26,2025-11-07 00:48:26,LAC
15304,sleeper.com,Week 10,Zach,Ertz,TE,9.6,2025-11-07 00:48:26,2025-11-07 00:48:26,WAS
15305,sleeper.com,Week 10,Mark,Andrews,TE,9.6,2025-11-07 00:48:26,2025-11-07 00:48:26,BAL
15306,sleeper.com,Week 10,Jake,Bates,K,9.6,2025-11-07 00:48:26,2025-11-07 00:48:26,DET
15674,espn.com,Week 10,Bam,Knight,RB,9.6,2025-11-07 00:49:32,2025-11-07 00:49:32,ARI
15734,espn.com,Week 10,Jerry,Jeudy,WR,9.6,2025-11-07 00:49:32,2025-11-07 00:49:32,CLE
15735,espn.com,Week 10,Christian,Watson,WR,9.6,2025-11-07 00:49:32,2025-11-07 00:49:32,GB
15756,espn.com,Week 10,Mark,Andrews,TE,9.6,2025-11-07 00:49:32,2025-11-07 00:49:32,BAL
15757,espn.com,Week 10,Cade,Otton,TE,9.6,2025-11-07 00:49:32,2025-11-07 00:49:32,TB
15758,espn.com,Week 10,T.J.,Hockenson,TE,9.6,2025-11-07 00:49:32,2025-11-07 00:49:32,MIN
16038,fantasypros.com,Week 10,Alec,Pierce,WR,9.6,2025-11-07 00:50:27,2025-11-07 00:50:27,IND
16039,fantasypros.com,Week 10,Darius,Slayton,WR,9.6,2025-11-07 00:50:27,2025-11-07 00:50:27,NYG
16188,fantasypros.com,Week 10,Chris,Boswell,K,9.6,2025-11-07 00:50:27,2025-11-07 00:50:27,PIT
16508,sleeper.com,Week 11,Emari,Demercado,RB,9.6,2025-11-13 05:18:19,2025-11-13 05:18:19,ARI
16920,espn.com,Week 11,Kenneth,Gainwell,RB,9.6,2025-11-13 05:19:16,2025-11-13 05:19:16,PIT
16982,espn.com,Week 11,Keon,Coleman,WR,9.6,2025-11-13 05:19:16,2025-11-13 05:19:16,BUF
17189,fantasypros.com,Week 11,Kenneth,Walker III,RB,9.6,2025-11-13 05:20:49,2025-11-13 05:20:49,SEA
17301,fantasypros.com,Week 11,Wan'Dale,Robinson,WR,9.6,2025-11-13 05:20:49,2025-11-13 05:20:49,NYG
17371,fantasypros.com,Week 11,Cameron,Dicker,K,9.6,2025-11-13 05:20:49,2025-11-13 05:20:49,LAC
17509,firstdown.studio,Week 11,Kareem,Hunt,RB,9.6,2025-11-13 05:21:09,2025-11-13 05:21:09,KC
17530,firstdown.studio,Week 11,Theo,Johnson,TE,9.6,2025-11-13 05:21:09,2025-11-13 05:21:09,NYG
17533,firstdown.studio,Week 11,Dalton,Schultz,TE,9.6,2025-11-13 05:21:09,2025-11-13 05:21:09,HOU
18205,sleeper.com,Week 12,Kayshon,Boutte,WR,9.6,2025-11-20 17:45:26,2025-11-20 17:59:20,NE
18206,sleeper.com,Week 12,Harrison,Butker,K,9.6,2025-11-20 17:45:26,2025-11-20 17:59:20,KC
18592,espn.com,Week 12,Tyjae,Spears,RB,9.6,2025-11-20 17:46:24,2025-11-20 18:00:16,TEN
18646,espn.com,Week 12,Tre,Tucker,WR,9.6,2025-11-20 17:46:24,2025-11-20 18:00:16,LV
18647,espn.com,Week 12,Jerry,Jeudy,WR,9.6,2025-11-20 17:46:24,2025-11-20 18:00:16,CLE
20107,fantasypros.com,Week 12,Parker,Washington,WR,9.6,2025-11-20 18:01:42,2025-11-20 18:02:59,JAX
20225,fantasypros.com,Week 12,Dalton,Schultz,TE,9.6,2025-11-20 18:01:42,2025-11-20 18:01:42,HOU
20226,fantasypros.com,Week 12,Juwan,Johnson,TE,9.6,2025-11-20 18:01:42,2025-11-20 18:01:42,NO
20285,fantasypros.com,Week 12,Tyler,Loop,K,9.6,2025-11-20 18:01:42,2025-11-20 18:01:42,BAL
24136,sleeper.com,Week 13,Kayshon,Boutte,WR,9.6,2025-11-26 18:35:52,2025-11-26 18:35:52,NE
24137,sleeper.com,Week 13,Harrison,Butker,K,9.6,2025-11-26 18:35:52,2025-11-26 18:35:52,KC
24138,sleeper.com,Week 13,Zach,Ertz,TE,9.6,2025-11-26 18:35:52,2025-11-26 18:35:52,WAS
24139,sleeper.com,Week 13,Christian,Watson,WR,9.6,2025-11-26 18:35:52,2025-11-26 18:35:52,GB
24624,espn.com,Week 13,DJ,Moore,WR,9.6,2025-11-26 18:36:55,2025-11-26 18:36:55,CHI
24640,espn.com,Week 13,Dalton,Kincaid,TE,9.6,2025-11-26 18:36:55,2025-11-26 18:36:55,BUF
24854,fantasypros.com,Week 13,Rome,Odunze,WR,9.6,2025-11-26 18:38:08,2025-11-26 18:38:08,CHI
25041,fantasypros.com,Week 13,Jason,Myers,K,9.6,2025-11-26 18:38:08,2025-11-26 18:38:08,SEA
25761,sleeper.com,Week 14,Cade,Otton,TE,9.6,2025-12-03 01:52:43,2025-12-03 01:52:43,TB
25762,sleeper.com,Week 14,DJ,Moore,WR,9.6,2025-12-03 01:52:43,2025-12-03 01:52:43,CHI
25763,sleeper.com,Week 14,Xavier,Worthy,WR,9.6,2025-12-03 01:52:43,2025-12-03 01:52:43,KC
26213,fantasypros.com,Week 14,Seattle Seahawks,Defense,DST,9.6,2025-12-03 01:54:53,2025-12-03 03:06:17,SEA
26337,fanduel.com,Week 14,Dontayvion,Wicks,WR,9.6,2025-12-03 01:55:37,2025-12-03 03:57:34,GB
27146,fantasypros.com,Week 14,DJ,Moore,WR,9.6,2025-12-03 02:17:53,2025-12-03 03:06:17,CHI
27147,fantasypros.com,Week 14,Darnell,Mooney,WR,9.6,2025-12-03 02:17:53,2025-12-03 03:06:17,ATL
29652,espn.com,Week 14,Kyle,Pitts Sr.,TE,9.6,2025-12-03 05:22:56,2025-12-03 05:22:56,ATL
29653,espn.com,Week 14,Harold,Fannin Jr.,TE,9.6,2025-12-03 05:22:56,2025-12-03 05:22:56,CLE
26338,fanduel.com,Week 14,Tony,Pollard,RB,9.59,2025-12-03 01:55:37,2025-12-03 03:57:34,TEN
18870,fanduel.com,Week 12,D.J.,Moore,WR,9.56,2025-11-20 17:52:44,2025-11-20 18:02:18,CHI
18871,fanduel.com,Week 12,Tony,Pollard,RB,9.56,2025-11-20 17:52:44,2025-11-20 18:02:18,TEN
14830,fanduel.com,Week 10,Jakobi,Meyers,WR,9.53,2025-11-07 00:48:09,2025-11-07 00:51:07,JAX
25219,fanduel.com,Week 13,Mike,Gesicki,TE,9.52,2025-11-26 18:38:36,2025-11-26 18:38:36,CIN
26336,fanduel.com,Week 14,Jake,Ferguson,TE,9.52,2025-12-03 01:55:37,2025-12-03 03:57:34,DAL
15307,sleeper.com,Week 10,Jakobi,Meyers,WR,9.5,2025-11-07 00:48:26,2025-11-07 00:48:26,JAX
15736,espn.com,Week 10,Tez,Johnson,WR,9.5,2025-11-07 00:49:32,2025-11-07 00:49:32,TB
15759,espn.com,Week 10,Zach,Ertz,TE,9.5,2025-11-07 00:49:32,2025-11-07 00:51:07,WAS
16040,fantasypros.com,Week 10,Olamide,Zaccheaus,WR,9.5,2025-11-07 00:50:27,2025-11-07 00:50:27,CHI
16213,fantasypros.com,Week 10,Cleveland Browns,Defense,DST,9.5,2025-11-07 00:50:27,2025-11-07 00:50:27,CLE
16339,firstdown.studio,Week 10,Quentin,Johnston,WR,9.5,2025-11-07 00:50:48,2025-11-07 00:50:48,LAC
16509,sleeper.com,Week 11,Cameron,Dicker,K,9.5,2025-11-13 05:18:19,2025-11-13 05:18:19,LAC
16510,sleeper.com,Week 11,Hunter,Henry,TE,9.5,2025-11-13 05:18:19,2025-11-13 05:18:19,NE
16983,espn.com,Week 11,Rashid,Shaheed,WR,9.5,2025-11-13 05:19:16,2025-11-13 05:19:16,SEA
17129,fantasypros.com,Week 11,Jaxson,Dart,QB,9.5,2025-11-13 05:20:49,2025-11-13 05:20:49,NYG
17317,fantasypros.com,Week 11,Colston,Loveland,TE,9.5,2025-11-13 05:20:49,2025-11-13 05:20:49,CHI
17396,fantasypros.com,Week 11,Baltimore Ravens,Defense,DST,9.5,2025-11-13 05:20:49,2025-11-13 05:20:49,BAL
17532,firstdown.studio,Week 11,Sam,LaPorta,TE,9.5,2025-11-13 05:21:09,2025-11-13 05:21:09,DET
18207,sleeper.com,Week 12,Zonovan,Knight,RB,9.5,2025-11-20 17:45:26,2025-11-20 17:59:20,ARI
18208,sleeper.com,Week 12,Tyler,Loop,K,9.5,2025-11-20 17:45:26,2025-11-20 17:59:20,BAL
18648,espn.com,Week 12,Darius,Slayton,WR,9.5,2025-11-20 17:46:24,2025-11-20 18:00:16,NYG
18649,espn.com,Week 12,Andrei,Iosivas,WR,9.5,2025-11-20 17:46:24,2025-11-20 18:00:16,CIN
20108,fantasypros.com,Week 12,Tre,Tucker,WR,9.5,2025-11-20 18:01:42,2025-11-20 18:01:42,LV
20227,fantasypros.com,Week 12,Colston,Loveland,TE,9.5,2025-11-20 18:01:42,2025-11-20 18:01:42,CHI
20316,fantasypros.com,Week 12,Baltimore Ravens,Defense,DST,9.5,2025-11-20 18:01:42,2025-11-20 18:01:42,BAL
24140,sleeper.com,Week 13,Dalton,Kincaid,TE,9.5,2025-11-26 18:35:52,2025-11-26 18:35:52,BUF
24141,sleeper.com,Week 13,Tyler,Loop,K,9.5,2025-11-26 18:35:52,2025-11-26 18:35:52,BAL
24142,sleeper.com,Week 13,Jake,Bates,K,9.5,2025-11-26 18:35:52,2025-11-26 18:35:52,DET
24773,fantasypros.com,Week 13,Max,Brosmer,QB,9.5,2025-11-26 18:38:08,2025-11-26 18:38:08,MIN
24981,fantasypros.com,Week 13,Colston,Loveland,TE,9.5,2025-11-26 18:38:08,2025-11-26 18:38:08,CHI
25074,fantasypros.com,Week 13,Denver Broncos,Defense,DST,9.5,2025-11-26 18:38:08,2025-11-26 18:38:08,DEN
25764,sleeper.com,Week 14,Kimani,Vidal,RB,9.5,2025-12-03 01:52:43,2025-12-03 01:52:43,LAC
25765,sleeper.com,Week 14,Chase,McLaughlin,K,9.5,2025-12-03 01:52:43,2025-12-03 01:52:43,TB
26165,fantasypros.com,Week 14,Oronde,Gadsden II,TE,9.5,2025-12-03 01:54:53,2025-12-03 03:06:17,LAC
26166,fantasypros.com,Week 14,Juwan,Johnson,TE,9.5,2025-12-03 01:54:53,2025-12-03 03:06:17,NO
26167,fantasypros.com,Week 14,Harold,Fannin Jr.,TE,9.5,2025-12-03 01:54:53,2025-12-03 03:06:17,CLE
29249,espn.com,Week 14,Troy,Franklin,WR,9.5,2025-12-03 04:47:06,2025-12-03 05:22:56,DEN
29250,espn.com,Week 14,Chimere,Dike,WR,9.5,2025-12-03 04:47:06,2025-12-03 05:22:56,TEN
29251,espn.com,Week 14,Josh,Downs,WR,9.5,2025-12-03 04:47:06,2025-12-03 05:22:56,IND
14831,fanduel.com,Week 10,Kyle,Pitts,TE,9.47,2025-11-07 00:48:09,2025-11-07 00:48:09,ATL
25220,fanduel.com,Week 13,Jacory,Croskey-Merritt,RB,9.47,2025-11-26 18:38:36,2025-11-26 18:38:36,WAS
25221,fanduel.com,Week 13,Dallas,Goedert,TE,9.46,2025-11-26 18:38:36,2025-11-26 18:38:36,PHI
17709,fanduel.com,Week 11,Kenneth,Gainwell,RB,9.45,2025-11-13 05:21:22,2025-11-13 05:21:22,PIT
17710,fanduel.com,Week 11,Kyle,Pitts,TE,9.42,2025-11-13 05:21:22,2025-11-13 05:21:22,ATL
18872,fanduel.com,Week 12,Cade,Otton,TE,9.42,2025-11-20 17:52:44,2025-11-20 18:02:18,TB
18873,fanduel.com,Week 12,Josh,Downs,WR,9.41,2025-11-20 17:52:44,2025-11-20 18:02:18,IND
15308,sleeper.com,Week 10,Parker,Washington,WR,9.4,2025-11-07 00:48:26,2025-11-07 00:48:26,JAX
15309,sleeper.com,Week 10,T.J.,Hockenson,TE,9.4,2025-11-07 00:48:26,2025-11-07 00:48:26,MIN
15310,sleeper.com,Week 10,Devin,Singletary,RB,9.4,2025-11-07 00:48:26,2025-11-07 00:48:26,NYG
15311,sleeper.com,Week 10,RJ,Harvey,RB,9.4,2025-11-07 00:48:26,2025-11-07 00:48:26,DEN
15312,sleeper.com,Week 10,Harold,Fannin,TE,9.4,2025-11-07 00:48:26,2025-11-07 00:48:26,CLE
15675,espn.com,Week 10,Jacory,Croskey-Merritt,RB,9.4,2025-11-07 00:49:32,2025-11-07 00:51:07,WAS
15760,espn.com,Week 10,Dalton,Schultz,TE,9.4,2025-11-07 00:49:32,2025-11-07 00:49:32,HOU
16041,fantasypros.com,Week 10,Rashid,Shaheed,WR,9.4,2025-11-07 00:50:27,2025-11-07 00:50:27,SEA
16173,fantasypros.com,Week 10,Theo,Johnson,TE,9.4,2025-11-07 00:50:27,2025-11-07 00:50:27,NYG
16189,fantasypros.com,Week 10,Jake,Bates,K,9.4,2025-11-07 00:50:27,2025-11-07 00:50:27,DET
16333,firstdown.studio,Week 10,Bam,Knight,RB,9.4,2025-11-07 00:50:48,2025-11-07 00:50:48,ARI
16344,firstdown.studio,Week 10,Josh,Downs,WR,9.4,2025-11-07 00:50:48,2025-11-07 00:50:48,IND
16511,sleeper.com,Week 11,Calvin,Austin,WR,9.4,2025-11-13 05:18:19,2025-11-13 05:18:19,PIT
16512,sleeper.com,Week 11,Matt,Prater,K,9.4,2025-11-13 05:18:19,2025-11-13 05:18:19,BUF
16513,sleeper.com,Week 11,Daniel,Carlson,K,9.4,2025-11-13 05:18:19,2025-11-13 05:18:19,LV
16984,espn.com,Week 11,Parker,Washington,WR,9.4,2025-11-13 05:19:16,2025-11-13 05:19:16,JAX
17372,fantasypros.com,Week 11,Eddy,Pineiro,K,9.4,2025-11-13 05:20:49,2025-11-13 05:20:49,SF
18209,sleeper.com,Week 12,Matt,Gay,K,9.4,2025-11-20 17:45:26,2025-11-20 17:59:20,SF
18210,sleeper.com,Week 12,Christian,Watson,WR,9.4,2025-11-20 17:45:26,2025-11-20 17:59:20,GB
18211,sleeper.com,Week 12,Cam,Little,K,9.4,2025-11-20 17:45:26,2025-11-20 17:59:20,JAX
18672,espn.com,Week 12,Cade,Otton,TE,9.4,2025-11-20 17:46:24,2025-11-20 18:00:16,TB
18673,espn.com,Week 12,Theo,Johnson,TE,9.4,2025-11-20 17:46:24,2025-11-20 18:00:16,NYG
18874,fanduel.com,Week 12,David,Njoku,TE,9.4,2025-11-20 17:52:44,2025-11-20 18:02:18,CLE
20109,fantasypros.com,Week 12,DJ,Moore,WR,9.4,2025-11-20 18:01:42,2025-11-20 18:01:42,CHI
20286,fantasypros.com,Week 12,Jake,Bates,K,9.4,2025-11-20 18:01:42,2025-11-20 18:01:42,DET
24143,sleeper.com,Week 13,Cade,Otton,TE,9.4,2025-11-26 18:35:52,2025-11-26 18:35:52,TB
24144,sleeper.com,Week 13,John,Metchie,WR,9.4,2025-11-26 18:35:52,2025-11-26 18:35:52,NYJ
24145,sleeper.com,Week 13,Tyjae,Spears,RB,9.4,2025-11-26 18:35:52,2025-11-26 18:35:52,TEN
24146,sleeper.com,Week 13,David,Njoku,TE,9.4,2025-11-26 18:35:52,2025-11-26 18:35:52,CLE
25042,fantasypros.com,Week 13,Cam,Little,K,9.4,2025-11-26 18:38:08,2025-11-26 18:38:08,JAX
25766,sleeper.com,Week 14,Kyle,Monangai,RB,9.4,2025-12-03 01:52:43,2025-12-03 01:52:43,CHI
26168,fantasypros.com,Week 14,Mark,Andrews,TE,9.4,2025-12-03 01:54:53,2025-12-03 03:06:17,BAL
29654,espn.com,Week 14,Zach,Ertz,TE,9.4,2025-12-03 05:22:56,2025-12-03 05:22:56,WAS
29655,espn.com,Week 14,Dallas,Goedert,TE,9.4,2025-12-03 05:22:56,2025-12-03 05:22:56,PHI
17711,fanduel.com,Week 11,Malik,Washington,WR,9.37,2025-11-13 05:21:22,2025-11-13 05:21:22,MIA
26341,fanduel.com,Week 14,Isaac,TeSlaa,WR,9.33,2025-12-03 01:55:37,2025-12-03 03:57:34,DET
26339,fanduel.com,Week 14,Jakobi,Meyers,WR,9.31,2025-12-03 01:55:37,2025-12-03 03:57:34,JAX
26342,fanduel.com,Week 14,Dalton,Schultz,TE,9.31,2025-12-03 01:55:37,2025-12-03 03:57:34,HOU
15313,sleeper.com,Week 10,Theo,Johnson,TE,9.3,2025-11-07 00:48:26,2025-11-07 00:48:26,NYG
15314,sleeper.com,Week 10,Darnell,Mooney,WR,9.3,2025-11-07 00:48:26,2025-11-07 00:48:26,ATL
16174,fantasypros.com,Week 10,Zach,Ertz,TE,9.3,2025-11-07 00:50:27,2025-11-07 00:50:27,WAS
16175,fantasypros.com,Week 10,Cade,Otton,TE,9.3,2025-11-07 00:50:27,2025-11-07 00:50:27,TB
16343,firstdown.studio,Week 10,Dalton,Kincaid,TE,9.3,2025-11-07 00:50:48,2025-11-07 00:50:48,BUF
16349,firstdown.studio,Week 10,Harold,Fannin,TE,9.3,2025-11-07 00:50:48,2025-11-07 00:50:48,CLE
16514,sleeper.com,Week 11,T.J.,Hockenson,TE,9.3,2025-11-13 05:18:19,2025-11-13 05:18:19,MIN
16515,sleeper.com,Week 11,Theo,Johnson,TE,9.3,2025-11-13 05:18:19,2025-11-13 05:18:19,NYG
16921,espn.com,Week 11,Terrell,Jennings,RB,9.3,2025-11-13 05:19:16,2025-11-13 05:19:16,NE
16922,espn.com,Week 11,Tony,Pollard,RB,9.3,2025-11-13 05:19:16,2025-11-13 05:19:16,TEN
16985,espn.com,Week 11,Darnell,Mooney,WR,9.3,2025-11-13 05:19:16,2025-11-13 05:19:16,ATL
17002,espn.com,Week 11,Mark,Andrews,TE,9.3,2025-11-13 05:19:16,2025-11-13 05:19:16,BAL
17518,firstdown.studio,Week 11,Emari,Demercado,RB,9.3,2025-11-13 05:21:09,2025-11-13 05:21:09,ARI
17531,firstdown.studio,Week 11,Oronde,Gadsden,TE,9.3,2025-11-13 05:21:09,2025-11-13 05:21:09,LAC
18212,sleeper.com,Week 12,Mack,Hollins,WR,9.3,2025-11-20 17:45:26,2025-11-20 17:59:20,NE
18213,sleeper.com,Week 12,Cooper,Kupp,WR,9.3,2025-11-20 17:45:26,2025-11-20 17:59:20,SEA
18214,sleeper.com,Week 12,Josh,Downs,WR,9.3,2025-11-20 17:45:26,2025-11-20 17:59:20,IND
20110,fantasypros.com,Week 12,Jerry,Jeudy,WR,9.3,2025-11-20 18:01:42,2025-11-20 18:01:42,CLE
24147,sleeper.com,Week 13,Chris,Rodriguez,RB,9.3,2025-11-26 18:35:52,2025-11-26 18:35:52,WAS
24148,sleeper.com,Week 13,Chris,Boswell,K,9.3,2025-11-26 18:35:52,2025-11-26 18:35:52,PIT
24149,sleeper.com,Week 13,Josh,Downs,WR,9.3,2025-11-26 18:35:52,2025-11-26 18:35:52,IND
24563,espn.com,Week 13,Kareem,Hunt,RB,9.3,2025-11-26 18:36:55,2025-11-26 18:36:55,KC
25767,sleeper.com,Week 14,Devin,Neal,RB,9.3,2025-12-03 01:52:43,2025-12-03 01:52:43,NO
25768,sleeper.com,Week 14,Romeo,Doubs,WR,9.3,2025-12-03 01:52:43,2025-12-03 01:52:43,GB
26169,fantasypros.com,Week 14,Colston,Loveland,TE,9.3,2025-12-03 01:54:53,2025-12-03 03:06:17,CHI
27017,fantasypros.com,Week 14,Geno,Smith,QB,9.3,2025-12-03 02:17:53,2025-12-03 03:06:17,LV
27050,fantasypros.com,Week 14,Kimani,Vidal,RB,9.3,2025-12-03 02:17:53,2025-12-03 03:06:17,LAC
27148,fantasypros.com,Week 14,Jordan,Addison,WR,9.3,2025-12-03 02:17:53,2025-12-03 03:06:17,MIN
29252,espn.com,Week 14,Tre,Tucker,WR,9.3,2025-12-03 04:47:06,2025-12-03 05:22:56,LV
29656,espn.com,Week 14,Oronde,Gadsden,TE,9.3,2025-12-03 05:22:56,2025-12-03 05:22:56,LAC
14832,fanduel.com,Week 10,Christian,Watson,WR,9.28,2025-11-07 00:48:09,2025-11-07 00:48:09,GB
17712,fanduel.com,Week 11,Christian,Kirk,WR,9.27,2025-11-13 05:21:22,2025-11-13 05:21:22,HOU
26343,fanduel.com,Week 14,Mark,Andrews,TE,9.25,2025-12-03 01:55:37,2025-12-03 03:57:34,BAL
25222,fanduel.com,Week 13,Brian,Thomas Jr.,WR,9.23,2025-11-26 18:38:36,2025-11-26 18:38:36,JAX
26344,fanduel.com,Week 14,Jerry,Jeudy,WR,9.23,2025-12-03 01:55:37,2025-12-03 03:57:34,CLE
15315,sleeper.com,Week 10,Kyle,Monangai,RB,9.2,2025-11-07 00:48:26,2025-11-07 00:48:26,CHI
15316,sleeper.com,Week 10,Kendrick,Bourne,WR,9.2,2025-11-07 00:48:26,2025-11-07 00:48:26,SF
15737,espn.com,Week 10,Malik,Washington,WR,9.2,2025-11-07 00:49:32,2025-11-07 00:49:32,MIA
15761,espn.com,Week 10,David,Njoku,TE,9.2,2025-11-07 00:49:32,2025-11-07 00:49:32,CLE
16190,fantasypros.com,Week 10,Michael,Badgley,K,9.2,2025-11-07 00:50:27,2025-11-07 00:50:27,IND
16214,fantasypros.com,Week 10,Houston Texans,Defense,DST,9.2,2025-11-07 00:50:27,2025-11-07 00:50:27,HOU
16516,sleeper.com,Week 11,Harrison,Butker,K,9.2,2025-11-13 05:18:19,2025-11-13 05:18:19,KC
16517,sleeper.com,Week 11,Calvin,Ridley,WR,9.2,2025-11-13 05:18:19,2025-11-13 05:18:19,TEN
16518,sleeper.com,Week 11,Will,Reichard,K,9.2,2025-11-13 05:18:19,2025-11-13 05:18:19,MIN
16519,sleeper.com,Week 11,Tyjae,Spears,RB,9.2,2025-11-13 05:18:19,2025-11-13 05:18:19,TEN
16520,sleeper.com,Week 11,Keon,Coleman,WR,9.2,2025-11-13 05:18:19,2025-11-13 05:18:19,BUF
16521,sleeper.com,Week 11,Harold,Fannin,TE,9.2,2025-11-13 05:18:19,2025-11-13 05:18:19,CLE
16986,espn.com,Week 11,Tez,Johnson,WR,9.2,2025-11-13 05:19:16,2025-11-13 05:19:16,TB
17003,espn.com,Week 11,Harold,Fannin Jr.,TE,9.2,2025-11-13 05:19:16,2025-11-13 05:19:16,CLE
17190,fantasypros.com,Week 11,Tyrone,Tracy Jr.,RB,9.2,2025-11-13 05:20:49,2025-11-13 05:20:49,NYG
17318,fantasypros.com,Week 11,Zach,Ertz,TE,9.2,2025-11-13 05:20:49,2025-11-13 05:20:49,WAS
17373,fantasypros.com,Week 11,Chase,McLaughlin,K,9.2,2025-11-13 05:20:49,2025-11-13 05:20:49,TB
17397,fantasypros.com,Week 11,Green Bay Packers,Defense,DST,9.2,2025-11-13 05:20:49,2025-11-13 05:20:49,GB
17519,firstdown.studio,Week 11,David,Montgomery,RB,9.2,2025-11-13 05:21:09,2025-11-13 05:21:09,DET
17523,firstdown.studio,Week 11,Tony,Pollard,RB,9.2,2025-11-13 05:21:09,2025-11-13 05:21:09,TEN
17543,firstdown.studio,Week 11,Mason,Taylor,TE,9.2,2025-11-13 05:21:09,2025-11-13 05:21:09,NYJ
18215,sleeper.com,Week 12,Andrei,Iosivas,WR,9.2,2025-11-20 17:45:26,2025-11-20 17:59:20,CIN
18216,sleeper.com,Week 12,Chris,Boswell,K,9.2,2025-11-20 17:45:26,2025-11-20 17:59:20,PIT
18217,sleeper.com,Week 12,Tyjae,Spears,RB,9.2,2025-11-20 17:45:26,2025-11-20 17:59:20,TEN
18218,sleeper.com,Week 12,Harold,Fannin,TE,9.2,2025-11-20 17:45:26,2025-11-20 17:59:20,CLE
18674,espn.com,Week 12,Juwan,Johnson,TE,9.2,2025-11-20 17:46:24,2025-11-20 18:00:16,NO
20111,fantasypros.com,Week 12,Mack,Hollins,WR,9.2,2025-11-20 18:01:42,2025-11-20 18:01:42,NE
20112,fantasypros.com,Week 12,Josh,Downs,WR,9.2,2025-11-20 18:01:42,2025-11-20 18:01:42,IND
20287,fantasypros.com,Week 12,Chris,Boswell,K,9.2,2025-11-20 18:01:42,2025-11-20 18:01:42,PIT
20317,fantasypros.com,Week 12,Green Bay Packers,Defense,DST,9.2,2025-11-20 18:01:42,2025-11-20 18:01:42,GB
24150,sleeper.com,Week 13,Parker,Washington,WR,9.2,2025-11-26 18:35:52,2025-11-26 18:35:52,JAX
24151,sleeper.com,Week 13,Jake,Elliott,K,9.2,2025-11-26 18:35:52,2025-11-26 18:35:52,PHI
24152,sleeper.com,Week 13,Cam,Little,K,9.2,2025-11-26 18:35:52,2025-11-26 18:35:52,JAX
24153,sleeper.com,Week 13,Aaron,Jones,RB,9.2,2025-11-26 18:35:52,2025-11-26 18:35:52,MIN
24710,espn.com,Week 13,Chargers D/ST,Defense,DST,9.2,2025-11-26 18:36:55,2025-11-26 18:36:55,LAC
24855,fantasypros.com,Week 13,Troy,Franklin,WR,9.2,2025-11-26 18:38:08,2025-11-26 18:38:08,DEN
24982,fantasypros.com,Week 13,Harold,Fannin Jr.,TE,9.2,2025-11-26 18:38:08,2025-11-26 18:38:08,CLE
25043,fantasypros.com,Week 13,Cameron,Dicker,K,9.2,2025-11-26 18:38:08,2025-11-26 18:38:08,LAC
25075,fantasypros.com,Week 13,Los Angeles Rams,Defense,DST,9.2,2025-11-26 18:38:08,2025-11-26 18:38:08,LAR
27051,fantasypros.com,Week 14,Kenneth,Gainwell,RB,9.2,2025-12-03 02:17:53,2025-12-03 03:06:17,PIT
29253,espn.com,Week 14,Kalif,Raymond,WR,9.2,2025-12-03 04:47:06,2025-12-03 05:22:56,DET
18875,fanduel.com,Week 12,Elic,Ayomanor,WR,9.18,2025-11-20 17:52:44,2025-11-20 18:02:18,TEN
18876,fanduel.com,Week 12,Dallas,Goedert,TE,9.18,2025-11-20 17:52:44,2025-11-20 18:02:18,PHI
25223,fanduel.com,Week 13,Dalton,Kincaid,TE,9.18,2025-11-26 18:38:36,2025-11-26 18:38:36,BUF
14833,fanduel.com,Week 10,Keon,Coleman,WR,9.15,2025-11-07 00:48:09,2025-11-07 00:48:09,BUF
17713,fanduel.com,Week 11,Calvin,Austin III,WR,9.14,2025-11-13 05:21:22,2025-11-13 05:21:22,PIT
17714,fanduel.com,Week 11,Elic,Ayomanor,WR,9.13,2025-11-13 05:21:22,2025-11-13 05:21:22,TEN
25224,fanduel.com,Week 13,Baker,Mayfield,QB,9.11,2025-11-26 18:38:36,2025-11-26 18:38:36,TB
26345,fanduel.com,Week 14,Oronde,Gadsden,TE,9.11,2025-12-03 01:55:37,2025-12-03 03:57:34,LAC
15317,sleeper.com,Week 10,Christian,Watson,WR,9.1,2025-11-07 00:48:26,2025-11-07 00:48:26,GB
15318,sleeper.com,Week 10,Chris,Boswell,K,9.1,2025-11-07 00:48:26,2025-11-07 00:48:26,PIT
15738,espn.com,Week 10,Olamide,Zaccheaus,WR,9.1,2025-11-07 00:49:32,2025-11-07 00:49:32,CHI
15739,espn.com,Week 10,Christian,Kirk,WR,9.1,2025-11-07 00:49:32,2025-11-07 00:49:32,HOU
16042,fantasypros.com,Week 10,Jakobi,Meyers,WR,9.1,2025-11-07 00:50:27,2025-11-07 00:51:07,JAX
16043,fantasypros.com,Week 10,Malik,Washington,WR,9.1,2025-11-07 00:50:27,2025-11-07 00:50:27,MIA
16340,firstdown.studio,Week 10,Rashid,Shaheed,WR,9.1,2025-11-07 00:50:48,2025-11-07 00:50:48,SEA
16342,firstdown.studio,Week 10,Darius,Slayton,WR,9.1,2025-11-07 00:50:48,2025-11-07 00:50:48,NYG
16347,firstdown.studio,Week 10,Hunter,Henry,TE,9.1,2025-11-07 00:50:48,2025-11-07 00:50:48,NE
16350,firstdown.studio,Week 10,Dalton,Schultz,TE,9.1,2025-11-07 00:50:48,2025-11-07 00:50:48,HOU
16351,firstdown.studio,Week 10,Zach,Ertz,TE,9.1,2025-11-07 00:50:48,2025-11-07 00:50:48,WAS
16522,sleeper.com,Week 11,Malik,Washington,WR,9.1,2025-11-13 05:18:19,2025-11-13 05:18:19,MIA
16523,sleeper.com,Week 11,Mark,Andrews,TE,9.1,2025-11-13 05:18:19,2025-11-13 05:18:19,BAL
16987,espn.com,Week 11,Christian,Watson,WR,9.1,2025-11-13 05:19:16,2025-11-13 05:19:16,GB
17537,firstdown.studio,Week 11,Hunter,Henry,TE,9.1,2025-11-13 05:21:09,2025-11-13 05:21:09,NE
18219,sleeper.com,Week 12,Chris,Godwin,WR,9.1,2025-11-20 17:45:26,2025-11-20 17:59:20,TB
18220,sleeper.com,Week 12,Jake,Elliott,K,9.1,2025-11-20 17:45:26,2025-11-20 17:59:20,PHI
18221,sleeper.com,Week 12,Mark,Andrews,TE,9.1,2025-11-20 17:45:26,2025-11-20 17:59:20,BAL
19996,fantasypros.com,Week 12,Zonovan,Knight,RB,9.1,2025-11-20 18:01:42,2025-11-20 18:01:42,ARI
24154,sleeper.com,Week 13,Chase,McLaughlin,K,9.1,2025-11-26 18:35:52,2025-11-26 18:35:52,TB
24155,sleeper.com,Week 13,Chimere,Dike,WR,9.1,2025-11-26 18:35:52,2025-11-26 18:35:52,TEN
24156,sleeper.com,Week 13,Darnell,Mooney,WR,9.1,2025-11-26 18:35:52,2025-11-26 18:35:52,ATL
24157,sleeper.com,Week 13,David,Montgomery,RB,9.1,2025-11-26 18:35:52,2025-11-26 18:35:52,DET
24158,sleeper.com,Week 13,Dalton,Schultz,TE,9.1,2025-11-26 18:35:52,2025-11-26 18:35:52,HOU
24527,espn.com,Week 13,Max,Brosmer,QB,9.1,2025-11-26 18:36:55,2025-11-26 18:36:55,MIN
25769,sleeper.com,Week 14,Tyjae,Spears,RB,9.1,2025-12-03 01:52:43,2025-12-03 01:52:43,TEN
25770,sleeper.com,Week 14,Mason,Taylor,TE,9.1,2025-12-03 01:52:43,2025-12-03 01:52:43,NYJ
25771,sleeper.com,Week 14,Josh,Downs,WR,9.1,2025-12-03 01:52:43,2025-12-03 01:52:43,IND
25772,sleeper.com,Week 14,Jordan,Addison,WR,9.1,2025-12-03 01:52:43,2025-12-03 01:52:43,MIN
29254,espn.com,Week 14,DJ,Moore,WR,9.1,2025-12-03 04:47:06,2025-12-03 05:22:56,CHI
29657,espn.com,Week 14,AJ,Barner,TE,9.1,2025-12-03 05:22:56,2025-12-03 05:22:56,SEA
29658,espn.com,Week 14,Mark,Andrews,TE,9.1,2025-12-03 05:22:56,2025-12-03 05:22:56,BAL
25225,fanduel.com,Week 13,Van,Jefferson,WR,9.09,2025-11-26 18:38:36,2025-11-26 18:38:36,TEN
14834,fanduel.com,Week 10,Christian,Kirk,WR,9.08,2025-11-07 00:48:09,2025-11-07 00:48:09,HOU
17715,fanduel.com,Week 11,Jordan,Mason,RB,9.08,2025-11-13 05:21:22,2025-11-13 05:21:22,MIN
14835,fanduel.com,Week 10,D.J.,Moore,WR,9.07,2025-11-07 00:48:09,2025-11-07 00:48:09,CHI
14836,fanduel.com,Week 10,Kyle,Monangai,RB,9.07,2025-11-07 00:48:09,2025-11-07 00:48:09,CHI
18877,fanduel.com,Week 12,Andrei,Iosivas,WR,9.06,2025-11-20 17:52:44,2025-11-20 18:02:18,CIN
25226,fanduel.com,Week 13,Jake,Ferguson,TE,9.05,2025-11-26 18:38:36,2025-11-26 18:38:36,DAL
26340,fanduel.com,Week 14,Justin,Herbert,QB,9.04,2025-12-03 01:55:37,2025-12-03 03:57:34,LAC
14837,fanduel.com,Week 10,Mason,Taylor,TE,9.0,2025-11-07 00:48:09,2025-11-07 00:48:09,NYJ
15319,sleeper.com,Week 10,Chase,McLaughlin,K,9.0,2025-11-07 00:48:26,2025-11-07 00:48:26,TB
15320,sleeper.com,Week 10,Matt,Prater,K,9.0,2025-11-07 00:48:26,2025-11-07 00:48:26,BUF
15321,sleeper.com,Week 10,Wil,Lutz,K,9.0,2025-11-07 00:48:26,2025-11-07 00:48:26,DEN
15740,espn.com,Week 10,DeMario,Douglas,WR,9.0,2025-11-07 00:49:32,2025-11-07 00:49:32,NE
16044,fantasypros.com,Week 10,Christian,Watson,WR,9.0,2025-11-07 00:50:27,2025-11-07 00:50:27,GB
16176,fantasypros.com,Week 10,Mark,Andrews,TE,9.0,2025-11-07 00:50:27,2025-11-07 00:50:27,BAL
16177,fantasypros.com,Week 10,Juwan,Johnson,TE,9.0,2025-11-07 00:50:27,2025-11-07 00:50:27,NO
16191,fantasypros.com,Week 10,Matt,Prater,K,9.0,2025-11-07 00:50:27,2025-11-07 00:50:27,BUF
16215,fantasypros.com,Week 10,Detroit Lions,Defense,DST,9.0,2025-11-07 00:50:27,2025-11-07 00:50:27,DET
16345,firstdown.studio,Week 10,Colston,Loveland,TE,9.0,2025-11-07 00:50:48,2025-11-07 00:50:48,CHI
16524,sleeper.com,Week 11,Christian,Watson,WR,9.0,2025-11-13 05:18:19,2025-11-13 05:18:19,GB
16525,sleeper.com,Week 11,Jake,Bates,K,9.0,2025-11-13 05:18:19,2025-11-13 05:18:19,DET
16923,espn.com,Week 11,Tyjae,Spears,RB,9.0,2025-11-13 05:19:16,2025-11-13 05:19:16,TEN
17038,espn.com,Week 11,Chris,Boswell,K,9.0,2025-11-13 05:19:16,2025-11-13 05:19:16,PIT
17130,fantasypros.com,Week 11,Russell,Wilson,QB,9.0,2025-11-13 05:20:49,2025-11-13 05:20:49,NYG
17374,fantasypros.com,Week 11,Tyler,Loop,K,9.0,2025-11-13 05:20:49,2025-11-13 05:20:49,BAL
17398,fantasypros.com,Week 11,Atlanta Falcons,Defense,DST,9.0,2025-11-13 05:20:49,2025-11-13 05:20:49,ATL
17538,firstdown.studio,Week 11,Keon,Coleman,WR,9.0,2025-11-13 05:21:09,2025-11-13 05:21:09,BUF
17542,firstdown.studio,Week 11,Jerry,Jeudy,WR,9.0,2025-11-13 05:21:09,2025-11-13 05:21:09,CLE
18222,sleeper.com,Week 12,Parker,Washington,WR,9.0,2025-11-20 17:45:26,2025-11-20 17:59:20,JAX
18223,sleeper.com,Week 12,Theo,Johnson,TE,9.0,2025-11-20 17:45:26,2025-11-20 17:59:20,NYG
18224,sleeper.com,Week 12,Matt,Prater,K,9.0,2025-11-20 17:45:26,2025-11-20 17:59:20,BUF
18225,sleeper.com,Week 12,DJ,Moore,WR,9.0,2025-11-20 17:45:26,2025-11-20 17:59:20,CHI
18226,sleeper.com,Week 12,Mason,Taylor,TE,9.0,2025-11-20 17:45:26,2025-11-20 17:59:20,NYJ
18593,espn.com,Week 12,Isiah,Pacheco,RB,9.0,2025-11-20 17:46:24,2025-11-20 18:00:16,KC
18650,espn.com,Week 12,Jayden,Higgins,WR,9.0,2025-11-20 17:46:24,2025-11-20 18:00:16,HOU
18675,espn.com,Week 12,Mason,Taylor,TE,9.0,2025-11-20 17:46:24,2025-11-20 18:00:16,NYJ
18711,espn.com,Week 12,Andy,Borregales,K,9.0,2025-11-20 17:46:24,2025-11-20 18:00:16,NE
19997,fantasypros.com,Week 12,Sean,Tucker,RB,9.0,2025-11-20 18:01:42,2025-11-20 18:01:42,TB
20113,fantasypros.com,Week 12,Rashid,Shaheed,WR,9.0,2025-11-20 18:01:42,2025-11-20 18:01:42,SEA
20288,fantasypros.com,Week 12,Andy,Borregales,K,9.0,2025-11-20 18:01:42,2025-11-20 18:01:42,NE
20318,fantasypros.com,Week 12,Detroit Lions,Defense,DST,9.0,2025-11-20 18:01:42,2025-11-20 18:01:42,DET
24159,sleeper.com,Week 13,Theo,Johnson,TE,9.0,2025-11-26 18:35:52,2025-11-26 18:35:52,NYG
24625,espn.com,Week 13,Parker,Washington,WR,9.0,2025-11-26 18:36:55,2025-11-26 18:36:55,JAX
24626,espn.com,Week 13,Andrei,Iosivas,WR,9.0,2025-11-26 18:36:55,2025-11-26 18:36:55,CIN
24774,fantasypros.com,Week 13,Teddy,Bridgewater,QB,9.0,2025-11-26 18:38:08,2025-11-26 18:38:08,TB
25044,fantasypros.com,Week 13,Andy,Borregales,K,9.0,2025-11-26 18:38:08,2025-11-26 18:38:08,NE
25076,fantasypros.com,Week 13,Jacksonville Jaguars,Defense,DST,9.0,2025-11-26 18:38:08,2025-11-26 18:38:08,JAX
25773,sleeper.com,Week 14,Harrison,Butker,K,9.0,2025-12-03 01:52:43,2025-12-03 01:52:43,KC
25774,sleeper.com,Week 14,Matt,Prater,K,9.0,2025-12-03 01:52:43,2025-12-03 01:52:43,BUF
25775,sleeper.com,Week 14,Cam,Little,K,9.0,2025-12-03 01:52:43,2025-12-03 01:52:43,JAX
27052,fantasypros.com,Week 14,Zach,Charbonnet,RB,9.0,2025-12-03 02:17:53,2025-12-03 03:06:17,SEA
27053,fantasypros.com,Week 14,David,Montgomery,RB,9.0,2025-12-03 02:17:53,2025-12-03 03:06:17,DET
27149,fantasypros.com,Week 14,John,Metchie III,WR,9.0,2025-12-03 02:17:53,2025-12-03 03:06:17,NYJ
27150,fantasypros.com,Week 14,Tre,Tucker,WR,9.0,2025-12-03 02:17:53,2025-12-03 03:06:17,LV
27151,fantasypros.com,Week 14,Luther,Burden III,WR,9.0,2025-12-03 02:17:53,2025-12-03 03:06:17,CHI
29258,espn.com,Week 14,Jake,Bates,K,9.0,2025-12-03 04:47:06,2025-12-03 05:22:56,DET
29659,espn.com,Week 14,Brenton,Strange,TE,9.0,2025-12-03 05:22:56,2025-12-03 05:22:56,JAX
29726,espn.com,Week 14,Broncos,Defense,DST,9.0,2025-12-03 05:22:56,2025-12-03 05:22:56,DEN
18878,fanduel.com,Week 12,Tre,Tucker,WR,8.98,2025-11-20 17:52:44,2025-11-20 18:02:18,LV
25227,fanduel.com,Week 13,Drake,London,WR,8.98,2025-11-26 18:38:36,2025-11-26 18:38:36,ATL
26346,fanduel.com,Week 14,Deebo,Samuel,WR,8.98,2025-12-03 01:55:37,2025-12-03 03:57:34,WAS
14838,fanduel.com,Week 10,Rashod,Bateman,WR,8.96,2025-11-07 00:48:09,2025-11-07 00:48:09,BAL
14839,fanduel.com,Week 10,Malik,Washington,WR,8.95,2025-11-07 00:48:09,2025-11-07 00:48:09,MIA
18879,fanduel.com,Week 12,Isiah,Pacheco,RB,8.95,2025-11-20 17:52:44,2025-11-20 18:02:18,KC
25228,fanduel.com,Week 13,D.J.,Moore,WR,8.95,2025-11-26 18:38:36,2025-11-26 18:38:36,CHI
14840,fanduel.com,Week 10,Calvin,Austin III,WR,8.94,2025-11-07 00:48:09,2025-11-07 00:48:09,PIT
17716,fanduel.com,Week 11,Harold,Fannin Jr.,TE,8.93,2025-11-13 05:21:22,2025-11-13 05:21:22,CLE
15676,espn.com,Week 10,Kenneth,Gainwell,RB,8.9,2025-11-07 00:49:32,2025-11-07 00:49:32,PIT
15677,espn.com,Week 10,Nick,Chubb,RB,8.9,2025-11-07 00:49:32,2025-11-07 00:49:32,HOU
15741,espn.com,Week 10,Keon,Coleman,WR,8.9,2025-11-07 00:49:32,2025-11-07 00:49:32,BUF
15742,espn.com,Week 10,Rashod,Bateman,WR,8.9,2025-11-07 00:49:32,2025-11-07 00:49:32,BAL
15762,espn.com,Week 10,Juwan,Johnson,TE,8.9,2025-11-07 00:49:32,2025-11-07 00:49:32,NO
15793,espn.com,Week 10,Matt,Prater,K,8.9,2025-11-07 00:49:32,2025-11-07 00:49:32,BUF
15928,fantasypros.com,Week 10,Jordan,Mason,RB,8.9,2025-11-07 00:50:27,2025-11-07 00:50:27,MIN
15929,fantasypros.com,Week 10,Jacory,Croskey-Merritt,RB,8.9,2025-11-07 00:50:27,2025-11-07 00:50:27,WAS
16178,fantasypros.com,Week 10,Dalton,Schultz,TE,8.9,2025-11-07 00:50:27,2025-11-07 00:50:27,HOU
16332,firstdown.studio,Week 10,J.,Croskey-Merritt,RB,8.9,2025-11-07 00:50:48,2025-11-07 00:50:48,WAS
16341,firstdown.studio,Week 10,Tez,Johnson,WR,8.9,2025-11-07 00:50:48,2025-11-07 00:50:48,TB
16526,sleeper.com,Week 11,Jake,Elliott,K,8.9,2025-11-13 05:18:19,2025-11-13 05:18:19,PHI
16527,sleeper.com,Week 11,DJ,Moore,WR,8.9,2025-11-13 05:18:19,2025-11-13 05:18:19,CHI
16528,sleeper.com,Week 11,Tyler,Lockett,WR,8.9,2025-11-13 05:18:19,2025-11-13 05:18:19,LV
16529,sleeper.com,Week 11,Ka'imi,Fairbairn,K,8.9,2025-11-13 05:18:19,2025-11-13 05:18:19,HOU
16530,sleeper.com,Week 11,Brandon,McManus,K,8.9,2025-11-13 05:18:19,2025-11-13 05:18:19,GB
16531,sleeper.com,Week 11,Zach,Charbonnet,RB,8.9,2025-11-13 05:18:19,2025-11-13 05:18:19,SEA
16532,sleeper.com,Week 11,Tez,Johnson,WR,8.9,2025-11-13 05:18:19,2025-11-13 05:18:19,TB
16924,espn.com,Week 11,Kyle,Monangai,RB,8.9,2025-11-13 05:19:16,2025-11-13 05:19:16,CHI
17039,espn.com,Week 11,Brandon,Aubrey,K,8.9,2025-11-13 05:19:16,2025-11-13 05:19:16,DAL
17040,espn.com,Week 11,Andy,Borregales,K,8.9,2025-11-13 05:19:16,2025-11-13 05:19:16,NE
17319,fantasypros.com,Week 11,David,Njoku,TE,8.9,2025-11-13 05:20:49,2025-11-13 05:20:49,CLE
17528,firstdown.studio,Week 11,Tyjae,Spears,RB,8.9,2025-11-13 05:21:09,2025-11-13 05:21:09,TEN
18227,sleeper.com,Week 12,Rashid,Shaheed,WR,8.9,2025-11-20 17:45:26,2025-11-20 17:59:20,SEA
18228,sleeper.com,Week 12,Daniel,Carlson,K,8.9,2025-11-20 17:45:26,2025-11-20 17:59:20,LV
18229,sleeper.com,Week 12,David,Njoku,TE,8.9,2025-11-20 17:45:26,2025-11-20 17:59:20,CLE
18651,espn.com,Week 12,Jakobi,Meyers,WR,8.9,2025-11-20 17:46:24,2025-11-20 18:00:16,JAX
18712,espn.com,Week 12,Jake,Bates,K,8.9,2025-11-20 17:46:24,2025-11-20 18:00:16,DET
19998,fantasypros.com,Week 12,Tyjae,Spears,RB,8.9,2025-11-20 18:01:42,2025-11-20 18:01:42,TEN
20114,fantasypros.com,Week 12,Luther,Burden III,WR,8.9,2025-11-20 18:01:42,2025-11-20 18:01:42,CHI
24160,sleeper.com,Week 13,Matt,Prater,K,8.9,2025-11-26 18:35:52,2025-11-26 18:35:52,BUF
24161,sleeper.com,Week 13,Wil,Lutz,K,8.9,2025-11-26 18:35:52,2025-11-26 18:35:52,DEN
24627,espn.com,Week 13,Josh,Downs,WR,8.9,2025-11-26 18:36:55,2025-11-26 18:36:55,IND
24641,espn.com,Week 13,Dalton,Schultz,TE,8.9,2025-11-26 18:36:55,2025-11-26 18:36:55,HOU
24856,fantasypros.com,Week 13,Courtland,Sutton,WR,8.9,2025-11-26 18:38:08,2025-11-26 18:38:08,DEN
24983,fantasypros.com,Week 13,AJ,Barner,TE,8.9,2025-11-26 18:38:08,2025-11-26 18:38:08,SEA
25776,sleeper.com,Week 14,Cedric,Tillman,WR,8.9,2025-12-03 01:52:43,2025-12-03 01:52:43,CLE
25777,sleeper.com,Week 14,Wil,Lutz,K,8.9,2025-12-03 01:52:43,2025-12-03 01:52:43,DEN
26170,fantasypros.com,Week 14,Zach,Ertz,TE,8.9,2025-12-03 01:54:53,2025-12-03 03:06:17,WAS
26171,fantasypros.com,Week 14,Darren,Waller,TE,8.9,2025-12-03 01:54:53,2025-12-03 03:06:17,MIA
26172,fantasypros.com,Week 14,Dallas,Goedert,TE,8.9,2025-12-03 01:54:53,2025-12-03 03:06:17,PHI
27152,fantasypros.com,Week 14,Josh,Downs,WR,8.9,2025-12-03 02:17:53,2025-12-03 03:06:17,IND
29255,espn.com,Week 14,Jerry,Jeudy,WR,8.9,2025-12-03 04:47:06,2025-12-03 05:22:56,CLE
29259,espn.com,Week 14,Brandon,Aubrey,K,8.9,2025-12-03 04:47:06,2025-12-03 05:22:56,DAL
14841,fanduel.com,Week 10,George,Kittle,TE,8.86,2025-11-07 00:48:09,2025-11-07 00:48:09,SF
26374,fanduel.com,Week 14,Cooper,Kupp,WR,8.84,2025-12-03 01:55:37,2025-12-03 03:57:34,SEA
18880,fanduel.com,Week 12,Parker,Washington,WR,8.83,2025-11-20 17:52:44,2025-11-20 18:02:59,JAX
18881,fanduel.com,Week 12,Mack,Hollins,WR,8.82,2025-11-20 17:52:44,2025-11-20 18:02:18,NE
26309,fanduel.com,Week 14,Troy,Franklin,WR,8.82,2025-12-03 01:55:37,2025-12-03 03:57:34,DEN
15322,sleeper.com,Week 10,Tyler,Loop,K,8.8,2025-11-07 00:48:26,2025-11-07 00:48:26,BAL
15794,espn.com,Week 10,Jake,Bates,K,8.8,2025-11-07 00:49:32,2025-11-07 00:49:32,DET
15795,espn.com,Week 10,Cameron,Dicker,K,8.8,2025-11-07 00:49:32,2025-11-07 00:49:32,LAC
16192,fantasypros.com,Week 10,Tyler,Loop,K,8.8,2025-11-07 00:50:27,2025-11-07 00:50:27,BAL
16216,fantasypros.com,Week 10,Carolina Panthers,Defense,DST,8.8,2025-11-07 00:50:27,2025-11-07 00:50:27,CAR
16334,firstdown.studio,Week 10,Kyle,Monangai,RB,8.8,2025-11-07 00:50:48,2025-11-07 00:50:48,CHI
16354,firstdown.studio,Week 10,Malik,Washington,WR,8.8,2025-11-07 00:50:48,2025-11-07 00:50:48,MIA
16533,sleeper.com,Week 11,Chase,McLaughlin,K,8.8,2025-11-13 05:18:19,2025-11-13 05:18:19,TB
16534,sleeper.com,Week 11,Kenneth,Walker,RB,8.8,2025-11-13 05:18:19,2025-11-13 05:18:19,SEA
16535,sleeper.com,Week 11,Greg,Dortch,WR,8.8,2025-11-13 05:18:19,2025-11-13 05:18:19,ARI
16536,sleeper.com,Week 11,David,Njoku,TE,8.8,2025-11-13 05:18:19,2025-11-13 05:18:19,CLE
17191,fantasypros.com,Week 11,Kareem,Hunt,RB,8.8,2025-11-13 05:20:49,2025-11-13 05:20:49,KC
17375,fantasypros.com,Week 11,Will,Reichard,K,8.8,2025-11-13 05:20:49,2025-11-13 05:20:49,MIN
17399,fantasypros.com,Week 11,Chicago Bears,Defense,DST,8.8,2025-11-13 05:20:49,2025-11-13 05:20:49,CHI
17717,fanduel.com,Week 11,Chigoziem,Okonkwo,TE,8.8,2025-11-13 05:21:22,2025-11-13 05:21:22,TEN
18230,sleeper.com,Week 12,Chase,McLaughlin,K,8.8,2025-11-20 17:45:26,2025-11-20 17:59:20,TB
18652,espn.com,Week 12,Chimere,Dike,WR,8.8,2025-11-20 17:46:24,2025-11-20 18:00:16,TEN
18676,espn.com,Week 12,Harold,Fannin Jr.,TE,8.8,2025-11-20 17:46:24,2025-11-20 18:00:16,CLE
20289,fantasypros.com,Week 12,Cairo,Santos,K,8.8,2025-11-20 18:01:42,2025-11-20 18:01:42,CHI
20319,fantasypros.com,Week 12,Las Vegas Raiders,Defense,DST,8.8,2025-11-20 18:01:42,2025-11-20 18:01:42,LV
24642,espn.com,Week 13,Theo,Johnson,TE,8.8,2025-11-26 18:36:55,2025-11-26 18:36:55,NYG
24643,espn.com,Week 13,Brenton,Strange,TE,8.8,2025-11-26 18:36:55,2025-11-26 18:36:55,JAX
24678,espn.com,Week 13,Andy,Borregales,K,8.8,2025-11-26 18:36:55,2025-11-26 18:36:55,NE
24679,espn.com,Week 13,Brandon,Aubrey,K,8.8,2025-11-26 18:36:55,2025-11-26 18:36:55,DAL
25045,fantasypros.com,Week 13,Ka'imi,Fairbairn,K,8.8,2025-11-26 18:38:08,2025-11-26 18:38:08,HOU
25077,fantasypros.com,Week 13,Atlanta Falcons,Defense,DST,8.8,2025-11-26 18:38:08,2025-11-26 18:38:08,ATL
25778,sleeper.com,Week 14,Jerry,Jeudy,WR,8.8,2025-12-03 01:52:43,2025-12-03 01:52:43,CLE
25779,sleeper.com,Week 14,Cameron,Dicker,K,8.8,2025-12-03 01:52:43,2025-12-03 01:52:43,LAC
25780,sleeper.com,Week 14,Blake,Grupe,K,8.8,2025-12-03 01:52:43,2025-12-03 01:52:43,IND
25781,sleeper.com,Week 14,Tyler,Loop,K,8.8,2025-12-03 01:52:43,2025-12-03 01:52:43,BAL
27054,fantasypros.com,Week 14,Zonovan,Knight,RB,8.8,2025-12-03 02:17:53,2025-12-03 03:06:17,ARI
27153,fantasypros.com,Week 14,Devaughn,Vele,WR,8.8,2025-12-03 02:17:53,2025-12-03 03:06:17,NO
29260,espn.com,Week 14,Matt,Prater,K,8.8,2025-12-03 04:47:06,2025-12-03 05:22:56,BUF
18882,fanduel.com,Week 12,Harold,Fannin Jr.,TE,8.79,2025-11-20 17:52:44,2025-11-20 18:02:18,CLE
18883,fanduel.com,Week 12,Zonovan,Knight,RB,8.78,2025-11-20 17:52:44,2025-11-20 18:02:18,ARI
26377,fanduel.com,Week 14,Mason,Taylor,TE,8.75,2025-12-03 01:55:37,2025-12-03 03:57:34,NYJ
17718,fanduel.com,Week 11,Kareem,Hunt,RB,8.74,2025-11-13 05:21:22,2025-11-13 05:21:22,KC
17719,fanduel.com,Week 11,Mack,Hollins,WR,8.73,2025-11-13 05:21:22,2025-11-13 05:21:22,NE
18884,fanduel.com,Week 12,Ricky,Pearsall,WR,8.71,2025-11-20 17:52:44,2025-11-20 18:02:18,SF
15323,sleeper.com,Week 10,Kayshon,Boutte,WR,8.7,2025-11-07 00:48:26,2025-11-07 00:48:26,NE
15324,sleeper.com,Week 10,Malik,Washington,WR,8.7,2025-11-07 00:48:26,2025-11-07 00:48:26,MIA
15325,sleeper.com,Week 10,Cade,Otton,TE,8.7,2025-11-07 00:48:26,2025-11-07 00:48:26,TB
15326,sleeper.com,Week 10,Calvin,Austin,WR,8.7,2025-11-07 00:48:26,2025-11-07 00:48:26,PIT
15327,sleeper.com,Week 10,Will,Reichard,K,8.7,2025-11-07 00:48:26,2025-11-07 00:48:26,MIN
15328,sleeper.com,Week 10,Rashod,Bateman,WR,8.7,2025-11-07 00:48:26,2025-11-07 00:48:26,BAL
15329,sleeper.com,Week 10,Keon,Coleman,WR,8.7,2025-11-07 00:48:26,2025-11-07 00:48:26,BUF
15330,sleeper.com,Week 10,Dalton,Schultz,TE,8.7,2025-11-07 00:48:26,2025-11-07 00:48:26,HOU
15743,espn.com,Week 10,Matthew,Golden,WR,8.7,2025-11-07 00:49:32,2025-11-07 00:49:32,GB
15796,espn.com,Week 10,Michael,Badgley,K,8.7,2025-11-07 00:49:32,2025-11-07 00:49:32,IND
16357,firstdown.studio,Week 10,Juwan,Johnson,TE,8.7,2025-11-07 00:50:48,2025-11-07 00:50:48,NO
16537,sleeper.com,Week 11,Matt,Gay,K,8.7,2025-11-13 05:18:19,2025-11-13 05:18:19,WAS
16538,sleeper.com,Week 11,Mason,Taylor,TE,8.7,2025-11-13 05:18:19,2025-11-13 05:18:19,NYJ
16925,espn.com,Week 11,Nick,Chubb,RB,8.7,2025-11-13 05:19:16,2025-11-13 05:19:16,HOU
17041,espn.com,Week 11,Cameron,Dicker,K,8.7,2025-11-13 05:19:16,2025-11-13 05:19:16,LAC
17544,firstdown.studio,Week 11,Tez,Johnson,WR,8.7,2025-11-13 05:21:09,2025-11-13 05:21:09,TB
17547,firstdown.studio,Week 11,Michael,Wilson,WR,8.7,2025-11-13 05:21:09,2025-11-13 05:21:09,ARI
17720,fanduel.com,Week 11,Tyjae,Spears,RB,8.7,2025-11-13 05:21:22,2025-11-13 05:21:22,TEN
18231,sleeper.com,Week 12,Evan,McPherson,K,8.7,2025-11-20 17:45:26,2025-11-20 17:59:20,CIN
18677,espn.com,Week 12,Brock,Wright,TE,8.7,2025-11-20 17:46:24,2025-11-20 18:00:16,DET
18713,espn.com,Week 12,Eddy,Pineiro,K,8.7,2025-11-20 17:46:24,2025-11-20 18:00:16,SF
18714,espn.com,Week 12,Brandon,Aubrey,K,8.7,2025-11-20 17:46:24,2025-11-20 18:00:16,DAL
18715,espn.com,Week 12,Tyler,Loop,K,8.7,2025-11-20 17:46:24,2025-11-20 18:00:16,BAL
18716,espn.com,Week 12,Harrison,Mevis,K,8.7,2025-11-20 17:46:24,2025-11-20 18:00:16,LAR
20115,fantasypros.com,Week 12,Greg,Dortch,WR,8.7,2025-11-20 18:01:42,2025-11-20 18:01:42,ARI
20116,fantasypros.com,Week 12,Jayden,Higgins,WR,8.7,2025-11-20 18:01:42,2025-11-20 18:01:42,HOU
24162,sleeper.com,Week 13,Evan,McPherson,K,8.7,2025-11-26 18:35:52,2025-11-26 18:35:52,CIN
24163,sleeper.com,Week 13,DJ,Moore,WR,8.7,2025-11-26 18:35:52,2025-11-26 18:35:52,CHI
24164,sleeper.com,Week 13,Mason,Taylor,TE,8.7,2025-11-26 18:35:52,2025-11-26 18:35:52,NYJ
24644,espn.com,Week 13,Zach,Ertz,TE,8.7,2025-11-26 18:36:55,2025-11-26 18:36:55,WAS
24645,espn.com,Week 13,Juwan,Johnson,TE,8.7,2025-11-26 18:36:55,2025-11-26 18:36:55,NO
24680,espn.com,Week 13,Tyler,Loop,K,8.7,2025-11-26 18:36:55,2025-11-26 18:36:55,BAL
24681,espn.com,Week 13,Harrison,Butker,K,8.7,2025-11-26 18:36:55,2025-11-26 18:36:55,KC
25782,sleeper.com,Week 14,Jordan,Mason,RB,8.7,2025-12-03 01:52:43,2025-12-03 01:52:43,MIN
25783,sleeper.com,Week 14,Chris,Boswell,K,8.7,2025-12-03 01:52:43,2025-12-03 01:52:43,PIT
25784,sleeper.com,Week 14,Darnell,Mooney,WR,8.7,2025-12-03 01:52:43,2025-12-03 01:52:43,ATL
25785,sleeper.com,Week 14,Jason,Myers,K,8.7,2025-12-03 01:52:43,2025-12-03 01:52:43,SEA
25786,sleeper.com,Week 14,David,Njoku,TE,8.7,2025-12-03 01:52:43,2025-12-03 01:52:43,CLE
26173,fantasypros.com,Week 14,Dalton,Schultz,TE,8.7,2025-12-03 01:54:53,2025-12-03 03:06:17,HOU
26174,fantasypros.com,Week 14,Evan,Engram,TE,8.7,2025-12-03 01:54:53,2025-12-03 03:06:17,DEN
26175,fantasypros.com,Week 14,Mason,Taylor,TE,8.7,2025-12-03 01:54:53,2025-12-03 03:06:17,NYJ
27055,fantasypros.com,Week 14,Chris,Rodriguez Jr.,RB,8.7,2025-12-03 02:17:53,2025-12-03 03:06:17,WAS
27154,fantasypros.com,Week 14,Isaac,TeSlaa,WR,8.7,2025-12-03 02:17:53,2025-12-03 03:06:17,DET
29256,espn.com,Week 14,Quentin,Johnston,WR,8.7,2025-12-03 04:47:06,2025-12-03 05:22:56,LAC
29660,espn.com,Week 14,T.J.,Hockenson,TE,8.7,2025-12-03 05:22:56,2025-12-03 05:22:56,MIN
18885,fanduel.com,Week 12,Devin,Singletary,RB,8.64,2025-11-20 17:52:44,2025-11-20 18:02:18,NYG
25229,fanduel.com,Week 13,Tyjae,Spears,RB,8.64,2025-11-26 18:38:36,2025-11-26 18:38:36,TEN
25230,fanduel.com,Week 13,Tre,Tucker,WR,8.63,2025-11-26 18:38:36,2025-11-26 18:38:36,LV
15331,sleeper.com,Week 10,Jordan,Mason,RB,8.6,2025-11-07 00:48:26,2025-11-07 00:48:26,MIN
15332,sleeper.com,Week 10,Olamide,Zaccheaus,WR,8.6,2025-11-07 00:48:26,2025-11-07 00:48:26,CHI
15333,sleeper.com,Week 10,Cairo,Santos,K,8.6,2025-11-07 00:48:26,2025-11-07 00:48:26,CHI
15797,espn.com,Week 10,Tyler,Loop,K,8.6,2025-11-07 00:49:32,2025-11-07 00:49:32,BAL
15798,espn.com,Week 10,Cairo,Santos,K,8.6,2025-11-07 00:49:32,2025-11-07 00:49:32,CHI
16045,fantasypros.com,Week 10,Kendrick,Bourne,WR,8.6,2025-11-07 00:50:27,2025-11-07 00:50:27,SF
16046,fantasypros.com,Week 10,DeMario,Douglas,WR,8.6,2025-11-07 00:50:27,2025-11-07 00:50:27,NE
16193,fantasypros.com,Week 10,Eddy,Pineiro,K,8.6,2025-11-07 00:50:27,2025-11-07 00:50:27,SF
16358,firstdown.studio,Week 10,Theo,Johnson,TE,8.6,2025-11-07 00:50:48,2025-11-07 00:50:48,NYG
16539,sleeper.com,Week 11,Colston,Loveland,TE,8.6,2025-11-13 05:18:19,2025-11-13 05:18:19,CHI
16540,sleeper.com,Week 11,Evan,McPherson,K,8.6,2025-11-13 05:18:19,2025-11-13 05:18:19,CIN
16541,sleeper.com,Week 11,Cam,Little,K,8.6,2025-11-13 05:18:19,2025-11-13 05:18:19,JAX
16542,sleeper.com,Week 11,Tyler,Loop,K,8.6,2025-11-13 05:18:19,2025-11-13 05:18:19,BAL
17320,fantasypros.com,Week 11,Luke,Musgrave,TE,8.6,2025-11-13 05:20:49,2025-11-13 05:20:49,GB
17376,fantasypros.com,Week 11,Cairo,Santos,K,8.6,2025-11-13 05:20:49,2025-11-13 05:20:49,CHI
17540,firstdown.studio,Week 11,Calvin,Ridley,WR,8.6,2025-11-13 05:21:09,2025-11-13 05:21:09,TEN
17546,firstdown.studio,Week 11,Mack,Hollins,WR,8.6,2025-11-13 05:21:09,2025-11-13 05:21:09,NE
17552,firstdown.studio,Week 11,Harold,Fannin,TE,8.6,2025-11-13 05:21:09,2025-11-13 05:21:09,CLE
17721,fanduel.com,Week 11,Tony,Pollard,RB,8.6,2025-11-13 05:21:22,2025-11-13 05:21:22,TEN
18232,sleeper.com,Week 12,Cade,Otton,TE,8.6,2025-11-20 17:45:26,2025-11-20 17:59:20,TB
18233,sleeper.com,Week 12,Dalton,Schultz,TE,8.6,2025-11-20 17:45:26,2025-11-20 17:59:20,HOU
18717,espn.com,Week 12,Harrison,Butker,K,8.6,2025-11-20 17:46:24,2025-11-20 18:00:16,KC
20228,fantasypros.com,Week 12,Harold,Fannin Jr.,TE,8.6,2025-11-20 18:01:42,2025-11-20 18:01:42,CLE
20290,fantasypros.com,Week 12,Cam,Little,K,8.6,2025-11-20 18:01:42,2025-11-20 18:02:59,JAX
24165,sleeper.com,Week 13,Andrei,Iosivas,WR,8.6,2025-11-26 18:35:52,2025-11-26 18:35:52,CIN
24166,sleeper.com,Week 13,Evan,Engram,TE,8.6,2025-11-26 18:35:52,2025-11-26 18:35:52,DEN
24167,sleeper.com,Week 13,Cooper,Kupp,WR,8.6,2025-11-26 18:35:52,2025-11-26 18:35:52,SEA
24168,sleeper.com,Week 13,Ka'imi,Fairbairn,K,8.6,2025-11-26 18:35:52,2025-11-26 18:35:52,HOU
24646,espn.com,Week 13,Brock,Wright,TE,8.6,2025-11-26 18:36:55,2025-11-26 18:36:55,DET
24682,espn.com,Week 13,Jake,Bates,K,8.6,2025-11-26 18:36:55,2025-11-26 18:36:55,DET
24683,espn.com,Week 13,Harrison,Mevis,K,8.6,2025-11-26 18:36:55,2025-11-26 18:36:55,LAR
24857,fantasypros.com,Week 13,Jauan,Jennings,WR,8.6,2025-11-26 18:38:08,2025-11-26 18:38:08,SF
24984,fantasypros.com,Week 13,Cade,Otton,TE,8.6,2025-11-26 18:38:08,2025-11-26 18:38:08,TB
25046,fantasypros.com,Week 13,Chris,Boswell,K,8.6,2025-11-26 18:38:08,2025-11-26 18:38:08,PIT
25787,sleeper.com,Week 14,Evan,McPherson,K,8.6,2025-12-03 01:52:43,2025-12-03 01:52:43,CIN
25788,sleeper.com,Week 14,Brandon,McManus,K,8.6,2025-12-03 01:52:43,2025-12-03 01:52:43,GB
25789,sleeper.com,Week 14,Dalton,Schultz,TE,8.6,2025-12-03 01:52:43,2025-12-03 01:52:43,HOU
27155,fantasypros.com,Week 14,Jerry,Jeudy,WR,8.6,2025-12-03 02:17:53,2025-12-03 03:06:17,CLE
29257,espn.com,Week 14,Cooper,Kupp,WR,8.6,2025-12-03 04:47:06,2025-12-03 05:22:56,SEA
14842,fanduel.com,Week 10,Evan,Engram,TE,8.59,2025-11-07 00:48:09,2025-11-07 00:48:09,DEN
26348,fanduel.com,Week 14,Quentin,Johnston,WR,8.59,2025-12-03 01:55:37,2025-12-03 03:57:34,LAC
26349,fanduel.com,Week 14,J.J.,McCarthy,QB,8.58,2025-12-03 01:55:37,2025-12-03 03:57:34,MIN
25231,fanduel.com,Week 13,Parker,Washington,WR,8.56,2025-11-26 18:38:36,2025-11-26 18:38:36,JAX
26350,fanduel.com,Week 14,Ross,Dwelley,TE,8.55,2025-12-03 01:55:37,2025-12-03 03:57:34,DET
25232,fanduel.com,Week 13,Chimere,Dike,WR,8.53,2025-11-26 18:38:36,2025-11-26 18:38:36,TEN
18886,fanduel.com,Week 12,Marquise,Brown,WR,8.52,2025-11-20 17:52:44,2025-11-20 18:02:18,KC
14843,fanduel.com,Week 10,Sterling,Shepard,WR,8.51,2025-11-07 00:48:09,2025-11-07 00:48:09,TB
15334,sleeper.com,Week 10,Jake,Elliott,K,8.5,2025-11-07 00:48:26,2025-11-07 00:48:26,PHI
15335,sleeper.com,Week 10,Michael,Badgley,K,8.5,2025-11-07 00:48:26,2025-11-07 00:48:26,IND
15678,espn.com,Week 10,Terrell,Jennings,RB,8.5,2025-11-07 00:49:32,2025-11-07 00:49:32,NE
15799,espn.com,Week 10,Jason,Myers,K,8.5,2025-11-07 00:49:32,2025-11-07 00:49:32,SEA
16047,fantasypros.com,Week 10,Darnell,Mooney,WR,8.5,2025-11-07 00:50:27,2025-11-07 00:50:27,ATL
16179,fantasypros.com,Week 10,Evan,Engram,TE,8.5,2025-11-07 00:50:27,2025-11-07 00:50:27,DEN
16217,fantasypros.com,Week 10,Buffalo Bills,Defense,DST,8.5,2025-11-07 00:50:27,2025-11-07 00:50:27,BUF
16335,firstdown.studio,Week 10,Zach,Charbonnet,RB,8.5,2025-11-07 00:50:48,2025-11-07 00:50:48,SEA
16353,firstdown.studio,Week 10,Mark,Andrews,TE,8.5,2025-11-07 00:50:48,2025-11-07 00:50:48,BAL
16543,sleeper.com,Week 11,Trey,Benson,RB,8.5,2025-11-13 05:18:19,2025-11-13 05:18:19,ARI
16544,sleeper.com,Week 11,Eddy,Pineiro,K,8.5,2025-11-13 05:18:19,2025-11-13 05:18:19,SF
16545,sleeper.com,Week 11,Jonnu,Smith,TE,8.5,2025-11-13 05:18:19,2025-11-13 05:18:19,PIT
16926,espn.com,Week 11,Jacory,Croskey-Merritt,RB,8.5,2025-11-13 05:19:16,2025-11-13 05:26:13,WAS
16927,espn.com,Week 11,Zach,Charbonnet,RB,8.5,2025-11-13 05:19:16,2025-11-13 05:19:16,SEA
17004,espn.com,Week 11,T.J.,Hockenson,TE,8.5,2025-11-13 05:19:16,2025-11-13 05:19:16,MIN
17042,espn.com,Week 11,Harrison,Mevis,K,8.5,2025-11-13 05:19:16,2025-11-13 05:19:16,LAR
17131,fantasypros.com,Week 11,Brock,Purdy,QB,8.5,2025-11-13 05:20:49,2025-11-13 05:20:49,SF
17400,fantasypros.com,Week 11,Kansas City Chiefs,Defense,DST,8.5,2025-11-13 05:20:49,2025-11-13 05:20:49,KC
18234,sleeper.com,Week 12,Jason,Myers,K,8.5,2025-11-20 17:45:26,2025-11-20 17:59:20,SEA
18718,espn.com,Week 12,Jason,Myers,K,8.5,2025-11-20 17:46:24,2025-11-20 18:00:16,SEA
19999,fantasypros.com,Week 12,Rachaad,White,RB,8.5,2025-11-20 18:01:42,2025-11-20 18:01:42,TB
20320,fantasypros.com,Week 12,New England Patriots,Defense,DST,8.5,2025-11-20 18:01:42,2025-11-20 18:01:42,NE
24169,sleeper.com,Week 13,Tony,Pollard,RB,8.5,2025-11-26 18:35:52,2025-11-26 18:35:52,TEN
24170,sleeper.com,Week 13,Jason,Myers,K,8.5,2025-11-26 18:35:52,2025-11-26 18:35:52,SEA
24171,sleeper.com,Week 13,Brandon,McManus,K,8.5,2025-11-26 18:35:52,2025-11-26 18:35:52,GB
24647,espn.com,Week 13,Mason,Taylor,TE,8.5,2025-11-26 18:36:55,2025-11-26 18:36:55,NYJ
24684,espn.com,Week 13,Cameron,Dicker,K,8.5,2025-11-26 18:36:55,2025-11-26 18:36:55,LAC
24685,espn.com,Week 13,Jason,Myers,K,8.5,2025-11-26 18:36:55,2025-11-26 18:36:55,SEA
24711,espn.com,Week 13,Seahawks D/ST,Defense,DST,8.5,2025-11-26 18:36:55,2025-11-26 18:36:55,SEA
24775,fantasypros.com,Week 13,Jameis,Winston,QB,8.5,2025-11-26 18:38:08,2025-11-26 18:38:08,NYG
25078,fantasypros.com,Week 13,New England Patriots,Defense,DST,8.5,2025-11-26 18:38:08,2025-11-26 18:38:08,NE
25790,sleeper.com,Week 14,Malik,Washington,WR,8.5,2025-12-03 01:52:43,2025-12-03 01:52:43,MIA
25791,sleeper.com,Week 14,Jake,Elliott,K,8.5,2025-12-03 01:52:43,2025-12-03 01:52:43,PHI
25792,sleeper.com,Week 14,Chimere,Dike,WR,8.5,2025-12-03 01:52:43,2025-12-03 01:52:43,TEN
25793,sleeper.com,Week 14,Will,Reichard,K,8.5,2025-12-03 01:52:43,2025-12-03 01:52:43,MIN
25794,sleeper.com,Week 14,Cooper,Kupp,WR,8.5,2025-12-03 01:52:43,2025-12-03 01:52:43,SEA
25795,sleeper.com,Week 14,Ka'imi,Fairbairn,K,8.5,2025-12-03 01:52:43,2025-12-03 01:52:43,HOU
25796,sleeper.com,Week 14,Harrison,Mevis,K,8.5,2025-12-03 01:52:43,2025-12-03 01:52:43,LAR
29261,espn.com,Week 14,Harrison,Mevis,K,8.5,2025-12-03 04:47:06,2025-12-03 05:22:56,LAR
29661,espn.com,Week 14,Colston,Loveland,TE,8.5,2025-12-03 05:22:56,2025-12-03 05:22:56,CHI
29662,espn.com,Week 14,Colby,Parkinson,TE,8.5,2025-12-03 05:22:56,2025-12-03 05:22:56,LAR
26351,fanduel.com,Week 14,Dalton,Kincaid,TE,8.49,2025-12-03 01:55:37,2025-12-03 03:57:34,BUF
14844,fanduel.com,Week 10,Darius,Slayton,WR,8.48,2025-11-07 00:48:09,2025-11-07 00:48:09,NYG
25233,fanduel.com,Week 13,Jerry,Jeudy,WR,8.48,2025-11-26 18:38:36,2025-11-26 18:38:36,CLE
17722,fanduel.com,Week 11,Greg,Dortch,WR,8.47,2025-11-13 05:21:22,2025-11-13 05:21:22,ARI
14845,fanduel.com,Week 10,Chris,Moore,WR,8.45,2025-11-07 00:48:09,2025-11-07 00:51:07,WAS
14846,fanduel.com,Week 10,Luke,Musgrave,TE,8.43,2025-11-07 00:48:09,2025-11-07 00:48:09,GB
26461,fanduel.com,Week 14,John,Metchie III,WR,8.43,2025-12-03 01:55:37,2025-12-03 03:57:34,NYJ
18887,fanduel.com,Week 12,Aaron,Rodgers,QB,8.42,2025-11-20 17:52:44,2025-11-20 18:02:18,PIT
26352,fanduel.com,Week 14,Zach,Charbonnet,RB,8.41,2025-12-03 01:55:37,2025-12-03 03:57:34,SEA
15336,sleeper.com,Week 10,Jerry,Jeudy,WR,8.4,2025-11-07 00:48:26,2025-11-07 00:48:26,CLE
15337,sleeper.com,Week 10,Matt,Gay,K,8.4,2025-11-07 00:48:26,2025-11-07 00:48:26,WAS
15338,sleeper.com,Week 10,Cam,Little,K,8.4,2025-11-07 00:48:26,2025-11-07 00:48:26,JAX
15339,sleeper.com,Week 10,Christian,Kirk,WR,8.4,2025-11-07 00:48:26,2025-11-07 00:48:26,HOU
15340,sleeper.com,Week 10,Mason,Taylor,TE,8.4,2025-11-07 00:48:26,2025-11-07 00:48:26,NYJ
15341,sleeper.com,Week 10,Jason,Myers,K,8.4,2025-11-07 00:48:26,2025-11-07 00:48:26,SEA
15800,espn.com,Week 10,Wil,Lutz,K,8.4,2025-11-07 00:49:32,2025-11-07 00:49:32,DEN
15801,espn.com,Week 10,Jake,Elliott,K,8.4,2025-11-07 00:49:32,2025-11-07 00:49:32,PHI
15930,fantasypros.com,Week 10,D'Andre,Swift,RB,8.4,2025-11-07 00:50:27,2025-11-07 00:50:27,CHI
16194,fantasypros.com,Week 10,Jason,Myers,K,8.4,2025-11-07 00:50:27,2025-11-07 00:50:27,SEA
16336,firstdown.studio,Week 10,Jordan,Mason,RB,8.4,2025-11-07 00:50:48,2025-11-07 00:50:48,MIN
16359,firstdown.studio,Week 10,Jakobi,Meyers,WR,8.4,2025-11-07 00:50:48,2025-11-07 00:51:07,JAX
16362,firstdown.studio,Week 10,David,Njoku,TE,8.4,2025-11-07 00:50:48,2025-11-07 00:50:48,CLE
16546,sleeper.com,Week 11,Nick,Chubb,RB,8.4,2025-11-13 05:18:19,2025-11-13 05:18:19,HOU
16547,sleeper.com,Week 11,Darnell,Mooney,WR,8.4,2025-11-13 05:18:19,2025-11-13 05:18:19,ATL
17005,espn.com,Week 11,David,Njoku,TE,8.4,2025-11-13 05:19:16,2025-11-13 05:19:16,CLE
17006,espn.com,Week 11,Mason,Taylor,TE,8.4,2025-11-13 05:19:16,2025-11-13 05:19:16,NYJ
17007,espn.com,Week 11,Isaiah,Likely,TE,8.4,2025-11-13 05:19:16,2025-11-13 05:19:16,BAL
17043,espn.com,Week 11,Jake,Elliott,K,8.4,2025-11-13 05:19:16,2025-11-13 05:19:16,PHI
17044,espn.com,Week 11,Jake,Bates,K,8.4,2025-11-13 05:19:16,2025-11-13 05:19:16,DET
17045,espn.com,Week 11,Eddy,Pineiro,K,8.4,2025-11-13 05:19:16,2025-11-13 05:19:16,SF
17192,fantasypros.com,Week 11,Tyjae,Spears,RB,8.4,2025-11-13 05:20:49,2025-11-13 05:20:49,TEN
17377,fantasypros.com,Week 11,Evan,McPherson,K,8.4,2025-11-13 05:20:49,2025-11-13 05:20:49,CIN
17527,firstdown.studio,Week 11,Kenneth,Walker,RB,8.4,2025-11-13 05:21:09,2025-11-13 05:21:09,SEA
17545,firstdown.studio,Week 11,Christian,Watson,WR,8.4,2025-11-13 05:21:09,2025-11-13 05:21:09,GB
18235,sleeper.com,Week 12,Devin,Singletary,RB,8.4,2025-11-20 17:45:26,2025-11-20 17:59:20,NYG
18236,sleeper.com,Week 12,Andy,Borregales,K,8.4,2025-11-20 17:45:26,2025-11-20 17:59:20,NE
18237,sleeper.com,Week 12,Cairo,Santos,K,8.4,2025-11-20 17:45:26,2025-11-20 17:59:20,CHI
18238,sleeper.com,Week 12,Emanuel,Wilson,RB,8.4,2025-11-20 17:45:26,2025-11-20 17:59:20,GB
18239,sleeper.com,Week 12,Greg,Dortch,WR,8.4,2025-11-20 17:45:26,2025-11-20 17:59:20,ARI
18653,espn.com,Week 12,DJ,Moore,WR,8.4,2025-11-20 17:46:24,2025-11-20 18:00:16,CHI
18719,espn.com,Week 12,Jake,Elliott,K,8.4,2025-11-20 17:46:24,2025-11-20 18:00:16,PHI
20117,fantasypros.com,Week 12,Cooper,Kupp,WR,8.4,2025-11-20 18:01:42,2025-11-20 18:01:42,SEA
20291,fantasypros.com,Week 12,Harrison,Butker,K,8.4,2025-11-20 18:01:42,2025-11-20 18:01:42,KC
24172,sleeper.com,Week 13,Colston,Loveland,TE,8.4,2025-11-26 18:35:52,2025-11-26 18:35:52,CHI
24173,sleeper.com,Week 13,Malik,Washington,WR,8.4,2025-11-26 18:35:52,2025-11-26 18:35:52,MIA
24174,sleeper.com,Week 13,Zach,Charbonnet,RB,8.4,2025-11-26 18:35:52,2025-11-26 18:35:52,SEA
24175,sleeper.com,Week 13,Jordan,Addison,WR,8.4,2025-11-26 18:35:52,2025-11-26 18:35:52,MIN
24176,sleeper.com,Week 13,Tez,Johnson,WR,8.4,2025-11-26 18:35:52,2025-11-26 18:35:52,TB
24564,espn.com,Week 13,Zach,Charbonnet,RB,8.4,2025-11-26 18:36:55,2025-11-26 18:36:55,SEA
24686,espn.com,Week 13,Chris,Boswell,K,8.4,2025-11-26 18:36:55,2025-11-26 18:36:55,PIT
24687,espn.com,Week 13,Jake,Elliott,K,8.4,2025-11-26 18:36:55,2025-11-26 18:36:55,PHI
24688,espn.com,Week 13,Matt,Prater,K,8.4,2025-11-26 18:36:55,2025-11-26 18:36:55,BUF
25047,fantasypros.com,Week 13,Jake,Bates,K,8.4,2025-11-26 18:38:08,2025-11-26 18:38:08,DET
25797,sleeper.com,Week 14,Colston,Loveland,TE,8.4,2025-12-03 01:52:43,2025-12-03 01:52:43,CHI
29663,espn.com,Week 14,Mason,Taylor,TE,8.4,2025-12-03 05:22:56,2025-12-03 05:22:56,NYJ
14847,fanduel.com,Week 10,T.J.,Hockenson,TE,8.37,2025-11-07 00:48:09,2025-11-07 00:48:09,MIN
17723,fanduel.com,Week 11,Jerry,Jeudy,WR,8.37,2025-11-13 05:21:22,2025-11-13 05:21:22,CLE
18888,fanduel.com,Week 12,Jerry,Jeudy,WR,8.37,2025-11-20 17:52:44,2025-11-20 18:02:18,CLE
17724,fanduel.com,Week 11,Dalton,Schultz,TE,8.36,2025-11-13 05:21:22,2025-11-13 05:21:22,HOU
26353,fanduel.com,Week 14,Max,Brosmer,QB,8.35,2025-12-03 01:55:37,2025-12-03 03:57:34,MIN
14848,fanduel.com,Week 10,Mark,Andrews,TE,8.34,2025-11-07 00:48:09,2025-11-07 00:48:09,BAL
17725,fanduel.com,Week 11,T.J.,Hockenson,TE,8.33,2025-11-13 05:21:22,2025-11-13 05:21:22,MIN
25234,fanduel.com,Week 13,Colston,Loveland,TE,8.33,2025-11-26 18:38:36,2025-11-26 18:38:36,CHI
18889,fanduel.com,Week 12,Cooper,Kupp,WR,8.32,2025-11-20 17:52:44,2025-11-20 18:02:18,SEA
14849,fanduel.com,Week 10,Michael,Mayer,TE,8.31,2025-11-07 00:48:09,2025-11-07 00:48:09,LV
15342,sleeper.com,Week 10,Joshua,Karty,K,8.3,2025-11-07 00:48:26,2025-11-07 00:48:26,LAR
15343,sleeper.com,Week 10,Brandon,McManus,K,8.3,2025-11-07 00:48:26,2025-11-07 00:48:26,GB
15802,espn.com,Week 10,Chris,Boswell,K,8.3,2025-11-07 00:49:32,2025-11-07 00:49:32,PIT
16048,fantasypros.com,Week 10,Keon,Coleman,WR,8.3,2025-11-07 00:50:27,2025-11-07 00:50:27,BUF
16049,fantasypros.com,Week 10,Jerry,Jeudy,WR,8.3,2025-11-07 00:50:27,2025-11-07 00:50:27,CLE
16050,fantasypros.com,Week 10,Calvin,Austin III,WR,8.3,2025-11-07 00:50:27,2025-11-07 00:50:27,PIT
16352,firstdown.studio,Week 10,RJ,Harvey,RB,8.3,2025-11-07 00:50:48,2025-11-07 00:50:48,DEN
16360,firstdown.studio,Week 10,Jerry,Jeudy,WR,8.3,2025-11-07 00:50:48,2025-11-07 00:50:48,CLE
16363,firstdown.studio,Week 10,Mason,Taylor,TE,8.3,2025-11-07 00:50:48,2025-11-07 00:50:48,NYJ
16548,sleeper.com,Week 11,Zane,Gonzalez,K,8.3,2025-11-13 05:18:19,2025-11-13 05:18:19,ATL
16549,sleeper.com,Week 11,Evan,Engram,TE,8.3,2025-11-13 05:18:19,2025-11-13 05:18:19,DEN
16550,sleeper.com,Week 11,Luke,Musgrave,TE,8.3,2025-11-13 05:18:19,2025-11-13 05:18:19,GB
16551,sleeper.com,Week 11,Riley,Patterson,K,8.3,2025-11-13 05:18:19,2025-11-13 05:18:19,MIA
16928,espn.com,Week 11,Jordan,Mason,RB,8.3,2025-11-13 05:19:16,2025-11-13 05:19:16,MIN
17008,espn.com,Week 11,Jonnu,Smith,TE,8.3,2025-11-13 05:19:16,2025-11-13 05:19:16,PIT
17046,espn.com,Week 11,Matt,Prater,K,8.3,2025-11-13 05:19:16,2025-11-13 05:19:16,BUF
17047,espn.com,Week 11,Riley,Patterson,K,8.3,2025-11-13 05:19:16,2025-11-13 05:19:16,MIA
17048,espn.com,Week 11,Cairo,Santos,K,8.3,2025-11-13 05:19:16,2025-11-13 05:19:16,CHI
17321,fantasypros.com,Week 11,T.J.,Hockenson,TE,8.3,2025-11-13 05:20:49,2025-11-13 05:20:49,MIN
17549,firstdown.studio,Week 11,Malik,Washington,WR,8.3,2025-11-13 05:21:09,2025-11-13 05:21:09,MIA
17726,fanduel.com,Week 11,Darius,Slayton,WR,8.3,2025-11-13 05:21:22,2025-11-13 05:21:22,NYG
17727,fanduel.com,Week 11,Evan,Engram,TE,8.3,2025-11-13 05:21:22,2025-11-13 05:21:22,DEN
18240,sleeper.com,Week 12,Chimere,Dike,WR,8.3,2025-11-20 17:45:26,2025-11-20 17:59:20,TEN
18241,sleeper.com,Week 12,Bhayshul,Tuten,RB,8.3,2025-11-20 17:45:26,2025-11-20 17:59:20,JAX
18654,espn.com,Week 12,Devaughn,Vele,WR,8.3,2025-11-20 17:46:24,2025-11-20 18:00:16,NO
18720,espn.com,Week 12,Michael,Badgley,K,8.3,2025-11-20 17:46:24,2025-11-20 18:00:16,IND
20000,fantasypros.com,Week 12,Tony,Pollard,RB,8.3,2025-11-20 18:01:42,2025-11-20 18:01:42,TEN
20118,fantasypros.com,Week 12,Xavier,Legette,WR,8.3,2025-11-20 18:01:42,2025-11-20 18:01:42,CAR
24177,sleeper.com,Week 13,Tyler,Lockett,WR,8.3,2025-11-26 18:35:52,2025-11-26 18:35:52,LV
24178,sleeper.com,Week 13,Mack,Hollins,WR,8.3,2025-11-26 18:35:52,2025-11-26 18:35:52,NE
24179,sleeper.com,Week 13,Kyle,Monangai,RB,8.3,2025-11-26 18:35:52,2025-11-26 18:35:52,CHI
24985,fantasypros.com,Week 13,Zach,Ertz,TE,8.3,2025-11-26 18:38:08,2025-11-26 18:38:08,WAS
25798,sleeper.com,Week 14,AJ,Barner,TE,8.3,2025-12-03 01:52:43,2025-12-03 01:52:43,SEA
25799,sleeper.com,Week 14,Daniel,Carlson,K,8.3,2025-12-03 01:52:43,2025-12-03 01:52:43,LV
25800,sleeper.com,Week 14,Zach,Charbonnet,RB,8.3,2025-12-03 01:52:43,2025-12-03 01:52:43,SEA
26176,fantasypros.com,Week 14,Isaiah,Likely,TE,8.3,2025-12-03 01:54:53,2025-12-03 03:06:17,BAL
26183,fantasypros.com,Week 14,Jason,Myers,K,8.3,2025-12-03 01:54:53,2025-12-03 03:06:17,SEA
29262,espn.com,Week 14,Brandon,McManus,K,8.3,2025-12-03 04:47:06,2025-12-03 05:22:56,GB
29263,espn.com,Week 14,Jason,Myers,K,8.3,2025-12-03 04:47:06,2025-12-03 05:22:56,SEA
29264,espn.com,Week 14,Cameron,Dicker,K,8.3,2025-12-03 04:47:06,2025-12-03 05:22:56,LAC
17728,fanduel.com,Week 11,Nick,Chubb,RB,8.29,2025-11-13 05:21:22,2025-11-13 05:21:22,HOU
18890,fanduel.com,Week 12,Kenneth,Gainwell,RB,8.28,2025-11-20 17:52:44,2025-11-20 18:02:18,PIT
14850,fanduel.com,Week 10,Jordan,Mason,RB,8.25,2025-11-07 00:48:09,2025-11-07 00:48:09,MIN
25235,fanduel.com,Week 13,Theo,Johnson,TE,8.25,2025-11-26 18:38:36,2025-11-26 18:38:36,NYG
25236,fanduel.com,Week 13,Andrei,Iosivas,WR,8.24,2025-11-26 18:38:36,2025-11-26 18:38:36,CIN
17729,fanduel.com,Week 11,Ricky,Pearsall,WR,8.21,2025-11-13 05:21:22,2025-11-13 05:21:22,SF
26440,fanduel.com,Week 14,Pat,Bryant,WR,8.21,2025-12-03 01:55:37,2025-12-03 03:57:34,DEN
14851,fanduel.com,Week 10,Matthew,Golden,WR,8.2,2025-11-07 00:48:09,2025-11-07 00:48:09,GB
15344,sleeper.com,Week 10,Ryan,Fitzgerald,K,8.2,2025-11-07 00:48:26,2025-11-07 00:48:26,CAR
15345,sleeper.com,Week 10,Evan,Engram,TE,8.2,2025-11-07 00:48:26,2025-11-07 00:48:26,DEN
15346,sleeper.com,Week 10,David,Njoku,TE,8.2,2025-11-07 00:48:26,2025-11-07 00:48:26,CLE
15679,espn.com,Week 10,RJ,Harvey,RB,8.2,2025-11-07 00:49:32,2025-11-07 00:49:32,DEN
15680,espn.com,Week 10,Jordan,Mason,RB,8.2,2025-11-07 00:49:32,2025-11-07 00:49:32,MIN
15763,espn.com,Week 10,Mason,Taylor,TE,8.2,2025-11-07 00:49:32,2025-11-07 00:49:32,NYJ
15764,espn.com,Week 10,Luke,Musgrave,TE,8.2,2025-11-07 00:49:32,2025-11-07 00:49:32,GB
15765,espn.com,Week 10,Isaiah,Likely,TE,8.2,2025-11-07 00:49:32,2025-11-07 00:49:32,BAL
15803,espn.com,Week 10,Joshua,Karty,K,8.2,2025-11-07 00:49:32,2025-11-07 00:49:32,LAR
15804,espn.com,Week 10,Graham,Gano,K,8.2,2025-11-07 00:49:32,2025-11-07 00:49:32,NYG
15805,espn.com,Week 10,Andy,Borregales,K,8.2,2025-11-07 00:49:32,2025-11-07 00:49:32,NE
15806,espn.com,Week 10,Chase,McLaughlin,K,8.2,2025-11-07 00:49:32,2025-11-07 00:49:32,TB
15820,espn.com,Week 10,Broncos D/ST,Defense,DST,8.2,2025-11-07 00:49:32,2025-11-07 00:51:07,DEN
15931,fantasypros.com,Week 10,Devin,Singletary,RB,8.2,2025-11-07 00:50:27,2025-11-07 00:50:27,NYG
16051,fantasypros.com,Week 10,Tory,Horton,WR,8.2,2025-11-07 00:50:27,2025-11-07 00:50:27,SEA
16195,fantasypros.com,Week 10,Cairo,Santos,K,8.2,2025-11-07 00:50:27,2025-11-07 00:50:27,CHI
16218,fantasypros.com,Week 10,Jacksonville Jaguars,Defense,DST,8.2,2025-11-07 00:50:27,2025-11-07 00:51:07,JAX
16552,sleeper.com,Week 11,Chad,Ryland,K,8.2,2025-11-13 05:18:19,2025-11-13 05:18:19,ARI
16553,sleeper.com,Week 11,Devin,Singletary,RB,8.2,2025-11-13 05:18:19,2025-11-13 05:18:19,NYG
16554,sleeper.com,Week 11,Jakobi,Meyers,WR,8.2,2025-11-13 05:18:19,2025-11-13 05:18:19,JAX
16555,sleeper.com,Week 11,Elic,Ayomanor,WR,8.2,2025-11-13 05:18:19,2025-11-13 05:18:19,TEN
16556,sleeper.com,Week 11,Wil,Lutz,K,8.2,2025-11-13 05:18:19,2025-11-13 05:18:19,DEN
16557,sleeper.com,Week 11,Christian,Kirk,WR,8.2,2025-11-13 05:18:19,2025-11-13 05:18:19,HOU
16558,sleeper.com,Week 11,Cairo,Santos,K,8.2,2025-11-13 05:18:19,2025-11-13 05:18:19,CHI
17049,espn.com,Week 11,Chase,McLaughlin,K,8.2,2025-11-13 05:19:16,2025-11-13 05:19:16,TB
17050,espn.com,Week 11,Ka'imi,Fairbairn,K,8.2,2025-11-13 05:19:16,2025-11-13 05:19:16,HOU
17378,fantasypros.com,Week 11,Andy,Borregales,K,8.2,2025-11-13 05:20:49,2025-11-13 05:20:49,NE
17401,fantasypros.com,Week 11,Denver Broncos,Defense,DST,8.2,2025-11-13 05:20:49,2025-11-13 05:20:49,DEN
17551,firstdown.studio,Week 11,Greg,Dortch,WR,8.2,2025-11-13 05:21:09,2025-11-13 05:21:09,ARI
17556,firstdown.studio,Week 11,David,Njoku,TE,8.2,2025-11-13 05:21:09,2025-11-13 05:21:09,CLE
18242,sleeper.com,Week 12,Colston,Loveland,TE,8.2,2025-11-20 17:45:26,2025-11-20 17:59:20,CHI
18243,sleeper.com,Week 12,John,Metchie,WR,8.2,2025-11-20 17:45:26,2025-11-20 17:59:20,NYJ
18244,sleeper.com,Week 12,Isiah,Pacheco,RB,8.2,2025-11-20 17:45:26,2025-11-20 17:59:20,KC
18594,espn.com,Week 12,Chris,Brooks,RB,8.2,2025-11-20 17:46:24,2025-11-20 18:00:16,GB
18678,espn.com,Week 12,T.J.,Hockenson,TE,8.2,2025-11-20 17:46:24,2025-11-20 18:00:16,MIN
18721,espn.com,Week 12,Cairo,Santos,K,8.2,2025-11-20 17:46:24,2025-11-20 18:00:16,CHI
20119,fantasypros.com,Week 12,Andrei,Iosivas,WR,8.2,2025-11-20 18:01:42,2025-11-20 18:01:42,CIN
20292,fantasypros.com,Week 12,Chase,McLaughlin,K,8.2,2025-11-20 18:01:42,2025-11-20 18:01:42,TB
20321,fantasypros.com,Week 12,Atlanta Falcons,Defense,DST,8.2,2025-11-20 18:01:42,2025-11-20 18:01:42,ATL
24180,sleeper.com,Week 13,AJ,Barner,TE,8.2,2025-11-26 18:35:52,2025-11-26 18:35:52,SEA
24858,fantasypros.com,Week 13,DK,Metcalf,WR,8.2,2025-11-26 18:38:08,2025-11-26 18:38:08,PIT
25048,fantasypros.com,Week 13,Harrison,Butker,K,8.2,2025-11-26 18:38:08,2025-11-26 18:38:08,KC
25079,fantasypros.com,Week 13,Houston Texans,Defense,DST,8.2,2025-11-26 18:38:08,2025-11-26 18:38:08,HOU
25801,sleeper.com,Week 14,Tony,Pollard,RB,8.2,2025-12-03 01:52:43,2025-12-03 01:52:43,TEN
25802,sleeper.com,Week 14,Tyler,Lockett,WR,8.2,2025-12-03 01:52:43,2025-12-03 01:52:43,LV
25803,sleeper.com,Week 14,Troy,Franklin,WR,8.2,2025-12-03 01:52:43,2025-12-03 01:52:43,DEN
26177,fantasypros.com,Week 14,Cade,Otton,TE,8.2,2025-12-03 01:54:53,2025-12-03 03:06:17,TB
26184,fantasypros.com,Week 14,Brandon,Aubrey,K,8.2,2025-12-03 01:54:53,2025-12-03 03:06:17,DAL
26185,fantasypros.com,Week 14,Tyler,Loop,K,8.2,2025-12-03 01:54:53,2025-12-03 03:06:17,BAL
26186,fantasypros.com,Week 14,Jake,Bates,K,8.2,2025-12-03 01:54:53,2025-12-03 03:06:17,DET
29265,espn.com,Week 14,Harrison,Butker,K,8.2,2025-12-03 04:47:06,2025-12-03 05:22:56,KC
14852,fanduel.com,Week 10,David,Njoku,TE,8.19,2025-11-07 00:48:09,2025-11-07 00:48:09,CLE
18891,fanduel.com,Week 12,Isaiah,Hodgins,WR,8.19,2025-11-20 17:52:44,2025-11-20 18:02:18,NYG
18892,fanduel.com,Week 12,Xavier,Legette,WR,8.19,2025-11-20 17:52:44,2025-11-20 18:02:18,CAR
17730,fanduel.com,Week 11,Jalen,Nailor,WR,8.18,2025-11-13 05:21:22,2025-11-13 05:21:22,MIN
26355,fanduel.com,Week 14,Rashid,Shaheed,WR,8.15,2025-12-03 01:55:37,2025-12-03 03:57:34,SEA
15347,sleeper.com,Week 10,Eddy,Pineiro,K,8.1,2025-11-07 00:48:26,2025-11-07 00:48:26,SF
15348,sleeper.com,Week 10,Jonnu,Smith,TE,8.1,2025-11-07 00:48:26,2025-11-07 00:48:26,PIT
15349,sleeper.com,Week 10,Sterling,Shepard,WR,8.1,2025-11-07 00:48:26,2025-11-07 00:48:26,TB
15350,sleeper.com,Week 10,Daniel,Carlson,K,8.1,2025-11-07 00:48:26,2025-11-07 00:48:26,LV
15681,espn.com,Week 10,Isaiah,Davis,RB,8.1,2025-11-07 00:49:32,2025-11-07 00:49:32,NYJ
15807,espn.com,Week 10,Eddy,Pineiro,K,8.1,2025-11-07 00:49:32,2025-11-07 00:49:32,SF
16180,fantasypros.com,Week 10,Mason,Taylor,TE,8.1,2025-11-07 00:50:27,2025-11-07 00:50:27,NYJ
16365,firstdown.studio,Week 10,Evan,Engram,TE,8.1,2025-11-07 00:50:48,2025-11-07 00:50:48,DEN
16559,sleeper.com,Week 11,Tyler,Allgeier,RB,8.1,2025-11-13 05:18:19,2025-11-13 05:18:19,ATL
16560,sleeper.com,Week 11,Tony,Pollard,RB,8.1,2025-11-13 05:18:19,2025-11-13 05:18:19,TEN
16561,sleeper.com,Week 11,Jacory,Croskey-Merritt,RB,8.1,2025-11-13 05:18:19,2025-11-13 05:18:19,WAS
16929,espn.com,Week 11,Chris,Rodriguez Jr.,RB,8.1,2025-11-13 05:19:16,2025-11-13 05:26:13,WAS
17009,espn.com,Week 11,Evan,Engram,TE,8.1,2025-11-13 05:19:16,2025-11-13 05:19:16,DEN
17051,espn.com,Week 11,Jason,Myers,K,8.1,2025-11-13 05:19:16,2025-11-13 05:19:16,SEA
17052,espn.com,Week 11,Brandon,McManus,K,8.1,2025-11-13 05:19:16,2025-11-13 05:19:16,GB
17053,espn.com,Week 11,Harrison,Butker,K,8.1,2025-11-13 05:19:16,2025-11-13 05:19:16,KC
17054,espn.com,Week 11,Chad,Ryland,K,8.1,2025-11-13 05:19:16,2025-11-13 05:19:16,ARI
18245,sleeper.com,Week 12,T.J.,Hockenson,TE,8.1,2025-11-20 17:45:26,2025-11-20 17:59:20,MIN
18246,sleeper.com,Week 12,Chad,Ryland,K,8.1,2025-11-20 17:45:26,2025-11-20 17:59:20,ARI
18247,sleeper.com,Week 12,Tony,Pollard,RB,8.1,2025-11-20 17:45:26,2025-11-20 17:59:20,TEN
18248,sleeper.com,Week 12,Isaiah,Hodgins,WR,8.1,2025-11-20 17:45:26,2025-11-20 17:59:20,NYG
18249,sleeper.com,Week 12,Elic,Ayomanor,WR,8.1,2025-11-20 17:45:26,2025-11-20 17:59:20,TEN
18250,sleeper.com,Week 12,Brock,Wright,TE,8.1,2025-11-20 17:45:26,2025-11-20 17:59:20,DET
18251,sleeper.com,Week 12,Jalen,Coker,WR,8.1,2025-11-20 17:45:26,2025-11-20 17:59:20,CAR
18679,espn.com,Week 12,AJ,Barner,TE,8.1,2025-11-20 17:46:24,2025-11-20 18:00:16,SEA
18722,espn.com,Week 12,Chris,Boswell,K,8.1,2025-11-20 17:46:24,2025-11-20 18:00:16,PIT
18723,espn.com,Week 12,Matt,Prater,K,8.1,2025-11-20 17:46:24,2025-11-20 18:00:16,BUF
18724,espn.com,Week 12,Brandon,McManus,K,8.1,2025-11-20 17:46:24,2025-11-20 18:00:16,GB
20120,fantasypros.com,Week 12,Jalen,Coker,WR,8.1,2025-11-20 18:01:42,2025-11-20 18:01:42,CAR
20229,fantasypros.com,Week 12,AJ,Barner,TE,8.1,2025-11-20 18:01:42,2025-11-20 18:01:42,SEA
24181,sleeper.com,Week 13,Devaughn,Vele,WR,8.1,2025-11-26 18:35:52,2025-11-26 18:35:52,NO
24182,sleeper.com,Week 13,Michael,Badgley,K,8.1,2025-11-26 18:35:52,2025-11-26 18:35:52,IND
24183,sleeper.com,Week 13,Daniel,Carlson,K,8.1,2025-11-26 18:35:52,2025-11-26 18:35:52,LV
24184,sleeper.com,Week 13,Riley,Patterson,K,8.1,2025-11-26 18:35:52,2025-11-26 18:35:52,MIA
24565,espn.com,Week 13,Kyle,Monangai,RB,8.1,2025-11-26 18:36:55,2025-11-26 18:36:55,CHI
24648,espn.com,Week 13,Cade,Otton,TE,8.1,2025-11-26 18:36:55,2025-11-26 18:36:55,TB
24649,espn.com,Week 13,Evan,Engram,TE,8.1,2025-11-26 18:36:55,2025-11-26 18:36:55,DEN
24689,espn.com,Week 13,Michael,Badgley,K,8.1,2025-11-26 18:36:55,2025-11-26 18:36:55,IND
24690,espn.com,Week 13,Cam,Little,K,8.1,2025-11-26 18:36:55,2025-11-26 18:36:55,JAX
24691,espn.com,Week 13,Wil,Lutz,K,8.1,2025-11-26 18:36:55,2025-11-26 18:36:55,DEN
24692,espn.com,Week 13,Eddy,Pineiro,K,8.1,2025-11-26 18:36:55,2025-11-26 18:36:55,SF
25804,sleeper.com,Week 14,T.J.,Hockenson,TE,8.1,2025-12-03 01:52:43,2025-12-03 01:52:43,MIN
25805,sleeper.com,Week 14,Jake,Moody,K,8.1,2025-12-03 01:52:43,2025-12-03 01:52:43,WAS
25806,sleeper.com,Week 14,Alvin,Kamara,RB,8.1,2025-12-03 01:52:43,2025-12-03 01:52:43,NO
26178,fantasypros.com,Week 14,T.J.,Hockenson,TE,8.1,2025-12-03 01:54:53,2025-12-03 03:06:17,MIN
26187,fantasypros.com,Week 14,Wil,Lutz,K,8.1,2025-12-03 01:54:53,2025-12-03 03:06:17,DEN
27156,fantasypros.com,Week 14,Dontayvion,Wicks,WR,8.1,2025-12-03 02:17:53,2025-12-03 03:06:17,GB
27157,fantasypros.com,Week 14,Chimere,Dike,WR,8.1,2025-12-03 02:17:53,2025-12-03 03:06:17,TEN
29266,espn.com,Week 14,Tyler,Loop,K,8.1,2025-12-03 04:47:06,2025-12-03 05:22:56,BAL
29267,espn.com,Week 14,Wil,Lutz,K,8.1,2025-12-03 04:47:06,2025-12-03 05:22:56,DEN
26356,fanduel.com,Week 14,Darren,Waller,TE,8.05,2025-12-03 01:55:37,2025-12-03 03:57:34,MIA
26357,fanduel.com,Week 14,Michael,Wilson,WR,8.05,2025-12-03 01:55:37,2025-12-03 03:57:34,ARI
26358,fanduel.com,Week 14,Kyle,Monangai,RB,8.03,2025-12-03 01:55:37,2025-12-03 03:57:34,CHI
26359,fanduel.com,Week 14,Dallas,Goedert,TE,8.03,2025-12-03 01:55:37,2025-12-03 03:57:34,PHI
25237,fanduel.com,Week 13,Cedric,Tillman,WR,8.02,2025-11-26 18:38:36,2025-11-26 18:38:36,CLE
15351,sleeper.com,Week 10,Zane,Gonzalez,K,8.0,2025-11-07 00:48:26,2025-11-07 00:48:26,ATL
15682,espn.com,Week 10,Emari,Demercado,RB,8.0,2025-11-07 00:49:32,2025-11-07 00:49:32,ARI
15766,espn.com,Week 10,Jonnu,Smith,TE,8.0,2025-11-07 00:49:32,2025-11-07 00:49:32,PIT
15808,espn.com,Week 10,Brandon,McManus,K,8.0,2025-11-07 00:49:32,2025-11-07 00:49:32,GB
15809,espn.com,Week 10,Ryan,Fitzgerald,K,8.0,2025-11-07 00:49:32,2025-11-07 00:49:32,CAR
15810,espn.com,Week 10,Will,Reichard,K,8.0,2025-11-07 00:49:32,2025-11-07 00:49:32,MIN
16196,fantasypros.com,Week 10,Wil,Lutz,K,8.0,2025-11-07 00:50:27,2025-11-07 00:50:27,DEN
16219,fantasypros.com,Week 10,Los Angeles Rams,Defense,DST,8.0,2025-11-07 00:50:27,2025-11-07 00:50:27,LAR
16356,firstdown.studio,Week 10,DeMario,Douglas,WR,8.0,2025-11-07 00:50:48,2025-11-07 00:50:48,NE
16361,firstdown.studio,Week 10,Matthew,Golden,WR,8.0,2025-11-07 00:50:48,2025-11-07 00:50:48,GB
16366,firstdown.studio,Week 10,T.J.,Hockenson,TE,8.0,2025-11-07 00:50:48,2025-11-07 00:50:48,MIN
16562,sleeper.com,Week 11,Jason,Myers,K,8.0,2025-11-13 05:18:19,2025-11-13 05:18:19,SEA
17010,espn.com,Week 11,Michael,Mayer,TE,8.0,2025-11-13 05:19:16,2025-11-13 05:19:16,LV
17055,espn.com,Week 11,Tyler,Loop,K,8.0,2025-11-13 05:19:16,2025-11-13 05:19:16,BAL
17056,espn.com,Week 11,Will,Reichard,K,8.0,2025-11-13 05:19:16,2025-11-13 05:19:16,MIN
17057,espn.com,Week 11,Evan,McPherson,K,8.0,2025-11-13 05:19:16,2025-11-13 05:19:16,CIN
17132,fantasypros.com,Week 11,Jalen,Milroe,QB,8.0,2025-11-13 05:20:49,2025-11-13 05:20:49,SEA
17193,fantasypros.com,Week 11,Jacory,Croskey-Merritt,RB,8.0,2025-11-13 05:20:49,2025-11-13 05:20:49,WAS
17322,fantasypros.com,Week 11,Evan,Engram,TE,8.0,2025-11-13 05:20:49,2025-11-13 05:20:49,DEN
17379,fantasypros.com,Week 11,Cam,Little,K,8.0,2025-11-13 05:20:49,2025-11-13 05:26:13,JAX
17402,fantasypros.com,Week 11,Los Angeles Chargers,Defense,DST,8.0,2025-11-13 05:20:49,2025-11-13 05:20:49,LAC
17534,firstdown.studio,Week 11,Nick,Chubb,RB,8.0,2025-11-13 05:21:09,2025-11-13 05:21:09,HOU
17536,firstdown.studio,Week 11,J.,Croskey-Merritt,RB,8.0,2025-11-13 05:21:09,2025-11-13 05:21:09,WAS
17554,firstdown.studio,Week 11,Christian,Kirk,WR,8.0,2025-11-13 05:21:09,2025-11-13 05:21:09,HOU
17557,firstdown.studio,Week 11,Mark,Andrews,TE,8.0,2025-11-13 05:21:09,2025-11-13 05:21:09,BAL
17731,fanduel.com,Week 11,Zach,Charbonnet,RB,8.0,2025-11-13 05:21:22,2025-11-13 05:21:22,SEA
18252,sleeper.com,Week 12,Younghoe,Koo,K,8.0,2025-11-20 17:45:26,2025-11-20 17:59:20,NYG
18253,sleeper.com,Week 12,Cedric,Tillman,WR,8.0,2025-11-20 17:45:26,2025-11-20 17:59:20,CLE
18254,sleeper.com,Week 12,Xavier,Legette,WR,8.0,2025-11-20 17:45:26,2025-11-20 17:59:20,CAR
18595,espn.com,Week 12,Devin,Singletary,RB,8.0,2025-11-20 17:46:24,2025-11-20 18:00:16,NYG
18655,espn.com,Week 12,Greg,Dortch,WR,8.0,2025-11-20 17:46:24,2025-11-20 18:00:16,ARI
18656,espn.com,Week 12,Elic,Ayomanor,WR,8.0,2025-11-20 17:46:24,2025-11-20 18:00:16,TEN
18725,espn.com,Week 12,Evan,McPherson,K,8.0,2025-11-20 17:46:24,2025-11-20 18:00:16,CIN
18726,espn.com,Week 12,Cam,Little,K,8.0,2025-11-20 17:46:24,2025-11-20 18:00:16,JAX
20121,fantasypros.com,Week 12,Tyler,Lockett,WR,8.0,2025-11-20 18:01:42,2025-11-20 18:01:42,LV
20293,fantasypros.com,Week 12,Michael,Badgley,K,8.0,2025-11-20 18:01:42,2025-11-20 18:01:42,IND
20322,fantasypros.com,Week 12,Buffalo Bills,Defense,DST,8.0,2025-11-20 18:01:42,2025-11-20 18:01:42,BUF
24185,sleeper.com,Week 13,Younghoe,Koo,K,8.0,2025-11-26 18:35:52,2025-11-26 18:35:52,NYG
24186,sleeper.com,Week 13,Matt,Gay,K,8.0,2025-11-26 18:35:52,2025-11-26 18:35:52,SF
24187,sleeper.com,Week 13,Zane,Gonzalez,K,8.0,2025-11-26 18:35:52,2025-11-26 18:35:52,ATL
24188,sleeper.com,Week 13,Darius,Slayton,WR,8.0,2025-11-26 18:35:52,2025-11-26 18:35:52,NYG
24650,espn.com,Week 13,Isaiah,Likely,TE,8.0,2025-11-26 18:36:55,2025-11-26 18:36:55,BAL
24693,espn.com,Week 13,Chase,McLaughlin,K,8.0,2025-11-26 18:36:55,2025-11-26 18:36:55,TB
24776,fantasypros.com,Week 13,Davis,Mills,QB,8.0,2025-11-26 18:38:08,2025-11-26 18:38:08,HOU
24986,fantasypros.com,Week 13,Mike,Gesicki,TE,8.0,2025-11-26 18:38:08,2025-11-26 18:38:08,CIN
25049,fantasypros.com,Week 13,Evan,McPherson,K,8.0,2025-11-26 18:38:08,2025-11-26 18:38:08,CIN
25080,fantasypros.com,Week 13,Miami Dolphins,Defense,DST,8.0,2025-11-26 18:38:08,2025-11-26 18:38:08,MIA
25238,fanduel.com,Week 13,Josh,Downs,WR,8.0,2025-11-26 18:38:36,2025-11-26 18:38:36,IND
25807,sleeper.com,Week 14,Chad,Ryland,K,8.0,2025-12-03 01:52:43,2025-12-03 01:52:43,ARI
25808,sleeper.com,Week 14,Blake,Corum,RB,8.0,2025-12-03 01:52:43,2025-12-03 01:52:43,LAR
25809,sleeper.com,Week 14,Darren,Waller,TE,8.0,2025-12-03 01:52:43,2025-12-03 01:52:43,MIA
29268,espn.com,Week 14,Evan,McPherson,K,8.0,2025-12-03 04:47:06,2025-12-03 05:22:56,CIN
29269,espn.com,Week 14,Cairo,Santos,K,8.0,2025-12-03 04:47:06,2025-12-03 05:22:56,CHI
29270,espn.com,Week 14,Chase,McLaughlin,K,8.0,2025-12-03 04:47:06,2025-12-03 05:22:56,TB
29271,espn.com,Week 14,Cam,Little,K,8.0,2025-12-03 04:47:06,2025-12-03 05:22:56,JAX
29272,espn.com,Week 14,Riley,Patterson,K,8.0,2025-12-03 04:47:06,2025-12-03 05:22:56,MIA
25239,fanduel.com,Week 13,Rashid,Shaheed,WR,7.98,2025-11-26 18:38:36,2025-11-26 18:38:36,SEA
14853,fanduel.com,Week 10,RJ,Harvey,RB,7.96,2025-11-07 00:48:09,2025-11-07 00:48:09,DEN
25240,fanduel.com,Week 13,Chigoziem,Okonkwo,TE,7.96,2025-11-26 18:38:36,2025-11-26 18:38:36,TEN
14854,fanduel.com,Week 10,Dalton,Schultz,TE,7.94,2025-11-07 00:48:09,2025-11-07 00:48:09,HOU
17732,fanduel.com,Week 11,Marquise,Brown,WR,7.94,2025-11-13 05:21:22,2025-11-13 05:21:22,KC
17733,fanduel.com,Week 11,Tez,Johnson,WR,7.93,2025-11-13 05:21:22,2025-11-13 05:21:22,TB
14855,fanduel.com,Week 10,Jalen,Nailor,WR,7.92,2025-11-07 00:48:09,2025-11-07 00:48:09,MIN
15352,sleeper.com,Week 10,Luke,Musgrave,TE,7.9,2025-11-07 00:48:26,2025-11-07 00:48:26,GB
15353,sleeper.com,Week 10,Graham,Gano,K,7.9,2025-11-07 00:48:26,2025-11-07 00:48:26,NYG
15767,espn.com,Week 10,AJ,Barner,TE,7.9,2025-11-07 00:49:32,2025-11-07 00:49:32,SEA
15876,fantasypros.com,Week 10,Brock,Purdy,QB,7.9,2025-11-07 00:50:27,2025-11-07 00:50:27,SF
16052,fantasypros.com,Week 10,Rashod,Bateman,WR,7.9,2025-11-07 00:50:27,2025-11-07 00:50:27,BAL
16364,firstdown.studio,Week 10,Keon,Coleman,WR,7.9,2025-11-07 00:50:48,2025-11-07 00:50:48,BUF
16563,sleeper.com,Week 11,Mack,Hollins,WR,7.9,2025-11-13 05:18:19,2025-11-13 05:18:19,NE
17058,espn.com,Week 11,Zane,Gonzalez,K,7.9,2025-11-13 05:19:16,2025-11-13 05:19:16,ATL
17555,firstdown.studio,Week 11,Elic,Ayomanor,WR,7.9,2025-11-13 05:21:09,2025-11-13 05:21:09,TEN
17559,firstdown.studio,Week 11,T.J.,Hockenson,TE,7.9,2025-11-13 05:21:09,2025-11-13 05:21:09,MIN
18255,sleeper.com,Week 12,Michael,Badgley,K,7.9,2025-11-20 17:45:26,2025-11-20 17:59:20,IND
18256,sleeper.com,Week 12,Harrison,Mevis,K,7.9,2025-11-20 17:45:26,2025-11-20 17:59:20,LAR
18596,espn.com,Week 12,Kyle,Monangai,RB,7.9,2025-11-20 17:46:24,2025-11-20 18:00:16,CHI
18597,espn.com,Week 12,Blake,Corum,RB,7.9,2025-11-20 17:46:24,2025-11-20 18:00:16,LAR
18657,espn.com,Week 12,Parker,Washington,WR,7.9,2025-11-20 17:46:24,2025-11-20 18:00:16,JAX
18727,espn.com,Week 12,Ka'imi,Fairbairn,K,7.9,2025-11-20 17:46:24,2025-11-20 18:00:16,HOU
18739,espn.com,Week 12,Browns D/ST,Defense,DST,7.9,2025-11-20 17:46:24,2025-11-20 18:02:59,CLE
19930,fantasypros.com,Week 12,Aaron,Rodgers,QB,7.9,2025-11-20 18:01:42,2025-11-20 18:01:42,PIT
24189,sleeper.com,Week 13,Jerry,Jeudy,WR,7.9,2025-11-26 18:35:52,2025-11-26 18:35:52,CLE
24190,sleeper.com,Week 13,Chad,Ryland,K,7.9,2025-11-26 18:35:52,2025-11-26 18:35:52,ARI
24191,sleeper.com,Week 13,Devin,Singletary,RB,7.9,2025-11-26 18:35:52,2025-11-26 18:35:52,NYG
24192,sleeper.com,Week 13,Jake,Moody,K,7.9,2025-11-26 18:35:52,2025-11-26 18:35:52,WAS
24193,sleeper.com,Week 13,Isaiah,Hodgins,WR,7.9,2025-11-26 18:35:52,2025-11-26 18:35:52,NYG
24194,sleeper.com,Week 13,Cedric,Tillman,WR,7.9,2025-11-26 18:35:52,2025-11-26 18:35:52,CLE
24566,espn.com,Week 13,Tyler,Allgeier,RB,7.9,2025-11-26 18:36:55,2025-11-26 18:36:55,ATL
24694,espn.com,Week 13,Riley,Patterson,K,7.9,2025-11-26 18:36:55,2025-11-26 18:36:55,MIA
24695,espn.com,Week 13,Evan,McPherson,K,7.9,2025-11-26 18:36:55,2025-11-26 18:36:55,CIN
24696,espn.com,Week 13,Cairo,Santos,K,7.9,2025-11-26 18:36:55,2025-11-26 18:36:55,CHI
24697,espn.com,Week 13,Zane,Gonzalez,K,7.9,2025-11-26 18:36:55,2025-11-26 18:36:55,ATL
24859,fantasypros.com,Week 13,Deebo,Samuel Sr.,WR,7.9,2025-11-26 18:38:08,2025-11-26 18:38:08,WAS
25810,sleeper.com,Week 14,Pat,Bryant,WR,7.9,2025-12-03 01:52:43,2025-12-03 01:52:43,DEN
25811,sleeper.com,Week 14,Cairo,Santos,K,7.9,2025-12-03 01:52:43,2025-12-03 01:52:43,CHI
26179,fantasypros.com,Week 14,AJ,Barner,TE,7.9,2025-12-03 01:54:53,2025-12-03 03:06:17,SEA
26188,fantasypros.com,Week 14,Chris,Boswell,K,7.9,2025-12-03 01:54:53,2025-12-03 03:06:17,PIT
26189,fantasypros.com,Week 14,Chase,McLaughlin,K,7.9,2025-12-03 01:54:53,2025-12-03 03:06:17,TB
27056,fantasypros.com,Week 14,Blake,Corum,RB,7.9,2025-12-03 02:17:53,2025-12-03 03:06:17,LAR
27057,fantasypros.com,Week 14,Bhayshul,Tuten,RB,7.9,2025-12-03 02:17:53,2025-12-03 03:06:17,JAX
29273,espn.com,Week 14,Chris,Boswell,K,7.9,2025-12-03 04:47:06,2025-12-03 05:22:56,PIT
14856,fanduel.com,Week 10,Blake,Corum,RB,7.89,2025-11-07 00:48:09,2025-11-07 00:51:07,LAR
17734,fanduel.com,Week 11,Pat,Bryant,WR,7.86,2025-11-13 05:21:22,2025-11-13 05:21:22,DEN
25241,fanduel.com,Week 13,Xavier,Legette,WR,7.85,2025-11-26 18:38:36,2025-11-26 18:38:36,CAR
26361,fanduel.com,Week 14,Jalen,Nailor,WR,7.85,2025-12-03 01:55:37,2025-12-03 03:57:34,MIN
26360,fanduel.com,Week 14,Josh,Downs,WR,7.84,2025-12-03 01:55:37,2025-12-03 03:57:34,IND
16053,fantasypros.com,Week 10,Christian,Kirk,WR,7.8,2025-11-07 00:50:27,2025-11-07 00:50:27,HOU
16054,fantasypros.com,Week 10,Michael,Wilson,WR,7.8,2025-11-07 00:50:27,2025-11-07 00:50:27,ARI
16197,fantasypros.com,Week 10,Will,Reichard,K,7.8,2025-11-07 00:50:27,2025-11-07 00:50:27,MIN
16220,fantasypros.com,Week 10,Baltimore Ravens,Defense,DST,7.8,2025-11-07 00:50:27,2025-11-07 00:50:27,BAL
16348,firstdown.studio,Week 10,Devin,Singletary,RB,7.8,2025-11-07 00:50:48,2025-11-07 00:50:48,NYG
16564,sleeper.com,Week 11,Younghoe,Koo,K,7.8,2025-11-13 05:18:19,2025-11-13 05:18:19,NYG
16565,sleeper.com,Week 11,Olamide,Zaccheaus,WR,7.8,2025-11-13 05:18:19,2025-11-13 05:18:19,CHI
16566,sleeper.com,Week 11,Chris,Rodriguez,RB,7.8,2025-11-13 05:18:19,2025-11-13 05:18:19,WAS
16567,sleeper.com,Week 11,Jalen,Coker,WR,7.8,2025-11-13 05:18:19,2025-11-13 05:18:19,CAR
17059,espn.com,Week 11,Cam,Little,K,7.8,2025-11-13 05:19:16,2025-11-13 05:19:16,JAX
17380,fantasypros.com,Week 11,Harrison,Butker,K,7.8,2025-11-13 05:20:49,2025-11-13 05:20:49,KC
17403,fantasypros.com,Week 11,Los Angeles Rams,Defense,DST,7.8,2025-11-13 05:20:49,2025-11-13 05:20:49,LAR
17560,firstdown.studio,Week 11,Calvin,Austin,WR,7.8,2025-11-13 05:21:09,2025-11-13 05:21:09,PIT
18257,sleeper.com,Week 12,Jerry,Jeudy,WR,7.8,2025-11-20 17:45:26,2025-11-20 17:59:20,CLE
18258,sleeper.com,Week 12,Will,Reichard,K,7.8,2025-11-20 17:45:26,2025-11-20 17:59:20,MIN
18259,sleeper.com,Week 12,AJ,Barner,TE,7.8,2025-11-20 17:45:26,2025-11-20 17:59:20,SEA
18728,espn.com,Week 12,Chase,McLaughlin,K,7.8,2025-11-20 17:46:24,2025-11-20 18:00:16,TB
20230,fantasypros.com,Week 12,Noah,Fant,TE,7.8,2025-11-20 18:01:42,2025-11-20 18:01:42,CIN
20294,fantasypros.com,Week 12,Jake,Elliott,K,7.8,2025-11-20 18:01:42,2025-11-20 18:01:42,PHI
20323,fantasypros.com,Week 12,Los Angeles Rams,Defense,DST,7.8,2025-11-20 18:01:42,2025-11-20 18:01:42,LAR
24195,sleeper.com,Week 13,Brock,Wright,TE,7.8,2025-11-26 18:35:52,2025-11-26 18:35:52,DET
24196,sleeper.com,Week 13,Darren,Waller,TE,7.8,2025-11-26 18:35:52,2025-11-26 18:35:52,MIA
24197,sleeper.com,Week 13,Harrison,Mevis,K,7.8,2025-11-26 18:35:52,2025-11-26 18:35:52,LAR
24651,espn.com,Week 13,Colby,Parkinson,TE,7.8,2025-11-26 18:36:55,2025-11-26 18:36:55,LAR
24698,espn.com,Week 13,Brandon,McManus,K,7.8,2025-11-26 18:36:55,2025-11-26 18:36:55,GB
25050,fantasypros.com,Week 13,Chase,McLaughlin,K,7.8,2025-11-26 18:38:08,2025-11-26 18:38:08,TB
25081,fantasypros.com,Week 13,Philadelphia Eagles,Defense,DST,7.8,2025-11-26 18:38:08,2025-11-26 18:38:08,PHI
25812,sleeper.com,Week 14,Trey,Benson,RB,7.8,2025-12-03 01:52:43,2025-12-03 01:52:43,ARI
25813,sleeper.com,Week 14,Zonovan,Knight,RB,7.8,2025-12-03 01:52:43,2025-12-03 01:52:43,ARI
25814,sleeper.com,Week 14,Riley,Patterson,K,7.8,2025-12-03 01:52:43,2025-12-03 01:52:43,MIA
26214,fantasypros.com,Week 14,Los Angeles Rams,Defense,DST,7.8,2025-12-03 01:54:53,2025-12-03 03:06:17,LAR
27158,fantasypros.com,Week 14,Pat,Bryant,WR,7.8,2025-12-03 02:17:53,2025-12-03 03:06:17,DEN
29664,espn.com,Week 14,Evan,Engram,TE,7.8,2025-12-03 05:22:56,2025-12-03 05:22:56,DEN
17735,fanduel.com,Week 11,Dawson,Knox,TE,7.78,2025-11-13 05:21:22,2025-11-13 05:21:22,BUF
26384,fanduel.com,Week 14,Kareem,Hunt,RB,7.78,2025-12-03 01:55:37,2025-12-03 03:57:34,KC
17736,fanduel.com,Week 11,Dyami,Brown,WR,7.75,2025-11-13 05:21:22,2025-11-13 05:26:13,JAX
26364,fanduel.com,Week 14,Jayden,Higgins,WR,7.73,2025-12-03 01:55:37,2025-12-03 03:57:34,HOU
25242,fanduel.com,Week 13,Greg,Dortch,WR,7.72,2025-11-26 18:38:36,2025-11-26 18:38:36,ARI
15354,sleeper.com,Week 10,Chad,Ryland,K,7.7,2025-11-07 00:48:26,2025-11-07 00:48:26,ARI
15355,sleeper.com,Week 10,Andre,Szmyt,K,7.7,2025-11-07 00:48:26,2025-11-07 00:48:26,CLE
15356,sleeper.com,Week 10,Zonovan,Knight,RB,7.7,2025-11-07 00:48:26,2025-11-07 00:48:26,ARI
15357,sleeper.com,Week 10,Riley,Patterson,K,7.7,2025-11-07 00:48:26,2025-11-07 00:48:26,MIA
15768,espn.com,Week 10,Colston,Loveland,TE,7.7,2025-11-07 00:49:32,2025-11-07 00:49:32,CHI
15811,espn.com,Week 10,Zane,Gonzalez,K,7.7,2025-11-07 00:49:32,2025-11-07 00:49:32,ATL
16181,fantasypros.com,Week 10,T.J.,Hockenson,TE,7.7,2025-11-07 00:50:27,2025-11-07 00:50:27,MIN
16346,firstdown.studio,Week 10,Nick,Chubb,RB,7.7,2025-11-07 00:50:48,2025-11-07 00:50:48,HOU
16568,sleeper.com,Week 11,Chimere,Dike,WR,7.7,2025-11-13 05:18:19,2025-11-13 05:18:19,TEN
16569,sleeper.com,Week 11,Rashid,Shaheed,WR,7.7,2025-11-13 05:18:19,2025-11-13 05:18:19,SEA
17011,espn.com,Week 11,AJ,Barner,TE,7.7,2025-11-13 05:19:16,2025-11-13 05:19:16,SEA
17060,espn.com,Week 11,Matt,Gay,K,7.7,2025-11-13 05:19:16,2025-11-13 05:26:13,WAS
17061,espn.com,Week 11,Wil,Lutz,K,7.7,2025-11-13 05:19:16,2025-11-13 05:19:16,DEN
17068,espn.com,Week 11,Packers D/ST,Defense,DST,7.7,2025-11-13 05:19:16,2025-11-13 05:26:13,GB
17069,espn.com,Week 11,Texans D/ST,Defense,DST,7.7,2025-11-13 05:19:16,2025-11-13 05:26:13,HOU
17323,fantasypros.com,Week 11,Noah,Fant,TE,7.7,2025-11-13 05:20:49,2025-11-13 05:20:49,CIN
17539,firstdown.studio,Week 11,Kyle,Monangai,RB,7.7,2025-11-13 05:21:09,2025-11-13 05:21:09,CHI
17541,firstdown.studio,Week 11,Zach,Charbonnet,RB,7.7,2025-11-13 05:21:09,2025-11-13 05:21:09,SEA
17561,firstdown.studio,Week 11,Colston,Loveland,TE,7.7,2025-11-13 05:21:09,2025-11-13 05:21:09,CHI
18260,sleeper.com,Week 12,Zane,Gonzalez,K,7.7,2025-11-20 17:45:26,2025-11-20 17:59:20,ATL
18658,espn.com,Week 12,KhaDarel,Hodge,WR,7.7,2025-11-20 17:46:24,2025-11-20 18:00:16,ATL
18680,espn.com,Week 12,Brenton,Strange,TE,7.7,2025-11-20 17:46:24,2025-11-20 18:00:16,JAX
18729,espn.com,Week 12,Younghoe,Koo,K,7.7,2025-11-20 17:46:24,2025-11-20 18:00:16,NYG
18730,espn.com,Week 12,Chad,Ryland,K,7.7,2025-11-20 17:46:24,2025-11-20 18:00:16,ARI
18731,espn.com,Week 12,Ryan,Fitzgerald,K,7.7,2025-11-20 17:46:24,2025-11-20 18:00:16,CAR
18732,espn.com,Week 12,Zane,Gonzalez,K,7.7,2025-11-20 17:46:24,2025-11-20 18:00:16,ATL
20122,fantasypros.com,Week 12,Cedric,Tillman,WR,7.7,2025-11-20 18:01:42,2025-11-20 18:01:42,CLE
24652,espn.com,Week 13,AJ,Barner,TE,7.7,2025-11-26 18:36:55,2025-11-26 18:36:55,SEA
24699,espn.com,Week 13,Ka'imi,Fairbairn,K,7.7,2025-11-26 18:36:55,2025-11-26 18:36:55,HOU
24987,fantasypros.com,Week 13,Mason,Taylor,TE,7.7,2025-11-26 18:38:08,2025-11-26 18:38:08,NYJ
25815,sleeper.com,Week 14,Zane,Gonzalez,K,7.7,2025-12-03 01:52:43,2025-12-03 01:52:43,ATL
25816,sleeper.com,Week 14,Rashid,Shaheed,WR,7.7,2025-12-03 01:52:43,2025-12-03 01:52:43,SEA
26190,fantasypros.com,Week 14,Ka'imi,Fairbairn,K,7.7,2025-12-03 01:54:53,2025-12-03 03:06:17,HOU
27159,fantasypros.com,Week 14,Malik,Washington,WR,7.7,2025-12-03 02:17:53,2025-12-03 03:06:17,MIA
29274,espn.com,Week 14,Nick,Folk,K,7.7,2025-12-03 04:47:06,2025-12-03 05:22:56,NYJ
29275,espn.com,Week 14,Ka'imi,Fairbairn,K,7.7,2025-12-03 04:47:06,2025-12-03 05:22:56,HOU
25243,fanduel.com,Week 13,Dalton,Schultz,TE,7.69,2025-11-26 18:38:36,2025-11-26 18:38:36,HOU
25244,fanduel.com,Week 13,Teddy,Bridgewater,QB,7.67,2025-11-26 18:38:36,2025-11-26 18:38:36,TB
26363,fanduel.com,Week 14,Brenton,Strange,TE,7.67,2025-12-03 01:55:37,2025-12-03 03:57:34,JAX
18893,fanduel.com,Week 12,Mason,Rudolph,QB,7.65,2025-11-20 17:52:44,2025-11-20 18:02:18,PIT
25245,fanduel.com,Week 13,Isiah,Pacheco,RB,7.65,2025-11-26 18:38:36,2025-11-26 18:38:36,KC
25246,fanduel.com,Week 13,Zach,Ertz,TE,7.64,2025-11-26 18:38:36,2025-11-26 18:38:36,WAS
17737,fanduel.com,Week 11,Dontayvion,Wicks,WR,7.63,2025-11-13 05:21:22,2025-11-13 05:21:22,GB
17738,fanduel.com,Week 11,Devin,Singletary,RB,7.62,2025-11-13 05:21:22,2025-11-13 05:21:22,NYG
26365,fanduel.com,Week 14,Chigoziem,Okonkwo,TE,7.62,2025-12-03 01:55:37,2025-12-03 03:57:34,TEN
26366,fanduel.com,Week 14,Tre,Tucker,WR,7.62,2025-12-03 01:55:37,2025-12-03 03:57:34,LV
25247,fanduel.com,Week 13,Kareem,Hunt,RB,7.61,2025-11-26 18:38:36,2025-11-26 18:38:36,KC
25248,fanduel.com,Week 13,Rachaad,White,RB,7.61,2025-11-26 18:38:36,2025-11-26 18:38:36,TB
15358,sleeper.com,Week 10,TreVeyon,Henderson,RB,7.6,2025-11-07 00:48:26,2025-11-07 00:48:26,NE
15359,sleeper.com,Week 10,Matthew,Wright,K,7.6,2025-11-07 00:48:26,2025-11-07 00:48:26,HOU
15812,espn.com,Week 10,Chad,Ryland,K,7.6,2025-11-07 00:49:32,2025-11-07 00:49:32,ARI
15813,espn.com,Week 10,Matt,Gay,K,7.6,2025-11-07 00:49:32,2025-11-07 00:51:07,WAS
15814,espn.com,Week 10,Nick,Folk,K,7.6,2025-11-07 00:49:32,2025-11-07 00:49:32,NYJ
16182,fantasypros.com,Week 10,David,Njoku,TE,7.6,2025-11-07 00:50:27,2025-11-07 00:50:27,CLE
16198,fantasypros.com,Week 10,Andy,Borregales,K,7.6,2025-11-07 00:50:27,2025-11-07 00:50:27,NE
16367,firstdown.studio,Week 10,O.,Zaccheaus,WR,7.6,2025-11-07 00:50:48,2025-11-07 00:50:48,CHI
16570,sleeper.com,Week 11,Jerry,Jeudy,WR,7.6,2025-11-13 05:18:19,2025-11-13 05:18:19,CLE
16571,sleeper.com,Week 11,Cedric,Tillman,WR,7.6,2025-11-13 05:18:19,2025-11-13 05:18:19,CLE
16572,sleeper.com,Week 11,Kyle,Monangai,RB,7.6,2025-11-13 05:18:19,2025-11-13 05:18:19,CHI
16573,sleeper.com,Week 11,Harrison,Mevis,K,7.6,2025-11-13 05:18:19,2025-11-13 05:18:19,LAR
17062,espn.com,Week 11,Younghoe,Koo,K,7.6,2025-11-13 05:19:16,2025-11-13 05:19:16,NYG
17063,espn.com,Week 11,Nick,Folk,K,7.6,2025-11-13 05:19:16,2025-11-13 05:19:16,NYJ
17194,fantasypros.com,Week 11,Kyle,Monangai,RB,7.6,2025-11-13 05:20:49,2025-11-13 05:20:49,CHI
17381,fantasypros.com,Week 11,Jake,Bates,K,7.6,2025-11-13 05:20:49,2025-11-13 05:20:49,DET
18261,sleeper.com,Week 12,KhaDarel,Hodge,WR,7.6,2025-11-20 17:45:26,2025-11-20 17:59:20,ATL
18262,sleeper.com,Week 12,Lucas,Havrisik,K,7.6,2025-11-20 17:45:26,2025-11-20 17:59:20,GB
18263,sleeper.com,Week 12,Jayden,Higgins,WR,7.6,2025-11-20 17:45:26,2025-11-20 17:59:20,HOU
18659,espn.com,Week 12,Cooper,Kupp,WR,7.6,2025-11-20 17:46:24,2025-11-20 18:00:16,SEA
18660,espn.com,Week 12,Adonai,Mitchell,WR,7.6,2025-11-20 17:46:24,2025-11-20 18:00:16,NYJ
18681,espn.com,Week 12,Isaiah,Likely,TE,7.6,2025-11-20 17:46:24,2025-11-20 18:00:16,BAL
18733,espn.com,Week 12,Nick,Folk,K,7.6,2025-11-20 17:46:24,2025-11-20 18:00:16,NYJ
20001,fantasypros.com,Week 12,Devin,Singletary,RB,7.6,2025-11-20 18:01:42,2025-11-20 18:01:42,NYG
20002,fantasypros.com,Week 12,Kyle,Monangai,RB,7.6,2025-11-20 18:01:42,2025-11-20 18:01:42,CHI
20123,fantasypros.com,Week 12,Brian,Thomas Jr.,WR,7.6,2025-11-20 18:01:42,2025-11-20 18:02:59,JAX
20295,fantasypros.com,Week 12,Matt,Prater,K,7.6,2025-11-20 18:01:42,2025-11-20 18:01:42,BUF
24198,sleeper.com,Week 13,Rashid,Shaheed,WR,7.6,2025-11-26 18:35:52,2025-11-26 18:35:52,SEA
24199,sleeper.com,Week 13,Adonai,Mitchell,WR,7.6,2025-11-26 18:35:52,2025-11-26 18:35:52,NYJ
24200,sleeper.com,Week 13,Cairo,Santos,K,7.6,2025-11-26 18:35:52,2025-11-26 18:35:52,CHI
24653,espn.com,Week 13,Taysom,Hill,TE,7.6,2025-11-26 18:36:55,2025-11-26 18:36:55,NO
24654,espn.com,Week 13,Mike,Gesicki,TE,7.6,2025-11-26 18:36:55,2025-11-26 18:36:55,CIN
24700,espn.com,Week 13,Nick,Folk,K,7.6,2025-11-26 18:36:55,2025-11-26 18:36:55,NYJ
24701,espn.com,Week 13,Younghoe,Koo,K,7.6,2025-11-26 18:36:55,2025-11-26 18:36:55,NYG
25051,fantasypros.com,Week 13,Wil,Lutz,K,7.6,2025-11-26 18:38:08,2025-11-26 18:38:08,DEN
25817,sleeper.com,Week 14,Luther,Burden,WR,7.6,2025-12-03 01:52:43,2025-12-03 01:52:43,CHI
26180,fantasypros.com,Week 14,Mike,Gesicki,TE,7.6,2025-12-03 01:54:53,2025-12-03 03:06:17,CIN
26191,fantasypros.com,Week 14,Harrison,Mevis,K,7.6,2025-12-03 01:54:53,2025-12-03 03:06:17,LAR
27058,fantasypros.com,Week 14,Tyjae,Spears,RB,7.6,2025-12-03 02:17:53,2025-12-03 03:06:17,TEN
27059,fantasypros.com,Week 14,Tony,Pollard,RB,7.6,2025-12-03 02:17:53,2025-12-03 03:06:17,TEN
29276,espn.com,Week 14,Jake,Elliott,K,7.6,2025-12-03 04:47:06,2025-12-03 05:22:56,PHI
29277,espn.com,Week 14,Zane,Gonzalez,K,7.6,2025-12-03 04:47:06,2025-12-03 05:22:56,ATL
29278,espn.com,Week 14,Will,Reichard,K,7.6,2025-12-03 04:47:06,2025-12-03 05:22:56,MIN
25249,fanduel.com,Week 13,Jayden,Higgins,WR,7.58,2025-11-26 18:38:36,2025-11-26 18:38:36,HOU
14857,fanduel.com,Week 10,Nick,Chubb,RB,7.57,2025-11-07 00:48:09,2025-11-07 00:48:09,HOU
14858,fanduel.com,Week 10,Isaiah,Likely,TE,7.56,2025-11-07 00:48:09,2025-11-07 00:48:09,BAL
14859,fanduel.com,Week 10,Zach,Charbonnet,RB,7.56,2025-11-07 00:48:09,2025-11-07 00:48:09,SEA
25250,fanduel.com,Week 13,Emanuel,Wilson,RB,7.56,2025-11-26 18:38:36,2025-11-26 18:38:36,GB
25251,fanduel.com,Week 13,Chuba,Hubbard,RB,7.55,2025-11-26 18:38:36,2025-11-26 18:38:36,CAR
18894,fanduel.com,Week 12,Luther,Burden III,WR,7.54,2025-11-20 17:52:44,2025-11-20 18:02:18,CHI
25252,fanduel.com,Week 13,John,Metchie III,WR,7.53,2025-11-26 18:38:36,2025-11-26 18:38:36,NYJ
14860,fanduel.com,Week 10,Tyler,Higbee,TE,7.51,2025-11-07 00:48:09,2025-11-07 00:51:07,LAR
15360,sleeper.com,Week 10,AJ,Barner,TE,7.5,2025-11-07 00:48:26,2025-11-07 00:48:26,SEA
15815,espn.com,Week 10,Riley,Patterson,K,7.5,2025-11-07 00:49:32,2025-11-07 00:49:32,MIA
15816,espn.com,Week 10,Cam,Little,K,7.5,2025-11-07 00:49:32,2025-11-07 00:49:32,JAX
15932,fantasypros.com,Week 10,Aaron,Jones Sr.,RB,7.5,2025-11-07 00:50:27,2025-11-07 00:50:27,MIN
15933,fantasypros.com,Week 10,Emari,Demercado,RB,7.5,2025-11-07 00:50:27,2025-11-07 00:50:27,ARI
16183,fantasypros.com,Week 10,Luke,Musgrave,TE,7.5,2025-11-07 00:50:27,2025-11-07 00:50:27,GB
16221,fantasypros.com,Week 10,Chicago Bears,Defense,DST,7.5,2025-11-07 00:50:27,2025-11-07 00:50:27,CHI
16355,firstdown.studio,Week 10,Emari,Demercado,RB,7.5,2025-11-07 00:50:48,2025-11-07 00:50:48,ARI
16574,sleeper.com,Week 11,Chris,Moore,WR,7.5,2025-11-13 05:18:19,2025-11-13 05:18:19,WAS
16575,sleeper.com,Week 11,Xavier,Legette,WR,7.5,2025-11-13 05:18:19,2025-11-13 05:18:19,CAR
16576,sleeper.com,Week 11,Jayden,Higgins,WR,7.5,2025-11-13 05:18:19,2025-11-13 05:18:19,HOU
16577,sleeper.com,Week 11,Andy,Borregales,K,7.5,2025-11-13 05:18:19,2025-11-13 05:18:19,NE
17064,espn.com,Week 11,Daniel,Carlson,K,7.5,2025-11-13 05:19:16,2025-11-13 05:19:16,LV
17133,fantasypros.com,Week 11,Tyrod,Taylor,QB,7.5,2025-11-13 05:20:49,2025-11-13 05:20:49,NYJ
17404,fantasypros.com,Week 11,Minnesota Vikings,Defense,DST,7.5,2025-11-13 05:20:49,2025-11-13 05:20:49,MIN
17535,firstdown.studio,Week 11,Bam,Knight,RB,7.5,2025-11-13 05:21:09,2025-11-13 05:21:09,ARI
17558,firstdown.studio,Week 11,Kenneth,Gainwell,RB,7.5,2025-11-13 05:21:09,2025-11-13 05:21:09,PIT
18264,sleeper.com,Week 12,Ryan,Fitzgerald,K,7.5,2025-11-20 17:45:26,2025-11-20 17:59:20,CAR
18265,sleeper.com,Week 12,Tyler,Lockett,WR,7.5,2025-11-20 17:45:26,2025-11-20 17:59:20,LV
18266,sleeper.com,Week 12,Blake,Grupe,K,7.5,2025-11-20 17:45:26,2025-11-20 17:59:20,NO
18267,sleeper.com,Week 12,Devaughn,Vele,WR,7.5,2025-11-20 17:45:26,2025-11-20 17:59:20,NO
18734,espn.com,Week 12,Will,Reichard,K,7.5,2025-11-20 17:46:24,2025-11-20 18:00:16,MIN
18740,espn.com,Week 12,Packers D/ST,Defense,DST,7.5,2025-11-20 17:46:24,2025-11-20 18:02:59,GB
20124,fantasypros.com,Week 12,Elic,Ayomanor,WR,7.5,2025-11-20 18:01:42,2025-11-20 18:01:42,TEN
20324,fantasypros.com,Week 12,Chicago Bears,Defense,DST,7.5,2025-11-20 18:01:42,2025-11-20 18:01:42,CHI
24201,sleeper.com,Week 13,Blake,Corum,RB,7.5,2025-11-26 18:35:52,2025-11-26 18:35:52,LAR
24202,sleeper.com,Week 13,Will,Reichard,K,7.5,2025-11-26 18:35:52,2025-11-26 18:35:52,MIN
24203,sleeper.com,Week 13,Bhayshul,Tuten,RB,7.5,2025-11-26 18:35:52,2025-11-26 18:35:52,JAX
24702,espn.com,Week 13,Joey,Slye,K,7.5,2025-11-26 18:36:55,2025-11-26 18:36:55,TEN
24712,espn.com,Week 13,Rams D/ST,Defense,DST,7.5,2025-11-26 18:36:55,2025-11-26 18:36:55,LAR
24777,fantasypros.com,Week 13,Mason,Rudolph,QB,7.5,2025-11-26 18:38:08,2025-11-26 18:38:08,PIT
24860,fantasypros.com,Week 13,Christian,Watson,WR,7.5,2025-11-26 18:38:08,2025-11-26 18:38:08,GB
25082,fantasypros.com,Week 13,San Francisco 49ers,Defense,DST,7.5,2025-11-26 18:38:08,2025-11-26 18:38:08,SF
25818,sleeper.com,Week 14,Evan,Engram,TE,7.5,2025-12-03 01:52:43,2025-12-03 01:52:43,DEN
25819,sleeper.com,Week 14,Samaje,Perine,RB,7.5,2025-12-03 01:52:43,2025-12-03 01:52:43,CIN
26192,fantasypros.com,Week 14,Matt,Prater,K,7.5,2025-12-03 01:54:53,2025-12-03 03:06:17,BUF
26215,fantasypros.com,Week 14,Tampa Bay Buccaneers,Defense,DST,7.5,2025-12-03 01:54:53,2025-12-03 03:06:17,TB
14861,fanduel.com,Week 10,Rachaad,White,RB,7.49,2025-11-07 00:48:09,2025-11-07 00:48:09,TB
17739,fanduel.com,Week 11,Chimere,Dike,WR,7.48,2025-11-13 05:21:22,2025-11-13 05:21:22,TEN
26379,fanduel.com,Week 14,Zach,Ertz,TE,7.48,2025-12-03 01:55:37,2025-12-03 03:57:34,WAS
17740,fanduel.com,Week 11,Tyler,Higbee,TE,7.47,2025-11-13 05:21:22,2025-11-13 05:26:14,LAR
18895,fanduel.com,Week 12,Kareem,Hunt,RB,7.47,2025-11-20 17:52:44,2025-11-20 18:02:18,KC
25253,fanduel.com,Week 13,Brock,Wright,TE,7.47,2025-11-26 18:38:36,2025-11-26 18:38:36,DET
18896,fanduel.com,Week 12,Dalton,Schultz,TE,7.45,2025-11-20 17:52:44,2025-11-20 18:02:18,HOU
25254,fanduel.com,Week 13,Mason,Taylor,TE,7.43,2025-11-26 18:38:36,2025-11-26 18:38:36,NYJ
26369,fanduel.com,Week 14,Colston,Loveland,TE,7.42,2025-12-03 01:55:37,2025-12-03 03:57:34,CHI
26376,fanduel.com,Week 14,Nick,Chubb,RB,7.41,2025-12-03 01:55:37,2025-12-03 03:57:34,HOU
14862,fanduel.com,Week 10,Kayshon,Boutte,WR,7.4,2025-11-07 00:48:09,2025-11-07 00:48:09,NE
15817,espn.com,Week 10,Andre,Szmyt,K,7.4,2025-11-07 00:49:32,2025-11-07 00:49:32,CLE
16199,fantasypros.com,Week 10,Brandon,McManus,K,7.4,2025-11-07 00:50:27,2025-11-07 00:50:27,GB
16369,firstdown.studio,Week 10,Luke,Musgrave,TE,7.4,2025-11-07 00:50:48,2025-11-07 00:50:48,GB
17065,espn.com,Week 11,Ryan,Fitzgerald,K,7.4,2025-11-13 05:19:16,2025-11-13 05:19:16,CAR
17066,espn.com,Week 11,Andre,Szmyt,K,7.4,2025-11-13 05:19:16,2025-11-13 05:19:16,CLE
17324,fantasypros.com,Week 11,Jonnu,Smith,TE,7.4,2025-11-13 05:20:49,2025-11-13 05:20:49,PIT
17382,fantasypros.com,Week 11,Matt,Prater,K,7.4,2025-11-13 05:20:49,2025-11-13 05:20:49,BUF
18268,sleeper.com,Week 12,Brenton,Strange,TE,7.4,2025-11-20 17:45:26,2025-11-20 17:59:20,JAX
18269,sleeper.com,Week 12,Tyler,Allgeier,RB,7.4,2025-11-20 17:45:26,2025-11-20 17:59:20,ATL
18270,sleeper.com,Week 12,Rashod,Bateman,WR,7.4,2025-11-20 17:45:26,2025-11-20 17:59:20,BAL
18598,espn.com,Week 12,Bam,Knight,RB,7.4,2025-11-20 17:46:24,2025-11-20 18:00:16,ARI
18599,espn.com,Week 12,Bhayshul,Tuten,RB,7.4,2025-11-20 17:46:24,2025-11-20 18:00:16,JAX
20125,fantasypros.com,Week 12,Matthew,Golden,WR,7.4,2025-11-20 18:01:42,2025-11-20 18:01:42,GB
20231,fantasypros.com,Week 12,Mason,Taylor,TE,7.4,2025-11-20 18:01:42,2025-11-20 18:01:42,NYJ
20232,fantasypros.com,Week 12,T.J.,Hockenson,TE,7.4,2025-11-20 18:01:42,2025-11-20 18:01:42,MIN
20296,fantasypros.com,Week 12,Harrison,Mevis,K,7.4,2025-11-20 18:01:42,2025-11-20 18:01:42,LAR
24204,sleeper.com,Week 13,Kimani,Vidal,RB,7.4,2025-11-26 18:35:52,2025-11-26 18:35:52,LAC
24205,sleeper.com,Week 13,Elic,Ayomanor,WR,7.4,2025-11-26 18:35:52,2025-11-26 18:35:52,TEN
24206,sleeper.com,Week 13,Jalen,Coker,WR,7.4,2025-11-26 18:35:52,2025-11-26 18:35:52,CAR
24207,sleeper.com,Week 13,Andy,Borregales,K,7.4,2025-11-26 18:35:52,2025-11-26 18:35:52,NE
24208,sleeper.com,Week 13,Emanuel,Wilson,RB,7.4,2025-11-26 18:35:52,2025-11-26 18:35:52,GB
24655,espn.com,Week 13,Colston,Loveland,TE,7.4,2025-11-26 18:36:55,2025-11-26 18:36:55,CHI
24703,espn.com,Week 13,Andre,Szmyt,K,7.4,2025-11-26 18:36:55,2025-11-26 18:36:55,CLE
24704,espn.com,Week 13,Chad,Ryland,K,7.4,2025-11-26 18:36:55,2025-11-26 18:36:55,ARI
24988,fantasypros.com,Week 13,Isaiah,Likely,TE,7.4,2025-11-26 18:38:08,2025-11-26 18:38:08,BAL
25052,fantasypros.com,Week 13,Matt,Prater,K,7.4,2025-11-26 18:38:08,2025-11-26 18:38:08,BUF
25820,sleeper.com,Week 14,Aaron,Jones,RB,7.4,2025-12-03 01:52:43,2025-12-03 01:52:43,MIN
26193,fantasypros.com,Week 14,Cameron,Dicker,K,7.4,2025-12-03 01:54:53,2025-12-03 03:06:17,LAC
27160,fantasypros.com,Week 14,Rashid,Shaheed,WR,7.4,2025-12-03 02:17:53,2025-12-03 03:06:17,SEA
29279,espn.com,Week 14,Andre,Szmyt,K,7.4,2025-12-03 04:47:06,2025-12-03 05:22:56,CLE
29665,espn.com,Week 14,Isaiah,Likely,TE,7.4,2025-12-03 05:22:56,2025-12-03 05:22:56,BAL
14863,fanduel.com,Week 10,Xavier,Legette,WR,7.39,2025-11-07 00:48:09,2025-11-07 00:48:09,CAR
25255,fanduel.com,Week 13,Darius,Slayton,WR,7.38,2025-11-26 18:38:36,2025-11-26 18:38:36,NYG
17741,fanduel.com,Week 11,Pat,Freiermuth,TE,7.36,2025-11-13 05:21:22,2025-11-13 05:21:22,PIT
25256,fanduel.com,Week 13,T.J.,Hockenson,TE,7.36,2025-11-26 18:38:36,2025-11-26 18:38:36,MIN
26370,fanduel.com,Week 14,Elic,Ayomanor,WR,7.36,2025-12-03 01:55:37,2025-12-03 03:57:34,TEN
18897,fanduel.com,Week 12,Nick,Chubb,RB,7.35,2025-11-20 17:52:44,2025-11-20 18:02:18,HOU
26371,fanduel.com,Week 14,Chris,Rodriguez Jr.,RB,7.33,2025-12-03 01:55:37,2025-12-03 03:57:34,WAS
15361,sleeper.com,Week 10,Tory,Horton,WR,7.3,2025-11-07 00:48:26,2025-11-07 00:48:26,SEA
15769,espn.com,Week 10,Evan,Engram,TE,7.3,2025-11-07 00:49:32,2025-11-07 00:49:32,DEN
15770,espn.com,Week 10,Tyler,Higbee,TE,7.3,2025-11-07 00:49:32,2025-11-07 00:49:32,LAR
15934,fantasypros.com,Week 10,Nick,Chubb,RB,7.3,2025-11-07 00:50:27,2025-11-07 00:50:27,HOU
16370,firstdown.studio,Week 10,Christian,Kirk,WR,7.3,2025-11-07 00:50:48,2025-11-07 00:50:48,HOU
16578,sleeper.com,Week 11,Marvin,Mims,WR,7.3,2025-11-13 05:18:19,2025-11-13 05:18:19,DEN
16930,espn.com,Week 11,Isaiah,Davis,RB,7.3,2025-11-13 05:19:16,2025-11-13 05:19:16,NYJ
17012,espn.com,Week 11,Brenton,Strange,TE,7.3,2025-11-13 05:19:16,2025-11-13 05:19:16,JAX
17070,espn.com,Week 11,Patriots D/ST,Defense,DST,7.3,2025-11-13 05:19:16,2025-11-13 05:26:13,NE
17564,firstdown.studio,Week 11,Dawson,Knox,TE,7.3,2025-11-13 05:21:09,2025-11-13 05:21:09,BUF
18271,sleeper.com,Week 12,Isaiah,Davis,RB,7.3,2025-11-20 17:45:26,2025-11-20 17:59:20,NYJ
18272,sleeper.com,Week 12,Ka'imi,Fairbairn,K,7.3,2025-11-20 17:45:26,2025-11-20 17:59:20,HOU
18735,espn.com,Week 12,Blake,Grupe,K,7.3,2025-11-20 17:46:24,2025-11-20 18:00:16,NO
18736,espn.com,Week 12,Andre,Szmyt,K,7.3,2025-11-20 17:46:24,2025-11-20 18:00:16,CLE
20126,fantasypros.com,Week 12,DeMario,Douglas,WR,7.3,2025-11-20 18:01:42,2025-11-20 18:01:42,NE
20233,fantasypros.com,Week 12,David,Njoku,TE,7.3,2025-11-20 18:01:42,2025-11-20 18:01:42,CLE
24209,sleeper.com,Week 13,Calvin,Austin,WR,7.3,2025-11-26 18:35:52,2025-11-26 18:35:52,PIT
24210,sleeper.com,Week 13,Luther,Burden,WR,7.3,2025-11-26 18:35:52,2025-11-26 18:35:52,CHI
24713,espn.com,Week 13,Broncos D/ST,Defense,DST,7.3,2025-11-26 18:36:55,2025-11-26 18:36:55,DEN
25821,sleeper.com,Week 14,Andre,Szmyt,K,7.3,2025-12-03 01:52:43,2025-12-03 01:52:43,CLE
26194,fantasypros.com,Week 14,Evan,McPherson,K,7.3,2025-12-03 01:54:53,2025-12-03 03:06:17,CIN
26195,fantasypros.com,Week 14,Cam,Little,K,7.3,2025-12-03 01:54:53,2025-12-03 03:06:17,JAX
26196,fantasypros.com,Week 14,Brandon,McManus,K,7.3,2025-12-03 01:54:53,2025-12-03 03:06:17,GB
26216,fantasypros.com,Week 14,Houston Texans,Defense,DST,7.3,2025-12-03 01:54:53,2025-12-03 03:06:17,HOU
27060,fantasypros.com,Week 14,Omarion,Hampton,RB,7.3,2025-12-03 02:17:53,2025-12-03 03:06:17,LAC
27161,fantasypros.com,Week 14,Parker,Washington,WR,7.3,2025-12-03 02:17:53,2025-12-03 03:06:17,JAX
29666,espn.com,Week 14,Darren,Waller,TE,7.3,2025-12-03 05:22:56,2025-12-03 05:22:56,MIA
25257,fanduel.com,Week 13,Zonovan,Knight,RB,7.29,2025-11-26 18:38:36,2025-11-26 18:38:36,ARI
25258,fanduel.com,Week 13,Ricky,Pearsall,WR,7.28,2025-11-26 18:38:36,2025-11-26 18:38:36,SF
18898,fanduel.com,Week 12,T.J.,Hockenson,TE,7.27,2025-11-20 17:52:44,2025-11-20 18:02:18,MIN
25259,fanduel.com,Week 13,Kyle,Monangai,RB,7.27,2025-11-26 18:38:36,2025-11-26 18:38:36,CHI
17742,fanduel.com,Week 11,Noah,Fant,TE,7.26,2025-11-13 05:21:22,2025-11-13 05:21:22,CIN
17743,fanduel.com,Week 11,Ollie,Gordon II,RB,7.25,2025-11-13 05:21:22,2025-11-13 05:21:22,MIA
25260,fanduel.com,Week 13,Cade,Otton,TE,7.25,2025-11-26 18:38:36,2025-11-26 18:38:36,TB
26373,fanduel.com,Week 14,Malik,Washington,WR,7.25,2025-12-03 01:55:37,2025-12-03 03:57:34,MIA
17744,fanduel.com,Week 11,Johnny,Mundt,TE,7.24,2025-11-13 05:21:22,2025-11-13 05:26:13,JAX
26372,fanduel.com,Week 14,Cade,Otton,TE,7.23,2025-12-03 01:55:37,2025-12-03 03:57:34,TB
18899,fanduel.com,Week 12,Jalen,Nailor,WR,7.22,2025-11-20 17:52:44,2025-11-20 18:02:18,MIN
26362,fanduel.com,Week 14,Evan,Engram,TE,7.22,2025-12-03 01:55:37,2025-12-03 03:57:34,DEN
17745,fanduel.com,Week 11,Michael,Mayer,TE,7.21,2025-11-13 05:21:22,2025-11-13 05:21:22,LV
15362,sleeper.com,Week 10,Devaughn,Vele,WR,7.2,2025-11-07 00:48:26,2025-11-07 00:48:26,NO
16055,fantasypros.com,Week 10,Sterling,Shepard,WR,7.2,2025-11-07 00:50:27,2025-11-07 00:50:27,TB
16184,fantasypros.com,Week 10,AJ,Barner,TE,7.2,2025-11-07 00:50:27,2025-11-07 00:50:27,SEA
16200,fantasypros.com,Week 10,Joshua,Karty,K,7.2,2025-11-07 00:50:27,2025-11-07 00:50:27,LAR
16222,fantasypros.com,Week 10,New England Patriots,Defense,DST,7.2,2025-11-07 00:50:27,2025-11-07 00:50:27,NE
16371,firstdown.studio,Week 10,Calvin,Austin,WR,7.2,2025-11-07 00:50:48,2025-11-07 00:50:48,PIT
16376,firstdown.studio,Week 10,Jonnu,Smith,TE,7.2,2025-11-07 00:50:48,2025-11-07 00:50:48,PIT
16579,sleeper.com,Week 11,Ryan,Fitzgerald,K,7.2,2025-11-13 05:18:19,2025-11-13 05:18:19,CAR
17071,espn.com,Week 11,Chargers D/ST,Defense,DST,7.2,2025-11-13 05:19:16,2025-11-13 05:26:13,LAC
17195,fantasypros.com,Week 11,Emari,Demercado,RB,7.2,2025-11-13 05:20:49,2025-11-13 05:20:49,ARI
17383,fantasypros.com,Week 11,Jason,Myers,K,7.2,2025-11-13 05:20:49,2025-11-13 05:20:49,SEA
17405,fantasypros.com,Week 11,Dallas Cowboys,Defense,DST,7.2,2025-11-13 05:20:49,2025-11-13 05:20:49,DAL
17548,firstdown.studio,Week 11,J.K.,Dobbins,RB,7.2,2025-11-13 05:21:09,2025-11-13 05:21:09,DEN
17565,firstdown.studio,Week 11,Rashid,Shaheed,WR,7.2,2025-11-13 05:21:09,2025-11-13 05:21:09,SEA
17566,firstdown.studio,Week 11,Chimere,Dike,WR,7.2,2025-11-13 05:21:09,2025-11-13 05:21:09,TEN
18273,sleeper.com,Week 12,Van,Jefferson,WR,7.2,2025-11-20 17:45:26,2025-11-20 17:59:20,TEN
18741,espn.com,Week 12,Raiders D/ST,Defense,DST,7.2,2025-11-20 17:46:24,2025-11-20 18:02:59,LV
18900,fanduel.com,Week 12,Greg,Dortch,WR,7.2,2025-11-20 17:52:44,2025-11-20 18:02:18,ARI
20003,fantasypros.com,Week 12,Bhayshul,Tuten,RB,7.2,2025-11-20 18:01:42,2025-11-20 18:02:59,JAX
20297,fantasypros.com,Week 12,Evan,McPherson,K,7.2,2025-11-20 18:01:42,2025-11-20 18:01:42,CIN
20325,fantasypros.com,Week 12,Pittsburgh Steelers,Defense,DST,7.2,2025-11-20 18:01:42,2025-11-20 18:01:42,PIT
24211,sleeper.com,Week 13,T.J.,Hockenson,TE,7.2,2025-11-26 18:35:52,2025-11-26 18:35:52,MIN
24212,sleeper.com,Week 13,Xavier,Legette,WR,7.2,2025-11-26 18:35:52,2025-11-26 18:35:52,CAR
24714,espn.com,Week 13,Jaguars D/ST,Defense,DST,7.2,2025-11-26 18:36:55,2025-11-26 18:36:55,JAX
24861,fantasypros.com,Week 13,Darnell,Mooney,WR,7.2,2025-11-26 18:38:08,2025-11-26 18:38:08,ATL
25053,fantasypros.com,Week 13,Harrison,Mevis,K,7.2,2025-11-26 18:38:08,2025-11-26 18:38:08,LAR
25083,fantasypros.com,Week 13,Baltimore Ravens,Defense,DST,7.2,2025-11-26 18:38:08,2025-11-26 18:38:08,BAL
25822,sleeper.com,Week 14,Isaiah,Likely,TE,7.2,2025-12-03 01:52:43,2025-12-03 01:52:43,BAL
25823,sleeper.com,Week 14,Nick,Folk,K,7.2,2025-12-03 01:52:43,2025-12-03 01:52:43,NYJ
26197,fantasypros.com,Week 14,Riley,Patterson,K,7.2,2025-12-03 01:54:53,2025-12-03 03:06:17,MIA
26198,fantasypros.com,Week 14,Harrison,Butker,K,7.2,2025-12-03 01:54:53,2025-12-03 03:06:17,KC
26217,fantasypros.com,Week 14,Baltimore Ravens,Defense,DST,7.2,2025-12-03 01:54:53,2025-12-03 03:06:17,BAL
27061,fantasypros.com,Week 14,Isiah,Pacheco,RB,7.2,2025-12-03 02:17:53,2025-12-03 03:06:17,KC
27162,fantasypros.com,Week 14,Cooper,Kupp,WR,7.2,2025-12-03 02:17:53,2025-12-03 03:06:17,SEA
29667,espn.com,Week 14,Gunnar,Helm,TE,7.2,2025-12-03 05:22:56,2025-12-03 05:22:56,TEN
25261,fanduel.com,Week 13,Pat,Freiermuth,TE,7.19,2025-11-26 18:38:36,2025-11-26 18:38:36,PIT
18901,fanduel.com,Week 12,Dontayvion,Wicks,WR,7.18,2025-11-20 17:52:44,2025-11-20 18:02:18,GB
18902,fanduel.com,Week 12,Van,Jefferson,WR,7.18,2025-11-20 17:52:44,2025-11-20 18:02:18,TEN
25262,fanduel.com,Week 13,Devin,Singletary,RB,7.18,2025-11-26 18:38:36,2025-11-26 18:38:36,NYG
25263,fanduel.com,Week 13,Jonnu,Smith,TE,7.16,2025-11-26 18:38:36,2025-11-26 18:38:36,PIT
18903,fanduel.com,Week 12,Tez,Johnson,WR,7.15,2025-11-20 17:52:44,2025-11-20 18:02:18,TB
26354,fanduel.com,Week 14,Emanuel,Wilson,RB,7.15,2025-12-03 01:55:37,2025-12-03 03:57:34,GB
14864,fanduel.com,Week 10,AJ,Barner,TE,7.14,2025-11-07 00:48:09,2025-11-07 00:48:09,SEA
18904,fanduel.com,Week 12,Cedric,Tillman,WR,7.11,2025-11-20 17:52:44,2025-11-20 18:02:18,CLE
15363,sleeper.com,Week 10,Jalen,Coker,WR,7.1,2025-11-07 00:48:26,2025-11-07 00:48:26,CAR
15821,espn.com,Week 10,Lions D/ST,Defense,DST,7.1,2025-11-07 00:49:32,2025-11-07 00:51:07,DET
15935,fantasypros.com,Week 10,Blake,Corum,RB,7.1,2025-11-07 00:50:27,2025-11-07 00:50:27,LAR
16056,fantasypros.com,Week 10,Xavier,Legette,WR,7.1,2025-11-07 00:50:27,2025-11-07 00:50:27,CAR
16057,fantasypros.com,Week 10,Jalen,Coker,WR,7.1,2025-11-07 00:50:27,2025-11-07 00:50:27,CAR
17325,fantasypros.com,Week 11,Mason,Taylor,TE,7.1,2025-11-13 05:20:49,2025-11-13 05:20:49,NYJ
18274,sleeper.com,Week 12,Roman,Wilson,WR,7.1,2025-11-20 17:45:26,2025-11-20 17:59:20,PIT
18275,sleeper.com,Week 12,Rhamondre,Stevenson,RB,7.1,2025-11-20 17:45:26,2025-11-20 17:59:20,NE
18276,sleeper.com,Week 12,Mitch,Tinsley,WR,7.1,2025-11-20 17:45:26,2025-11-20 17:59:20,CIN
18600,espn.com,Week 12,Kareem,Hunt,RB,7.1,2025-11-20 17:46:24,2025-11-20 18:00:16,KC
18682,espn.com,Week 12,Michael,Mayer,TE,7.1,2025-11-20 17:46:24,2025-11-20 18:00:16,LV
18683,espn.com,Week 12,Jonnu,Smith,TE,7.1,2025-11-20 17:46:24,2025-11-20 18:00:16,PIT
18737,espn.com,Week 12,Joey,Slye,K,7.1,2025-11-20 17:46:24,2025-11-20 18:00:16,TEN
18742,espn.com,Week 12,Seahawks D/ST,Defense,DST,7.1,2025-11-20 17:46:24,2025-11-20 18:02:59,SEA
18905,fanduel.com,Week 12,Brock,Wright,TE,7.1,2025-11-20 17:52:44,2025-11-20 18:02:18,DET
20004,fantasypros.com,Week 12,Tyler,Allgeier,RB,7.1,2025-11-20 18:01:42,2025-11-20 18:01:42,ATL
20005,fantasypros.com,Week 12,Blake,Corum,RB,7.1,2025-11-20 18:01:42,2025-11-20 18:01:42,LAR
20234,fantasypros.com,Week 12,Pat,Freiermuth,TE,7.1,2025-11-20 18:01:42,2025-11-20 18:01:42,PIT
20235,fantasypros.com,Week 12,Luke,Musgrave,TE,7.1,2025-11-20 18:01:42,2025-11-20 18:01:42,GB
24213,sleeper.com,Week 13,Sean,Tucker,RB,7.1,2025-11-26 18:35:52,2025-11-26 18:35:52,TB
24214,sleeper.com,Week 13,Rhamondre,Stevenson,RB,7.1,2025-11-26 18:35:52,2025-11-26 18:35:52,NE
24567,espn.com,Week 13,Bhayshul,Tuten,RB,7.1,2025-11-26 18:36:55,2025-11-26 18:36:55,JAX
24656,espn.com,Week 13,Greg,Dulcich,TE,7.1,2025-11-26 18:36:55,2025-11-26 18:36:55,MIA
24715,espn.com,Week 13,49ers D/ST,Defense,DST,7.1,2025-11-26 18:36:55,2025-11-26 18:36:55,SF
24989,fantasypros.com,Week 13,Evan,Engram,TE,7.1,2025-11-26 18:38:08,2025-11-26 18:38:08,DEN
25824,sleeper.com,Week 14,Dontayvion,Wicks,WR,7.1,2025-12-03 01:52:43,2025-12-03 01:52:43,GB
27062,fantasypros.com,Week 14,Tyler,Allgeier,RB,7.1,2025-12-03 02:17:53,2025-12-03 03:06:17,ATL
27163,fantasypros.com,Week 14,Tez,Johnson,WR,7.1,2025-12-03 02:17:53,2025-12-03 03:06:17,TB
29280,espn.com,Week 14,Jake,Moody,K,7.1,2025-12-03 04:47:06,2025-12-03 05:22:56,WAS
29281,espn.com,Week 14,Chad,Ryland,K,7.1,2025-12-03 04:47:06,2025-12-03 05:22:56,ARI
17746,fanduel.com,Week 11,Xavier,Legette,WR,7.09,2025-11-13 05:21:22,2025-11-13 05:21:22,CAR
17747,fanduel.com,Week 11,Luther,Burden III,WR,7.09,2025-11-13 05:21:22,2025-11-13 05:21:22,CHI
18906,fanduel.com,Week 12,Pat,Freiermuth,TE,7.09,2025-11-20 17:52:44,2025-11-20 18:02:18,PIT
18907,fanduel.com,Week 12,Johnny,Mundt,TE,7.09,2025-11-20 17:52:44,2025-11-20 18:02:59,JAX
17748,fanduel.com,Week 11,Zonovan,Knight,RB,7.08,2025-11-13 05:21:22,2025-11-13 05:21:22,ARI
18908,fanduel.com,Week 12,Kalif,Raymond,WR,7.08,2025-11-20 17:52:44,2025-11-20 18:02:18,DET
18909,fanduel.com,Week 12,Jonnu,Smith,TE,7.07,2025-11-20 17:52:44,2025-11-20 18:02:18,PIT
14865,fanduel.com,Week 10,Michael,Wilson,WR,7.06,2025-11-07 00:48:09,2025-11-07 00:48:09,ARI
26375,fanduel.com,Week 14,AJ,Barner,TE,7.04,2025-12-03 01:55:37,2025-12-03 03:57:34,SEA
25264,fanduel.com,Week 13,Mack,Hollins,WR,7.03,2025-11-26 18:38:36,2025-11-26 18:38:36,NE
14866,fanduel.com,Week 10,Emari,Demercado,RB,7.02,2025-11-07 00:48:09,2025-11-07 00:48:09,ARI
17749,fanduel.com,Week 11,Demarcus,Robinson,WR,7.01,2025-11-13 05:21:22,2025-11-13 05:21:22,SF
17750,fanduel.com,Week 11,AJ,Barner,TE,7.01,2025-11-13 05:21:22,2025-11-13 05:21:22,SEA
25265,fanduel.com,Week 13,Dontayvion,Wicks,WR,7.01,2025-11-26 18:38:36,2025-11-26 18:38:36,GB
15364,sleeper.com,Week 10,Jack,Bech,WR,7.0,2025-11-07 00:48:26,2025-11-07 00:48:26,LV
15365,sleeper.com,Week 10,Blake,Grupe,K,7.0,2025-11-07 00:48:26,2025-11-07 00:48:26,NO
15366,sleeper.com,Week 10,Xavier,Legette,WR,7.0,2025-11-07 00:48:26,2025-11-07 00:48:26,CAR
15818,espn.com,Week 10,Daniel,Carlson,K,7.0,2025-11-07 00:49:32,2025-11-07 00:49:32,LV
16185,fantasypros.com,Week 10,Pat,Freiermuth,TE,7.0,2025-11-07 00:50:27,2025-11-07 00:50:27,PIT
16201,fantasypros.com,Week 10,Cam,Little,K,7.0,2025-11-07 00:50:27,2025-11-07 00:51:07,JAX
16223,fantasypros.com,Week 10,Los Angeles Chargers,Defense,DST,7.0,2025-11-07 00:50:27,2025-11-07 00:50:27,LAC
16368,firstdown.studio,Week 10,Christian,Watson,WR,7.0,2025-11-07 00:50:48,2025-11-07 00:50:48,GB
16580,sleeper.com,Week 11,Dawson,Knox,TE,7.0,2025-11-13 05:18:19,2025-11-13 05:18:19,BUF
17013,espn.com,Week 11,Pat,Freiermuth,TE,7.0,2025-11-13 05:19:16,2025-11-13 05:19:16,PIT
17014,espn.com,Week 11,Dawson,Knox,TE,7.0,2025-11-13 05:19:16,2025-11-13 05:19:16,BUF
17134,fantasypros.com,Week 11,Tyler,Huntley,QB,7.0,2025-11-13 05:20:49,2025-11-13 05:20:49,BAL
17384,fantasypros.com,Week 11,Brandon,McManus,K,7.0,2025-11-13 05:20:49,2025-11-13 05:20:49,GB
17406,fantasypros.com,Week 11,Seattle Seahawks,Defense,DST,7.0,2025-11-13 05:20:49,2025-11-13 05:20:49,SEA
17550,firstdown.studio,Week 11,Jordan,Mason,RB,7.0,2025-11-13 05:21:09,2025-11-13 05:21:09,MIN
17569,firstdown.studio,Week 11,Luke,Musgrave,TE,7.0,2025-11-13 05:21:09,2025-11-13 05:21:09,GB
18277,sleeper.com,Week 12,Luther,Burden,WR,7.0,2025-11-20 17:45:26,2025-11-20 17:59:20,CHI
18278,sleeper.com,Week 12,Joshua,Palmer,WR,7.0,2025-11-20 17:45:26,2025-11-20 17:59:20,BUF
18684,espn.com,Week 12,Noah,Fant,TE,7.0,2025-11-20 17:46:24,2025-11-20 18:00:16,CIN
20298,fantasypros.com,Week 12,Will,Reichard,K,7.0,2025-11-20 18:01:42,2025-11-20 18:01:42,MIN
20326,fantasypros.com,Week 12,Jacksonville Jaguars,Defense,DST,7.0,2025-11-20 18:01:42,2025-11-20 18:02:59,JAX
24215,sleeper.com,Week 13,Isaiah,Likely,TE,7.0,2025-11-26 18:35:52,2025-11-26 18:35:52,BAL
24216,sleeper.com,Week 13,Tyler,Allgeier,RB,7.0,2025-11-26 18:35:52,2025-11-26 18:35:52,ATL
24568,espn.com,Week 13,Chris,Rodriguez Jr.,RB,7.0,2025-11-26 18:36:55,2025-11-26 18:36:55,WAS
24705,espn.com,Week 13,Will,Reichard,K,7.0,2025-11-26 18:36:55,2025-11-26 18:36:55,MIN
24706,espn.com,Week 13,Ryan,Fitzgerald,K,7.0,2025-11-26 18:36:55,2025-11-26 18:36:55,CAR
24778,fantasypros.com,Week 13,J.J.,McCarthy,QB,7.0,2025-11-26 18:38:08,2025-11-26 18:38:08,MIN
25054,fantasypros.com,Week 13,Cairo,Santos,K,7.0,2025-11-26 18:38:08,2025-11-26 18:38:08,CHI
25084,fantasypros.com,Week 13,Tampa Bay Buccaneers,Defense,DST,7.0,2025-11-26 18:38:08,2025-11-26 18:38:08,TB
25266,fanduel.com,Week 13,Jalen,Nailor,WR,7.0,2025-11-26 18:38:36,2025-11-26 18:38:36,MIN
26181,fantasypros.com,Week 14,Taysom,Hill,TE,7.0,2025-12-03 01:54:53,2025-12-03 03:06:17,NO
26199,fantasypros.com,Week 14,Michael,Badgley,K,7.0,2025-12-03 01:54:53,2025-12-03 03:06:17,FA
26200,fantasypros.com,Week 14,Cairo,Santos,K,7.0,2025-12-03 01:54:53,2025-12-03 03:06:17,CHI
26218,fantasypros.com,Week 14,Miami Dolphins,Defense,DST,7.0,2025-12-03 01:54:53,2025-12-03 03:06:17,MIA
26378,fanduel.com,Week 14,Michael,Carter,RB,6.99,2025-12-03 01:55:37,2025-12-03 03:57:34,ARI
26409,fanduel.com,Week 14,Cedric,Tillman,WR,6.98,2025-12-03 01:55:37,2025-12-03 03:57:34,CLE
14867,fanduel.com,Week 10,Devin,Singletary,RB,6.97,2025-11-07 00:48:09,2025-11-07 00:48:09,NYG
17751,fanduel.com,Week 11,Jaylin,Lane,WR,6.97,2025-11-13 05:21:22,2025-11-13 05:26:13,WAS
25267,fanduel.com,Week 13,J.J.,McCarthy,QB,6.95,2025-11-26 18:38:36,2025-11-26 18:38:36,MIN
25268,fanduel.com,Week 13,Evan,Engram,TE,6.95,2025-11-26 18:38:36,2025-11-26 18:38:36,DEN
17752,fanduel.com,Week 11,Colston,Loveland,TE,6.94,2025-11-13 05:21:22,2025-11-13 05:21:22,CHI
25269,fanduel.com,Week 13,Malik,Washington,WR,6.94,2025-11-26 18:38:36,2025-11-26 18:38:36,MIA
26380,fanduel.com,Week 14,Isaiah,Likely,TE,6.94,2025-12-03 01:55:37,2025-12-03 03:57:34,BAL
26390,fanduel.com,Week 14,Trey,Lance,QB,6.94,2025-12-03 01:55:37,2025-12-03 03:57:34,LAC
25270,fanduel.com,Week 13,Max,Brosmer,QB,6.93,2025-11-26 18:38:36,2025-11-26 18:38:36,MIN
14868,fanduel.com,Week 10,Kendrick,Bourne,WR,6.92,2025-11-07 00:48:09,2025-11-07 00:48:09,SF
26381,fanduel.com,Week 14,Keon,Coleman,WR,6.92,2025-12-03 01:55:37,2025-12-03 03:57:34,BUF
15367,sleeper.com,Week 10,Andy,Borregales,K,6.9,2025-11-07 00:48:26,2025-11-07 00:48:26,NE
15819,espn.com,Week 10,Blake,Grupe,K,6.9,2025-11-07 00:49:32,2025-11-07 00:49:32,NO
15936,fantasypros.com,Week 10,Chuba,Hubbard,RB,6.9,2025-11-07 00:50:27,2025-11-07 00:50:27,CAR
16058,fantasypros.com,Week 10,Mack,Hollins,WR,6.9,2025-11-07 00:50:27,2025-11-07 00:50:27,NE
16372,firstdown.studio,Week 10,Michael,Wilson,WR,6.9,2025-11-07 00:50:48,2025-11-07 00:50:48,ARI
16373,firstdown.studio,Week 10,Sterling,Shepard,WR,6.9,2025-11-07 00:50:48,2025-11-07 00:50:48,TB
16375,firstdown.studio,Week 10,Darnell,Mooney,WR,6.9,2025-11-07 00:50:48,2025-11-07 00:50:48,ATL
16581,sleeper.com,Week 11,AJ,Barner,TE,6.9,2025-11-13 05:18:19,2025-11-13 05:18:19,SEA
16582,sleeper.com,Week 11,Noah,Fant,TE,6.9,2025-11-13 05:18:19,2025-11-13 05:18:19,CIN
16931,espn.com,Week 11,Tyler,Allgeier,RB,6.9,2025-11-13 05:19:16,2025-11-13 05:19:16,ATL
17067,espn.com,Week 11,Joey,Slye,K,6.9,2025-11-13 05:19:16,2025-11-13 05:19:16,TEN
17553,firstdown.studio,Week 11,Sean,Tucker,RB,6.9,2025-11-13 05:21:09,2025-11-13 05:21:09,TB
17567,firstdown.studio,Week 11,Isaiah,Likely,TE,6.9,2025-11-13 05:21:09,2025-11-13 05:21:09,BAL
18279,sleeper.com,Week 12,Dawson,Knox,TE,6.9,2025-11-20 17:45:26,2025-11-20 17:59:20,BUF
18280,sleeper.com,Week 12,Adonai,Mitchell,WR,6.9,2025-11-20 17:45:26,2025-11-20 17:59:20,NYJ
18685,espn.com,Week 12,Chig,Okonkwo,TE,6.9,2025-11-20 17:46:24,2025-11-20 18:00:16,TEN
18738,espn.com,Week 12,Daniel,Carlson,K,6.9,2025-11-20 17:46:24,2025-11-20 18:00:16,LV
18910,fanduel.com,Week 12,Luke,Musgrave,TE,6.9,2025-11-20 17:52:44,2025-11-20 18:02:18,GB
20127,fantasypros.com,Week 12,Marquise,Brown,WR,6.9,2025-11-20 18:01:42,2025-11-20 18:01:42,KC
20128,fantasypros.com,Week 12,Jalen,Nailor,WR,6.9,2025-11-20 18:01:42,2025-11-20 18:01:42,MIN
20129,fantasypros.com,Week 12,DeAndre,Hopkins,WR,6.9,2025-11-20 18:01:42,2025-11-20 18:01:42,BAL
24217,sleeper.com,Week 13,Ryan,Fitzgerald,K,6.9,2025-11-26 18:35:52,2025-11-26 18:35:52,CAR
24218,sleeper.com,Week 13,Samaje,Perine,RB,6.9,2025-11-26 18:35:52,2025-11-26 18:35:52,CIN
24707,espn.com,Week 13,Jake,Moody,K,6.9,2025-11-26 18:36:55,2025-11-26 18:36:55,WAS
25825,sleeper.com,Week 14,Calvin,Austin,WR,6.9,2025-12-03 01:52:43,2025-12-03 01:52:43,PIT
25826,sleeper.com,Week 14,Darnell,Washington,TE,6.9,2025-12-03 01:52:43,2025-12-03 01:52:43,PIT
26219,fantasypros.com,Week 14,Philadelphia Eagles,Defense,DST,6.9,2025-12-03 01:54:53,2025-12-03 03:06:17,PHI
26220,fantasypros.com,Week 14,Washington Commanders,Defense,DST,6.9,2025-12-03 01:54:53,2025-12-03 03:06:17,WAS
26382,fanduel.com,Week 14,Mike,Gesicki,TE,6.9,2025-12-03 01:55:37,2025-12-03 03:57:34,CIN
27164,fantasypros.com,Week 14,Elic,Ayomanor,WR,6.9,2025-12-03 02:17:53,2025-12-03 03:06:17,TEN
27165,fantasypros.com,Week 14,Keon,Coleman,WR,6.9,2025-12-03 02:17:53,2025-12-03 03:06:17,BUF
29282,espn.com,Week 14,Charlie,Smyth,K,6.9,2025-12-03 04:47:06,2025-12-03 05:22:56,NO
29668,espn.com,Week 14,Ross,Dwelley,TE,6.9,2025-12-03 05:22:56,2025-12-03 05:22:56,DET
18911,fanduel.com,Week 12,Darnell,Washington,TE,6.88,2025-11-20 17:52:44,2025-11-20 18:02:18,PIT
14869,fanduel.com,Week 10,Olamide,Zaccheaus,WR,6.87,2025-11-07 00:48:09,2025-11-07 00:48:09,CHI
18912,fanduel.com,Week 12,Jayden,Higgins,WR,6.87,2025-11-20 17:52:44,2025-11-20 18:02:18,HOU
14870,fanduel.com,Week 10,Brandin,Cooks,WR,6.85,2025-11-07 00:48:09,2025-11-07 00:48:09,NO
17753,fanduel.com,Week 11,Jonnu,Smith,TE,6.85,2025-11-13 05:21:22,2025-11-13 05:21:22,PIT
17754,fanduel.com,Week 11,Blake,Corum,RB,6.85,2025-11-13 05:21:22,2025-11-13 05:26:14,LAR
18913,fanduel.com,Week 12,David,Sills V,WR,6.83,2025-11-20 17:52:44,2025-11-20 18:02:18,ATL
14871,fanduel.com,Week 10,Pat,Freiermuth,TE,6.82,2025-11-07 00:48:09,2025-11-07 00:48:09,PIT
15368,sleeper.com,Week 10,Nick,Folk,K,6.8,2025-11-07 00:48:26,2025-11-07 00:48:26,NYJ
15822,espn.com,Week 10,Texans D/ST,Defense,DST,6.8,2025-11-07 00:49:32,2025-11-07 00:51:07,HOU
15937,fantasypros.com,Week 10,Isaiah,Davis,RB,6.8,2025-11-07 00:50:27,2025-11-07 00:50:27,NYJ
16059,fantasypros.com,Week 10,Cedric,Tillman,WR,6.8,2025-11-07 00:50:27,2025-11-07 00:50:27,CLE
16202,fantasypros.com,Week 10,Ka'imi,Fairbairn,K,6.8,2025-11-07 00:50:27,2025-11-07 00:50:27,HOU
16224,fantasypros.com,Week 10,New York Jets,Defense,DST,6.8,2025-11-07 00:50:27,2025-11-07 00:50:27,NYJ
16378,firstdown.studio,Week 10,Cedric,Tillman,WR,6.8,2025-11-07 00:50:48,2025-11-07 00:50:48,CLE
16583,sleeper.com,Week 11,Brenton,Strange,TE,6.8,2025-11-13 05:18:19,2025-11-13 05:18:19,JAX
16584,sleeper.com,Week 11,Sean,Tucker,RB,6.8,2025-11-13 05:18:19,2025-11-13 05:18:19,TB
16585,sleeper.com,Week 11,DeAndre,Hopkins,WR,6.8,2025-11-13 05:18:19,2025-11-13 05:18:19,BAL
17196,fantasypros.com,Week 11,Tony,Pollard,RB,6.8,2025-11-13 05:20:49,2025-11-13 05:20:49,TEN
17326,fantasypros.com,Week 11,Pat,Freiermuth,TE,6.8,2025-11-13 05:20:49,2025-11-13 05:20:49,PIT
17385,fantasypros.com,Week 11,Daniel,Carlson,K,6.8,2025-11-13 05:20:49,2025-11-13 05:20:49,LV
17407,fantasypros.com,Week 11,Pittsburgh Steelers,Defense,DST,6.8,2025-11-13 05:20:49,2025-11-13 05:20:49,PIT
17568,firstdown.studio,Week 11,Cooper,Kupp,WR,6.8,2025-11-13 05:21:09,2025-11-13 05:21:09,SEA
17573,firstdown.studio,Week 11,O.,Zaccheaus,WR,6.8,2025-11-13 05:21:09,2025-11-13 05:21:09,CHI
18281,sleeper.com,Week 12,Calvin,Austin,WR,6.8,2025-11-20 17:45:26,2025-11-20 17:59:20,PIT
18282,sleeper.com,Week 12,Blake,Corum,RB,6.8,2025-11-20 17:45:26,2025-11-20 17:59:20,LAR
18283,sleeper.com,Week 12,Kyle,Monangai,RB,6.8,2025-11-20 17:45:26,2025-11-20 17:59:20,CHI
18601,espn.com,Week 12,Tyler,Allgeier,RB,6.8,2025-11-20 17:46:24,2025-11-20 18:00:16,ATL
20299,fantasypros.com,Week 12,Chad,Ryland,K,6.8,2025-11-20 18:01:42,2025-11-20 18:01:42,ARI
20327,fantasypros.com,Week 12,New Orleans Saints,Defense,DST,6.8,2025-11-20 18:01:42,2025-11-20 18:01:42,NO
24219,sleeper.com,Week 13,Nick,Folk,K,6.8,2025-11-26 18:35:52,2025-11-26 18:35:52,NYJ
24220,sleeper.com,Week 13,Joey,Slye,K,6.8,2025-11-26 18:35:52,2025-11-26 18:35:52,TEN
24221,sleeper.com,Week 13,Mitch,Tinsley,WR,6.8,2025-11-26 18:35:52,2025-11-26 18:35:52,CIN
24569,espn.com,Week 13,Sean,Tucker,RB,6.8,2025-11-26 18:36:55,2025-11-26 18:36:55,TB
24708,espn.com,Week 13,Blake,Grupe,K,6.8,2025-11-26 18:36:55,2025-11-26 18:36:55,NO
24862,fantasypros.com,Week 13,Jakobi,Meyers,WR,6.8,2025-11-26 18:38:08,2025-11-26 18:38:08,JAX
24990,fantasypros.com,Week 13,Taysom,Hill,TE,6.8,2025-11-26 18:38:08,2025-11-26 18:38:08,NO
25055,fantasypros.com,Week 13,Michael,Badgley,K,6.8,2025-11-26 18:38:08,2025-11-26 18:38:08,IND
25085,fantasypros.com,Week 13,Arizona Cardinals,Defense,DST,6.8,2025-11-26 18:38:08,2025-11-26 18:38:08,ARI
25827,sleeper.com,Week 14,Elic,Ayomanor,WR,6.8,2025-12-03 01:52:43,2025-12-03 01:52:43,TEN
26201,fantasypros.com,Week 14,Nick,Folk,K,6.8,2025-12-03 01:54:53,2025-12-03 03:06:17,NYJ
26202,fantasypros.com,Week 14,Will,Reichard,K,6.8,2025-12-03 01:54:53,2025-12-03 03:06:17,MIN
26221,fantasypros.com,Week 14,Kansas City Chiefs,Defense,DST,6.8,2025-12-03 01:54:53,2025-12-03 03:06:17,KC
26383,fanduel.com,Week 14,Dylan,Drummond,WR,6.8,2025-12-03 01:55:37,2025-12-03 03:57:34,ATL
27018,fantasypros.com,Week 14,Jayden,Daniels,QB,6.8,2025-12-03 02:17:53,2025-12-03 03:06:17,WAS
27166,fantasypros.com,Week 14,Marquise,Brown,WR,6.8,2025-12-03 02:17:53,2025-12-03 03:06:17,KC
29727,espn.com,Week 14,Browns,Defense,DST,6.8,2025-12-03 05:22:56,2025-12-03 05:22:56,CLE
29728,espn.com,Week 14,Rams,Defense,DST,6.8,2025-12-03 05:22:56,2025-12-03 05:22:56,LAR
14872,fanduel.com,Week 10,Pat,Bryant,WR,6.79,2025-11-07 00:48:09,2025-11-07 00:48:09,DEN
14873,fanduel.com,Week 10,Ja'Tavion,Sanders,TE,6.79,2025-11-07 00:48:09,2025-11-07 00:48:09,CAR
25271,fanduel.com,Week 13,Darnell,Washington,TE,6.79,2025-11-26 18:38:36,2025-11-26 18:38:36,PIT
14874,fanduel.com,Week 10,Josh,Palmer,WR,6.78,2025-11-07 00:48:09,2025-11-07 00:48:09,BUF
25272,fanduel.com,Week 13,Marvin,Mims,WR,6.78,2025-11-26 18:38:36,2025-11-26 18:38:36,DEN
26473,fanduel.com,Week 14,Luther,Burden III,WR,6.78,2025-12-03 01:55:37,2025-12-03 03:57:34,CHI
18914,fanduel.com,Week 12,Colston,Loveland,TE,6.77,2025-11-20 17:52:44,2025-11-20 18:02:18,CHI
14875,fanduel.com,Week 10,Ollie,Gordon II,RB,6.75,2025-11-07 00:48:09,2025-11-07 00:48:09,MIA
18915,fanduel.com,Week 12,Bucky,Irving,RB,6.75,2025-11-20 17:52:44,2025-11-20 18:02:18,TB
17755,fanduel.com,Week 11,Luke,Musgrave,TE,6.74,2025-11-13 05:21:22,2025-11-13 05:21:22,GB
25273,fanduel.com,Week 13,Luther,Burden III,WR,6.72,2025-11-26 18:38:36,2025-11-26 18:38:36,CHI
17756,fanduel.com,Week 11,Terrance,Ferguson,TE,6.71,2025-11-13 05:21:22,2025-11-13 05:26:14,LAR
15369,sleeper.com,Week 10,Isaiah,Davis,RB,6.7,2025-11-07 00:48:26,2025-11-07 00:48:26,NYJ
15370,sleeper.com,Week 10,Nick,Chubb,RB,6.7,2025-11-07 00:48:26,2025-11-07 00:48:26,HOU
15371,sleeper.com,Week 10,Rashid,Shaheed,WR,6.7,2025-11-07 00:48:26,2025-11-07 00:48:26,SEA
15372,sleeper.com,Week 10,Cedric,Tillman,WR,6.7,2025-11-07 00:48:26,2025-11-07 00:48:26,CLE
15823,espn.com,Week 10,Seahawks D/ST,Defense,DST,6.7,2025-11-07 00:49:32,2025-11-07 00:51:07,SEA
16060,fantasypros.com,Week 10,Jaylin,Lane,WR,6.7,2025-11-07 00:50:27,2025-11-07 00:50:27,WAS
16380,firstdown.studio,Week 10,Jaylin,Lane,WR,6.7,2025-11-07 00:50:48,2025-11-07 00:50:48,WAS
16381,firstdown.studio,Week 10,AJ,Barner,TE,6.7,2025-11-07 00:50:48,2025-11-07 00:50:48,SEA
16384,firstdown.studio,Week 10,Xavier,Legette,WR,6.7,2025-11-07 00:50:48,2025-11-07 00:50:48,CAR
16586,sleeper.com,Week 11,Isiah,Pacheco,RB,6.7,2025-11-13 05:18:19,2025-11-13 05:18:19,KC
16587,sleeper.com,Week 11,Isaiah,Likely,TE,6.7,2025-11-13 05:18:19,2025-11-13 05:18:19,BAL
16588,sleeper.com,Week 11,Jordan,Mason,RB,6.7,2025-11-13 05:18:19,2025-11-13 05:18:19,MIN
16589,sleeper.com,Week 11,Kareem,Hunt,RB,6.7,2025-11-13 05:18:19,2025-11-13 05:18:19,KC
17015,espn.com,Week 11,Luke,Musgrave,TE,6.7,2025-11-13 05:19:16,2025-11-13 05:19:16,GB
17562,firstdown.studio,Week 11,Devin,Singletary,RB,6.7,2025-11-13 05:21:09,2025-11-13 05:21:09,NYG
17570,firstdown.studio,Week 11,Marvin,Mims,WR,6.7,2025-11-13 05:21:09,2025-11-13 05:21:09,DEN
17571,firstdown.studio,Week 11,Darnell,Mooney,WR,6.7,2025-11-13 05:21:09,2025-11-13 05:21:09,ATL
17576,firstdown.studio,Week 11,Michael,Mayer,TE,6.7,2025-11-13 05:21:09,2025-11-13 05:21:09,LV
18284,sleeper.com,Week 12,Noah,Fant,TE,6.7,2025-11-20 17:45:26,2025-11-20 17:59:20,CIN
20130,fantasypros.com,Week 12,Sterling,Shepard,WR,6.7,2025-11-20 18:01:42,2025-11-20 18:01:42,TB
20131,fantasypros.com,Week 12,Calvin,Austin III,WR,6.7,2025-11-20 18:01:42,2025-11-20 18:01:42,PIT
24222,sleeper.com,Week 13,Isaiah,Davis,RB,6.7,2025-11-26 18:35:52,2025-11-26 18:35:52,NYJ
24223,sleeper.com,Week 13,Cade,York,K,6.7,2025-11-26 18:35:52,2025-11-26 18:35:52,NO
24224,sleeper.com,Week 13,Mike,Gesicki,TE,6.7,2025-11-26 18:35:52,2025-11-26 18:35:52,CIN
24225,sleeper.com,Week 13,Van,Jefferson,WR,6.7,2025-11-26 18:35:52,2025-11-26 18:35:52,TEN
24716,espn.com,Week 13,Falcons D/ST,Defense,DST,6.7,2025-11-26 18:36:55,2025-11-26 18:36:55,ATL
25828,sleeper.com,Week 14,Rashod,Bateman,WR,6.7,2025-12-03 01:52:43,2025-12-03 01:52:43,BAL
26222,fantasypros.com,Week 14,Tennessee Titans,Defense,DST,6.7,2025-12-03 01:54:53,2025-12-03 03:06:17,TEN
27167,fantasypros.com,Week 14,Andrei,Iosivas,WR,6.7,2025-12-03 02:17:53,2025-12-03 03:06:17,CIN
29283,espn.com,Week 14,Joey,Slye,K,6.7,2025-12-03 04:47:06,2025-12-03 05:22:56,TEN
17757,fanduel.com,Week 11,Kyle,Monangai,RB,6.69,2025-11-13 05:21:22,2025-11-13 05:21:22,CHI
26385,fanduel.com,Week 14,Blake,Corum,RB,6.66,2025-12-03 01:55:37,2025-12-03 03:57:34,LAR
25274,fanduel.com,Week 13,Nick,Chubb,RB,6.64,2025-11-26 18:38:36,2025-11-26 18:38:36,HOU
25275,fanduel.com,Week 13,Marquise,Brown,WR,6.63,2025-11-26 18:38:36,2025-11-26 18:38:36,KC
14876,fanduel.com,Week 10,Zay,Jones,WR,6.62,2025-11-07 00:48:09,2025-11-07 00:48:09,ARI
26386,fanduel.com,Week 14,Darnell,Mooney,WR,6.61,2025-12-03 01:55:37,2025-12-03 03:57:34,ATL
15373,sleeper.com,Week 10,Chris,Moore,WR,6.6,2025-11-07 00:48:26,2025-11-07 00:48:26,WAS
15374,sleeper.com,Week 10,Brandin,Cooks,WR,6.6,2025-11-07 00:48:26,2025-11-07 00:48:26,NO
15375,sleeper.com,Week 10,Michael,Wilson,WR,6.6,2025-11-07 00:48:26,2025-11-07 00:48:26,ARI
15376,sleeper.com,Week 10,Sean,Tucker,RB,6.6,2025-11-07 00:48:26,2025-11-07 00:48:26,TB
15377,sleeper.com,Week 10,Tyler,Allgeier,RB,6.6,2025-11-07 00:48:26,2025-11-07 00:48:26,ATL
15378,sleeper.com,Week 10,Ty,Johnson,RB,6.6,2025-11-07 00:48:26,2025-11-07 00:48:26,BUF
15824,espn.com,Week 10,Browns D/ST,Defense,DST,6.6,2025-11-07 00:49:32,2025-11-07 00:51:07,CLE
15938,fantasypros.com,Week 10,Kenneth,Gainwell,RB,6.6,2025-11-07 00:50:27,2025-11-07 00:50:27,PIT
15939,fantasypros.com,Week 10,Terrell,Jennings,RB,6.6,2025-11-07 00:50:27,2025-11-07 00:50:27,NE
16061,fantasypros.com,Week 10,Xavier,Hutchinson,WR,6.6,2025-11-07 00:50:27,2025-11-07 00:50:27,HOU
16062,fantasypros.com,Week 10,Pat,Bryant,WR,6.6,2025-11-07 00:50:27,2025-11-07 00:50:27,DEN
16203,fantasypros.com,Week 10,Jake,Elliott,K,6.6,2025-11-07 00:50:27,2025-11-07 00:50:27,PHI
16590,sleeper.com,Week 11,Andre,Szmyt,K,6.6,2025-11-13 05:18:19,2025-11-13 05:18:19,CLE
16591,sleeper.com,Week 11,Sterling,Shepard,WR,6.6,2025-11-13 05:18:19,2025-11-13 05:18:19,TB
16592,sleeper.com,Week 11,Chig,Okonkwo,TE,6.6,2025-11-13 05:18:19,2025-11-13 05:18:19,TEN
17016,espn.com,Week 11,Colston,Loveland,TE,6.6,2025-11-13 05:19:16,2025-11-13 05:19:16,CHI
17072,espn.com,Week 11,Cowboys D/ST,Defense,DST,6.6,2025-11-13 05:19:16,2025-11-13 05:26:13,DAL
17386,fantasypros.com,Week 11,Jake,Elliott,K,6.6,2025-11-13 05:20:49,2025-11-13 05:20:49,PHI
17577,firstdown.studio,Week 11,Tyler,Lockett,WR,6.6,2025-11-13 05:21:09,2025-11-13 05:21:09,LV
17578,firstdown.studio,Week 11,Noah,Fant,TE,6.6,2025-11-13 05:21:09,2025-11-13 05:21:09,CIN
18285,sleeper.com,Week 12,Isaiah,Likely,TE,6.6,2025-11-20 17:45:26,2025-11-20 17:59:20,BAL
18286,sleeper.com,Week 12,Andre,Szmyt,K,6.6,2025-11-20 17:45:26,2025-11-20 17:59:20,CLE
18287,sleeper.com,Week 12,Jonnu,Smith,TE,6.6,2025-11-20 17:45:26,2025-11-20 17:59:20,PIT
18602,espn.com,Week 12,Isaiah,Davis,RB,6.6,2025-11-20 17:46:24,2025-11-20 18:00:16,NYJ
18743,espn.com,Week 12,Ravens D/ST,Defense,DST,6.6,2025-11-20 17:46:24,2025-11-20 18:02:59,BAL
20006,fantasypros.com,Week 12,Rhamondre,Stevenson,RB,6.6,2025-11-20 18:01:42,2025-11-20 18:01:42,NE
20132,fantasypros.com,Week 12,Kayshon,Boutte,WR,6.6,2025-11-20 18:01:42,2025-11-20 18:01:42,NE
20300,fantasypros.com,Week 12,Eddy,Pineiro,K,6.6,2025-11-20 18:01:42,2025-11-20 18:01:42,SF
24226,sleeper.com,Week 13,Rashod,Bateman,WR,6.6,2025-11-26 18:35:52,2025-11-26 18:35:52,BAL
24570,espn.com,Week 13,Blake,Corum,RB,6.6,2025-11-26 18:36:55,2025-11-26 18:36:55,LAR
24657,espn.com,Week 13,T.J.,Hockenson,TE,6.6,2025-11-26 18:36:55,2025-11-26 18:36:55,MIN
24658,espn.com,Week 13,Gunnar,Helm,TE,6.6,2025-11-26 18:36:55,2025-11-26 18:36:55,TEN
24709,espn.com,Week 13,Daniel,Carlson,K,6.6,2025-11-26 18:36:55,2025-11-26 18:36:55,LV
24717,espn.com,Week 13,Dolphins D/ST,Defense,DST,6.6,2025-11-26 18:36:55,2025-11-26 18:36:55,MIA
25056,fantasypros.com,Week 13,Zane,Gonzalez,K,6.6,2025-11-26 18:38:08,2025-11-26 18:38:08,ATL
25276,fanduel.com,Week 13,Pat,Bryant,WR,6.6,2025-11-26 18:38:36,2025-11-26 18:38:36,DEN
26203,fantasypros.com,Week 14,Jake,Moody,K,6.6,2025-12-03 01:54:53,2025-12-03 03:06:17,WAS
26223,fantasypros.com,Week 14,Green Bay Packers,Defense,DST,6.6,2025-12-03 01:54:53,2025-12-03 03:06:17,GB
26387,fanduel.com,Week 14,Jonnu,Smith,TE,6.6,2025-12-03 01:55:37,2025-12-03 03:57:34,PIT
27063,fantasypros.com,Week 14,Samaje,Perine,RB,6.6,2025-12-03 02:17:53,2025-12-03 03:06:17,CIN
27064,fantasypros.com,Week 14,Aaron,Jones Sr.,RB,6.6,2025-12-03 02:17:53,2025-12-03 03:06:17,MIN
27168,fantasypros.com,Week 14,Greg,Dortch,WR,6.6,2025-12-03 02:17:53,2025-12-03 03:06:17,ARI
29284,espn.com,Week 14,Daniel,Carlson,K,6.6,2025-12-03 04:47:06,2025-12-03 05:22:56,LV
17758,fanduel.com,Week 11,Ja'Tavion,Sanders,TE,6.59,2025-11-13 05:21:22,2025-11-13 05:21:22,CAR
18916,fanduel.com,Week 12,Chigoziem,Okonkwo,TE,6.55,2025-11-20 17:52:44,2025-11-20 18:02:18,TEN
17759,fanduel.com,Week 11,Brashard,Smith,RB,6.54,2025-11-13 05:21:22,2025-11-13 05:21:22,KC
25277,fanduel.com,Week 13,Jordan,Mason,RB,6.54,2025-11-26 18:38:36,2025-11-26 18:38:36,MIN
14877,fanduel.com,Week 10,Mack,Hollins,WR,6.53,2025-11-07 00:48:09,2025-11-07 00:48:09,NE
17760,fanduel.com,Week 11,Matthew,Golden,WR,6.53,2025-11-13 05:21:22,2025-11-13 05:21:22,GB
25278,fanduel.com,Week 13,David,Sills V,WR,6.51,2025-11-26 18:38:36,2025-11-26 18:38:36,ATL
15683,espn.com,Week 10,Emanuel,Wilson,RB,6.5,2025-11-07 00:49:32,2025-11-07 00:49:32,GB
16225,fantasypros.com,Week 10,Indianapolis Colts,Defense,DST,6.5,2025-11-07 00:50:27,2025-11-07 00:50:27,IND
16379,firstdown.studio,Week 10,Mack,Hollins,WR,6.5,2025-11-07 00:50:48,2025-11-07 00:50:48,NE
16593,sleeper.com,Week 11,Isaiah,Davis,RB,6.5,2025-11-13 05:18:19,2025-11-13 05:18:19,NYJ
16594,sleeper.com,Week 11,Jaylin,Lane,WR,6.5,2025-11-13 05:18:19,2025-11-13 05:18:19,WAS
16595,sleeper.com,Week 11,Pat,Freiermuth,TE,6.5,2025-11-13 05:18:19,2025-11-13 05:18:19,PIT
16596,sleeper.com,Week 11,Joey,Slye,K,6.5,2025-11-13 05:18:19,2025-11-13 05:18:19,TEN
16932,espn.com,Week 11,Samaje,Perine,RB,6.5,2025-11-13 05:19:16,2025-11-13 05:19:16,CIN
17135,fantasypros.com,Week 11,Max,Brosmer,QB,6.5,2025-11-13 05:20:49,2025-11-13 05:20:49,MIN
17327,fantasypros.com,Week 11,AJ,Barner,TE,6.5,2025-11-13 05:20:49,2025-11-13 05:20:49,SEA
17408,fantasypros.com,Week 11,San Francisco 49ers,Defense,DST,6.5,2025-11-13 05:20:49,2025-11-13 05:20:49,SF
17572,firstdown.studio,Week 11,Matthew,Golden,WR,6.5,2025-11-13 05:21:09,2025-11-13 05:21:09,GB
18288,sleeper.com,Week 12,Sean,Tucker,RB,6.5,2025-11-20 17:45:26,2025-11-20 17:59:20,TB
18289,sleeper.com,Week 12,Darnell,Washington,TE,6.5,2025-11-20 17:45:26,2025-11-20 17:59:20,PIT
18686,espn.com,Week 12,David,Njoku,TE,6.5,2025-11-20 17:46:24,2025-11-20 18:00:16,CLE
20133,fantasypros.com,Week 12,Joshua,Palmer,WR,6.5,2025-11-20 18:01:42,2025-11-20 18:01:42,BUF
20134,fantasypros.com,Week 12,Roman,Wilson,WR,6.5,2025-11-20 18:01:42,2025-11-20 18:01:42,PIT
20236,fantasypros.com,Week 12,Taysom,Hill,TE,6.5,2025-11-20 18:01:42,2025-11-20 18:01:42,NO
20237,fantasypros.com,Week 12,Dawson,Knox,TE,6.5,2025-11-20 18:01:42,2025-11-20 18:01:42,BUF
20328,fantasypros.com,Week 12,Kansas City Chiefs,Defense,DST,6.5,2025-11-20 18:01:42,2025-11-20 18:01:42,KC
24227,sleeper.com,Week 13,Jayden,Reed,WR,6.5,2025-11-26 18:35:52,2025-11-26 18:35:52,GB
24228,sleeper.com,Week 13,Jacory,Croskey-Merritt,RB,6.5,2025-11-26 18:35:52,2025-11-26 18:35:52,WAS
24229,sleeper.com,Week 13,Zonovan,Knight,RB,6.5,2025-11-26 18:35:52,2025-11-26 18:35:52,ARI
24230,sleeper.com,Week 13,Kareem,Hunt,RB,6.5,2025-11-26 18:35:52,2025-11-26 18:35:52,KC
24779,fantasypros.com,Week 13,Joe,Flacco,QB,6.5,2025-11-26 18:38:08,2025-11-26 18:38:08,CIN
24863,fantasypros.com,Week 13,DJ,Moore,WR,6.5,2025-11-26 18:38:08,2025-11-26 18:38:08,CHI
24991,fantasypros.com,Week 13,T.J.,Hockenson,TE,6.5,2025-11-26 18:38:08,2025-11-26 18:38:08,MIN
25086,fantasypros.com,Week 13,Cleveland Browns,Defense,DST,6.5,2025-11-26 18:38:08,2025-11-26 18:38:08,CLE
25829,sleeper.com,Week 14,Parker,Washington,WR,6.5,2025-12-03 01:52:43,2025-12-03 01:52:43,JAX
25830,sleeper.com,Week 14,Jayden,Reed,WR,6.5,2025-12-03 01:52:43,2025-12-03 01:52:43,GB
25831,sleeper.com,Week 14,Tyler,Allgeier,RB,6.5,2025-12-03 01:52:43,2025-12-03 01:52:43,ATL
25832,sleeper.com,Week 14,Brock,Wright,TE,6.5,2025-12-03 01:52:43,2025-12-03 01:52:43,DET
26204,fantasypros.com,Week 14,Jake,Elliott,K,6.5,2025-12-03 01:54:53,2025-12-03 03:06:17,PHI
26205,fantasypros.com,Week 14,Chad,Ryland,K,6.5,2025-12-03 01:54:53,2025-12-03 03:06:17,ARI
26206,fantasypros.com,Week 14,Zane,Gonzalez,K,6.5,2025-12-03 01:54:53,2025-12-03 03:06:17,ATL
26207,fantasypros.com,Week 14,Joey,Slye,K,6.5,2025-12-03 01:54:53,2025-12-03 03:06:17,TEN
26367,fanduel.com,Week 14,Isiah,Pacheco,RB,6.5,2025-12-03 01:55:37,2025-12-03 03:57:34,KC
27169,fantasypros.com,Week 14,Rashod,Bateman,WR,6.5,2025-12-03 02:17:53,2025-12-03 03:06:17,BAL
29669,espn.com,Week 14,Cade,Otton,TE,6.5,2025-12-03 05:22:56,2025-12-03 05:22:56,TB
18917,fanduel.com,Week 12,Jalen,Coker,WR,6.45,2025-11-20 17:52:44,2025-11-20 18:02:18,CAR
26388,fanduel.com,Week 14,Marvin,Mims,WR,6.45,2025-12-03 01:55:37,2025-12-03 03:57:34,DEN
17761,fanduel.com,Week 11,Tyler,Allgeier,RB,6.44,2025-11-13 05:21:22,2025-11-13 05:21:22,ATL
26389,fanduel.com,Week 14,Calvin,Austin III,WR,6.44,2025-12-03 01:55:37,2025-12-03 03:57:34,PIT
15825,espn.com,Week 10,Bills D/ST,Defense,DST,6.4,2025-11-07 00:49:32,2025-11-07 00:51:07,BUF
16204,fantasypros.com,Week 10,Ryan,Fitzgerald,K,6.4,2025-11-07 00:50:27,2025-11-07 00:50:27,CAR
16382,firstdown.studio,Week 10,Chris,Moore,WR,6.4,2025-11-07 00:50:48,2025-11-07 00:50:48,WAS
16383,firstdown.studio,Week 10,Kenneth,Gainwell,RB,6.4,2025-11-07 00:50:48,2025-11-07 00:50:48,PIT
16386,firstdown.studio,Week 10,Isaiah,Likely,TE,6.4,2025-11-07 00:50:48,2025-11-07 00:50:48,BAL
16389,firstdown.studio,Week 10,Brandin,Cooks,WR,6.4,2025-11-07 00:50:48,2025-11-07 00:50:48,NO
16597,sleeper.com,Week 11,Nick,Folk,K,6.4,2025-11-13 05:18:19,2025-11-13 05:18:19,NYJ
17017,espn.com,Week 11,Chig,Okonkwo,TE,6.4,2025-11-13 05:19:16,2025-11-13 05:19:16,TEN
17197,fantasypros.com,Week 11,Jordan,Mason,RB,6.4,2025-11-13 05:20:49,2025-11-13 05:20:49,MIN
17387,fantasypros.com,Week 11,Zane,Gonzalez,K,6.4,2025-11-13 05:20:49,2025-11-13 05:20:49,ATL
17580,firstdown.studio,Week 11,Pat,Freiermuth,TE,6.4,2025-11-13 05:21:09,2025-11-13 05:21:09,PIT
18290,sleeper.com,Week 12,Pat,Freiermuth,TE,6.4,2025-11-20 17:45:26,2025-11-20 17:59:20,PIT
18291,sleeper.com,Week 12,Nick,Folk,K,6.4,2025-11-20 17:45:26,2025-11-20 17:59:20,NYJ
18603,espn.com,Week 12,Rachaad,White,RB,6.4,2025-11-20 17:46:24,2025-11-20 18:00:16,TB
18604,espn.com,Week 12,Nick,Chubb,RB,6.4,2025-11-20 17:46:24,2025-11-20 18:00:16,HOU
18687,espn.com,Week 12,Darnell,Washington,TE,6.4,2025-11-20 17:46:24,2025-11-20 18:00:16,PIT
18744,espn.com,Week 12,Jaguars D/ST,Defense,DST,6.4,2025-11-20 17:46:24,2025-11-20 18:02:59,JAX
20007,fantasypros.com,Week 12,Brian,Robinson Jr.,RB,6.4,2025-11-20 18:01:42,2025-11-20 18:01:42,SF
20135,fantasypros.com,Week 12,Christian,Kirk,WR,6.4,2025-11-20 18:01:42,2025-11-20 18:01:42,HOU
20136,fantasypros.com,Week 12,Isaiah,Hodgins,WR,6.4,2025-11-20 18:01:42,2025-11-20 18:01:42,NYG
20137,fantasypros.com,Week 12,Kyle,Williams,WR,6.4,2025-11-20 18:01:42,2025-11-20 18:01:42,NE
20301,fantasypros.com,Week 12,Ka'imi,Fairbairn,K,6.4,2025-11-20 18:01:42,2025-11-20 18:01:42,HOU
24231,sleeper.com,Week 13,Chris,Godwin,WR,6.4,2025-11-26 18:35:52,2025-11-26 18:35:52,TB
24232,sleeper.com,Week 13,Gunnar,Helm,TE,6.4,2025-11-26 18:35:52,2025-11-26 18:35:52,TEN
24233,sleeper.com,Week 13,Ty,Johnson,RB,6.4,2025-11-26 18:35:52,2025-11-26 18:35:52,BUF
25057,fantasypros.com,Week 13,Brandon,McManus,K,6.4,2025-11-26 18:38:08,2025-11-26 18:38:08,GB
25833,sleeper.com,Week 14,Bhayshul,Tuten,RB,6.4,2025-12-03 01:52:43,2025-12-03 01:52:43,JAX
25834,sleeper.com,Week 14,Charlie,Smyth,K,6.4,2025-12-03 01:52:43,2025-12-03 01:52:43,NO
25835,sleeper.com,Week 14,Van,Jefferson,WR,6.4,2025-12-03 01:52:43,2025-12-03 01:52:43,TEN
25836,sleeper.com,Week 14,Joey,Slye,K,6.4,2025-12-03 01:52:43,2025-12-03 01:52:43,TEN
26224,fantasypros.com,Week 14,Pittsburgh Steelers,Defense,DST,6.4,2025-12-03 01:54:53,2025-12-03 03:06:17,PIT
26225,fantasypros.com,Week 14,Indianapolis Colts,Defense,DST,6.4,2025-12-03 01:54:53,2025-12-03 03:06:17,IND
27170,fantasypros.com,Week 14,Christian,Kirk,WR,6.4,2025-12-03 02:17:53,2025-12-03 03:06:17,HOU
29729,espn.com,Week 14,Titans,Defense,DST,6.4,2025-12-03 05:22:56,2025-12-03 05:22:56,TEN
14878,fanduel.com,Week 10,Jerome,Ford,RB,6.39,2025-11-07 00:48:09,2025-11-07 00:48:09,CLE
17762,fanduel.com,Week 11,Olamide,Zaccheaus,WR,6.39,2025-11-13 05:21:22,2025-11-13 05:21:22,CHI
14879,fanduel.com,Week 10,Jonnu,Smith,TE,6.37,2025-11-07 00:48:09,2025-11-07 00:48:09,PIT
26391,fanduel.com,Week 14,Chimere,Dike,WR,6.35,2025-12-03 01:55:37,2025-12-03 03:57:34,TEN
17763,fanduel.com,Week 11,Curtis,Samuel,WR,6.34,2025-11-13 05:21:22,2025-11-13 05:21:22,BUF
14880,fanduel.com,Week 10,Darnell,Mooney,WR,6.33,2025-11-07 00:48:09,2025-11-07 00:48:09,ATL
18918,fanduel.com,Week 12,Dawson,Knox,TE,6.32,2025-11-20 17:52:44,2025-11-20 18:02:18,BUF
18919,fanduel.com,Week 12,Jordan,Mason,RB,6.32,2025-11-20 17:52:44,2025-11-20 18:02:18,MIN
15826,espn.com,Week 10,Panthers D/ST,Defense,DST,6.3,2025-11-07 00:49:32,2025-11-07 00:51:07,CAR
16063,fantasypros.com,Week 10,DeAndre,Hopkins,WR,6.3,2025-11-07 00:50:27,2025-11-07 00:50:27,BAL
16064,fantasypros.com,Week 10,Matthew,Golden,WR,6.3,2025-11-07 00:50:27,2025-11-07 00:50:27,GB
16374,firstdown.studio,Week 10,Isaiah,Davis,RB,6.3,2025-11-07 00:50:48,2025-11-07 00:50:48,NYJ
16385,firstdown.studio,Week 10,Rashod,Bateman,WR,6.3,2025-11-07 00:50:48,2025-11-07 00:50:48,BAL
16598,sleeper.com,Week 11,Jeremy,McNichols,RB,6.3,2025-11-13 05:18:19,2025-11-13 05:18:19,WAS
17581,firstdown.studio,Week 11,Jayden,Higgins,WR,6.3,2025-11-13 05:21:09,2025-11-13 05:21:09,HOU
18292,sleeper.com,Week 12,Trey,Benson,RB,6.3,2025-11-20 17:45:26,2025-11-20 17:59:20,ARI
18293,sleeper.com,Week 12,Tyrell,Shavers,WR,6.3,2025-11-20 17:45:26,2025-11-20 17:59:20,BUF
18688,espn.com,Week 12,Ja'Tavion,Sanders,TE,6.3,2025-11-20 17:46:24,2025-11-20 18:00:16,CAR
18745,espn.com,Week 12,Lions D/ST,Defense,DST,6.3,2025-11-20 17:46:24,2025-11-20 18:02:59,DET
20008,fantasypros.com,Week 12,Jordan,Mason,RB,6.3,2025-11-20 18:01:42,2025-11-20 18:01:42,MIN
24234,sleeper.com,Week 13,Jonnu,Smith,TE,6.3,2025-11-26 18:35:52,2025-11-26 18:35:52,PIT
24571,espn.com,Week 13,Rachaad,White,RB,6.3,2025-11-26 18:36:55,2025-11-26 18:36:55,TB
24572,espn.com,Week 13,Devin,Singletary,RB,6.3,2025-11-26 18:36:55,2025-11-26 18:36:55,NYG
25837,sleeper.com,Week 14,Dawson,Knox,TE,6.3,2025-12-03 01:52:43,2025-12-03 01:52:43,BUF
25838,sleeper.com,Week 14,Ty,Johnson,RB,6.3,2025-12-03 01:52:43,2025-12-03 01:52:43,BUF
26226,fantasypros.com,Week 14,Jacksonville Jaguars,Defense,DST,6.3,2025-12-03 01:54:53,2025-12-03 03:06:17,JAX
26227,fantasypros.com,Week 14,Los Angeles Chargers,Defense,DST,6.3,2025-12-03 01:54:53,2025-12-03 03:06:17,LAC
26228,fantasypros.com,Week 14,Minnesota Vikings,Defense,DST,6.3,2025-12-03 01:54:53,2025-12-03 03:06:17,MIN
29670,espn.com,Week 14,Darnell,Washington,TE,6.3,2025-12-03 05:22:56,2025-12-03 05:22:56,PIT
29671,espn.com,Week 14,Chig,Okonkwo,TE,6.3,2025-12-03 05:22:56,2025-12-03 05:22:56,TEN
29730,espn.com,Week 14,Commanders,Defense,DST,6.3,2025-12-03 05:22:56,2025-12-03 05:22:56,WAS
17764,fanduel.com,Week 11,Emari,Demercado,RB,6.29,2025-11-13 05:21:22,2025-11-13 05:21:22,ARI
18920,fanduel.com,Week 12,Josh,Palmer,WR,6.29,2025-11-20 17:52:44,2025-11-20 18:02:18,BUF
26392,fanduel.com,Week 14,David,Njoku,TE,6.29,2025-12-03 01:55:37,2025-12-03 03:57:34,CLE
26393,fanduel.com,Week 14,Rashod,Bateman,WR,6.28,2025-12-03 01:55:37,2025-12-03 03:57:34,BAL
18921,fanduel.com,Week 12,Devin,Neal,RB,6.27,2025-11-20 17:52:44,2025-11-20 18:02:18,NO
26478,fanduel.com,Week 14,Adonai,Mitchell,WR,6.25,2025-12-03 01:55:37,2025-12-03 03:57:34,NYJ
17765,fanduel.com,Week 11,J.K.,Dobbins,RB,6.23,2025-11-13 05:21:22,2025-11-13 05:21:22,DEN
14881,fanduel.com,Week 10,Cade,Otton,TE,6.2,2025-11-07 00:48:09,2025-11-07 00:48:09,TB
15379,sleeper.com,Week 10,Tim,Patrick,WR,6.2,2025-11-07 00:48:26,2025-11-07 00:48:26,JAX
15380,sleeper.com,Week 10,Bhayshul,Tuten,RB,6.2,2025-11-07 00:48:26,2025-11-07 00:48:26,JAX
15684,espn.com,Week 10,Justice,Hill,RB,6.2,2025-11-07 00:49:32,2025-11-07 00:49:32,BAL
15685,espn.com,Week 10,Chuba,Hubbard,RB,6.2,2025-11-07 00:49:32,2025-11-07 00:49:32,CAR
15771,espn.com,Week 10,Pat,Freiermuth,TE,6.2,2025-11-07 00:49:32,2025-11-07 00:49:32,PIT
15827,espn.com,Week 10,Ravens D/ST,Defense,DST,6.2,2025-11-07 00:49:32,2025-11-07 00:51:07,BAL
16065,fantasypros.com,Week 10,Chris,Moore,WR,6.2,2025-11-07 00:50:27,2025-11-07 00:50:27,WAS
16205,fantasypros.com,Week 10,Chad,Ryland,K,6.2,2025-11-07 00:50:27,2025-11-07 00:50:27,ARI
16226,fantasypros.com,Week 10,Pittsburgh Steelers,Defense,DST,6.2,2025-11-07 00:50:27,2025-11-07 00:50:27,PIT
16599,sleeper.com,Week 11,Andrei,Iosivas,WR,6.2,2025-11-13 05:18:19,2025-11-13 05:18:19,CIN
16600,sleeper.com,Week 11,Ty,Johnson,RB,6.2,2025-11-13 05:18:19,2025-11-13 05:18:19,BUF
17073,espn.com,Week 11,Ravens D/ST,Defense,DST,6.2,2025-11-13 05:19:16,2025-11-13 05:26:13,BAL
17074,espn.com,Week 11,Steelers D/ST,Defense,DST,6.2,2025-11-13 05:19:16,2025-11-13 05:26:13,PIT
17328,fantasypros.com,Week 11,Chig,Okonkwo,TE,6.2,2025-11-13 05:20:49,2025-11-13 05:20:49,TEN
17388,fantasypros.com,Week 11,Harrison,Mevis,K,6.2,2025-11-13 05:20:49,2025-11-13 05:20:49,LAR
17409,fantasypros.com,Week 11,Buffalo Bills,Defense,DST,6.2,2025-11-13 05:20:49,2025-11-13 05:20:49,BUF
17563,firstdown.studio,Week 11,Chris,Rodriguez,RB,6.2,2025-11-13 05:21:09,2025-11-13 05:21:09,WAS
17579,firstdown.studio,Week 11,Joshua,Palmer,WR,6.2,2025-11-13 05:21:09,2025-11-13 05:21:09,BUF
18294,sleeper.com,Week 12,Gunnar,Helm,TE,6.2,2025-11-20 17:45:26,2025-11-20 17:59:20,TEN
18295,sleeper.com,Week 12,Ja'Tavion,Sanders,TE,6.2,2025-11-20 17:45:26,2025-11-20 17:59:20,CAR
18296,sleeper.com,Week 12,Joey,Slye,K,6.2,2025-11-20 17:45:26,2025-11-20 17:59:20,TEN
20009,fantasypros.com,Week 12,Michael,Carter,RB,6.2,2025-11-20 18:01:42,2025-11-20 18:01:42,ARI
20138,fantasypros.com,Week 12,Tyrell,Shavers,WR,6.2,2025-11-20 18:01:42,2025-11-20 18:01:42,BUF
20139,fantasypros.com,Week 12,Devaughn,Vele,WR,6.2,2025-11-20 18:01:42,2025-11-20 18:01:42,NO
20302,fantasypros.com,Week 12,Lucas,Havrisik,K,6.2,2025-11-20 18:01:42,2025-11-20 18:01:42,GB
20329,fantasypros.com,Week 12,San Francisco 49ers,Defense,DST,6.2,2025-11-20 18:01:42,2025-11-20 18:01:42,SF
24235,sleeper.com,Week 13,Andre,Szmyt,K,6.2,2025-11-26 18:35:52,2025-11-26 18:35:52,CLE
24659,espn.com,Week 13,Chig,Okonkwo,TE,6.2,2025-11-26 18:36:55,2025-11-26 18:36:55,TEN
24992,fantasypros.com,Week 13,Gunnar,Helm,TE,6.2,2025-11-26 18:38:08,2025-11-26 18:38:08,TEN
25058,fantasypros.com,Week 13,Jake,Elliott,K,6.2,2025-11-26 18:38:08,2025-11-26 18:38:08,PHI
25087,fantasypros.com,Week 13,Detroit Lions,Defense,DST,6.2,2025-11-26 18:38:08,2025-11-26 18:38:08,DET
25839,sleeper.com,Week 14,Emanuel,Wilson,RB,6.2,2025-12-03 01:52:43,2025-12-03 01:52:43,GB
27065,fantasypros.com,Week 14,Jaleel,McLaughlin,RB,6.2,2025-12-03 02:17:53,2025-12-03 03:06:17,DEN
27066,fantasypros.com,Week 14,Michael,Carter,RB,6.2,2025-12-03 02:17:53,2025-12-03 03:06:17,ARI
27067,fantasypros.com,Week 14,Emanuel,Wilson,RB,6.2,2025-12-03 02:17:53,2025-12-03 03:06:17,GB
27171,fantasypros.com,Week 14,Cedric,Tillman,WR,6.2,2025-12-03 02:17:53,2025-12-03 03:06:17,CLE
25279,fanduel.com,Week 13,Tyler,Lockett,WR,6.18,2025-11-26 18:38:36,2025-11-26 18:38:36,LV
25280,fanduel.com,Week 13,Jayden,Reed,WR,6.17,2025-11-26 18:38:36,2025-11-26 18:38:36,GB
25281,fanduel.com,Week 13,Isaiah,Likely,TE,6.17,2025-11-26 18:38:36,2025-11-26 18:38:36,BAL
18922,fanduel.com,Week 12,DeAndre,Hopkins,WR,6.15,2025-11-20 17:52:44,2025-11-20 18:02:18,BAL
25282,fanduel.com,Week 13,Greg,Dulcich,TE,6.15,2025-11-26 18:38:36,2025-11-26 18:38:36,MIA
25283,fanduel.com,Week 13,Darnell,Mooney,WR,6.15,2025-11-26 18:38:36,2025-11-26 18:38:36,ATL
17766,fanduel.com,Week 11,Tim,Patrick,WR,6.14,2025-11-13 05:21:22,2025-11-13 05:26:13,JAX
17767,fanduel.com,Week 11,Emanuel,Wilson,RB,6.13,2025-11-13 05:21:22,2025-11-13 05:21:22,GB
18923,fanduel.com,Week 12,Curtis,Samuel,WR,6.12,2025-11-20 17:52:44,2025-11-20 18:02:18,BUF
15381,sleeper.com,Week 10,Jeremy,McNichols,RB,6.1,2025-11-07 00:48:26,2025-11-07 00:48:26,WAS
15382,sleeper.com,Week 10,Pat,Freiermuth,TE,6.1,2025-11-07 00:48:26,2025-11-07 00:48:26,PIT
15772,espn.com,Week 10,Michael,Mayer,TE,6.1,2025-11-07 00:49:32,2025-11-07 00:49:32,LV
15828,espn.com,Week 10,Jaguars D/ST,Defense,DST,6.1,2025-11-07 00:49:32,2025-11-07 00:51:07,JAX
16066,fantasypros.com,Week 10,Jalen,Nailor,WR,6.1,2025-11-07 00:50:27,2025-11-07 00:50:27,MIN
16601,sleeper.com,Week 11,Cooper,Kupp,WR,6.1,2025-11-13 05:18:19,2025-11-13 05:18:19,SEA
17575,firstdown.studio,Week 11,Ricky,Pearsall,WR,6.1,2025-11-13 05:21:09,2025-11-13 05:21:09,SF
17584,firstdown.studio,Week 11,Dontayvion,Wicks,WR,6.1,2025-11-13 05:21:09,2025-11-13 05:21:09,GB
17585,firstdown.studio,Week 11,Jalen,Coker,WR,6.1,2025-11-13 05:21:09,2025-11-13 05:21:09,CAR
17586,firstdown.studio,Week 11,Jaylin,Lane,WR,6.1,2025-11-13 05:21:09,2025-11-13 05:21:09,WAS
18297,sleeper.com,Week 12,Isaiah,Williams,WR,6.1,2025-11-20 17:45:26,2025-11-20 17:59:20,NYJ
18298,sleeper.com,Week 12,Jordan,Mason,RB,6.1,2025-11-20 17:45:26,2025-11-20 17:59:20,MIN
20010,fantasypros.com,Week 12,Chuba,Hubbard,RB,6.1,2025-11-20 18:01:42,2025-11-20 18:01:42,CAR
20140,fantasypros.com,Week 12,Adonai,Mitchell,WR,6.1,2025-11-20 18:01:42,2025-11-20 18:01:42,NYJ
20141,fantasypros.com,Week 12,Van,Jefferson,WR,6.1,2025-11-20 18:01:42,2025-11-20 18:01:42,TEN
20238,fantasypros.com,Week 12,Isaiah,Likely,TE,6.1,2025-11-20 18:01:42,2025-11-20 18:01:42,BAL
24236,sleeper.com,Week 13,Jordan,Mason,RB,6.1,2025-11-26 18:35:52,2025-11-26 18:35:52,MIN
24573,espn.com,Week 13,Isaiah,Davis,RB,6.1,2025-11-26 18:36:55,2025-11-26 18:36:55,NYJ
24864,fantasypros.com,Week 13,Alec,Pierce,WR,6.1,2025-11-26 18:38:08,2025-11-26 18:38:08,IND
25840,sleeper.com,Week 14,Gunnar,Helm,TE,6.1,2025-12-03 01:52:43,2025-12-03 01:52:43,TEN
25841,sleeper.com,Week 14,Tez,Johnson,WR,6.1,2025-12-03 01:52:43,2025-12-03 01:52:43,TB
26182,fantasypros.com,Week 14,Colby,Parkinson,TE,6.1,2025-12-03 01:54:53,2025-12-03 03:06:17,LAR
26208,fantasypros.com,Week 14,Charlie,Smyth,K,6.1,2025-12-03 01:54:53,2025-12-03 03:06:17,NO
26229,fantasypros.com,Week 14,Buffalo Bills,Defense,DST,6.1,2025-12-03 01:54:53,2025-12-03 03:06:17,BUF
27172,fantasypros.com,Week 14,Tyler,Lockett,WR,6.1,2025-12-03 02:17:53,2025-12-03 03:06:17,LV
27173,fantasypros.com,Week 14,Calvin,Austin III,WR,6.1,2025-12-03 02:17:53,2025-12-03 03:06:17,PIT
27246,fantasypros.com,Week 14,Gunnar,Helm,TE,6.1,2025-12-03 02:17:53,2025-12-03 03:06:17,TEN
29672,espn.com,Week 14,Mike,Gesicki,TE,6.1,2025-12-03 05:22:56,2025-12-03 05:22:56,CIN
29731,espn.com,Week 14,Seahawks,Defense,DST,6.1,2025-12-03 05:22:56,2025-12-03 05:22:56,SEA
29732,espn.com,Week 14,Colts,Defense,DST,6.1,2025-12-03 05:22:56,2025-12-03 05:22:56,IND
25284,fanduel.com,Week 13,Isaiah,Davis,RB,6.09,2025-11-26 18:38:36,2025-11-26 18:38:36,NYJ
26394,fanduel.com,Week 14,Van,Jefferson,WR,6.09,2025-12-03 01:55:37,2025-12-03 03:57:34,TEN
17768,fanduel.com,Week 11,Darnell,Mooney,WR,6.08,2025-11-13 05:21:22,2025-11-13 05:21:22,ATL
18924,fanduel.com,Week 12,Sterling,Shepard,WR,6.08,2025-11-20 17:52:44,2025-11-20 18:02:18,TB
17769,fanduel.com,Week 11,Sean,Tucker,RB,6.07,2025-11-13 05:21:22,2025-11-13 05:21:22,TB
25285,fanduel.com,Week 13,Gabriel,Davis,WR,6.05,2025-11-26 18:38:36,2025-11-26 18:38:36,BUF
17770,fanduel.com,Week 11,Oronde,Gadsden,TE,6.03,2025-11-13 05:21:22,2025-11-13 05:21:22,LAC
18925,fanduel.com,Week 12,Matthew,Golden,WR,6.03,2025-11-20 17:52:44,2025-11-20 18:02:18,GB
25286,fanduel.com,Week 13,Adonai,Mitchell,WR,6.02,2025-11-26 18:38:36,2025-11-26 18:38:36,NYJ
26395,fanduel.com,Week 14,Aaron,Jones,RB,6.01,2025-12-03 01:55:37,2025-12-03 03:57:34,MIN
14882,fanduel.com,Week 10,Justice,Hill,RB,6.0,2025-11-07 00:48:09,2025-11-07 00:48:09,BAL
15383,sleeper.com,Week 10,Matthew,Golden,WR,6.0,2025-11-07 00:48:26,2025-11-07 00:48:26,GB
16206,fantasypros.com,Week 10,Graham,Gano,K,6.0,2025-11-07 00:50:27,2025-11-07 00:50:27,NYG
16227,fantasypros.com,Week 10,Tampa Bay Buccaneers,Defense,DST,6.0,2025-11-07 00:50:27,2025-11-07 00:50:27,TB
16377,firstdown.studio,Week 10,Chuba,Hubbard,RB,6.0,2025-11-07 00:50:48,2025-11-07 00:50:48,CAR
16388,firstdown.studio,Week 10,Cooper,Kupp,WR,6.0,2025-11-07 00:50:48,2025-11-07 00:50:48,SEA
16602,sleeper.com,Week 11,Ja'Tavion,Sanders,TE,6.0,2025-11-13 05:18:19,2025-11-13 05:18:19,CAR
16603,sleeper.com,Week 11,Tyler,Johnson,WR,6.0,2025-11-13 05:18:19,2025-11-13 05:18:19,NYJ
17075,espn.com,Week 11,Falcons D/ST,Defense,DST,6.0,2025-11-13 05:19:16,2025-11-13 05:26:13,ATL
17136,fantasypros.com,Week 11,Mitchell,Trubisky,QB,6.0,2025-11-13 05:20:49,2025-11-13 05:20:49,BUF
17198,fantasypros.com,Week 11,Tyler,Allgeier,RB,6.0,2025-11-13 05:20:49,2025-11-13 05:20:49,ATL
17389,fantasypros.com,Week 11,Chad,Ryland,K,6.0,2025-11-13 05:20:49,2025-11-13 05:20:49,ARI
17410,fantasypros.com,Week 11,Carolina Panthers,Defense,DST,6.0,2025-11-13 05:20:49,2025-11-13 05:20:49,CAR
17582,firstdown.studio,Week 11,Isaiah,Davis,RB,6.0,2025-11-13 05:21:09,2025-11-13 05:21:09,NYJ
17588,firstdown.studio,Week 11,Greg,Dulcich,TE,6.0,2025-11-13 05:21:09,2025-11-13 05:21:09,MIA
18689,espn.com,Week 12,Colston,Loveland,TE,6.0,2025-11-20 17:46:24,2025-11-20 18:00:16,CHI
20142,fantasypros.com,Week 12,John,Metchie III,WR,6.0,2025-11-20 18:01:42,2025-11-20 18:01:42,NYJ
20239,fantasypros.com,Week 12,Chig,Okonkwo,TE,6.0,2025-11-20 18:01:42,2025-11-20 18:01:42,TEN
20303,fantasypros.com,Week 12,Zane,Gonzalez,K,6.0,2025-11-20 18:01:42,2025-11-20 18:01:42,ATL
20330,fantasypros.com,Week 12,Philadelphia Eagles,Defense,DST,6.0,2025-11-20 18:01:42,2025-11-20 18:01:42,PHI
24237,sleeper.com,Week 13,Jaleel,McLaughlin,RB,6.0,2025-11-26 18:35:52,2025-11-26 18:35:52,DEN
24238,sleeper.com,Week 13,Marquise,Brown,WR,6.0,2025-11-26 18:35:52,2025-11-26 18:35:52,KC
24239,sleeper.com,Week 13,Pat,Freiermuth,TE,6.0,2025-11-26 18:35:52,2025-11-26 18:35:52,PIT
24574,espn.com,Week 13,Chuba,Hubbard,RB,6.0,2025-11-26 18:36:55,2025-11-26 18:36:55,CAR
24780,fantasypros.com,Week 13,Justin,Fields,QB,6.0,2025-11-26 18:38:08,2025-11-26 18:38:08,NYJ
25059,fantasypros.com,Week 13,Chad,Ryland,K,6.0,2025-11-26 18:38:08,2025-11-26 18:38:08,ARI
25088,fantasypros.com,Week 13,Buffalo Bills,Defense,DST,6.0,2025-11-26 18:38:08,2025-11-26 18:38:08,BUF
25842,sleeper.com,Week 14,Nick,Chubb,RB,6.0,2025-12-03 01:52:43,2025-12-03 01:52:43,HOU
26492,fanduel.com,Week 14,Treylon,Burks,WR,6.0,2025-12-03 01:55:37,2025-12-03 03:57:34,WAS
29733,espn.com,Week 14,Dolphins,Defense,DST,6.0,2025-12-03 05:22:56,2025-12-03 05:22:56,MIA
18926,fanduel.com,Week 12,Arian,Smith,WR,5.99,2025-11-20 17:52:44,2025-11-20 18:02:18,NYJ
14883,fanduel.com,Week 10,Colston,Loveland,TE,5.94,2025-11-07 00:48:09,2025-11-07 00:48:09,CHI
17771,fanduel.com,Week 11,Jerome,Ford,RB,5.93,2025-11-13 05:21:22,2025-11-13 05:21:22,CLE
18927,fanduel.com,Week 12,Blake,Corum,RB,5.93,2025-11-20 17:52:44,2025-11-20 18:02:59,LAR
26397,fanduel.com,Week 14,Drake,London,WR,5.93,2025-12-03 01:55:37,2025-12-03 03:57:34,ATL
25287,fanduel.com,Week 13,Christian,Kirk,WR,5.92,2025-11-26 18:38:36,2025-11-26 18:38:36,HOU
25288,fanduel.com,Week 13,Marvin,Harrison Jr.,WR,5.92,2025-11-26 18:38:36,2025-11-26 18:38:36,ARI
26396,fanduel.com,Week 14,Marquise,Brown,WR,5.92,2025-12-03 01:55:37,2025-12-03 03:57:34,KC
17772,fanduel.com,Week 11,Kalif,Raymond,WR,5.91,2025-11-13 05:21:22,2025-11-13 05:21:22,DET
25289,fanduel.com,Week 13,Blake,Corum,RB,5.91,2025-11-26 18:38:36,2025-11-26 18:38:36,LAR
25290,fanduel.com,Week 13,Brenton,Strange,TE,5.91,2025-11-26 18:38:36,2025-11-26 18:38:36,JAX
14884,fanduel.com,Week 10,Jaylin,Lane,WR,5.9,2025-11-07 00:48:09,2025-11-07 00:51:07,WAS
15384,sleeper.com,Week 10,Devin,Neal,RB,5.9,2025-11-07 00:48:26,2025-11-07 00:48:26,NO
15385,sleeper.com,Week 10,Mack,Hollins,WR,5.9,2025-11-07 00:48:26,2025-11-07 00:48:26,NE
16933,espn.com,Week 11,Emanuel,Wilson,RB,5.9,2025-11-13 05:19:16,2025-11-13 05:19:16,GB
17076,espn.com,Week 11,Broncos D/ST,Defense,DST,5.9,2025-11-13 05:19:16,2025-11-13 05:26:13,DEN
17329,fantasypros.com,Week 11,Isaiah,Likely,TE,5.9,2025-11-13 05:20:49,2025-11-13 05:20:49,BAL
18299,sleeper.com,Week 12,Tez,Johnson,WR,5.9,2025-11-20 17:45:26,2025-11-20 17:59:20,TB
18690,espn.com,Week 12,Taysom,Hill,TE,5.9,2025-11-20 17:46:24,2025-11-20 18:00:16,NO
24240,sleeper.com,Week 13,Pat,Bryant,WR,5.9,2025-11-26 18:35:52,2025-11-26 18:35:52,DEN
24575,espn.com,Week 13,Kimani,Vidal,RB,5.9,2025-11-26 18:36:55,2025-11-26 18:36:55,LAC
24660,espn.com,Week 13,Michael,Mayer,TE,5.9,2025-11-26 18:36:55,2025-11-26 18:36:55,LV
24718,espn.com,Week 13,Patriots D/ST,Defense,DST,5.9,2025-11-26 18:36:55,2025-11-26 18:36:55,NE
24719,espn.com,Week 13,Bills D/ST,Defense,DST,5.9,2025-11-26 18:36:55,2025-11-26 18:36:55,BUF
24993,fantasypros.com,Week 13,David,Njoku,TE,5.9,2025-11-26 18:38:08,2025-11-26 18:38:08,CLE
25843,sleeper.com,Week 14,Jacory,Croskey-Merritt,RB,5.9,2025-12-03 01:52:43,2025-12-03 01:52:43,WAS
25844,sleeper.com,Week 14,Pat,Freiermuth,TE,5.9,2025-12-03 01:52:43,2025-12-03 01:52:43,PIT
27068,fantasypros.com,Week 14,Rachaad,White,RB,5.9,2025-12-03 02:17:53,2025-12-03 03:06:17,TB
27174,fantasypros.com,Week 14,Gabe,Davis,WR,5.9,2025-12-03 02:17:53,2025-12-03 03:06:17,BUF
29734,espn.com,Week 14,Ravens,Defense,DST,5.9,2025-12-03 05:22:56,2025-12-03 05:22:56,BAL
29735,espn.com,Week 14,Buccaneers,Defense,DST,5.9,2025-12-03 05:22:56,2025-12-03 05:22:56,TB
17773,fanduel.com,Week 11,Demario,Douglas,WR,5.89,2025-11-13 05:21:22,2025-11-13 05:21:22,NE
17774,fanduel.com,Week 11,Marvin,Mims,WR,5.89,2025-11-13 05:21:22,2025-11-13 05:21:22,DEN
26398,fanduel.com,Week 14,Andrei,Iosivas,WR,5.88,2025-12-03 01:55:37,2025-12-03 03:57:34,CIN
14885,fanduel.com,Week 10,Kalif,Raymond,WR,5.84,2025-11-07 00:48:09,2025-11-07 00:48:09,DET
17775,fanduel.com,Week 11,Darnell,Washington,TE,5.84,2025-11-13 05:21:22,2025-11-13 05:21:22,PIT
18928,fanduel.com,Week 12,Demario,Douglas,WR,5.84,2025-11-20 17:52:44,2025-11-20 18:02:18,NE
15386,sleeper.com,Week 10,Jaylin,Lane,WR,5.8,2025-11-07 00:48:26,2025-11-07 00:48:26,WAS
15940,fantasypros.com,Week 10,Bhayshul,Tuten,RB,5.8,2025-11-07 00:50:27,2025-11-07 00:51:07,JAX
15941,fantasypros.com,Week 10,Tyler,Allgeier,RB,5.8,2025-11-07 00:50:27,2025-11-07 00:50:27,ATL
16067,fantasypros.com,Week 10,Nick,Westbrook-Ikhine,WR,5.8,2025-11-07 00:50:27,2025-11-07 00:50:27,MIA
16207,fantasypros.com,Week 10,Matt,Gay,K,5.8,2025-11-07 00:50:27,2025-11-07 00:50:27,WAS
16228,fantasypros.com,Week 10,Atlanta Falcons,Defense,DST,5.8,2025-11-07 00:50:27,2025-11-07 00:50:27,ATL
16604,sleeper.com,Week 11,Emanuel,Wilson,RB,5.8,2025-11-13 05:18:19,2025-11-13 05:18:19,GB
16934,espn.com,Week 11,Blake,Corum,RB,5.8,2025-11-13 05:19:16,2025-11-13 05:19:16,LAR
17077,espn.com,Week 11,Jaguars D/ST,Defense,DST,5.8,2025-11-13 05:19:16,2025-11-13 05:26:13,JAX
17390,fantasypros.com,Week 11,Wil,Lutz,K,5.8,2025-11-13 05:20:49,2025-11-13 05:20:49,DEN
17411,fantasypros.com,Week 11,Miami Dolphins,Defense,DST,5.8,2025-11-13 05:20:49,2025-11-13 05:20:49,MIA
18929,fanduel.com,Week 12,Ja'Tavion,Sanders,TE,5.8,2025-11-20 17:52:44,2025-11-20 18:02:18,CAR
20143,fantasypros.com,Week 12,Dontayvion,Wicks,WR,5.8,2025-11-20 18:01:42,2025-11-20 18:01:42,GB
20304,fantasypros.com,Week 12,Daniel,Carlson,K,5.8,2025-11-20 18:01:42,2025-11-20 18:01:42,LV
20331,fantasypros.com,Week 12,Houston Texans,Defense,DST,5.8,2025-11-20 18:01:42,2025-11-20 18:01:42,HOU
24720,espn.com,Week 13,Buccaneers D/ST,Defense,DST,5.8,2025-11-26 18:36:55,2025-11-26 18:36:55,TB
24721,espn.com,Week 13,Saints D/ST,Defense,DST,5.8,2025-11-26 18:36:55,2025-11-26 18:36:55,NO
24722,espn.com,Week 13,Jets D/ST,Defense,DST,5.8,2025-11-26 18:36:55,2025-11-26 18:36:55,NYJ
24723,espn.com,Week 13,Colts D/ST,Defense,DST,5.8,2025-11-26 18:36:55,2025-11-26 18:36:55,IND
24865,fantasypros.com,Week 13,Parker,Washington,WR,5.8,2025-11-26 18:38:08,2025-11-26 18:38:08,JAX
25060,fantasypros.com,Week 13,Riley,Patterson,K,5.8,2025-11-26 18:38:08,2025-11-26 18:38:08,MIA
25089,fantasypros.com,Week 13,Indianapolis Colts,Defense,DST,5.8,2025-11-26 18:38:08,2025-11-26 18:38:08,IND
25291,fanduel.com,Week 13,Jaleel,McLaughlin,RB,5.8,2025-11-26 18:38:36,2025-11-26 18:38:36,DEN
25845,sleeper.com,Week 14,Rachaad,White,RB,5.8,2025-12-03 01:52:43,2025-12-03 01:52:43,TB
25846,sleeper.com,Week 14,Isaiah,Davis,RB,5.8,2025-12-03 01:52:43,2025-12-03 01:52:43,NYJ
25847,sleeper.com,Week 14,Dylan,Sampson,RB,5.8,2025-12-03 01:52:43,2025-12-03 01:52:43,CLE
27175,fantasypros.com,Week 14,DeAndre,Hopkins,WR,5.8,2025-12-03 02:17:53,2025-12-03 03:06:17,BAL
29736,espn.com,Week 14,Eagles,Defense,DST,5.8,2025-12-03 05:22:56,2025-12-03 05:22:56,PHI
18930,fanduel.com,Week 12,Michael,Mayer,TE,5.77,2025-11-20 17:52:44,2025-11-20 18:02:18,LV
18931,fanduel.com,Week 12,Chuba,Hubbard,RB,5.77,2025-11-20 17:52:44,2025-11-20 18:02:18,CAR
17776,fanduel.com,Week 11,DeAndre,Hopkins,WR,5.76,2025-11-13 05:21:22,2025-11-13 05:21:22,BAL
26400,fanduel.com,Week 14,Darnell,Washington,TE,5.76,2025-12-03 01:55:37,2025-12-03 03:57:34,PIT
18932,fanduel.com,Week 12,Tyler,Lockett,WR,5.73,2025-11-20 17:52:44,2025-11-20 18:02:18,LV
18933,fanduel.com,Week 12,Kendrick,Bourne,WR,5.72,2025-11-20 17:52:44,2025-11-20 18:02:18,SF
14886,fanduel.com,Week 10,Isaiah,Bond,WR,5.71,2025-11-07 00:48:09,2025-11-07 00:48:09,CLE
14887,fanduel.com,Week 10,Elijah,Arroyo,TE,5.71,2025-11-07 00:48:09,2025-11-07 00:48:09,SEA
15387,sleeper.com,Week 10,Isaiah,Likely,TE,5.7,2025-11-07 00:48:26,2025-11-07 00:48:26,BAL
15388,sleeper.com,Week 10,DeMario,Douglas,WR,5.7,2025-11-07 00:48:26,2025-11-07 00:48:26,NE
15389,sleeper.com,Week 10,Cooper,Kupp,WR,5.7,2025-11-07 00:48:26,2025-11-07 00:48:26,SEA
15390,sleeper.com,Week 10,Ja'Tavion,Sanders,TE,5.7,2025-11-07 00:48:26,2025-11-07 00:48:26,CAR
15686,espn.com,Week 10,Blake,Corum,RB,5.7,2025-11-07 00:49:32,2025-11-07 00:49:32,LAR
15829,espn.com,Week 10,Jets D/ST,Defense,DST,5.7,2025-11-07 00:49:32,2025-11-07 00:51:07,NYJ
16068,fantasypros.com,Week 10,Brandin,Cooks,WR,5.7,2025-11-07 00:50:27,2025-11-07 00:50:27,NO
16069,fantasypros.com,Week 10,Jayden,Higgins,WR,5.7,2025-11-07 00:50:27,2025-11-07 00:50:27,HOU
16387,firstdown.studio,Week 10,Emanuel,Wilson,RB,5.7,2025-11-07 00:50:48,2025-11-07 00:50:48,GB
17018,espn.com,Week 11,Ja'Tavion,Sanders,TE,5.7,2025-11-13 05:19:16,2025-11-13 05:19:16,CAR
17019,espn.com,Week 11,Tyler,Higbee,TE,5.7,2025-11-13 05:19:16,2025-11-13 05:19:16,LAR
17078,espn.com,Week 11,Bears D/ST,Defense,DST,5.7,2025-11-13 05:19:16,2025-11-13 05:26:13,CHI
17587,firstdown.studio,Week 11,Jeremy,McNichols,RB,5.7,2025-11-13 05:21:09,2025-11-13 05:21:09,WAS
17777,fanduel.com,Week 11,Kendrick,Bourne,WR,5.7,2025-11-13 05:21:22,2025-11-13 05:21:22,SF
18300,sleeper.com,Week 12,Dontayvion,Wicks,WR,5.7,2025-11-20 17:45:26,2025-11-20 17:59:20,GB
18301,sleeper.com,Week 12,Chig,Okonkwo,TE,5.7,2025-11-20 17:45:26,2025-11-20 17:59:20,TEN
18746,espn.com,Week 12,Patriots D/ST,Defense,DST,5.7,2025-11-20 17:46:24,2025-11-20 18:02:59,NE
18747,espn.com,Week 12,Rams D/ST,Defense,DST,5.7,2025-11-20 17:46:24,2025-11-20 18:02:59,LAR
20011,fantasypros.com,Week 12,Nick,Chubb,RB,5.7,2025-11-20 18:01:42,2025-11-20 18:01:42,HOU
20144,fantasypros.com,Week 12,Gabe,Davis,WR,5.7,2025-11-20 18:01:42,2025-11-20 18:01:42,BUF
24241,sleeper.com,Week 13,Christian,Kirk,WR,5.7,2025-11-26 18:35:52,2025-11-26 18:35:52,HOU
24242,sleeper.com,Week 13,Ja'Tavion,Sanders,TE,5.7,2025-11-26 18:35:52,2025-11-26 18:35:52,CAR
24243,sleeper.com,Week 13,Colby,Parkinson,TE,5.7,2025-11-26 18:35:52,2025-11-26 18:35:52,LAR
24576,espn.com,Week 13,Jaleel,McLaughlin,RB,5.7,2025-11-26 18:36:55,2025-11-26 18:36:55,DEN
24577,espn.com,Week 13,Jordan,Mason,RB,5.7,2025-11-26 18:36:55,2025-11-26 18:36:55,MIN
24661,espn.com,Week 13,Jonnu,Smith,TE,5.7,2025-11-26 18:36:55,2025-11-26 18:36:55,PIT
24662,espn.com,Week 13,David,Njoku,TE,5.7,2025-11-26 18:36:55,2025-11-26 18:36:55,CLE
24724,espn.com,Week 13,Raiders D/ST,Defense,DST,5.7,2025-11-26 18:36:55,2025-11-26 18:36:55,LV
24725,espn.com,Week 13,Ravens D/ST,Defense,DST,5.7,2025-11-26 18:36:55,2025-11-26 18:36:55,BAL
25292,fanduel.com,Week 13,Isaiah,Bond,WR,5.7,2025-11-26 18:38:36,2025-11-26 18:38:36,CLE
25848,sleeper.com,Week 14,Jalen,Nailor,WR,5.7,2025-12-03 01:52:43,2025-12-03 01:52:43,MIN
26230,fantasypros.com,Week 14,Atlanta Falcons,Defense,DST,5.7,2025-12-03 01:54:53,2025-12-03 03:06:17,ATL
26231,fantasypros.com,Week 14,New York Jets,Defense,DST,5.7,2025-12-03 01:54:53,2025-12-03 03:06:17,NYJ
27069,fantasypros.com,Week 14,Ty,Johnson,RB,5.7,2025-12-03 02:17:53,2025-12-03 03:06:17,BUF
27247,fantasypros.com,Week 14,Dawson,Knox,TE,5.7,2025-12-03 02:17:53,2025-12-03 03:06:17,BUF
17778,fanduel.com,Week 11,Chris,Moore,WR,5.69,2025-11-13 05:21:22,2025-11-13 05:26:13,WAS
25293,fanduel.com,Week 13,Josh,Palmer,WR,5.67,2025-11-26 18:38:36,2025-11-26 18:38:36,BUF
17779,fanduel.com,Week 11,Arian,Smith,WR,5.66,2025-11-13 05:21:22,2025-11-13 05:21:22,NYJ
18934,fanduel.com,Week 12,Chris,Brooks,RB,5.65,2025-11-20 17:52:44,2025-11-20 18:02:18,GB
18935,fanduel.com,Week 12,Xavier,Weaver,WR,5.64,2025-11-20 17:52:44,2025-11-20 18:02:18,ARI
17780,fanduel.com,Week 11,Justice,Hill,RB,5.63,2025-11-13 05:21:22,2025-11-13 05:21:22,BAL
25294,fanduel.com,Week 13,Jalen,Coker,WR,5.63,2025-11-26 18:38:36,2025-11-26 18:38:36,CAR
15687,espn.com,Week 10,Sean,Tucker,RB,5.6,2025-11-07 00:49:32,2025-11-07 00:49:32,TB
15830,espn.com,Week 10,Chargers D/ST,Defense,DST,5.6,2025-11-07 00:49:32,2025-11-07 00:51:07,LAC
15831,espn.com,Week 10,Steelers D/ST,Defense,DST,5.6,2025-11-07 00:49:32,2025-11-07 00:51:07,PIT
16070,fantasypros.com,Week 10,Jordan,Whittington,WR,5.6,2025-11-07 00:50:27,2025-11-07 00:50:27,LAR
16071,fantasypros.com,Week 10,Dyami,Brown,WR,5.6,2025-11-07 00:50:27,2025-11-07 00:51:07,JAX
16208,fantasypros.com,Week 10,Nick,Folk,K,5.6,2025-11-07 00:50:27,2025-11-07 00:50:27,NYJ
16391,firstdown.studio,Week 10,Tory,Horton,WR,5.6,2025-11-07 00:50:48,2025-11-07 00:50:48,SEA
16605,sleeper.com,Week 11,Jerome,Ford,RB,5.6,2025-11-13 05:18:19,2025-11-13 05:18:19,CLE
17020,espn.com,Week 11,Noah,Fant,TE,5.6,2025-11-13 05:19:16,2025-11-13 05:19:16,CIN
17079,espn.com,Week 11,Dolphins D/ST,Defense,DST,5.6,2025-11-13 05:19:16,2025-11-13 05:26:13,MIA
17199,fantasypros.com,Week 11,Nick,Chubb,RB,5.6,2025-11-13 05:20:49,2025-11-13 05:20:49,HOU
17330,fantasypros.com,Week 11,Tyler,Higbee,TE,5.6,2025-11-13 05:20:49,2025-11-13 05:20:49,LAR
17391,fantasypros.com,Week 11,Riley,Patterson,K,5.6,2025-11-13 05:20:49,2025-11-13 05:20:49,MIA
18302,sleeper.com,Week 12,Michael,Carter,RB,5.6,2025-11-20 17:45:26,2025-11-20 17:59:20,ARI
18303,sleeper.com,Week 12,Marquise,Brown,WR,5.6,2025-11-20 17:45:26,2025-11-20 17:59:20,KC
18304,sleeper.com,Week 12,Jalin,Hyatt,WR,5.6,2025-11-20 17:45:26,2025-11-20 17:59:20,NYG
18305,sleeper.com,Week 12,Colby,Parkinson,TE,5.6,2025-11-20 17:45:26,2025-11-20 17:59:20,LAR
20145,fantasypros.com,Week 12,Jaylin,Noel,WR,5.6,2025-11-20 18:01:42,2025-11-20 18:01:42,HOU
20146,fantasypros.com,Week 12,Olamide,Zaccheaus,WR,5.6,2025-11-20 18:01:42,2025-11-20 18:01:42,CHI
20240,fantasypros.com,Week 12,Darnell,Washington,TE,5.6,2025-11-20 18:01:42,2025-11-20 18:01:42,PIT
20305,fantasypros.com,Week 12,Ryan,Fitzgerald,K,5.6,2025-11-20 18:01:42,2025-11-20 18:01:42,CAR
24244,sleeper.com,Week 13,Rachaad,White,RB,5.6,2025-11-26 18:35:52,2025-11-26 18:35:52,TB
24245,sleeper.com,Week 13,Nick,Chubb,RB,5.6,2025-11-26 18:35:52,2025-11-26 18:35:52,HOU
24246,sleeper.com,Week 13,Taysom,Hill,TE,5.6,2025-11-26 18:35:52,2025-11-26 18:35:52,NO
24994,fantasypros.com,Week 13,Dawson,Knox,TE,5.6,2025-11-26 18:38:08,2025-11-26 18:38:08,BUF
25061,fantasypros.com,Week 13,Matt,Gay,K,5.6,2025-11-26 18:38:08,2025-11-26 18:38:08,SF
25849,sleeper.com,Week 14,Jaleel,McLaughlin,RB,5.6,2025-12-03 01:52:43,2025-12-03 01:52:43,DEN
25850,sleeper.com,Week 14,Jeremy,McNichols,RB,5.6,2025-12-03 01:52:43,2025-12-03 01:52:43,WAS
25851,sleeper.com,Week 14,Mike,Gesicki,TE,5.6,2025-12-03 01:52:43,2025-12-03 01:52:43,CIN
26209,fantasypros.com,Week 14,Andre,Szmyt,K,5.6,2025-12-03 01:54:53,2025-12-03 03:06:17,CLE
26232,fantasypros.com,Week 14,Detroit Lions,Defense,DST,5.6,2025-12-03 01:54:53,2025-12-03 03:06:17,DET
26233,fantasypros.com,Week 14,Chicago Bears,Defense,DST,5.6,2025-12-03 01:54:53,2025-12-03 03:06:17,CHI
26234,fantasypros.com,Week 14,Dallas Cowboys,Defense,DST,5.6,2025-12-03 01:54:53,2025-12-03 03:06:17,DAL
27176,fantasypros.com,Week 14,David,Sills V,WR,5.6,2025-12-03 02:17:53,2025-12-03 03:06:17,ATL
29673,espn.com,Week 14,Michael,Mayer,TE,5.6,2025-12-03 05:22:56,2025-12-03 05:22:56,LV
25295,fanduel.com,Week 13,Demario,Douglas,WR,5.59,2025-11-26 18:38:36,2025-11-26 18:38:36,NE
26401,fanduel.com,Week 14,David,Sills V,WR,5.59,2025-12-03 01:55:37,2025-12-03 03:57:34,ATL
17781,fanduel.com,Week 11,Jeremy,McNichols,RB,5.58,2025-11-13 05:21:22,2025-11-13 05:26:13,WAS
18936,fanduel.com,Week 12,Bhayshul,Tuten,RB,5.57,2025-11-20 17:52:44,2025-11-20 18:02:59,JAX
25296,fanduel.com,Week 13,Chris,Rodriguez Jr.,RB,5.57,2025-11-26 18:38:36,2025-11-26 18:38:36,WAS
25297,fanduel.com,Week 13,Kimani,Vidal,RB,5.55,2025-11-26 18:38:36,2025-11-26 18:38:36,LAC
25298,fanduel.com,Week 13,Isaiah,Hodgins,WR,5.54,2025-11-26 18:38:36,2025-11-26 18:38:36,NYG
25299,fanduel.com,Week 13,Bhayshul,Tuten,RB,5.53,2025-11-26 18:38:36,2025-11-26 18:38:36,JAX
17782,fanduel.com,Week 11,Parker,Washington,WR,5.52,2025-11-13 05:21:22,2025-11-13 05:26:13,JAX
26402,fanduel.com,Week 14,Jaleel,McLaughlin,RB,5.52,2025-12-03 01:55:37,2025-12-03 03:57:34,DEN
17783,fanduel.com,Week 11,Nick,Westbrook-Ikhine,WR,5.51,2025-11-13 05:21:22,2025-11-13 05:21:22,MIA
26403,fanduel.com,Week 14,Jeremy,McNichols,RB,5.51,2025-12-03 01:55:37,2025-12-03 03:57:34,WAS
26404,fanduel.com,Week 14,Colby,Parkinson,TE,5.51,2025-12-03 01:55:37,2025-12-03 03:57:34,LAR
14888,fanduel.com,Week 10,Nick,Westbrook-Ikhine,WR,5.5,2025-11-07 00:48:09,2025-11-07 00:48:09,MIA
15391,sleeper.com,Week 10,Chuba,Hubbard,RB,5.5,2025-11-07 00:48:26,2025-11-07 00:48:26,CAR
15832,espn.com,Week 10,Rams D/ST,Defense,DST,5.5,2025-11-07 00:49:32,2025-11-07 00:51:07,LAR
15942,fantasypros.com,Week 10,Justice,Hill,RB,5.5,2025-11-07 00:50:27,2025-11-07 00:50:27,BAL
16072,fantasypros.com,Week 10,Jack,Bech,WR,5.5,2025-11-07 00:50:27,2025-11-07 00:50:27,LV
16229,fantasypros.com,Week 10,Green Bay Packers,Defense,DST,5.5,2025-11-07 00:50:27,2025-11-07 00:50:27,GB
16606,sleeper.com,Week 11,Blake,Corum,RB,5.5,2025-11-13 05:18:19,2025-11-13 05:18:19,LAR
16607,sleeper.com,Week 11,Bhayshul,Tuten,RB,5.5,2025-11-13 05:18:19,2025-11-13 05:18:19,JAX
16608,sleeper.com,Week 11,Joshua,Palmer,WR,5.5,2025-11-13 05:18:19,2025-11-13 05:18:19,BUF
17080,espn.com,Week 11,Rams D/ST,Defense,DST,5.5,2025-11-13 05:19:16,2025-11-13 05:26:13,LAR
17081,espn.com,Week 11,Lions D/ST,Defense,DST,5.5,2025-11-13 05:19:16,2025-11-13 05:26:13,DET
17137,fantasypros.com,Week 11,Joe,Milton III,QB,5.5,2025-11-13 05:20:49,2025-11-13 05:20:49,DAL
17412,fantasypros.com,Week 11,Detroit Lions,Defense,DST,5.5,2025-11-13 05:20:49,2025-11-13 05:20:49,DET
17574,firstdown.studio,Week 11,Tyler,Allgeier,RB,5.5,2025-11-13 05:21:09,2025-11-13 05:21:09,ATL
18691,espn.com,Week 12,Pat,Freiermuth,TE,5.5,2025-11-20 17:46:24,2025-11-20 18:00:16,PIT
18748,espn.com,Week 12,Cardinals D/ST,Defense,DST,5.5,2025-11-20 17:46:24,2025-11-20 18:02:59,ARI
20147,fantasypros.com,Week 12,Kendrick,Bourne,WR,5.5,2025-11-20 18:01:42,2025-11-20 18:01:42,SF
20241,fantasypros.com,Week 12,Brock,Wright,TE,5.5,2025-11-20 18:01:42,2025-11-20 18:01:42,DET
20332,fantasypros.com,Week 12,Arizona Cardinals,Defense,DST,5.5,2025-11-20 18:01:42,2025-11-20 18:01:42,ARI
24247,sleeper.com,Week 13,Jeremy,McNichols,RB,5.5,2025-11-26 18:35:52,2025-11-26 18:35:52,WAS
24248,sleeper.com,Week 13,Dylan,Sampson,RB,5.5,2025-11-26 18:35:52,2025-11-26 18:35:52,CLE
24249,sleeper.com,Week 13,Chig,Okonkwo,TE,5.5,2025-11-26 18:35:52,2025-11-26 18:35:52,TEN
24781,fantasypros.com,Week 13,Tyler,Huntley,QB,5.5,2025-11-26 18:38:08,2025-11-26 18:38:08,BAL
25090,fantasypros.com,Week 13,New Orleans Saints,Defense,DST,5.5,2025-11-26 18:38:08,2025-11-26 18:38:08,NO
25852,sleeper.com,Week 14,Colby,Parkinson,TE,5.5,2025-12-03 01:52:43,2025-12-03 01:52:43,LAR
27070,fantasypros.com,Week 14,Sean,Tucker,RB,5.5,2025-12-03 02:17:53,2025-12-03 03:06:17,TB
27248,fantasypros.com,Week 14,Darnell,Washington,TE,5.5,2025-12-03 02:17:53,2025-12-03 03:06:17,PIT
29737,espn.com,Week 14,Vikings,Defense,DST,5.5,2025-12-03 05:22:56,2025-12-03 05:22:56,MIN
25300,fanduel.com,Week 13,Mitchell,Tinsley,WR,5.49,2025-11-26 18:38:36,2025-11-26 18:38:36,CIN
18937,fanduel.com,Week 12,Gabriel,Davis,WR,5.48,2025-11-20 17:52:44,2025-11-20 18:02:18,BUF
17784,fanduel.com,Week 11,Austin,Hooper,TE,5.47,2025-11-13 05:21:22,2025-11-13 05:21:22,NE
26405,fanduel.com,Week 14,Taysom,Hill,TE,5.47,2025-12-03 01:55:37,2025-12-03 03:57:34,NO
14889,fanduel.com,Week 10,Darnell,Washington,TE,5.46,2025-11-07 00:48:09,2025-11-07 00:48:09,PIT
18938,fanduel.com,Week 12,Brian,Thomas Jr.,WR,5.45,2025-11-20 17:52:44,2025-11-20 18:02:59,JAX
25301,fanduel.com,Week 13,Keon,Coleman,WR,5.45,2025-11-26 18:38:36,2025-11-26 18:38:36,BUF
18939,fanduel.com,Week 12,Kayshon,Boutte,WR,5.44,2025-11-20 17:52:44,2025-11-20 18:02:18,NE
18940,fanduel.com,Week 12,Tyler,Allgeier,RB,5.44,2025-11-20 17:52:44,2025-11-20 18:02:18,ATL
25302,fanduel.com,Week 13,Rhamondre,Stevenson,RB,5.41,2025-11-26 18:38:36,2025-11-26 18:38:36,NE
15392,sleeper.com,Week 10,Nick,Westbrook-Ikhine,WR,5.4,2025-11-07 00:48:26,2025-11-07 00:48:26,MIA
15393,sleeper.com,Week 10,Joshua,Palmer,WR,5.4,2025-11-07 00:48:26,2025-11-07 00:48:26,BUF
15394,sleeper.com,Week 10,Emanuel,Wilson,RB,5.4,2025-11-07 00:48:26,2025-11-07 00:48:26,GB
15833,espn.com,Week 10,Buccaneers D/ST,Defense,DST,5.4,2025-11-07 00:49:32,2025-11-07 00:51:07,TB
16073,fantasypros.com,Week 10,Luther,Burden III,WR,5.4,2025-11-07 00:50:27,2025-11-07 00:50:27,CHI
16074,fantasypros.com,Week 10,Jaylin,Noel,WR,5.4,2025-11-07 00:50:27,2025-11-07 00:50:27,HOU
16209,fantasypros.com,Week 10,Zane,Gonzalez,K,5.4,2025-11-07 00:50:27,2025-11-07 00:50:27,ATL
17392,fantasypros.com,Week 11,Ka'imi,Fairbairn,K,5.4,2025-11-13 05:20:49,2025-11-13 05:20:49,HOU
17591,firstdown.studio,Week 11,Brashard,Smith,RB,5.4,2025-11-13 05:21:09,2025-11-13 05:21:09,KC
18306,sleeper.com,Week 12,Mike,Gesicki,TE,5.4,2025-11-20 17:45:26,2025-11-20 17:59:20,CIN
18307,sleeper.com,Week 12,Taysom,Hill,TE,5.4,2025-11-20 17:45:26,2025-11-20 17:59:20,NO
18308,sleeper.com,Week 12,Gabe,Davis,WR,5.4,2025-11-20 17:45:26,2025-11-20 17:59:20,BUF
18309,sleeper.com,Week 12,Matthew,Golden,WR,5.4,2025-11-20 17:45:26,2025-11-20 17:59:20,GB
18692,espn.com,Week 12,Tyler,Higbee,TE,5.4,2025-11-20 17:46:24,2025-11-20 18:00:16,LAR
18941,fanduel.com,Week 12,Isaiah,Davis,RB,5.4,2025-11-20 17:52:44,2025-11-20 18:02:18,NYJ
20148,fantasypros.com,Week 12,Chimere,Dike,WR,5.4,2025-11-20 18:01:42,2025-11-20 18:01:42,TEN
20149,fantasypros.com,Week 12,Isaac,TeSlaa,WR,5.4,2025-11-20 18:01:42,2025-11-20 18:01:42,DET
20242,fantasypros.com,Week 12,Jonnu,Smith,TE,5.4,2025-11-20 18:01:42,2025-11-20 18:01:42,PIT
20243,fantasypros.com,Week 12,Michael,Mayer,TE,5.4,2025-11-20 18:01:42,2025-11-20 18:01:42,LV
20244,fantasypros.com,Week 12,Ja'Tavion,Sanders,TE,5.4,2025-11-20 18:01:42,2025-11-20 18:01:42,CAR
20306,fantasypros.com,Week 12,Nick,Folk,K,5.4,2025-11-20 18:01:42,2025-11-20 18:01:42,NYJ
24250,sleeper.com,Week 13,Darnell,Washington,TE,5.4,2025-11-26 18:35:52,2025-11-26 18:35:52,PIT
24866,fantasypros.com,Week 13,Quentin,Johnston,WR,5.4,2025-11-26 18:38:08,2025-11-26 18:38:08,LAC
25062,fantasypros.com,Week 13,Will,Reichard,K,5.4,2025-11-26 18:38:08,2025-11-26 18:38:08,MIN
25853,sleeper.com,Week 14,Keon,Coleman,WR,5.4,2025-12-03 01:52:43,2025-12-03 01:52:43,BUF
26406,fanduel.com,Week 14,Pat,Freiermuth,TE,5.4,2025-12-03 01:55:37,2025-12-03 03:57:34,PIT
27177,fantasypros.com,Week 14,Marvin,Mims Jr.,WR,5.4,2025-12-03 02:17:53,2025-12-03 03:06:17,DEN
27249,fantasypros.com,Week 14,Chig,Okonkwo,TE,5.4,2025-12-03 02:17:53,2025-12-03 03:06:17,TEN
14890,fanduel.com,Week 10,Rhamondre,Stevenson,RB,5.39,2025-11-07 00:48:09,2025-11-07 00:48:09,NE
18942,fanduel.com,Week 12,Kyle,Monangai,RB,5.38,2025-11-20 17:52:44,2025-11-20 18:02:18,CHI
25303,fanduel.com,Week 13,AJ,Barner,TE,5.37,2025-11-26 18:38:36,2025-11-26 18:38:36,SEA
26407,fanduel.com,Week 14,Christian,Kirk,WR,5.37,2025-12-03 01:55:37,2025-12-03 03:57:34,HOU
18943,fanduel.com,Week 12,KaVontae,Turpin,WR,5.36,2025-11-20 17:52:44,2025-11-20 18:02:18,DAL
18944,fanduel.com,Week 12,Daniel,Bellinger,TE,5.35,2025-11-20 17:52:44,2025-11-20 18:02:18,NYG
14891,fanduel.com,Week 10,Ray-Ray,McCloud,WR,5.34,2025-11-07 00:48:09,2025-11-07 00:48:09,NYG
26408,fanduel.com,Week 14,Gabriel,Davis,WR,5.33,2025-12-03 01:55:37,2025-12-03 03:57:34,BUF
14892,fanduel.com,Week 10,Jalen,Coker,WR,5.32,2025-11-07 00:48:09,2025-11-07 00:48:09,CAR
15395,sleeper.com,Week 10,Jerome,Ford,RB,5.3,2025-11-07 00:48:26,2025-11-07 00:48:26,CLE
15396,sleeper.com,Week 10,Ollie,Gordon,RB,5.3,2025-11-07 00:48:26,2025-11-07 00:48:26,MIA
15943,fantasypros.com,Week 10,Emanuel,Wilson,RB,5.3,2025-11-07 00:50:27,2025-11-07 00:50:27,GB
16609,sleeper.com,Week 11,Nick,Westbrook-Ikhine,WR,5.3,2025-11-13 05:18:19,2025-11-13 05:18:19,MIA
16610,sleeper.com,Week 11,Roman,Wilson,WR,5.3,2025-11-13 05:18:19,2025-11-13 05:18:19,PIT
16611,sleeper.com,Week 11,KaVontae,Turpin,WR,5.3,2025-11-13 05:18:19,2025-11-13 05:18:19,DAL
16612,sleeper.com,Week 11,Tory,Horton,WR,5.3,2025-11-13 05:18:19,2025-11-13 05:18:19,SEA
17021,espn.com,Week 11,Greg,Dulcich,TE,5.3,2025-11-13 05:19:16,2025-11-13 05:19:16,MIA
17082,espn.com,Week 11,49ers D/ST,Defense,DST,5.3,2025-11-13 05:19:16,2025-11-13 05:26:13,SF
17331,fantasypros.com,Week 11,Michael,Mayer,TE,5.3,2025-11-13 05:20:49,2025-11-13 05:20:49,LV
17785,fanduel.com,Week 11,Chuba,Hubbard,RB,5.3,2025-11-13 05:21:22,2025-11-13 05:21:22,CAR
18749,espn.com,Week 12,Texans D/ST,Defense,DST,5.3,2025-11-20 17:46:24,2025-11-20 18:02:59,HOU
18750,espn.com,Week 12,Bills D/ST,Defense,DST,5.3,2025-11-20 17:46:24,2025-11-20 18:02:59,BUF
20012,fantasypros.com,Week 12,Keaton,Mitchell,RB,5.3,2025-11-20 18:01:42,2025-11-20 18:01:42,BAL
20150,fantasypros.com,Week 12,Xavier,Hutchinson,WR,5.3,2025-11-20 18:01:42,2025-11-20 18:01:42,HOU
20245,fantasypros.com,Week 12,Terrance,Ferguson,TE,5.3,2025-11-20 18:01:42,2025-11-20 18:01:42,LAR
24663,espn.com,Week 13,Pat,Freiermuth,TE,5.3,2025-11-26 18:36:55,2025-11-26 18:36:55,PIT
24726,espn.com,Week 13,Texans D/ST,Defense,DST,5.3,2025-11-26 18:36:55,2025-11-26 18:36:55,HOU
24995,fantasypros.com,Week 13,Brock,Wright,TE,5.3,2025-11-26 18:38:08,2025-11-26 18:38:08,DET
25854,sleeper.com,Week 14,Isaac,TeSlaa,WR,5.3,2025-12-03 01:52:43,2025-12-03 01:52:43,DET
25855,sleeper.com,Week 14,Andrei,Iosivas,WR,5.3,2025-12-03 01:52:43,2025-12-03 01:52:43,CIN
25856,sleeper.com,Week 14,Chig,Okonkwo,TE,5.3,2025-12-03 01:52:43,2025-12-03 01:52:43,TEN
26235,fantasypros.com,Week 14,New Orleans Saints,Defense,DST,5.3,2025-12-03 01:54:53,2025-12-03 03:06:17,NO
27071,fantasypros.com,Week 14,Keaton,Mitchell,RB,5.3,2025-12-03 02:17:53,2025-12-03 03:06:17,BAL
27250,fantasypros.com,Week 14,David,Njoku,TE,5.3,2025-12-03 02:17:53,2025-12-03 03:06:17,CLE
29738,espn.com,Week 14,Jets,Defense,DST,5.3,2025-12-03 05:22:56,2025-12-03 05:22:56,NYJ
29739,espn.com,Week 14,Chargers,Defense,DST,5.3,2025-12-03 05:22:56,2025-12-03 05:22:56,LAC
18945,fanduel.com,Week 12,Christian,Kirk,WR,5.27,2025-11-20 17:52:44,2025-11-20 18:02:18,HOU
26410,fanduel.com,Week 14,Gunnar,Helm,TE,5.27,2025-12-03 01:55:37,2025-12-03 03:57:34,TEN
17786,fanduel.com,Week 11,Trey,Benson,RB,5.25,2025-11-13 05:21:22,2025-11-13 05:21:22,ARI
25304,fanduel.com,Week 13,Calvin,Austin III,WR,5.25,2025-11-26 18:38:36,2025-11-26 18:38:36,PIT
26413,fanduel.com,Week 14,Jaylin,Noel,WR,5.25,2025-12-03 01:55:37,2025-12-03 03:57:34,HOU
17787,fanduel.com,Week 11,Jayden,Higgins,WR,5.24,2025-11-13 05:21:22,2025-11-13 05:21:22,HOU
17788,fanduel.com,Week 11,Andrei,Iosivas,WR,5.23,2025-11-13 05:21:22,2025-11-13 05:21:22,CIN
18946,fanduel.com,Week 12,Tim,Patrick,WR,5.23,2025-11-20 17:52:44,2025-11-20 18:02:59,JAX
25305,fanduel.com,Week 13,Taysom,Hill,TE,5.21,2025-11-26 18:38:36,2025-11-26 18:38:36,NO
25306,fanduel.com,Week 13,Jaylin,Noel,WR,5.21,2025-11-26 18:38:36,2025-11-26 18:38:36,HOU
15397,sleeper.com,Week 10,Hunter,Long,TE,5.2,2025-11-07 00:48:26,2025-11-07 00:48:26,JAX
15688,espn.com,Week 10,Jeremy,McNichols,RB,5.2,2025-11-07 00:49:32,2025-11-07 00:51:07,WAS
15834,espn.com,Week 10,Packers D/ST,Defense,DST,5.2,2025-11-07 00:49:32,2025-11-07 00:51:07,GB
15944,fantasypros.com,Week 10,Jeremy,McNichols,RB,5.2,2025-11-07 00:50:27,2025-11-07 00:50:27,WAS
16075,fantasypros.com,Week 10,Ray-Ray,McCloud III,WR,5.2,2025-11-07 00:50:27,2025-11-07 00:50:27,NYG
16210,fantasypros.com,Week 10,Daniel,Carlson,K,5.2,2025-11-07 00:50:27,2025-11-07 00:50:27,LV
16230,fantasypros.com,Week 10,New York Giants,Defense,DST,5.2,2025-11-07 00:50:27,2025-11-07 00:50:27,NYG
16613,sleeper.com,Week 11,Jalen,Nailor,WR,5.2,2025-11-13 05:18:19,2025-11-13 05:18:19,MIN
16614,sleeper.com,Week 11,Adonai,Mitchell,WR,5.2,2025-11-13 05:18:19,2025-11-13 05:18:19,NYJ
16935,espn.com,Week 11,Chuba,Hubbard,RB,5.2,2025-11-13 05:19:16,2025-11-13 05:19:16,CAR
17083,espn.com,Week 11,Chiefs D/ST,Defense,DST,5.2,2025-11-13 05:19:16,2025-11-13 05:26:13,KC
17200,fantasypros.com,Week 11,Devin,Singletary,RB,5.2,2025-11-13 05:20:49,2025-11-13 05:20:49,NYG
17393,fantasypros.com,Week 11,Nick,Folk,K,5.2,2025-11-13 05:20:49,2025-11-13 05:20:49,NYJ
17413,fantasypros.com,Week 11,Jacksonville Jaguars,Defense,DST,5.2,2025-11-13 05:20:49,2025-11-13 05:26:13,JAX
17583,firstdown.studio,Week 11,Isiah,Pacheco,RB,5.2,2025-11-13 05:21:09,2025-11-13 05:21:09,KC
17589,firstdown.studio,Week 11,Emanuel,Wilson,RB,5.2,2025-11-13 05:21:09,2025-11-13 05:21:09,GB
18310,sleeper.com,Week 12,Devin,Neal,RB,5.2,2025-11-20 17:45:26,2025-11-20 17:59:20,NO
18311,sleeper.com,Week 12,Ty,Johnson,RB,5.2,2025-11-20 17:45:26,2025-11-20 17:59:20,BUF
18693,espn.com,Week 12,Gunnar,Helm,TE,5.2,2025-11-20 17:46:24,2025-11-20 18:00:16,TEN
20013,fantasypros.com,Week 12,Chris,Brooks,RB,5.2,2025-11-20 18:01:42,2025-11-20 18:01:42,GB
20151,fantasypros.com,Week 12,Keon,Coleman,WR,5.2,2025-11-20 18:01:42,2025-11-20 18:01:42,BUF
20152,fantasypros.com,Week 12,Ryan,Flournoy,WR,5.2,2025-11-20 18:01:42,2025-11-20 18:01:42,DAL
20307,fantasypros.com,Week 12,Younghoe,Koo,K,5.2,2025-11-20 18:01:42,2025-11-20 18:01:42,NYG
20333,fantasypros.com,Week 12,Minnesota Vikings,Defense,DST,5.2,2025-11-20 18:01:42,2025-11-20 18:01:42,MIN
24251,sleeper.com,Week 13,Jalen,Nailor,WR,5.2,2025-11-26 18:35:52,2025-11-26 18:35:52,MIN
24252,sleeper.com,Week 13,Ollie,Gordon,RB,5.2,2025-11-26 18:35:52,2025-11-26 18:35:52,MIA
24253,sleeper.com,Week 13,Tyrell,Shavers,WR,5.2,2025-11-26 18:35:52,2025-11-26 18:35:52,BUF
24254,sleeper.com,Week 13,Michael,Mayer,TE,5.2,2025-11-26 18:35:52,2025-11-26 18:35:52,LV
24727,espn.com,Week 13,Browns D/ST,Defense,DST,5.2,2025-11-26 18:36:55,2025-11-26 18:36:55,CLE
25063,fantasypros.com,Week 13,Joey,Slye,K,5.2,2025-11-26 18:38:08,2025-11-26 18:38:08,TEN
25091,fantasypros.com,Week 13,Kansas City Chiefs,Defense,DST,5.2,2025-11-26 18:38:08,2025-11-26 18:38:08,KC
25857,sleeper.com,Week 14,Taysom,Hill,TE,5.2,2025-12-03 01:52:43,2025-12-03 01:52:43,NO
27072,fantasypros.com,Week 14,Jeremy,McNichols,RB,5.2,2025-12-03 02:17:53,2025-12-03 03:06:17,WAS
27178,fantasypros.com,Week 14,Van,Jefferson,WR,5.2,2025-12-03 02:17:53,2025-12-03 03:06:17,TEN
25307,fanduel.com,Week 13,Tez,Johnson,WR,5.19,2025-11-26 18:38:36,2025-11-26 18:38:36,TB
18947,fanduel.com,Week 12,Calvin,Austin III,WR,5.18,2025-11-20 17:52:44,2025-11-20 18:02:18,PIT
18948,fanduel.com,Week 12,Khadarel,Hodge,WR,5.16,2025-11-20 17:52:44,2025-11-20 18:02:18,ATL
18949,fanduel.com,Week 12,Dont'e,Thornton Jr.,WR,5.15,2025-11-20 17:52:44,2025-11-20 18:02:18,LV
17789,fanduel.com,Week 11,Sterling,Shepard,WR,5.14,2025-11-13 05:21:22,2025-11-13 05:21:22,TB
17790,fanduel.com,Week 11,Jalen,Coker,WR,5.14,2025-11-13 05:21:22,2025-11-13 05:21:22,CAR
17791,fanduel.com,Week 11,Ray-Ray,McCloud,WR,5.14,2025-11-13 05:21:22,2025-11-13 05:21:22,NYG
14893,fanduel.com,Week 10,Brian,Thomas Jr.,WR,5.12,2025-11-07 00:48:09,2025-11-07 00:51:07,JAX
26414,fanduel.com,Week 14,KaVontae,Turpin,WR,5.12,2025-12-03 01:55:37,2025-12-03 03:57:34,DAL
15689,espn.com,Week 10,Ollie,Gordon,RB,5.1,2025-11-07 00:49:32,2025-11-07 00:49:32,MIA
15945,fantasypros.com,Week 10,Dylan,Sampson,RB,5.1,2025-11-07 00:50:27,2025-11-07 00:50:27,CLE
16076,fantasypros.com,Week 10,Zay,Jones,WR,5.1,2025-11-07 00:50:27,2025-11-07 00:50:27,ARI
16077,fantasypros.com,Week 10,Tyler,Johnson,WR,5.1,2025-11-07 00:50:27,2025-11-07 00:50:27,NYJ
16078,fantasypros.com,Week 10,Tre,Harris,WR,5.1,2025-11-07 00:50:27,2025-11-07 00:50:27,LAC
16392,firstdown.studio,Week 10,Bhayshul,Tuten,RB,5.1,2025-11-07 00:50:48,2025-11-07 00:51:07,JAX
16615,sleeper.com,Week 11,Michael,Mayer,TE,5.1,2025-11-13 05:18:19,2025-11-13 05:18:19,LV
16936,espn.com,Week 11,Jeremy,McNichols,RB,5.1,2025-11-13 05:19:16,2025-11-13 05:26:13,WAS
17084,espn.com,Week 11,Cardinals D/ST,Defense,DST,5.1,2025-11-13 05:19:16,2025-11-13 05:26:13,ARI
17592,firstdown.studio,Week 11,Chuba,Hubbard,RB,5.1,2025-11-13 05:21:09,2025-11-13 05:21:09,CAR
18312,sleeper.com,Week 12,Kareem,Hunt,RB,5.1,2025-11-20 17:45:26,2025-11-20 17:59:20,KC
18605,espn.com,Week 12,Tahj,Brooks,RB,5.1,2025-11-20 17:46:24,2025-11-20 18:00:16,CIN
18694,espn.com,Week 12,Dawson,Knox,TE,5.1,2025-11-20 17:46:24,2025-11-20 18:00:16,BUF
18751,espn.com,Week 12,Falcons D/ST,Defense,DST,5.1,2025-11-20 17:46:24,2025-11-20 18:02:59,ATL
20153,fantasypros.com,Week 12,Jalin,Hyatt,WR,5.1,2025-11-20 18:01:42,2025-11-20 18:01:42,NYG
24255,sleeper.com,Week 13,Brashard,Smith,RB,5.1,2025-11-26 18:35:52,2025-11-26 18:35:52,KC
24256,sleeper.com,Week 13,Luke,Musgrave,TE,5.1,2025-11-26 18:35:52,2025-11-26 18:35:52,GB
24664,espn.com,Week 13,Ja'Tavion,Sanders,TE,5.1,2025-11-26 18:36:55,2025-11-26 18:36:55,CAR
24665,espn.com,Week 13,Noah,Fant,TE,5.1,2025-11-26 18:36:55,2025-11-26 18:36:55,CIN
24867,fantasypros.com,Week 13,Keenan,Allen,WR,5.1,2025-11-26 18:38:08,2025-11-26 18:38:08,LAC
25858,sleeper.com,Week 14,Gabe,Davis,WR,5.1,2025-12-03 01:52:43,2025-12-03 01:52:43,BUF
25859,sleeper.com,Week 14,Christian,Kirk,WR,5.1,2025-12-03 01:52:43,2025-12-03 01:52:43,HOU
26415,fanduel.com,Week 14,Jalen,McMillan,WR,5.1,2025-12-03 01:55:37,2025-12-03 03:57:34,TB
26450,fanduel.com,Week 14,Isaiah,Davis,RB,5.08,2025-12-03 01:55:37,2025-12-03 03:57:34,NYJ
14894,fanduel.com,Week 10,Cooper,Kupp,WR,5.07,2025-11-07 00:48:09,2025-11-07 00:48:09,SEA
17792,fanduel.com,Week 11,Elijah,Arroyo,TE,5.06,2025-11-13 05:21:22,2025-11-13 05:21:22,SEA
18950,fanduel.com,Week 12,Keaton,Mitchell,RB,5.03,2025-11-20 17:52:44,2025-11-20 18:02:18,BAL
18951,fanduel.com,Week 12,Tanner,Hudson,TE,5.03,2025-11-20 17:52:44,2025-11-20 18:02:18,CIN
18952,fanduel.com,Week 12,Chimere,Dike,WR,5.02,2025-11-20 17:52:44,2025-11-20 18:02:18,TEN
18953,fanduel.com,Week 12,Ryan,Flournoy,WR,5.01,2025-11-20 17:52:44,2025-11-20 18:02:18,DAL
15398,sleeper.com,Week 10,Justice,Hill,RB,5.0,2025-11-07 00:48:26,2025-11-07 00:48:26,BAL
15399,sleeper.com,Week 10,Blake,Corum,RB,5.0,2025-11-07 00:48:26,2025-11-07 00:48:26,LAR
15400,sleeper.com,Week 10,Zay,Jones,WR,5.0,2025-11-07 00:48:26,2025-11-07 00:48:26,ARI
15401,sleeper.com,Week 10,Jaret,Patterson,RB,5.0,2025-11-07 00:48:26,2025-11-07 00:48:26,LAC
15946,fantasypros.com,Week 10,Ollie,Gordon II,RB,5.0,2025-11-07 00:50:27,2025-11-07 00:50:27,MIA
16079,fantasypros.com,Week 10,Roman,Wilson,WR,5.0,2025-11-07 00:50:27,2025-11-07 00:50:27,PIT
16231,fantasypros.com,Week 10,New Orleans Saints,Defense,DST,5.0,2025-11-07 00:50:27,2025-11-07 00:50:27,NO
16390,firstdown.studio,Week 10,Blake,Corum,RB,5.0,2025-11-07 00:50:48,2025-11-07 00:51:07,LAR
16616,sleeper.com,Week 11,DeMario,Douglas,WR,5.0,2025-11-13 05:18:19,2025-11-13 05:18:19,NE
16617,sleeper.com,Week 11,Marquise,Brown,WR,5.0,2025-11-13 05:18:19,2025-11-13 05:18:19,KC
16618,sleeper.com,Week 11,Greg,Dulcich,TE,5.0,2025-11-13 05:18:19,2025-11-13 05:18:19,MIA
17138,fantasypros.com,Week 11,Zach,Wilson,QB,5.0,2025-11-13 05:20:49,2025-11-13 05:20:49,MIA
17332,fantasypros.com,Week 11,Greg,Dulcich,TE,5.0,2025-11-13 05:20:49,2025-11-13 05:20:49,MIA
17414,fantasypros.com,Week 11,Tennessee Titans,Defense,DST,5.0,2025-11-13 05:20:49,2025-11-13 05:20:49,TEN
17590,firstdown.studio,Week 11,Blake,Corum,RB,5.0,2025-11-13 05:21:09,2025-11-13 05:26:14,LAR
18313,sleeper.com,Week 12,Christian,Kirk,WR,5.0,2025-11-20 17:45:26,2025-11-20 17:59:20,HOU
18752,espn.com,Week 12,49ers D/ST,Defense,DST,5.0,2025-11-20 17:46:24,2025-11-20 18:02:59,SF
20154,fantasypros.com,Week 12,Dyami,Brown,WR,5.0,2025-11-20 18:01:42,2025-11-20 18:02:59,JAX
20308,fantasypros.com,Week 12,Blake,Grupe,K,5.0,2025-11-20 18:01:42,2025-11-20 18:01:42,NO
20334,fantasypros.com,Week 12,Tampa Bay Buccaneers,Defense,DST,5.0,2025-11-20 18:01:42,2025-11-20 18:01:42,TB
24666,espn.com,Week 13,Darnell,Washington,TE,5.0,2025-11-26 18:36:55,2025-11-26 18:36:55,PIT
24728,espn.com,Week 13,Titans D/ST,Defense,DST,5.0,2025-11-26 18:36:55,2025-11-26 18:36:55,TEN
24782,fantasypros.com,Week 13,Aidan,O'Connell,QB,5.0,2025-11-26 18:38:08,2025-11-26 18:38:08,LV
24996,fantasypros.com,Week 13,Chig,Okonkwo,TE,5.0,2025-11-26 18:38:08,2025-11-26 18:38:08,TEN
25064,fantasypros.com,Week 13,Younghoe,Koo,K,5.0,2025-11-26 18:38:08,2025-11-26 18:38:08,NYG
25092,fantasypros.com,Week 13,Green Bay Packers,Defense,DST,5.0,2025-11-26 18:38:08,2025-11-26 18:38:08,GB
25860,sleeper.com,Week 14,Treylon,Burks,WR,5.0,2025-12-03 01:52:43,2025-12-03 01:52:43,WAS
25861,sleeper.com,Week 14,Michael,Mayer,TE,5.0,2025-12-03 01:52:43,2025-12-03 01:52:43,LV
25862,sleeper.com,Week 14,Tom,Kennedy,WR,5.0,2025-12-03 01:52:43,2025-12-03 01:52:43,DET
26236,fantasypros.com,Week 14,Arizona Cardinals,Defense,DST,5.0,2025-12-03 01:54:53,2025-12-03 03:06:17,ARI
27179,fantasypros.com,Week 14,Xavier,Hutchinson,WR,5.0,2025-12-03 02:17:53,2025-12-03 03:06:17,HOU
27180,fantasypros.com,Week 14,Sterling,Shepard,WR,5.0,2025-12-03 02:17:53,2025-12-03 03:06:17,TB
29674,espn.com,Week 14,Jonnu,Smith,TE,5.0,2025-12-03 05:22:56,2025-12-03 05:22:56,PIT
14895,fanduel.com,Week 10,Jordan,Whittington,WR,4.98,2025-11-07 00:48:09,2025-11-07 00:51:07,LAR
17793,fanduel.com,Week 11,Bhayshul,Tuten,RB,4.98,2025-11-13 05:21:22,2025-11-13 05:26:13,JAX
17794,fanduel.com,Week 11,Gunnar,Helm,TE,4.97,2025-11-13 05:21:22,2025-11-13 05:21:22,TEN
25308,fanduel.com,Week 13,Dont'e,Thornton Jr.,WR,4.96,2025-11-26 18:38:36,2025-11-26 18:38:36,LV
26416,fanduel.com,Week 14,Luke,Musgrave,TE,4.96,2025-12-03 01:55:37,2025-12-03 03:57:34,GB
14896,fanduel.com,Week 10,Hunter,Long,TE,4.94,2025-11-07 00:48:09,2025-11-07 00:51:07,JAX
14897,fanduel.com,Week 10,Bhayshul,Tuten,RB,4.93,2025-11-07 00:48:09,2025-11-07 00:51:07,JAX
15402,sleeper.com,Week 10,Taysom,Hill,TE,4.9,2025-11-07 00:48:26,2025-11-07 00:48:26,NO
15690,espn.com,Week 10,Tyler,Allgeier,RB,4.9,2025-11-07 00:49:32,2025-11-07 00:49:32,ATL
15691,espn.com,Week 10,Dylan,Sampson,RB,4.9,2025-11-07 00:49:32,2025-11-07 00:49:32,CLE
15835,espn.com,Week 10,Saints D/ST,Defense,DST,4.9,2025-11-07 00:49:32,2025-11-07 00:51:07,NO
16394,firstdown.studio,Week 10,Ollie,Gordon,RB,4.9,2025-11-07 00:50:48,2025-11-07 00:50:48,MIA
16619,sleeper.com,Week 11,Justice,Hill,RB,4.9,2025-11-13 05:18:19,2025-11-13 05:18:19,BAL
18314,sleeper.com,Week 12,Mason,Tipton,WR,4.9,2025-11-20 17:45:26,2025-11-20 17:59:20,NO
18315,sleeper.com,Week 12,KaVontae,Turpin,WR,4.9,2025-11-20 17:45:26,2025-11-20 17:59:20,DAL
18606,espn.com,Week 12,Brian,Robinson Jr.,RB,4.9,2025-11-20 17:46:24,2025-11-20 18:00:16,SF
18607,espn.com,Week 12,Jordan,Mason,RB,4.9,2025-11-20 17:46:24,2025-11-20 18:00:16,MIN
18753,espn.com,Week 12,Saints D/ST,Defense,DST,4.9,2025-11-20 17:46:24,2025-11-20 18:02:59,NO
24257,sleeper.com,Week 13,Gabe,Davis,WR,4.9,2025-11-26 18:35:52,2025-11-26 18:35:52,BUF
24258,sleeper.com,Week 13,Noah,Fant,TE,4.9,2025-11-26 18:35:52,2025-11-26 18:35:52,CIN
25863,sleeper.com,Week 14,Marquise,Brown,WR,4.9,2025-12-03 01:52:43,2025-12-03 01:52:43,KC
26417,fanduel.com,Week 14,Foster,Moreau,TE,4.9,2025-12-03 01:55:37,2025-12-03 03:57:34,NO
27073,fantasypros.com,Week 14,Ollie,Gordon II,RB,4.9,2025-12-03 02:17:53,2025-12-03 03:06:17,MIA
27074,fantasypros.com,Week 14,Dylan,Sampson,RB,4.9,2025-12-03 02:17:53,2025-12-03 03:06:17,CLE
29740,espn.com,Week 14,Bills,Defense,DST,4.9,2025-12-03 05:22:56,2025-12-03 05:22:56,BUF
25309,fanduel.com,Week 13,Tyler,Allgeier,RB,4.89,2025-11-26 18:38:36,2025-11-26 18:38:36,ATL
18954,fanduel.com,Week 12,Jaylin,Noel,WR,4.88,2025-11-20 17:52:44,2025-11-20 18:02:18,HOU
14898,fanduel.com,Week 10,Xavier,Hutchinson,WR,4.87,2025-11-07 00:48:09,2025-11-07 00:48:09,HOU
14899,fanduel.com,Week 10,Emanuel,Wilson,RB,4.87,2025-11-07 00:48:09,2025-11-07 00:48:09,GB
26418,fanduel.com,Week 14,Tee,Higgins,WR,4.87,2025-12-03 01:55:37,2025-12-03 03:57:34,CIN
17795,fanduel.com,Week 11,Jordan,Whittington,WR,4.85,2025-11-13 05:21:22,2025-11-13 05:26:14,LAR
17796,fanduel.com,Week 11,Greg,Dulcich,TE,4.84,2025-11-13 05:21:22,2025-11-13 05:21:22,MIA
25310,fanduel.com,Week 13,Michael,Carter,RB,4.84,2025-11-26 18:38:36,2025-11-26 18:38:36,ARI
17797,fanduel.com,Week 11,Jack,Bech,WR,4.82,2025-11-13 05:21:22,2025-11-13 05:21:22,LV
18955,fanduel.com,Week 12,Elijah,Higgins,TE,4.81,2025-11-20 17:52:44,2025-11-20 18:02:18,ARI
14900,fanduel.com,Week 10,Greg,Dulcich,TE,4.8,2025-11-07 00:48:09,2025-11-07 00:48:09,MIA
15773,espn.com,Week 10,Ja'Tavion,Sanders,TE,4.8,2025-11-07 00:49:32,2025-11-07 00:49:32,CAR
15947,fantasypros.com,Week 10,Devin,Neal,RB,4.8,2025-11-07 00:50:27,2025-11-07 00:50:27,NO
16080,fantasypros.com,Week 10,Elijah,Moore,WR,4.8,2025-11-07 00:50:27,2025-11-07 00:50:27,BUF
16232,fantasypros.com,Week 10,Philadelphia Eagles,Defense,DST,4.8,2025-11-07 00:50:27,2025-11-07 00:50:27,PHI
16393,firstdown.studio,Week 10,Ty,Johnson,RB,4.8,2025-11-07 00:50:48,2025-11-07 00:50:48,BUF
16620,sleeper.com,Week 11,Ollie,Gordon,RB,4.8,2025-11-13 05:18:19,2025-11-13 05:18:19,MIA
16621,sleeper.com,Week 11,Matthew,Golden,WR,4.8,2025-11-13 05:18:19,2025-11-13 05:18:19,GB
16937,espn.com,Week 11,Bhayshul,Tuten,RB,4.8,2025-11-13 05:19:16,2025-11-13 05:19:16,JAX
17201,fantasypros.com,Week 11,Sean,Tucker,RB,4.8,2025-11-13 05:20:49,2025-11-13 05:20:49,TB
17415,fantasypros.com,Week 11,Arizona Cardinals,Defense,DST,4.8,2025-11-13 05:20:49,2025-11-13 05:20:49,ARI
17593,firstdown.studio,Week 11,Samaje,Perine,RB,4.8,2025-11-13 05:21:09,2025-11-13 05:21:09,CIN
18316,sleeper.com,Week 12,DeMario,Douglas,WR,4.8,2025-11-20 17:45:26,2025-11-20 17:59:20,NE
18317,sleeper.com,Week 12,Sterling,Shepard,WR,4.8,2025-11-20 17:45:26,2025-11-20 17:59:20,TB
18608,espn.com,Week 12,Chuba,Hubbard,RB,4.8,2025-11-20 17:46:24,2025-11-20 18:00:16,CAR
20014,fantasypros.com,Week 12,Brashard,Smith,RB,4.8,2025-11-20 18:01:42,2025-11-20 18:01:42,KC
20309,fantasypros.com,Week 12,Joey,Slye,K,4.8,2025-11-20 18:01:42,2025-11-20 18:01:42,TEN
20335,fantasypros.com,Week 12,Dallas Cowboys,Defense,DST,4.8,2025-11-20 18:01:42,2025-11-20 18:01:42,DAL
24259,sleeper.com,Week 13,Nick,Westbrook-Ikhine,WR,4.8,2025-11-26 18:35:52,2025-11-26 18:35:52,MIA
24260,sleeper.com,Week 13,DeMario,Douglas,WR,4.8,2025-11-26 18:35:52,2025-11-26 18:35:52,NE
24261,sleeper.com,Week 13,Treylon,Burks,WR,4.8,2025-11-26 18:35:52,2025-11-26 18:35:52,WAS
25065,fantasypros.com,Week 13,Nick,Folk,K,4.8,2025-11-26 18:38:08,2025-11-26 18:38:08,NYJ
25093,fantasypros.com,Week 13,Pittsburgh Steelers,Defense,DST,4.8,2025-11-26 18:38:08,2025-11-26 18:38:08,PIT
25311,fanduel.com,Week 13,Cole,Kmet,TE,4.8,2025-11-26 18:38:36,2025-11-26 18:38:36,CHI
25864,sleeper.com,Week 14,Nick,Westbrook-Ikhine,WR,4.8,2025-12-03 01:52:43,2025-12-03 01:52:43,MIA
25865,sleeper.com,Week 14,Jerome,Ford,RB,4.8,2025-12-03 01:52:43,2025-12-03 01:52:43,CLE
25866,sleeper.com,Week 14,Zavier,Scott,RB,4.8,2025-12-03 01:52:43,2025-12-03 01:52:43,MIN
25867,sleeper.com,Week 14,Tyrell,Shavers,WR,4.8,2025-12-03 01:52:43,2025-12-03 01:52:43,BUF
26422,fanduel.com,Week 14,Bhayshul,Tuten,RB,4.8,2025-12-03 01:55:37,2025-12-03 03:57:34,JAX
27181,fantasypros.com,Week 14,Ryan,Flournoy,WR,4.8,2025-12-03 02:17:53,2025-12-03 03:06:17,DAL
27182,fantasypros.com,Week 14,Olamide,Zaccheaus,WR,4.8,2025-12-03 02:17:53,2025-12-03 03:06:17,CHI
27183,fantasypros.com,Week 14,Jaylin,Noel,WR,4.8,2025-12-03 02:17:53,2025-12-03 03:06:17,HOU
27184,fantasypros.com,Week 14,KaVontae,Turpin,WR,4.8,2025-12-03 02:17:53,2025-12-03 03:06:17,DAL
27185,fantasypros.com,Week 14,Mitch,Tinsley,WR,4.8,2025-12-03 02:17:53,2025-12-03 03:06:17,CIN
29741,espn.com,Week 14,Texans,Defense,DST,4.8,2025-12-03 05:22:56,2025-12-03 05:22:56,HOU
18956,fanduel.com,Week 12,Roman,Wilson,WR,4.78,2025-11-20 17:52:44,2025-11-20 18:02:18,PIT
18957,fanduel.com,Week 12,Devin,Culp,TE,4.77,2025-11-20 17:52:44,2025-11-20 18:02:18,TB
26420,fanduel.com,Week 14,Sterling,Shepard,WR,4.77,2025-12-03 01:55:37,2025-12-03 03:57:34,TB
26411,fanduel.com,Week 14,Devaughn,Vele,WR,4.76,2025-12-03 01:55:37,2025-12-03 03:57:34,NO
26421,fanduel.com,Week 14,Raheem,Mostert,RB,4.75,2025-12-03 01:55:37,2025-12-03 03:57:34,LV
17798,fanduel.com,Week 11,Elijah,Higgins,TE,4.74,2025-11-13 05:21:22,2025-11-13 05:21:22,ARI
25312,fanduel.com,Week 13,Gunnar,Helm,TE,4.74,2025-11-26 18:38:36,2025-11-26 18:38:36,TEN
26412,fanduel.com,Week 14,Lil'Jordan,Humphrey,WR,4.74,2025-12-03 01:55:37,2025-12-03 03:57:34,DEN
15403,sleeper.com,Week 10,Elijah,Arroyo,TE,4.7,2025-11-07 00:48:26,2025-11-07 00:48:26,SEA
15404,sleeper.com,Week 10,Michael,Mayer,TE,4.7,2025-11-07 00:48:26,2025-11-07 00:48:26,LV
15774,espn.com,Week 10,Darnell,Washington,TE,4.7,2025-11-07 00:49:32,2025-11-07 00:49:32,PIT
15948,fantasypros.com,Week 10,Brian,Robinson Jr.,RB,4.7,2025-11-07 00:50:27,2025-11-07 00:50:27,SF
16622,sleeper.com,Week 11,Gunnar,Helm,TE,4.7,2025-11-13 05:18:19,2025-11-13 05:18:19,TEN
16623,sleeper.com,Week 11,Elijah,Higgins,TE,4.7,2025-11-13 05:18:19,2025-11-13 05:18:19,ARI
17022,espn.com,Week 11,Elijah,Higgins,TE,4.7,2025-11-13 05:19:16,2025-11-13 05:19:16,ARI
17333,fantasypros.com,Week 11,Elijah,Arroyo,TE,4.7,2025-11-13 05:20:49,2025-11-13 05:20:49,SEA
18318,sleeper.com,Week 12,Jalen,Nailor,WR,4.7,2025-11-20 17:45:26,2025-11-20 17:59:20,MIN
18319,sleeper.com,Week 12,Cole,Kmet,TE,4.7,2025-11-20 17:45:26,2025-11-20 17:59:20,CHI
18320,sleeper.com,Week 12,David,Sills,WR,4.7,2025-11-20 17:45:26,2025-11-20 17:59:20,ATL
18695,espn.com,Week 12,Tanner,Hudson,TE,4.7,2025-11-20 17:46:24,2025-11-20 18:00:16,CIN
18754,espn.com,Week 12,Bears D/ST,Defense,DST,4.7,2025-11-20 17:46:24,2025-11-20 18:02:59,CHI
20246,fantasypros.com,Week 12,Elijah,Arroyo,TE,4.7,2025-11-20 18:01:42,2025-11-20 18:01:42,SEA
24262,sleeper.com,Week 13,Joshua,Palmer,WR,4.7,2025-11-26 18:35:52,2025-11-26 18:35:52,BUF
24729,espn.com,Week 13,Cardinals D/ST,Defense,DST,4.7,2025-11-26 18:36:55,2025-11-26 18:36:55,ARI
24730,espn.com,Week 13,Steelers D/ST,Defense,DST,4.7,2025-11-26 18:36:55,2025-11-26 18:36:55,PIT
24868,fantasypros.com,Week 13,Xavier,Worthy,WR,4.7,2025-11-26 18:38:08,2025-11-26 18:38:08,KC
24997,fantasypros.com,Week 13,Darnell,Washington,TE,4.7,2025-11-26 18:38:08,2025-11-26 18:38:08,PIT
25868,sleeper.com,Week 14,Greg,Dortch,WR,4.7,2025-12-03 01:52:43,2025-12-03 01:52:43,ARI
26237,fantasypros.com,Week 14,Las Vegas Raiders,Defense,DST,4.7,2025-12-03 01:54:53,2025-12-03 03:06:17,LV
27075,fantasypros.com,Week 14,Brashard,Smith,RB,4.7,2025-12-03 02:17:53,2025-12-03 03:06:17,KC
27186,fantasypros.com,Week 14,Tyquan,Thornton,WR,4.7,2025-12-03 02:17:53,2025-12-03 03:06:17,KC
27251,fantasypros.com,Week 14,Pat,Freiermuth,TE,4.7,2025-12-03 02:17:53,2025-12-03 03:06:17,PIT
27252,fantasypros.com,Week 14,Dalton,Kincaid,TE,4.7,2025-12-03 02:17:53,2025-12-03 03:06:17,BUF
29742,espn.com,Week 14,Chiefs,Defense,DST,4.7,2025-12-03 05:22:56,2025-12-03 05:22:56,KC
29743,espn.com,Week 14,Steelers,Defense,DST,4.7,2025-12-03 05:22:56,2025-12-03 05:22:56,PIT
14901,fanduel.com,Week 10,Zonovan,Knight,RB,4.69,2025-11-07 00:48:09,2025-11-07 00:48:09,ARI
14902,fanduel.com,Week 10,Trey,Benson,RB,4.69,2025-11-07 00:48:09,2025-11-07 00:48:09,ARI
26423,fanduel.com,Week 14,Rachaad,White,RB,4.69,2025-12-03 01:55:37,2025-12-03 03:57:34,TB
14903,fanduel.com,Week 10,Cole,Kmet,TE,4.67,2025-11-07 00:48:09,2025-11-07 00:48:09,CHI
14904,fanduel.com,Week 10,Ricky,Pearsall,WR,4.66,2025-11-07 00:48:09,2025-11-07 00:48:09,SF
17799,fanduel.com,Week 11,Robbie,Chosen,WR,4.66,2025-11-13 05:21:22,2025-11-13 05:26:13,WAS
18958,fanduel.com,Week 12,Jerome,Ford,RB,4.66,2025-11-20 17:52:44,2025-11-20 18:02:18,CLE
25313,fanduel.com,Week 13,Roman,Wilson,WR,4.66,2025-11-26 18:38:36,2025-11-26 18:38:36,PIT
26424,fanduel.com,Week 14,Tyler,Lockett,WR,4.66,2025-12-03 01:55:37,2025-12-03 03:57:34,LV
14905,fanduel.com,Week 10,Chuba,Hubbard,RB,4.65,2025-11-07 00:48:09,2025-11-07 00:48:09,CAR
17800,fanduel.com,Week 11,Cedric,Tillman,WR,4.65,2025-11-13 05:21:22,2025-11-13 05:21:22,CLE
14906,fanduel.com,Week 10,Chris,Rodriguez Jr.,RB,4.64,2025-11-07 00:48:09,2025-11-07 00:51:07,WAS
25314,fanduel.com,Week 13,Jeremy,McNichols,RB,4.64,2025-11-26 18:38:36,2025-11-26 18:38:36,WAS
14907,fanduel.com,Week 10,Kimani,Vidal,RB,4.63,2025-11-07 00:48:09,2025-11-07 00:48:09,LAC
18959,fanduel.com,Week 12,Terrance,Ferguson,TE,4.62,2025-11-20 17:52:44,2025-11-20 18:02:59,LAR
25315,fanduel.com,Week 13,Jordan,Whittington,WR,4.61,2025-11-26 18:38:36,2025-11-26 18:38:36,LAR
15405,sleeper.com,Week 10,Roman,Wilson,WR,4.6,2025-11-07 00:48:26,2025-11-07 00:48:26,PIT
15406,sleeper.com,Week 10,Jordan,Whittington,WR,4.6,2025-11-07 00:48:26,2025-11-07 00:48:26,LAR
15692,espn.com,Week 10,Jaret,Patterson,RB,4.6,2025-11-07 00:49:32,2025-11-07 00:49:32,LAC
15836,espn.com,Week 10,Patriots D/ST,Defense,DST,4.6,2025-11-07 00:49:32,2025-11-07 00:51:07,NE
15837,espn.com,Week 10,Colts D/ST,Defense,DST,4.6,2025-11-07 00:49:32,2025-11-07 00:51:07,IND
16624,sleeper.com,Week 11,Robbie,Chosen,WR,4.6,2025-11-13 05:18:19,2025-11-13 05:18:19,WAS
16625,sleeper.com,Week 11,Isaiah,Williams,WR,4.6,2025-11-13 05:18:19,2025-11-13 05:18:19,NYJ
16626,sleeper.com,Week 11,Luther,Burden,WR,4.6,2025-11-13 05:18:19,2025-11-13 05:18:19,CHI
16627,sleeper.com,Week 11,Darnell,Washington,TE,4.6,2025-11-13 05:18:19,2025-11-13 05:18:19,PIT
16628,sleeper.com,Week 11,Elijah,Arroyo,TE,4.6,2025-11-13 05:18:19,2025-11-13 05:18:19,SEA
17023,espn.com,Week 11,Darnell,Washington,TE,4.6,2025-11-13 05:19:16,2025-11-13 05:19:16,PIT
17085,espn.com,Week 11,Browns D/ST,Defense,DST,4.6,2025-11-13 05:19:16,2025-11-13 05:26:13,CLE
18321,sleeper.com,Week 12,Jerome,Ford,RB,4.6,2025-11-20 17:45:26,2025-11-20 17:59:20,CLE
18960,fanduel.com,Week 12,Foster,Moreau,TE,4.6,2025-11-20 17:52:44,2025-11-20 18:02:18,NO
20155,fantasypros.com,Week 12,Tyquan,Thornton,WR,4.6,2025-11-20 18:01:42,2025-11-20 18:01:42,KC
20156,fantasypros.com,Week 12,KhaDarel,Hodge,WR,4.6,2025-11-20 18:01:42,2025-11-20 18:01:42,ATL
20157,fantasypros.com,Week 12,Jahan,Dotson,WR,4.6,2025-11-20 18:01:42,2025-11-20 18:01:42,PHI
20158,fantasypros.com,Week 12,Jack,Bech,WR,4.6,2025-11-20 18:01:42,2025-11-20 18:01:42,LV
20310,fantasypros.com,Week 12,Matt,Gay,K,4.6,2025-11-20 18:01:42,2025-11-20 18:01:42,SF
24263,sleeper.com,Week 13,Keaton,Mitchell,RB,4.6,2025-11-26 18:35:52,2025-11-26 18:35:52,BAL
24264,sleeper.com,Week 13,JuJu,Smith-Schuster,WR,4.6,2025-11-26 18:35:52,2025-11-26 18:35:52,KC
24265,sleeper.com,Week 13,Matthew,Golden,WR,4.6,2025-11-26 18:35:52,2025-11-26 18:35:52,GB
25066,fantasypros.com,Week 13,Daniel,Carlson,K,4.6,2025-11-26 18:38:08,2025-11-26 18:38:08,LV
25869,sleeper.com,Week 14,Marvin,Mims,WR,4.6,2025-12-03 01:52:43,2025-12-03 01:52:43,DEN
25870,sleeper.com,Week 14,Jonnu,Smith,TE,4.6,2025-12-03 01:52:43,2025-12-03 01:52:43,PIT
26210,fantasypros.com,Week 14,Daniel,Carlson,K,4.6,2025-12-03 01:54:53,2025-12-03 02:17:53,LV
27076,fantasypros.com,Week 14,Ray,Davis,RB,4.6,2025-12-03 02:17:53,2025-12-03 03:06:17,BUF
27187,fantasypros.com,Week 14,Tyrell,Shavers,WR,4.6,2025-12-03 02:17:53,2025-12-03 03:06:17,BUF
27253,fantasypros.com,Week 14,Noah,Fant,TE,4.6,2025-12-03 02:17:53,2025-12-03 03:06:17,CIN
25316,fanduel.com,Week 13,Malik,Davis,RB,4.59,2025-11-26 18:38:36,2025-11-26 18:38:36,DAL
25317,fanduel.com,Week 13,Foster,Moreau,TE,4.59,2025-11-26 18:38:36,2025-11-26 18:38:36,NO
25318,fanduel.com,Week 13,Nick,Westbrook-Ikhine,WR,4.59,2025-11-26 18:38:36,2025-11-26 18:38:36,MIA
14908,fanduel.com,Week 10,Dawson,Knox,TE,4.58,2025-11-07 00:48:09,2025-11-07 00:48:09,BUF
26425,fanduel.com,Week 14,Tyler,Allgeier,RB,4.57,2025-12-03 01:55:37,2025-12-03 03:57:34,ATL
18961,fanduel.com,Week 12,AJ,Barner,TE,4.53,2025-11-20 17:52:44,2025-11-20 18:02:18,SEA
17801,fanduel.com,Week 11,Jalen,Tolbert,WR,4.52,2025-11-13 05:21:22,2025-11-13 05:21:22,DAL
17802,fanduel.com,Week 11,KaVontae,Turpin,WR,4.52,2025-11-13 05:21:22,2025-11-13 05:21:22,DAL
14909,fanduel.com,Week 10,Tez,Johnson,WR,4.51,2025-11-07 00:48:09,2025-11-07 00:48:09,TB
15407,sleeper.com,Week 10,Dawson,Knox,TE,4.5,2025-11-07 00:48:26,2025-11-07 00:48:26,BUF
15408,sleeper.com,Week 10,Jalen,Nailor,WR,4.5,2025-11-07 00:48:26,2025-11-07 00:48:26,MIN
15693,espn.com,Week 10,Bhayshul,Tuten,RB,4.5,2025-11-07 00:49:32,2025-11-07 00:49:32,JAX
16081,fantasypros.com,Week 10,Tyler,Lockett,WR,4.5,2025-11-07 00:50:27,2025-11-07 00:50:27,LV
16082,fantasypros.com,Week 10,Jahan,Dotson,WR,4.5,2025-11-07 00:50:27,2025-11-07 00:50:27,PHI
16233,fantasypros.com,Week 10,San Francisco 49ers,Defense,DST,4.5,2025-11-07 00:50:27,2025-11-07 00:50:27,SF
16629,sleeper.com,Week 11,Curtis,Samuel,WR,4.5,2025-11-13 05:18:19,2025-11-13 05:18:19,BUF
16630,sleeper.com,Week 11,Rashod,Bateman,WR,4.5,2025-11-13 05:18:19,2025-11-13 05:18:19,BAL
16631,sleeper.com,Week 11,Kendrick,Bourne,WR,4.5,2025-11-13 05:18:19,2025-11-13 05:18:19,SF
17139,fantasypros.com,Week 11,Malik,Willis,QB,4.5,2025-11-13 05:20:49,2025-11-13 05:20:49,GB
17416,fantasypros.com,Week 11,Cleveland Browns,Defense,DST,4.5,2025-11-13 05:20:49,2025-11-13 05:20:49,CLE
18322,sleeper.com,Week 12,Rachaad,White,RB,4.5,2025-11-20 17:45:26,2025-11-20 17:59:20,TB
18609,espn.com,Week 12,Justice,Hill,RB,4.5,2025-11-20 17:46:24,2025-11-20 18:00:16,BAL
20336,fantasypros.com,Week 12,Indianapolis Colts,Defense,DST,4.5,2025-11-20 18:01:42,2025-11-20 18:01:42,IND
24266,sleeper.com,Week 13,Dontayvion,Wicks,WR,4.5,2025-11-26 18:35:52,2025-11-26 18:35:52,GB
24267,sleeper.com,Week 13,Marvin,Mims,WR,4.5,2025-11-26 18:35:52,2025-11-26 18:35:52,DEN
24268,sleeper.com,Week 13,Raheem,Mostert,RB,4.5,2025-11-26 18:35:52,2025-11-26 18:35:52,LV
24269,sleeper.com,Week 13,Sterling,Shepard,WR,4.5,2025-11-26 18:35:52,2025-11-26 18:35:52,TB
24783,fantasypros.com,Week 13,Malik,Willis,QB,4.5,2025-11-26 18:38:08,2025-11-26 18:38:08,GB
25094,fantasypros.com,Week 13,New York Jets,Defense,DST,4.5,2025-11-26 18:38:08,2025-11-26 18:38:08,NYJ
25871,sleeper.com,Week 14,Keaton,Mitchell,RB,4.5,2025-12-03 01:52:43,2025-12-03 01:52:43,BAL
27077,fantasypros.com,Week 14,Nick,Chubb,RB,4.5,2025-12-03 02:17:53,2025-12-03 03:06:17,HOU
27188,fantasypros.com,Week 14,Roman,Wilson,WR,4.5,2025-12-03 02:17:53,2025-12-03 03:06:17,PIT
29675,espn.com,Week 14,Pat,Freiermuth,TE,4.5,2025-12-03 05:22:56,2025-12-03 05:22:56,PIT
29676,espn.com,Week 14,Cade,Stover,TE,4.5,2025-12-03 05:22:56,2025-12-03 05:22:56,HOU
25319,fanduel.com,Week 13,David,Njoku,TE,4.49,2025-11-26 18:38:36,2025-11-26 18:38:36,CLE
26426,fanduel.com,Week 14,Michael,Mayer,TE,4.49,2025-12-03 01:55:37,2025-12-03 03:57:34,LV
14910,fanduel.com,Week 10,Isaiah,Davis,RB,4.47,2025-11-07 00:48:09,2025-11-07 00:48:09,NYJ
17803,fanduel.com,Week 11,Dont'e,Thornton Jr.,WR,4.47,2025-11-13 05:21:22,2025-11-13 05:21:22,LV
26427,fanduel.com,Week 14,Jerome,Ford,RB,4.46,2025-12-03 01:55:37,2025-12-03 03:57:34,CLE
25320,fanduel.com,Week 13,Devaughn,Vele,WR,4.43,2025-11-26 18:38:36,2025-11-26 18:38:36,NO
18962,fanduel.com,Week 12,Tyrell,Shavers,WR,4.42,2025-11-20 17:52:44,2025-11-20 18:02:18,BUF
18963,fanduel.com,Week 12,Isaiah,Williams,WR,4.42,2025-11-20 17:52:44,2025-11-20 18:02:18,NYJ
18964,fanduel.com,Week 12,Colby,Parkinson,TE,4.42,2025-11-20 17:52:44,2025-11-20 18:02:59,LAR
25321,fanduel.com,Week 13,Terrance,Ferguson,TE,4.42,2025-11-26 18:38:36,2025-11-26 18:38:36,LAR
17804,fanduel.com,Week 11,Cole,Kmet,TE,4.41,2025-11-13 05:21:22,2025-11-13 05:21:22,CHI
25322,fanduel.com,Week 13,Ty,Johnson,RB,4.41,2025-11-26 18:38:36,2025-11-26 18:38:36,BUF
15409,sleeper.com,Week 10,DeAndre,Hopkins,WR,4.4,2025-11-07 00:48:26,2025-11-07 00:48:26,BAL
15775,espn.com,Week 10,Taysom,Hill,TE,4.4,2025-11-07 00:49:32,2025-11-07 00:49:32,NO
15949,fantasypros.com,Week 10,Tank,Bigsby,RB,4.4,2025-11-07 00:50:27,2025-11-07 00:50:27,PHI
15950,fantasypros.com,Week 10,Sean,Tucker,RB,4.4,2025-11-07 00:50:27,2025-11-07 00:50:27,TB
16083,fantasypros.com,Week 10,Devaughn,Vele,WR,4.4,2025-11-07 00:50:27,2025-11-07 00:50:27,NO
16632,sleeper.com,Week 11,Jordan,Whittington,WR,4.4,2025-11-13 05:18:19,2025-11-13 05:18:19,LAR
17024,espn.com,Week 11,Julian,Hill,TE,4.4,2025-11-13 05:19:16,2025-11-13 05:19:16,MIA
17086,espn.com,Week 11,Titans D/ST,Defense,DST,4.4,2025-11-13 05:19:16,2025-11-13 05:26:13,TEN
17087,espn.com,Week 11,Bills D/ST,Defense,DST,4.4,2025-11-13 05:19:16,2025-11-13 05:26:13,BUF
17202,fantasypros.com,Week 11,Kenneth,Gainwell,RB,4.4,2025-11-13 05:20:49,2025-11-13 05:20:49,PIT
17334,fantasypros.com,Week 11,Ja'Tavion,Sanders,TE,4.4,2025-11-13 05:20:49,2025-11-13 05:20:49,CAR
18323,sleeper.com,Week 12,Nick,Chubb,RB,4.4,2025-11-20 17:45:26,2025-11-20 17:59:20,HOU
18324,sleeper.com,Week 12,JuJu,Smith-Schuster,WR,4.4,2025-11-20 17:45:26,2025-11-20 17:59:20,KC
18325,sleeper.com,Week 12,Jackson,Hawes,TE,4.4,2025-11-20 17:45:26,2025-11-20 17:59:20,BUF
18696,espn.com,Week 12,Cole,Kmet,TE,4.4,2025-11-20 17:46:24,2025-11-20 18:00:16,CHI
20015,fantasypros.com,Week 12,Isaiah,Davis,RB,4.4,2025-11-20 18:01:42,2025-11-20 18:01:42,NYJ
20016,fantasypros.com,Week 12,Ty,Johnson,RB,4.4,2025-11-20 18:01:42,2025-11-20 18:01:42,BUF
20311,fantasypros.com,Week 12,Matthew,Wright,K,4.4,2025-11-20 18:01:42,2025-11-20 18:01:42,FA
24270,sleeper.com,Week 13,Tutu,Atwell,WR,4.4,2025-11-26 18:35:52,2025-11-26 18:35:52,LAR
24667,espn.com,Week 13,Davis,Allen,TE,4.4,2025-11-26 18:36:55,2025-11-26 18:36:55,LAR
24869,fantasypros.com,Week 13,Ricky,Pearsall,WR,4.4,2025-11-26 18:38:08,2025-11-26 18:38:08,SF
24998,fantasypros.com,Week 13,Colby,Parkinson,TE,4.4,2025-11-26 18:38:08,2025-11-26 18:38:08,LAR
25067,fantasypros.com,Week 13,Ryan,Fitzgerald,K,4.4,2025-11-26 18:38:08,2025-11-26 18:38:08,CAR
26238,fantasypros.com,Week 14,Cincinnati Bengals,Defense,DST,4.4,2025-12-03 01:54:53,2025-12-03 03:06:17,CIN
17805,fanduel.com,Week 11,Brian,Robinson,RB,4.38,2025-11-13 05:21:22,2025-11-13 05:21:22,SF
18965,fanduel.com,Week 12,Tyler,Johnson,WR,4.38,2025-11-20 17:52:44,2025-11-20 18:02:18,NYJ
18966,fanduel.com,Week 12,Cole,Kmet,TE,4.37,2025-11-20 17:52:44,2025-11-20 18:02:18,CHI
26429,fanduel.com,Week 14,Jordan,Whittington,WR,4.33,2025-12-03 01:55:37,2025-12-03 03:57:34,LAR
18967,fanduel.com,Week 12,Taysom,Hill,TE,4.32,2025-11-20 17:52:44,2025-11-20 18:02:18,NO
14911,fanduel.com,Week 10,Luther,Burden III,WR,4.31,2025-11-07 00:48:09,2025-11-07 00:48:09,CHI
17806,fanduel.com,Week 11,D.J.,Moore,WR,4.31,2025-11-13 05:21:22,2025-11-13 05:21:22,CHI
15838,espn.com,Week 10,Cardinals D/ST,Defense,DST,4.3,2025-11-07 00:49:32,2025-11-07 00:51:07,ARI
15951,fantasypros.com,Week 10,Jaret,Patterson,RB,4.3,2025-11-07 00:50:27,2025-11-07 00:50:27,LAC
16084,fantasypros.com,Week 10,Kyle,Williams,WR,4.3,2025-11-07 00:50:27,2025-11-07 00:50:27,NE
16633,sleeper.com,Week 11,Jack,Bech,WR,4.3,2025-11-13 05:18:19,2025-11-13 05:18:19,LV
18326,sleeper.com,Week 12,Justice,Hill,RB,4.3,2025-11-20 17:45:26,2025-11-20 17:59:20,BAL
18327,sleeper.com,Week 12,Xavier,Weaver,WR,4.3,2025-11-20 17:45:26,2025-11-20 17:59:20,ARI
18328,sleeper.com,Week 12,Brashard,Smith,RB,4.3,2025-11-20 17:45:26,2025-11-20 17:59:20,KC
18329,sleeper.com,Week 12,Daniel,Bellinger,TE,4.3,2025-11-20 17:45:26,2025-11-20 17:59:20,NYG
18330,sleeper.com,Week 12,Michael,Mayer,TE,4.3,2025-11-20 17:45:26,2025-11-20 17:59:20,LV
18755,espn.com,Week 12,Eagles D/ST,Defense,DST,4.3,2025-11-20 17:46:24,2025-11-20 18:02:59,PHI
20017,fantasypros.com,Week 12,Dylan,Sampson,RB,4.3,2025-11-20 18:01:42,2025-11-20 18:01:42,CLE
20247,fantasypros.com,Week 12,Gunnar,Helm,TE,4.3,2025-11-20 18:01:42,2025-11-20 18:01:42,TEN
20248,fantasypros.com,Week 12,Elijah,Higgins,TE,4.3,2025-11-20 18:01:42,2025-11-20 18:01:42,ARI
24271,sleeper.com,Week 13,Dawson,Knox,TE,4.3,2025-11-26 18:35:52,2025-11-26 18:35:52,BUF
24272,sleeper.com,Week 13,Jerome,Ford,RB,4.3,2025-11-26 18:35:52,2025-11-26 18:35:52,CLE
24273,sleeper.com,Week 13,DeAndre,Hopkins,WR,4.3,2025-11-26 18:35:52,2025-11-26 18:35:52,BAL
24731,espn.com,Week 13,Lions D/ST,Defense,DST,4.3,2025-11-26 18:36:55,2025-11-26 18:36:55,DET
25323,fanduel.com,Week 13,Ryan,Flournoy,WR,4.3,2025-11-26 18:38:36,2025-11-26 18:38:36,DAL
25324,fanduel.com,Week 13,Dylan,Sampson,RB,4.3,2025-11-26 18:38:36,2025-11-26 18:38:36,CLE
25872,sleeper.com,Week 14,Joshua,Palmer,WR,4.3,2025-12-03 01:52:43,2025-12-03 01:52:43,BUF
27189,fantasypros.com,Week 14,Tee,Higgins,WR,4.3,2025-12-03 02:17:53,2025-12-03 03:06:17,CIN
27190,fantasypros.com,Week 14,Joshua,Palmer,WR,4.3,2025-12-03 02:17:53,2025-12-03 03:06:17,BUF
29677,espn.com,Week 14,David,Njoku,TE,4.3,2025-12-03 05:22:56,2025-12-03 05:22:56,CLE
29744,espn.com,Week 14,Saints,Defense,DST,4.3,2025-12-03 05:22:56,2025-12-03 05:22:56,NO
29745,espn.com,Week 14,Jaguars,Defense,DST,4.3,2025-12-03 05:22:56,2025-12-03 05:22:56,JAX
14912,fanduel.com,Week 10,Tory,Horton,WR,4.28,2025-11-07 00:48:09,2025-11-07 00:48:09,SEA
18968,fanduel.com,Week 12,Dyami,Brown,WR,4.28,2025-11-20 17:52:44,2025-11-20 18:02:59,JAX
17807,fanduel.com,Week 11,Tyler,Johnson,WR,4.26,2025-11-13 05:21:22,2025-11-13 05:21:22,NYJ
26430,fanduel.com,Week 14,Elijah,Arroyo,TE,4.25,2025-12-03 01:55:37,2025-12-03 03:57:34,SEA
17808,fanduel.com,Week 11,Isaiah,Williams,WR,4.23,2025-11-13 05:21:22,2025-11-13 05:21:22,NYJ
25325,fanduel.com,Week 13,Elic,Ayomanor,WR,4.21,2025-11-26 18:38:36,2025-11-26 18:38:36,TEN
15410,sleeper.com,Week 10,Tyler,Badie,RB,4.2,2025-11-07 00:48:26,2025-11-07 00:48:26,DEN
15411,sleeper.com,Week 10,Ray-Ray,McCloud,WR,4.2,2025-11-07 00:48:26,2025-11-07 00:48:26,NYG
15776,espn.com,Week 10,Daniel,Bellinger,TE,4.2,2025-11-07 00:49:32,2025-11-07 00:49:32,NYG
15952,fantasypros.com,Week 10,Keaton,Mitchell,RB,4.2,2025-11-07 00:50:27,2025-11-07 00:50:27,BAL
16085,fantasypros.com,Week 10,Curtis,Samuel,WR,4.2,2025-11-07 00:50:27,2025-11-07 00:50:27,BUF
16086,fantasypros.com,Week 10,Isaiah,Bond,WR,4.2,2025-11-07 00:50:27,2025-11-07 00:50:27,CLE
16234,fantasypros.com,Week 10,Arizona Cardinals,Defense,DST,4.2,2025-11-07 00:50:27,2025-11-07 00:50:27,ARI
17417,fantasypros.com,Week 11,Philadelphia Eagles,Defense,DST,4.2,2025-11-13 05:20:49,2025-11-13 05:20:49,PHI
17594,firstdown.studio,Week 11,Brian,Robinson,RB,4.2,2025-11-13 05:21:09,2025-11-13 05:21:09,SF
18331,sleeper.com,Week 12,Jahan,Dotson,WR,4.2,2025-11-20 17:45:26,2025-11-20 17:59:20,PHI
18332,sleeper.com,Week 12,Terrance,Ferguson,TE,4.2,2025-11-20 17:45:26,2025-11-20 17:59:20,LAR
18333,sleeper.com,Week 12,Elijah,Arroyo,TE,4.2,2025-11-20 17:45:26,2025-11-20 17:59:20,SEA
18334,sleeper.com,Week 12,DeAndre,Hopkins,WR,4.2,2025-11-20 17:45:26,2025-11-20 17:59:20,BAL
18610,espn.com,Week 12,Devin,Neal,RB,4.2,2025-11-20 17:46:24,2025-11-20 18:00:16,NO
18756,espn.com,Week 12,Cowboys D/ST,Defense,DST,4.2,2025-11-20 17:46:24,2025-11-20 18:02:59,DAL
18757,espn.com,Week 12,Steelers D/ST,Defense,DST,4.2,2025-11-20 17:46:24,2025-11-20 18:02:59,PIT
20312,fantasypros.com,Week 12,Andre,Szmyt,K,4.2,2025-11-20 18:01:42,2025-11-20 18:01:42,CLE
20337,fantasypros.com,Week 12,Tennessee Titans,Defense,DST,4.2,2025-11-20 18:01:42,2025-11-20 18:01:42,TEN
24274,sleeper.com,Week 13,Justice,Hill,RB,4.2,2025-11-26 18:35:52,2025-11-26 18:35:52,BAL
24732,espn.com,Week 13,Eagles D/ST,Defense,DST,4.2,2025-11-26 18:36:55,2025-11-26 18:36:55,PHI
25068,fantasypros.com,Week 13,Blake,Grupe,K,4.2,2025-11-26 18:38:08,2025-11-26 18:38:08,FA
25095,fantasypros.com,Week 13,Las Vegas Raiders,Defense,DST,4.2,2025-11-26 18:38:08,2025-11-26 18:38:08,LV
25873,sleeper.com,Week 14,Isiah,Pacheco,RB,4.2,2025-12-03 01:52:43,2025-12-03 01:52:43,KC
25874,sleeper.com,Week 14,KaVontae,Turpin,WR,4.2,2025-12-03 01:52:43,2025-12-03 01:52:43,DAL
27191,fantasypros.com,Week 14,Jalen,Nailor,WR,4.2,2025-12-03 02:17:53,2025-12-03 03:06:17,MIN
27254,fantasypros.com,Week 14,Jonnu,Smith,TE,4.2,2025-12-03 02:17:53,2025-12-03 03:06:17,PIT
18969,fanduel.com,Week 12,Kyle,Williams,WR,4.19,2025-11-20 17:52:44,2025-11-20 18:02:18,NE
26432,fanduel.com,Week 14,Cole,Kmet,TE,4.19,2025-12-03 01:55:37,2025-12-03 03:57:34,CHI
25326,fanduel.com,Week 13,Demarcus,Robinson,WR,4.18,2025-11-26 18:38:36,2025-11-26 18:38:36,SF
25327,fanduel.com,Week 13,Matthew,Golden,WR,4.15,2025-11-26 18:38:36,2025-11-26 18:38:36,GB
25328,fanduel.com,Week 13,Samaje,Perine,RB,4.15,2025-11-26 18:38:36,2025-11-26 18:38:36,CIN
25329,fanduel.com,Week 13,Robbie,Chosen,WR,4.14,2025-11-26 18:38:36,2025-11-26 18:38:36,WAS
17809,fanduel.com,Week 11,Isaiah,Davis,RB,4.13,2025-11-13 05:21:22,2025-11-13 05:21:22,NYJ
25330,fanduel.com,Week 13,DeAndre,Hopkins,WR,4.13,2025-11-26 18:38:36,2025-11-26 18:38:36,BAL
14913,fanduel.com,Week 10,Austin,Hooper,TE,4.12,2025-11-07 00:48:09,2025-11-07 00:48:09,NE
14914,fanduel.com,Week 10,Terrance,Ferguson,TE,4.1,2025-11-07 00:48:09,2025-11-07 00:51:07,LAR
15412,sleeper.com,Week 10,Tyler,Higbee,TE,4.1,2025-11-07 00:48:26,2025-11-07 00:48:26,LAR
15413,sleeper.com,Week 10,Darnell,Washington,TE,4.1,2025-11-07 00:48:26,2025-11-07 00:48:26,PIT
15414,sleeper.com,Week 10,Chris,Rodriguez,RB,4.1,2025-11-07 00:48:26,2025-11-07 00:48:26,WAS
15415,sleeper.com,Week 10,Tyler,Lockett,WR,4.1,2025-11-07 00:48:26,2025-11-07 00:48:26,LV
15416,sleeper.com,Week 10,Pat,Bryant,WR,4.1,2025-11-07 00:48:26,2025-11-07 00:48:26,DEN
15839,espn.com,Week 10,Bears D/ST,Defense,DST,4.1,2025-11-07 00:49:32,2025-11-07 00:51:07,CHI
16087,fantasypros.com,Week 10,Treylon,Burks,WR,4.1,2025-11-07 00:50:27,2025-11-07 00:50:27,WAS
16088,fantasypros.com,Week 10,Kalif,Raymond,WR,4.1,2025-11-07 00:50:27,2025-11-07 00:50:27,DET
16089,fantasypros.com,Week 10,Greg,Dortch,WR,4.1,2025-11-07 00:50:27,2025-11-07 00:50:27,ARI
16090,fantasypros.com,Week 10,Demarcus,Robinson,WR,4.1,2025-11-07 00:50:27,2025-11-07 00:50:27,SF
16395,firstdown.studio,Week 10,Chris,Rodriguez,RB,4.1,2025-11-07 00:50:48,2025-11-07 00:50:48,WAS
16396,firstdown.studio,Week 10,Tyler,Allgeier,RB,4.1,2025-11-07 00:50:48,2025-11-07 00:50:48,ATL
16634,sleeper.com,Week 11,Dont'e,Thornton,WR,4.1,2025-11-13 05:18:19,2025-11-13 05:18:19,LV
17088,espn.com,Week 11,Raiders D/ST,Defense,DST,4.1,2025-11-13 05:19:16,2025-11-13 05:26:13,LV
17335,fantasypros.com,Week 11,Darnell,Washington,TE,4.1,2025-11-13 05:20:49,2025-11-13 05:20:49,PIT
20018,fantasypros.com,Week 12,Devin,Neal,RB,4.1,2025-11-20 18:01:42,2025-11-20 18:01:42,NO
20019,fantasypros.com,Week 12,Tank,Bigsby,RB,4.1,2025-11-20 18:01:42,2025-11-20 18:01:42,PHI
20159,fantasypros.com,Week 12,Isaiah,Bond,WR,4.1,2025-11-20 18:01:42,2025-11-20 18:01:42,CLE
20160,fantasypros.com,Week 12,Jordan,Whittington,WR,4.1,2025-11-20 18:01:42,2025-11-20 18:01:42,LAR
24275,sleeper.com,Week 13,Daniel,Bellinger,TE,4.1,2025-11-26 18:35:52,2025-11-26 18:35:52,NYG
24668,espn.com,Week 13,Cole,Kmet,TE,4.1,2025-11-26 18:36:55,2025-11-26 18:36:55,CHI
24999,fantasypros.com,Week 13,Pat,Freiermuth,TE,4.1,2025-11-26 18:38:08,2025-11-26 18:38:08,PIT
25331,fanduel.com,Week 13,Mason,Tipton,WR,4.1,2025-11-26 18:38:36,2025-11-26 18:38:36,NO
25332,fanduel.com,Week 13,Tyrell,Shavers,WR,4.1,2025-11-26 18:38:36,2025-11-26 18:38:36,BUF
25875,sleeper.com,Week 14,Mason,Tipton,WR,4.1,2025-12-03 01:52:43,2025-12-03 01:52:43,NO
26434,fanduel.com,Week 14,Quintin,Morris,TE,4.1,2025-12-03 01:55:37,2025-12-03 03:57:34,JAX
27192,fantasypros.com,Week 14,Tre,Harris,WR,4.1,2025-12-03 02:17:53,2025-12-03 03:06:17,LAC
29746,espn.com,Week 14,Falcons,Defense,DST,4.1,2025-12-03 05:22:56,2025-12-03 05:22:56,ATL
18970,fanduel.com,Week 12,Tank,Bigsby,RB,4.07,2025-11-20 17:52:44,2025-11-20 18:02:18,PHI
18971,fanduel.com,Week 12,Jordan,Whittington,WR,4.06,2025-11-20 17:52:44,2025-11-20 18:02:59,LAR
25333,fanduel.com,Week 13,Trey,Benson,RB,4.06,2025-11-26 18:38:36,2025-11-26 18:38:36,ARI
26399,fanduel.com,Week 14,Isaiah,Bond,WR,4.06,2025-12-03 01:55:37,2025-12-03 03:57:34,CLE
25334,fanduel.com,Week 13,Ollie,Gordon II,RB,4.05,2025-11-26 18:38:36,2025-11-26 18:38:36,MIA
14915,fanduel.com,Week 10,Jeremy,McNichols,RB,4.04,2025-11-07 00:48:09,2025-11-07 00:51:07,WAS
14916,fanduel.com,Week 10,Brian,Robinson,RB,4.03,2025-11-07 00:48:09,2025-11-07 00:48:09,SF
26435,fanduel.com,Week 14,Tim,Patrick,WR,4.02,2025-12-03 01:55:37,2025-12-03 03:57:34,JAX
17810,fanduel.com,Week 11,Tyler,Lockett,WR,4.01,2025-11-13 05:21:22,2025-11-13 05:21:22,LV
15417,sleeper.com,Week 10,Dylan,Sampson,RB,4.0,2025-11-07 00:48:26,2025-11-07 00:48:26,CLE
16235,fantasypros.com,Week 10,Minnesota Vikings,Defense,DST,4.0,2025-11-07 00:50:27,2025-11-07 00:50:27,MIN
16635,sleeper.com,Week 11,Brashard,Smith,RB,4.0,2025-11-13 05:18:19,2025-11-13 05:18:19,KC
16636,sleeper.com,Week 11,Tyler,Higbee,TE,4.0,2025-11-13 05:18:19,2025-11-13 05:18:19,LAR
16637,sleeper.com,Week 11,JuJu,Smith-Schuster,WR,4.0,2025-11-13 05:18:19,2025-11-13 05:18:19,KC
16638,sleeper.com,Week 11,Raheem,Mostert,RB,4.0,2025-11-13 05:18:19,2025-11-13 05:18:19,LV
16639,sleeper.com,Week 11,Jackson,Hawes,TE,4.0,2025-11-13 05:18:19,2025-11-13 05:18:19,BUF
17025,espn.com,Week 11,Daniel,Bellinger,TE,4.0,2025-11-13 05:19:16,2025-11-13 05:19:16,NYG
17089,espn.com,Week 11,Eagles D/ST,Defense,DST,4.0,2025-11-13 05:19:16,2025-11-13 05:26:13,PHI
17140,fantasypros.com,Week 11,Tyson,Bagent,QB,4.0,2025-11-13 05:20:49,2025-11-13 05:20:49,CHI
17203,fantasypros.com,Week 11,Blake,Corum,RB,4.0,2025-11-13 05:20:49,2025-11-13 05:20:49,LAR
17418,fantasypros.com,Week 11,Washington Commanders,Defense,DST,4.0,2025-11-13 05:20:49,2025-11-13 05:20:49,WAS
18697,espn.com,Week 12,Luke,Musgrave,TE,4.0,2025-11-20 17:46:24,2025-11-20 18:00:16,GB
20020,fantasypros.com,Week 12,Jerome,Ford,RB,4.0,2025-11-20 18:01:42,2025-11-20 18:01:42,CLE
20161,fantasypros.com,Week 12,Kalif,Raymond,WR,4.0,2025-11-20 18:01:42,2025-11-20 18:01:42,DET
20162,fantasypros.com,Week 12,KaVontae,Turpin,WR,4.0,2025-11-20 18:01:42,2025-11-20 18:01:42,DAL
20163,fantasypros.com,Week 12,JuJu,Smith-Schuster,WR,4.0,2025-11-20 18:01:42,2025-11-20 18:01:42,KC
20249,fantasypros.com,Week 12,Cole,Kmet,TE,4.0,2025-11-20 18:01:42,2025-11-20 18:01:42,CHI
20313,fantasypros.com,Week 12,Brandon,McManus,K,4.0,2025-11-20 18:01:42,2025-11-20 18:01:42,GB
20338,fantasypros.com,Week 12,Carolina Panthers,Defense,DST,4.0,2025-11-20 18:01:42,2025-11-20 18:01:42,CAR
24276,sleeper.com,Week 13,Jahan,Dotson,WR,4.0,2025-11-26 18:35:52,2025-11-26 18:35:52,PHI
24277,sleeper.com,Week 13,Roman,Wilson,WR,4.0,2025-11-26 18:35:52,2025-11-26 18:35:52,PIT
24278,sleeper.com,Week 13,KaVontae,Turpin,WR,4.0,2025-11-26 18:35:52,2025-11-26 18:35:52,DAL
24669,espn.com,Week 13,Noah,Gray,TE,4.0,2025-11-26 18:36:55,2025-11-26 18:36:55,KC
24784,fantasypros.com,Week 13,Jayden,Daniels,QB,4.0,2025-11-26 18:38:08,2025-11-26 18:38:08,WAS
24870,fantasypros.com,Week 13,Romeo,Doubs,WR,4.0,2025-11-26 18:38:08,2025-11-26 18:38:08,GB
25069,fantasypros.com,Week 13,Cade,York,K,4.0,2025-11-26 18:38:08,2025-11-26 18:38:08,NO
25096,fantasypros.com,Week 13,Tennessee Titans,Defense,DST,4.0,2025-11-26 18:38:08,2025-11-26 18:38:08,TEN
25876,sleeper.com,Week 14,Ollie,Gordon,RB,4.0,2025-12-03 01:52:43,2025-12-03 01:52:43,MIA
25877,sleeper.com,Week 14,Luke,Musgrave,TE,4.0,2025-12-03 01:52:43,2025-12-03 01:52:43,GB
25878,sleeper.com,Week 14,Cole,Kmet,TE,4.0,2025-12-03 01:52:43,2025-12-03 01:52:43,CHI
25879,sleeper.com,Week 14,Sterling,Shepard,WR,4.0,2025-12-03 01:52:43,2025-12-03 01:52:43,TB
25880,sleeper.com,Week 14,DeAndre,Hopkins,WR,4.0,2025-12-03 01:52:43,2025-12-03 01:52:43,BAL
27193,fantasypros.com,Week 14,Isaiah,Bond,WR,4.0,2025-12-03 02:17:53,2025-12-03 03:06:17,CLE
25335,fanduel.com,Week 13,Noah,Fant,TE,3.99,2025-11-26 18:38:36,2025-11-26 18:38:36,CIN
17811,fanduel.com,Week 11,Keaton,Mitchell,RB,3.98,2025-11-13 05:21:22,2025-11-13 05:21:22,BAL
18972,fanduel.com,Week 12,Olamide,Zaccheaus,WR,3.98,2025-11-20 17:52:44,2025-11-20 18:02:18,CHI
14917,fanduel.com,Week 10,Isaiah,Williams,WR,3.97,2025-11-07 00:48:09,2025-11-07 00:48:09,NYJ
17812,fanduel.com,Week 11,Kyle,Williams,WR,3.96,2025-11-13 05:21:22,2025-11-13 05:21:22,NE
25336,fanduel.com,Week 13,Tyquan,Thornton,WR,3.96,2025-11-26 18:38:36,2025-11-26 18:38:36,KC
14918,fanduel.com,Week 10,Dyami,Brown,WR,3.95,2025-11-07 00:48:09,2025-11-07 00:51:07,JAX
25337,fanduel.com,Week 13,Justice,Hill,RB,3.92,2025-11-26 18:38:36,2025-11-26 18:38:36,BAL
25338,fanduel.com,Week 13,KaVontae,Turpin,WR,3.91,2025-11-26 18:38:36,2025-11-26 18:38:36,DAL
26436,fanduel.com,Week 14,Parker,Washington,WR,3.91,2025-12-03 01:55:37,2025-12-03 03:57:34,JAX
26437,fanduel.com,Week 14,Mitchell,Tinsley,WR,3.91,2025-12-03 01:55:37,2025-12-03 03:57:34,CIN
15418,sleeper.com,Week 10,Julian,Hill,TE,3.9,2025-11-07 00:48:26,2025-11-07 00:48:26,MIA
15840,espn.com,Week 10,Eagles D/ST,Defense,DST,3.9,2025-11-07 00:49:32,2025-11-07 00:51:07,PHI
16091,fantasypros.com,Week 10,Malik,Heath,WR,3.9,2025-11-07 00:50:27,2025-11-07 00:50:27,GB
16640,sleeper.com,Week 11,Tahj,Brooks,RB,3.9,2025-11-13 05:18:19,2025-11-13 05:18:19,CIN
17026,espn.com,Week 11,Gunnar,Helm,TE,3.9,2025-11-13 05:19:16,2025-11-13 05:19:16,TEN
17090,espn.com,Week 11,Seahawks D/ST,Defense,DST,3.9,2025-11-13 05:19:16,2025-11-13 05:26:13,SEA
18335,sleeper.com,Week 12,Jordan,Whittington,WR,3.9,2025-11-20 17:45:26,2025-11-20 17:59:20,LAR
18758,espn.com,Week 12,Colts D/ST,Defense,DST,3.9,2025-11-20 17:46:24,2025-11-20 18:02:59,IND
18759,espn.com,Week 12,Chiefs D/ST,Defense,DST,3.9,2025-11-20 17:46:24,2025-11-20 18:02:59,KC
24279,sleeper.com,Week 13,Cole,Kmet,TE,3.9,2025-11-26 18:35:52,2025-11-26 18:35:52,CHI
24733,espn.com,Week 13,Packers D/ST,Defense,DST,3.9,2025-11-26 18:36:55,2025-11-26 18:36:55,GB
24734,espn.com,Week 13,Vikings D/ST,Defense,DST,3.9,2025-11-26 18:36:55,2025-11-26 18:36:55,MIN
25881,sleeper.com,Week 14,JuJu,Smith-Schuster,WR,3.9,2025-12-03 01:52:43,2025-12-03 01:52:43,KC
25882,sleeper.com,Week 14,Ross,Dwelley,TE,3.9,2025-12-03 01:52:43,2025-12-03 01:52:43,DET
25883,sleeper.com,Week 14,Noah,Fant,TE,3.9,2025-12-03 01:52:43,2025-12-03 01:52:43,CIN
26438,fanduel.com,Week 14,Ollie,Gordon II,RB,3.88,2025-12-03 01:55:37,2025-12-03 03:57:34,MIA
14919,fanduel.com,Week 10,Johnny,Mundt,TE,3.86,2025-11-07 00:48:09,2025-11-07 00:51:07,JAX
25339,fanduel.com,Week 13,Daniel,Bellinger,TE,3.85,2025-11-26 18:38:36,2025-11-26 18:38:36,NYG
25340,fanduel.com,Week 13,Kyle,Williams,WR,3.84,2025-11-26 18:38:36,2025-11-26 18:38:36,NE
25341,fanduel.com,Week 13,Rashod,Bateman,WR,3.82,2025-11-26 18:38:36,2025-11-26 18:38:36,BAL
15419,sleeper.com,Week 10,Jahan,Dotson,WR,3.8,2025-11-07 00:48:26,2025-11-07 00:48:26,PHI
15777,espn.com,Week 10,Elijah,Arroyo,TE,3.8,2025-11-07 00:49:32,2025-11-07 00:49:32,SEA
15778,espn.com,Week 10,Johnny,Mundt,TE,3.8,2025-11-07 00:49:32,2025-11-07 00:49:32,JAX
15953,fantasypros.com,Week 10,Chris,Rodriguez Jr.,RB,3.8,2025-11-07 00:50:27,2025-11-07 00:50:27,WAS
16092,fantasypros.com,Week 10,Isaac,TeSlaa,WR,3.8,2025-11-07 00:50:27,2025-11-07 00:50:27,DET
16641,sleeper.com,Week 11,Jahan,Dotson,WR,3.8,2025-11-13 05:18:19,2025-11-13 05:18:19,PHI
16642,sleeper.com,Week 11,Brian,Robinson,RB,3.8,2025-11-13 05:18:19,2025-11-13 05:18:19,SF
16643,sleeper.com,Week 11,Elijah,Moore,WR,3.8,2025-11-13 05:18:19,2025-11-13 05:18:19,BUF
16644,sleeper.com,Week 11,Tyrell,Shavers,WR,3.8,2025-11-13 05:18:19,2025-11-13 05:18:19,BUF
17027,espn.com,Week 11,Cole,Kmet,TE,3.8,2025-11-13 05:19:16,2025-11-13 05:19:16,CHI
17028,espn.com,Week 11,Elijah,Arroyo,TE,3.8,2025-11-13 05:19:16,2025-11-13 05:19:16,SEA
17091,espn.com,Week 11,Panthers D/ST,Defense,DST,3.8,2025-11-13 05:19:16,2025-11-13 05:26:13,CAR
17336,fantasypros.com,Week 11,Dawson,Knox,TE,3.8,2025-11-13 05:20:49,2025-11-13 05:20:49,BUF
20164,fantasypros.com,Week 12,Mitch,Tinsley,WR,3.8,2025-11-20 18:01:42,2025-11-20 18:01:42,CIN
24280,sleeper.com,Week 13,Mason,Tipton,WR,3.8,2025-11-26 18:35:52,2025-11-26 18:35:52,NO
24735,espn.com,Week 13,Bears D/ST,Defense,DST,3.8,2025-11-26 18:36:55,2025-11-26 18:36:55,CHI
25000,fantasypros.com,Week 13,Noah,Fant,TE,3.8,2025-11-26 18:38:08,2025-11-26 18:38:08,CIN
25070,fantasypros.com,Week 13,Andre,Szmyt,K,3.8,2025-11-26 18:38:08,2025-11-26 18:38:08,CLE
25097,fantasypros.com,Week 13,Minnesota Vikings,Defense,DST,3.8,2025-11-26 18:38:08,2025-11-26 18:38:08,MIN
27194,fantasypros.com,Week 14,JuJu,Smith-Schuster,WR,3.8,2025-12-03 02:17:53,2025-12-03 03:06:17,KC
27255,fantasypros.com,Week 14,Luke,Musgrave,TE,3.8,2025-12-03 02:17:53,2025-12-03 03:06:17,GB
27256,fantasypros.com,Week 14,Jackson,Hawes,TE,3.8,2025-12-03 02:17:53,2025-12-03 03:06:17,BUF
26441,fanduel.com,Week 14,Emari,Demercado,RB,3.78,2025-12-03 01:55:37,2025-12-03 03:57:34,ARI
14920,fanduel.com,Week 10,Greg,Dortch,WR,3.77,2025-11-07 00:48:09,2025-11-07 00:48:09,ARI
17813,fanduel.com,Week 11,Raheem,Mostert,RB,3.77,2025-11-13 05:21:22,2025-11-13 05:21:22,LV
26442,fanduel.com,Week 14,Brandin,Cooks,WR,3.77,2025-12-03 01:55:37,2025-12-03 03:57:34,BUF
14921,fanduel.com,Week 10,Treylon,Burks,WR,3.76,2025-11-07 00:48:09,2025-11-07 00:51:07,WAS
17814,fanduel.com,Week 11,Xavier,Hutchinson,WR,3.76,2025-11-13 05:21:22,2025-11-13 05:21:22,HOU
26443,fanduel.com,Week 14,Jaylin,Lane,WR,3.75,2025-12-03 01:55:37,2025-12-03 03:57:34,WAS
25342,fanduel.com,Week 13,Keaton,Mitchell,RB,3.74,2025-11-26 18:38:36,2025-11-26 18:38:36,BAL
14922,fanduel.com,Week 10,MarShawn,Lloyd,RB,3.73,2025-11-07 00:48:09,2025-11-07 00:48:09,GB
18973,fanduel.com,Week 12,Gunnar,Helm,TE,3.73,2025-11-20 17:52:44,2025-11-20 18:02:18,TEN
25343,fanduel.com,Week 13,JuJu,Smith-Schuster,WR,3.73,2025-11-26 18:38:36,2025-11-26 18:38:36,KC
25344,fanduel.com,Week 13,Raheem,Mostert,RB,3.73,2025-11-26 18:38:36,2025-11-26 18:38:36,LV
26368,fanduel.com,Week 14,Olamide,Zaccheaus,WR,3.73,2025-12-03 01:55:37,2025-12-03 03:57:34,CHI
15420,sleeper.com,Week 10,Xavier,Hutchinson,WR,3.7,2025-11-07 00:48:26,2025-11-07 00:48:26,HOU
15841,espn.com,Week 10,Vikings D/ST,Defense,DST,3.7,2025-11-07 00:49:32,2025-11-07 00:51:07,MIN
15954,fantasypros.com,Week 10,Ty,Johnson,RB,3.7,2025-11-07 00:50:27,2025-11-07 00:50:27,BUF
16093,fantasypros.com,Week 10,Brian,Thomas Jr.,WR,3.7,2025-11-07 00:50:27,2025-11-07 00:51:07,JAX
16645,sleeper.com,Week 11,Jaret,Patterson,RB,3.7,2025-11-13 05:18:19,2025-11-13 05:18:19,LAC
16646,sleeper.com,Week 11,Zonovan,Knight,RB,3.7,2025-11-13 05:18:19,2025-11-13 05:18:19,ARI
16647,sleeper.com,Week 11,Chuba,Hubbard,RB,3.7,2025-11-13 05:18:19,2025-11-13 05:18:19,CAR
17029,espn.com,Week 11,Jackson,Hawes,TE,3.7,2025-11-13 05:19:16,2025-11-13 05:19:16,BUF
17092,espn.com,Week 11,Buccaneers D/ST,Defense,DST,3.7,2025-11-13 05:19:16,2025-11-13 05:26:13,TB
17093,espn.com,Week 11,Commanders D/ST,Defense,DST,3.7,2025-11-13 05:19:16,2025-11-13 05:26:13,WAS
18336,sleeper.com,Week 12,Luke,Musgrave,TE,3.7,2025-11-20 17:45:26,2025-11-20 17:59:20,GB
18337,sleeper.com,Week 12,Dylan,Sampson,RB,3.7,2025-11-20 17:45:26,2025-11-20 17:59:20,CLE
18338,sleeper.com,Week 12,Keon,Coleman,WR,3.7,2025-11-20 17:45:26,2025-11-20 17:59:20,BUF
18339,sleeper.com,Week 12,Chuba,Hubbard,RB,3.7,2025-11-20 17:45:26,2025-11-20 17:59:20,CAR
18698,espn.com,Week 12,Foster,Moreau,TE,3.7,2025-11-20 17:46:24,2025-11-20 18:00:16,NO
18699,espn.com,Week 12,Jeremy,Ruckert,TE,3.7,2025-11-20 17:46:24,2025-11-20 18:00:16,NYJ
18760,espn.com,Week 12,Jets D/ST,Defense,DST,3.7,2025-11-20 17:46:24,2025-11-20 18:02:59,NYJ
24871,fantasypros.com,Week 13,Andrei,Iosivas,WR,3.7,2025-11-26 18:38:08,2025-11-26 18:38:08,CIN
25345,fanduel.com,Week 13,Colby,Parkinson,TE,3.7,2025-11-26 18:38:36,2025-11-26 18:38:36,LAR
26433,fanduel.com,Week 14,Mason,Tipton,WR,3.7,2025-12-03 01:55:37,2025-12-03 03:57:34,NO
26444,fanduel.com,Week 14,Dawson,Knox,TE,3.7,2025-12-03 01:55:37,2025-12-03 03:57:34,BUF
27078,fantasypros.com,Week 14,Jacory,Croskey-Merritt,RB,3.7,2025-12-03 02:17:53,2025-12-03 03:06:17,WAS
27195,fantasypros.com,Week 14,Jack,Bech,WR,3.7,2025-12-03 02:17:53,2025-12-03 03:06:17,LV
27257,fantasypros.com,Week 14,Cole,Kmet,TE,3.7,2025-12-03 02:17:53,2025-12-03 03:06:17,CHI
27258,fantasypros.com,Week 14,Terrance,Ferguson,TE,3.7,2025-12-03 02:17:53,2025-12-03 03:06:17,LAR
29678,espn.com,Week 14,Cole,Kmet,TE,3.7,2025-12-03 05:22:56,2025-12-03 05:22:56,CHI
14923,fanduel.com,Week 10,Tyler,Lockett,WR,3.67,2025-11-07 00:48:09,2025-11-07 00:48:09,LV
14924,fanduel.com,Week 10,Tyler,Allgeier,RB,3.67,2025-11-07 00:48:09,2025-11-07 00:48:09,ATL
25346,fanduel.com,Week 13,Jaylin,Lane,WR,3.67,2025-11-26 18:38:36,2025-11-26 18:38:36,WAS
26445,fanduel.com,Week 14,Nick,Westbrook-Ikhine,WR,3.67,2025-12-03 01:55:37,2025-12-03 03:57:34,MIA
26498,fanduel.com,Week 14,Jeremy,Ruckert,TE,3.67,2025-12-03 01:55:37,2025-12-03 03:57:34,NYJ
18974,fanduel.com,Week 12,Ty,Johnson,RB,3.66,2025-11-20 17:52:44,2025-11-20 18:02:18,BUF
25347,fanduel.com,Week 13,Davis,Allen,TE,3.63,2025-11-26 18:38:36,2025-11-26 18:38:36,LAR
25348,fanduel.com,Week 13,Dyami,Brown,WR,3.61,2025-11-26 18:38:36,2025-11-26 18:38:36,JAX
15421,sleeper.com,Week 10,Demarcus,Robinson,WR,3.6,2025-11-07 00:48:26,2025-11-07 00:48:26,SF
15422,sleeper.com,Week 10,Jayden,Higgins,WR,3.6,2025-11-07 00:48:26,2025-11-07 00:48:26,HOU
15423,sleeper.com,Week 10,Tyler,Johnson,WR,3.6,2025-11-07 00:48:26,2025-11-07 00:48:26,NYJ
16094,fantasypros.com,Week 10,Cody,White,WR,3.6,2025-11-07 00:50:27,2025-11-07 00:50:27,SEA
16648,sleeper.com,Week 11,Tyler,Badie,RB,3.6,2025-11-13 05:18:19,2025-11-13 05:18:19,DEN
17094,espn.com,Week 11,Jets D/ST,Defense,DST,3.6,2025-11-13 05:19:16,2025-11-13 05:26:13,NYJ
17204,fantasypros.com,Week 11,Chuba,Hubbard,RB,3.6,2025-11-13 05:20:49,2025-11-13 05:20:49,CAR
18340,sleeper.com,Week 12,Kalif,Raymond,WR,3.6,2025-11-20 17:45:26,2025-11-20 17:59:20,DET
18341,sleeper.com,Week 12,Davis,Allen,TE,3.6,2025-11-20 17:45:26,2025-11-20 17:59:20,LAR
18700,espn.com,Week 12,Elijah,Arroyo,TE,3.6,2025-11-20 17:46:24,2025-11-20 18:00:16,SEA
18761,espn.com,Week 12,Titans D/ST,Defense,DST,3.6,2025-11-20 17:46:24,2025-11-20 18:02:59,TEN
20021,fantasypros.com,Week 12,Raheem,Mostert,RB,3.6,2025-11-20 18:01:42,2025-11-20 18:01:42,LV
20165,fantasypros.com,Week 12,David,Sills V,WR,3.6,2025-11-20 18:01:42,2025-11-20 18:01:42,ATL
20250,fantasypros.com,Week 12,Colby,Parkinson,TE,3.6,2025-11-20 18:01:42,2025-11-20 18:01:42,LAR
20251,fantasypros.com,Week 12,Davis,Allen,TE,3.6,2025-11-20 18:01:42,2025-11-20 18:01:42,LAR
20252,fantasypros.com,Week 12,Tyler,Higbee,TE,3.6,2025-11-20 18:01:42,2025-11-20 18:01:42,LAR
24281,sleeper.com,Week 13,Kalif,Raymond,WR,3.6,2025-11-26 18:35:52,2025-11-26 18:35:52,DET
24282,sleeper.com,Week 13,Terrance,Ferguson,TE,3.6,2025-11-26 18:35:52,2025-11-26 18:35:52,LAR
24283,sleeper.com,Week 13,Elijah,Higgins,TE,3.6,2025-11-26 18:35:52,2025-11-26 18:35:52,ARI
25071,fantasypros.com,Week 13,Jake,Moody,K,3.6,2025-11-26 18:38:08,2025-11-26 18:38:08,WAS
25884,sleeper.com,Week 14,Jahan,Dotson,WR,3.6,2025-12-03 01:52:43,2025-12-03 01:52:43,PHI
27196,fantasypros.com,Week 14,Mason,Tipton,WR,3.6,2025-12-03 02:17:53,2025-12-03 03:06:17,NO
27259,fantasypros.com,Week 14,Elijah,Higgins,TE,3.6,2025-12-03 02:17:53,2025-12-03 03:06:17,ARI
29679,espn.com,Week 14,Elijah,Arroyo,TE,3.6,2025-12-03 05:22:56,2025-12-03 05:22:56,SEA
29680,espn.com,Week 14,Anthony,Firkser,TE,3.6,2025-12-03 05:22:56,2025-12-03 05:22:56,DET
17815,fanduel.com,Week 11,Elijah,Moore,WR,3.58,2025-11-13 05:21:22,2025-11-13 05:21:22,BUF
17816,fanduel.com,Week 11,Jackson,Hawes,TE,3.58,2025-11-13 05:21:22,2025-11-13 05:21:22,BUF
17817,fanduel.com,Week 11,Tre,Harris,WR,3.58,2025-11-13 05:21:22,2025-11-13 05:21:22,LAC
18975,fanduel.com,Week 12,Tommy,Tremble,TE,3.58,2025-11-20 17:52:44,2025-11-20 18:02:18,CAR
26446,fanduel.com,Week 14,Tanner,Hudson,TE,3.58,2025-12-03 01:55:37,2025-12-03 03:57:34,CIN
18976,fanduel.com,Week 12,Xavier,Hutchinson,WR,3.56,2025-11-20 17:52:44,2025-11-20 18:02:18,HOU
14925,fanduel.com,Week 10,Jimmy,Horn Jr.,WR,3.55,2025-11-07 00:48:09,2025-11-07 00:48:09,CAR
18977,fanduel.com,Week 12,Tyler,Higbee,TE,3.55,2025-11-20 17:52:44,2025-11-20 18:02:59,LAR
14926,fanduel.com,Week 10,Keaton,Mitchell,RB,3.54,2025-11-07 00:48:09,2025-11-07 00:48:09,BAL
25349,fanduel.com,Week 13,Sean,Tucker,RB,3.54,2025-11-26 18:38:36,2025-11-26 18:38:36,TB
26447,fanduel.com,Week 14,Tutu,Atwell,WR,3.54,2025-12-03 01:55:37,2025-12-03 03:57:34,LAR
26448,fanduel.com,Week 14,Tyquan,Thornton,WR,3.53,2025-12-03 01:55:37,2025-12-03 03:57:34,KC
18978,fanduel.com,Week 12,Sean,Tucker,RB,3.51,2025-11-20 17:52:44,2025-11-20 18:02:18,TB
25350,fanduel.com,Week 13,Allen,Lazard,WR,3.51,2025-11-26 18:38:36,2025-11-26 18:38:36,NYJ
26449,fanduel.com,Week 14,Samaje,Perine,RB,3.51,2025-12-03 01:55:37,2025-12-03 03:57:34,CIN
15424,sleeper.com,Week 10,Austin,Hooper,TE,3.5,2025-11-07 00:48:26,2025-11-07 00:48:26,NE
15779,espn.com,Week 10,Adam,Trautman,TE,3.5,2025-11-07 00:49:32,2025-11-07 00:49:32,DEN
15780,espn.com,Week 10,Austin,Hooper,TE,3.5,2025-11-07 00:49:32,2025-11-07 00:49:32,NE
15955,fantasypros.com,Week 10,Jerome,Ford,RB,3.5,2025-11-07 00:50:27,2025-11-07 00:50:27,CLE
16095,fantasypros.com,Week 10,Arian,Smith,WR,3.5,2025-11-07 00:50:27,2025-11-07 00:50:27,NYJ
16096,fantasypros.com,Week 10,Allen,Lazard,WR,3.5,2025-11-07 00:50:27,2025-11-07 00:50:27,NYJ
16097,fantasypros.com,Week 10,Jamari,Thrash,WR,3.5,2025-11-07 00:50:27,2025-11-07 00:50:27,CLE
16649,sleeper.com,Week 11,Allen,Lazard,WR,3.5,2025-11-13 05:18:19,2025-11-13 05:18:19,NYJ
16650,sleeper.com,Week 11,Tim,Patrick,WR,3.5,2025-11-13 05:18:19,2025-11-13 05:18:19,JAX
16651,sleeper.com,Week 11,Jaylin,Noel,WR,3.5,2025-11-13 05:18:19,2025-11-13 05:18:19,HOU
16652,sleeper.com,Week 11,Dylan,Sampson,RB,3.5,2025-11-13 05:18:19,2025-11-13 05:18:19,CLE
17030,espn.com,Week 11,Tanner,Hudson,TE,3.5,2025-11-13 05:19:16,2025-11-13 05:19:16,CIN
17095,espn.com,Week 11,Vikings D/ST,Defense,DST,3.5,2025-11-13 05:19:16,2025-11-13 05:26:13,MIN
17141,fantasypros.com,Week 11,Joshua,Dobbs,QB,3.5,2025-11-13 05:20:49,2025-11-13 05:20:49,NE
17337,fantasypros.com,Week 11,Terrance,Ferguson,TE,3.5,2025-11-13 05:20:49,2025-11-13 05:20:49,LAR
18342,sleeper.com,Week 12,Keaton,Mitchell,RB,3.5,2025-11-20 17:45:26,2025-11-20 17:59:20,BAL
18343,sleeper.com,Week 12,Raheem,Mostert,RB,3.5,2025-11-20 17:45:26,2025-11-20 17:59:20,LV
24670,espn.com,Week 13,Elijah,Arroyo,TE,3.5,2025-11-26 18:36:55,2025-11-26 18:36:55,SEA
24736,espn.com,Week 13,Chiefs D/ST,Defense,DST,3.5,2025-11-26 18:36:55,2025-11-26 18:36:55,KC
24785,fantasypros.com,Week 13,Joshua,Dobbs,QB,3.5,2025-11-26 18:38:08,2025-11-26 18:38:08,NE
25001,fantasypros.com,Week 13,Jonnu,Smith,TE,3.5,2025-11-26 18:38:08,2025-11-26 18:38:08,PIT
25098,fantasypros.com,Week 13,Chicago Bears,Defense,DST,3.5,2025-11-26 18:38:08,2025-11-26 18:38:08,CHI
25885,sleeper.com,Week 14,Michael,Carter,RB,3.5,2025-12-03 01:52:43,2025-12-03 01:52:43,ARI
25886,sleeper.com,Week 14,Elijah,Arroyo,TE,3.5,2025-12-03 01:52:43,2025-12-03 01:52:43,SEA
25887,sleeper.com,Week 14,Ryan,Flournoy,WR,3.5,2025-12-03 01:52:43,2025-12-03 01:52:43,DAL
27197,fantasypros.com,Week 14,Jahan,Dotson,WR,3.5,2025-12-03 02:17:53,2025-12-03 03:06:17,PHI
27260,fantasypros.com,Week 14,Ross,Dwelley,TE,3.5,2025-12-03 02:17:53,2025-12-03 03:06:17,DET
29681,espn.com,Week 14,Taysom,Hill,TE,3.5,2025-12-03 05:22:56,2025-12-03 05:22:56,NO
29747,espn.com,Week 14,Lions,Defense,DST,3.5,2025-12-03 05:22:56,2025-12-03 05:22:56,DET
14927,fanduel.com,Week 10,DeAndre,Hopkins,WR,3.48,2025-11-07 00:48:09,2025-11-07 00:48:09,BAL
14928,fanduel.com,Week 10,Allen,Lazard,WR,3.48,2025-11-07 00:48:09,2025-11-07 00:48:09,NYJ
14929,fanduel.com,Week 10,Demario,Douglas,WR,3.47,2025-11-07 00:48:09,2025-11-07 00:48:09,NE
17818,fanduel.com,Week 11,Terrell,Jennings,RB,3.47,2025-11-13 05:21:22,2025-11-13 05:21:22,NE
25351,fanduel.com,Week 13,Tutu,Atwell,WR,3.47,2025-11-26 18:38:36,2025-11-26 18:38:36,LAR
14930,fanduel.com,Week 10,David,Sills V,WR,3.46,2025-11-07 00:48:09,2025-11-07 00:48:09,ATL
17819,fanduel.com,Week 11,Van,Jefferson,WR,3.45,2025-11-13 05:21:22,2025-11-13 05:21:22,TEN
14931,fanduel.com,Week 10,Raheem,Mostert,RB,3.43,2025-11-07 00:48:09,2025-11-07 00:48:09,LV
18979,fanduel.com,Week 12,Tyquan,Thornton,WR,3.41,2025-11-20 17:52:44,2025-11-20 18:02:18,KC
25352,fanduel.com,Week 13,Brian,Robinson,RB,3.41,2025-11-26 18:38:36,2025-11-26 18:38:36,SF
15425,sleeper.com,Week 10,Keaton,Mitchell,RB,3.4,2025-11-07 00:48:26,2025-11-07 00:48:26,BAL
15426,sleeper.com,Week 10,Johnny,Mundt,TE,3.4,2025-11-07 00:48:26,2025-11-07 00:48:26,JAX
15842,espn.com,Week 10,Falcons D/ST,Defense,DST,3.4,2025-11-07 00:49:32,2025-11-07 00:51:07,ATL
15956,fantasypros.com,Week 10,Ray,Davis,RB,3.4,2025-11-07 00:50:27,2025-11-07 00:50:27,BUF
16098,fantasypros.com,Week 10,Cooper,Kupp,WR,3.4,2025-11-07 00:50:27,2025-11-07 00:50:27,SEA
16653,sleeper.com,Week 11,Xavier,Hutchinson,WR,3.4,2025-11-13 05:18:19,2025-11-13 05:18:19,HOU
16654,sleeper.com,Week 11,Kyle,Williams,WR,3.4,2025-11-13 05:18:19,2025-11-13 05:18:19,NE
16655,sleeper.com,Week 11,Terrell,Jennings,RB,3.4,2025-11-13 05:18:19,2025-11-13 05:18:19,NE
17820,fanduel.com,Week 11,Tucker,Fisk,TE,3.4,2025-11-13 05:21:22,2025-11-13 05:21:22,LAC
18344,sleeper.com,Week 12,Foster,Moreau,TE,3.4,2025-11-20 17:45:26,2025-11-20 17:59:20,NO
18345,sleeper.com,Week 12,Kendrick,Bourne,WR,3.4,2025-11-20 17:45:26,2025-11-20 17:59:20,SF
18701,espn.com,Week 12,Noah,Gray,TE,3.4,2025-11-20 17:46:24,2025-11-20 18:00:16,KC
18762,espn.com,Week 12,Vikings D/ST,Defense,DST,3.4,2025-11-20 17:46:24,2025-11-20 18:02:59,MIN
20022,fantasypros.com,Week 12,Terrell,Jennings,RB,3.4,2025-11-20 18:01:42,2025-11-20 18:01:42,NE
20166,fantasypros.com,Week 12,Demarcus,Robinson,WR,3.4,2025-11-20 18:01:42,2025-11-20 18:01:42,SF
20253,fantasypros.com,Week 12,Tommy,Tremble,TE,3.4,2025-11-20 18:01:42,2025-11-20 18:01:42,CAR
24284,sleeper.com,Week 13,Ryan,Flournoy,WR,3.4,2025-11-26 18:35:52,2025-11-26 18:35:52,DAL
24671,espn.com,Week 13,Luke,Musgrave,TE,3.4,2025-11-26 18:36:55,2025-11-26 18:36:55,GB
24672,espn.com,Week 13,Austin,Hooper,TE,3.4,2025-11-26 18:36:55,2025-11-26 18:36:55,NE
25888,sleeper.com,Week 14,Sean,Tucker,RB,3.4,2025-12-03 01:52:43,2025-12-03 01:52:43,TB
25889,sleeper.com,Week 14,Terrance,Ferguson,TE,3.4,2025-12-03 01:52:43,2025-12-03 01:52:43,LAR
25890,sleeper.com,Week 14,Elijah,Higgins,TE,3.4,2025-12-03 01:52:43,2025-12-03 01:52:43,ARI
26451,fanduel.com,Week 14,Luke,McCaffrey,WR,3.4,2025-12-03 01:55:37,2025-12-03 01:55:37,WAS
27079,fantasypros.com,Week 14,Isaiah,Davis,RB,3.4,2025-12-03 02:17:53,2025-12-03 03:06:17,NYJ
27261,fantasypros.com,Week 14,Greg,Dulcich,TE,3.4,2025-12-03 02:17:53,2025-12-03 03:06:17,MIA
29682,espn.com,Week 14,Noah,Gray,TE,3.4,2025-12-03 05:22:56,2025-12-03 05:22:56,KC
29683,espn.com,Week 14,Dawson,Knox,TE,3.4,2025-12-03 05:22:56,2025-12-03 05:22:56,BUF
29748,espn.com,Week 14,Packers,Defense,DST,3.4,2025-12-03 05:22:56,2025-12-03 05:22:56,GB
17821,fanduel.com,Week 11,Tanner,Conner,TE,3.39,2025-11-13 05:21:22,2025-11-13 05:21:22,MIA
17822,fanduel.com,Week 11,Jimmy,Horn Jr.,WR,3.39,2025-11-13 05:21:22,2025-11-13 05:21:22,CAR
17823,fanduel.com,Week 11,Jaylin,Noel,WR,3.38,2025-11-13 05:21:22,2025-11-13 05:21:22,HOU
26452,fanduel.com,Week 14,Jack,Bech,WR,3.38,2025-12-03 01:55:37,2025-12-03 03:57:34,LV
17824,fanduel.com,Week 11,David,Sills V,WR,3.37,2025-11-13 05:21:22,2025-11-13 05:21:22,ATL
25353,fanduel.com,Week 13,Elijah,Higgins,TE,3.36,2025-11-26 18:38:36,2025-11-26 18:38:36,ARI
25354,fanduel.com,Week 13,Tre,Harris,WR,3.35,2025-11-26 18:38:36,2025-11-26 18:38:36,LAC
14932,fanduel.com,Week 10,Tanner,Conner,TE,3.34,2025-11-07 00:48:09,2025-11-07 00:48:09,MIA
18980,fanduel.com,Week 12,John,Metchie III,WR,3.34,2025-11-20 17:52:44,2025-11-20 18:02:18,NYJ
26460,fanduel.com,Week 14,Allen,Lazard,WR,3.34,2025-12-03 01:55:37,2025-12-03 03:57:34,NYJ
26454,fanduel.com,Week 14,JuJu,Smith-Schuster,WR,3.32,2025-12-03 01:55:37,2025-12-03 03:57:34,KC
25355,fanduel.com,Week 13,Luke,Musgrave,TE,3.31,2025-11-26 18:38:36,2025-11-26 18:38:36,GB
15427,sleeper.com,Week 10,Kalif,Raymond,WR,3.3,2025-11-07 00:48:26,2025-11-07 00:48:26,DET
15428,sleeper.com,Week 10,Treylon,Burks,WR,3.3,2025-11-07 00:48:26,2025-11-07 00:48:26,WAS
15781,espn.com,Week 10,Elijah,Higgins,TE,3.3,2025-11-07 00:49:32,2025-11-07 00:49:32,ARI
15843,espn.com,Week 10,Raiders D/ST,Defense,DST,3.3,2025-11-07 00:49:32,2025-11-07 00:51:07,LV
16099,fantasypros.com,Week 10,David,Sills V,WR,3.3,2025-11-07 00:50:27,2025-11-07 00:50:27,ATL
16100,fantasypros.com,Week 10,Kameron,Johnson,WR,3.3,2025-11-07 00:50:27,2025-11-07 00:50:27,TB
16656,sleeper.com,Week 11,Dontayvion,Wicks,WR,3.3,2025-11-13 05:18:19,2025-11-13 05:18:19,GB
18346,sleeper.com,Week 12,Olamide,Zaccheaus,WR,3.3,2025-11-20 17:45:26,2025-11-20 17:59:20,CHI
18347,sleeper.com,Week 12,Xavier,Hutchinson,WR,3.3,2025-11-20 17:45:26,2025-11-20 17:59:20,HOU
18702,espn.com,Week 12,Colby,Parkinson,TE,3.3,2025-11-20 17:46:24,2025-11-20 18:00:16,LAR
20023,fantasypros.com,Week 12,Kaleb,Johnson,RB,3.3,2025-11-20 18:01:42,2025-11-20 18:01:42,PIT
20024,fantasypros.com,Week 12,LeQuint,Allen Jr.,RB,3.3,2025-11-20 18:01:42,2025-11-20 18:02:59,JAX
20025,fantasypros.com,Week 12,Will,Shipley,RB,3.3,2025-11-20 18:01:42,2025-11-20 18:01:42,PHI
20167,fantasypros.com,Week 12,Chris,Godwin Jr.,WR,3.3,2025-11-20 18:01:42,2025-11-20 18:01:42,TB
20254,fantasypros.com,Week 12,Daniel,Bellinger,TE,3.3,2025-11-20 18:01:42,2025-11-20 18:01:42,NYG
24285,sleeper.com,Week 13,Xavier,Weaver,WR,3.3,2025-11-26 18:35:52,2025-11-26 18:35:52,ARI
24286,sleeper.com,Week 13,Tre',Harris,WR,3.3,2025-11-26 18:35:52,2025-11-26 18:35:52,LAC
24737,espn.com,Week 13,Cowboys D/ST,Defense,DST,3.3,2025-11-26 18:36:55,2025-11-26 18:36:55,DAL
24872,fantasypros.com,Week 13,Luther,Burden III,WR,3.3,2025-11-26 18:38:08,2025-11-26 18:38:08,CHI
26455,fanduel.com,Week 14,Dont'e,Thornton Jr.,WR,3.3,2025-12-03 01:55:37,2025-12-03 03:57:34,LV
27198,fantasypros.com,Week 14,Matthew,Golden,WR,3.3,2025-12-03 02:17:53,2025-12-03 03:06:17,GB
27199,fantasypros.com,Week 14,Tim,Patrick,WR,3.3,2025-12-03 02:17:53,2025-12-03 03:06:17,JAX
27262,fantasypros.com,Week 14,Davis,Allen,TE,3.3,2025-12-03 02:17:53,2025-12-03 03:06:17,LAR
29749,espn.com,Week 14,Raiders,Defense,DST,3.3,2025-12-03 05:22:56,2025-12-03 05:22:56,LV
26453,fanduel.com,Week 14,Mo,Alie-Cox,TE,3.29,2025-12-03 01:55:37,2025-12-03 03:57:34,IND
26456,fanduel.com,Week 14,John,FitzPatrick,TE,3.29,2025-12-03 01:55:37,2025-12-03 03:57:34,GB
14933,fanduel.com,Week 10,Taysom,Hill,TE,3.28,2025-11-07 00:48:09,2025-11-07 00:48:09,NO
17825,fanduel.com,Week 11,Brenton,Strange,TE,3.25,2025-11-13 05:21:22,2025-11-13 05:26:13,JAX
26457,fanduel.com,Week 14,Kimani,Vidal,RB,3.24,2025-12-03 01:55:37,2025-12-03 03:57:34,LAC
17826,fanduel.com,Week 11,Jahan,Dotson,WR,3.23,2025-11-13 05:21:22,2025-11-13 05:21:22,PHI
25356,fanduel.com,Week 13,Emari,Demercado,RB,3.23,2025-11-26 18:38:36,2025-11-26 18:38:36,ARI
14934,fanduel.com,Week 10,Dontayvion,Wicks,WR,3.22,2025-11-07 00:48:09,2025-11-07 00:48:09,GB
17827,fanduel.com,Week 11,Kameron,Johnson,WR,3.22,2025-11-13 05:21:22,2025-11-13 05:21:22,TB
25357,fanduel.com,Week 13,Cade,Stover,TE,3.21,2025-11-26 18:38:36,2025-11-26 18:38:36,HOU
25358,fanduel.com,Week 13,Payne,Durham,TE,3.21,2025-11-26 18:38:36,2025-11-26 18:38:36,TB
15429,sleeper.com,Week 10,Curtis,Samuel,WR,3.2,2025-11-07 00:48:26,2025-11-07 00:48:26,BUF
15430,sleeper.com,Week 10,Dyami,Brown,WR,3.2,2025-11-07 00:48:26,2025-11-07 00:48:26,JAX
15431,sleeper.com,Week 10,Tylan,Wallace,WR,3.2,2025-11-07 00:48:26,2025-11-07 00:48:26,BAL
15782,espn.com,Week 10,Davis,Allen,TE,3.2,2025-11-07 00:49:32,2025-11-07 00:49:32,LAR
16101,fantasypros.com,Week 10,Jimmy,Horn Jr.,WR,3.2,2025-11-07 00:50:27,2025-11-07 00:50:27,CAR
17205,fantasypros.com,Week 11,Jeremy,McNichols,RB,3.2,2025-11-13 05:20:49,2025-11-13 05:20:49,WAS
17338,fantasypros.com,Week 11,Ben,Sinnott,TE,3.2,2025-11-13 05:20:49,2025-11-13 05:20:49,WAS
18348,sleeper.com,Week 12,Tommy,Tremble,TE,3.2,2025-11-20 17:45:26,2025-11-20 17:59:20,CAR
18349,sleeper.com,Week 12,Elijah,Higgins,TE,3.2,2025-11-20 17:45:26,2025-11-20 17:59:20,ARI
18703,espn.com,Week 12,Austin,Hooper,TE,3.2,2025-11-20 17:46:24,2025-11-20 18:00:16,NE
18981,fanduel.com,Week 12,Devontez,Walker,WR,3.2,2025-11-20 17:52:44,2025-11-20 18:02:18,BAL
20168,fantasypros.com,Week 12,Dont'e,Thornton Jr.,WR,3.2,2025-11-20 18:01:42,2025-11-20 18:01:42,LV
20169,fantasypros.com,Week 12,Darius,Slayton,WR,3.2,2025-11-20 18:01:42,2025-11-20 18:01:42,NYG
20255,fantasypros.com,Week 12,Noah,Gray,TE,3.2,2025-11-20 18:01:42,2025-11-20 18:01:42,KC
24287,sleeper.com,Week 13,Curtis,Samuel,WR,3.2,2025-11-26 18:35:52,2025-11-26 18:35:52,BUF
24288,sleeper.com,Week 13,Michael,Carter,RB,3.2,2025-11-26 18:35:52,2025-11-26 18:35:52,ARI
24289,sleeper.com,Week 13,Jordan,Whittington,WR,3.2,2025-11-26 18:35:52,2025-11-26 18:35:52,LAR
24290,sleeper.com,Week 13,Elijah,Arroyo,TE,3.2,2025-11-26 18:35:52,2025-11-26 18:35:52,SEA
24291,sleeper.com,Week 13,Chuba,Hubbard,RB,3.2,2025-11-26 18:35:52,2025-11-26 18:35:52,CAR
24673,espn.com,Week 13,Dawson,Knox,TE,3.2,2025-11-26 18:36:55,2025-11-26 18:36:55,BUF
24738,espn.com,Week 13,Giants D/ST,Defense,DST,3.2,2025-11-26 18:36:55,2025-11-26 18:36:55,NYG
25002,fantasypros.com,Week 13,Cole,Kmet,TE,3.2,2025-11-26 18:38:08,2025-11-26 18:38:08,CHI
25099,fantasypros.com,Week 13,Washington Commanders,Defense,DST,3.2,2025-11-26 18:38:08,2025-11-26 18:38:08,WAS
25359,fanduel.com,Week 13,Jahan,Dotson,WR,3.2,2025-11-26 18:38:36,2025-11-26 18:38:36,PHI
25360,fanduel.com,Week 13,Ian,Thomas,TE,3.2,2025-11-26 18:38:36,2025-11-26 18:38:36,LV
25891,sleeper.com,Week 14,Jeremy,Ruckert,TE,3.2,2025-12-03 01:52:43,2025-12-03 01:52:43,NYJ
25892,sleeper.com,Week 14,Roman,Wilson,WR,3.2,2025-12-03 01:52:43,2025-12-03 01:52:43,PIT
27200,fantasypros.com,Week 14,Tom,Kennedy,WR,3.2,2025-12-03 02:17:53,2025-12-03 03:06:17,DET
27201,fantasypros.com,Week 14,Jaylin,Lane,WR,3.2,2025-12-03 02:17:53,2025-12-03 03:06:17,WAS
27202,fantasypros.com,Week 14,Xavier,Weaver,WR,3.2,2025-12-03 02:17:53,2025-12-03 03:06:17,ARI
27203,fantasypros.com,Week 14,Jordan,Whittington,WR,3.2,2025-12-03 02:17:53,2025-12-03 03:06:17,LAR
27204,fantasypros.com,Week 14,Treylon,Burks,WR,3.2,2025-12-03 02:17:53,2025-12-03 03:06:17,WAS
27263,fantasypros.com,Week 14,Elijah,Arroyo,TE,3.2,2025-12-03 02:17:53,2025-12-03 03:06:17,SEA
29684,espn.com,Week 14,Davis,Allen,TE,3.2,2025-12-03 05:22:56,2025-12-03 05:22:56,LAR
17828,fanduel.com,Week 11,Will,Shipley,RB,3.18,2025-11-13 05:21:22,2025-11-13 05:21:22,PHI
14935,fanduel.com,Week 10,Jahan,Dotson,WR,3.17,2025-11-07 00:48:09,2025-11-07 00:48:09,PHI
25361,fanduel.com,Week 13,Isaac,TeSlaa,WR,3.16,2025-11-26 18:38:36,2025-11-26 18:38:36,DET
26458,fanduel.com,Week 14,Greg,Dortch,WR,3.16,2025-12-03 01:55:37,2025-12-03 03:57:34,ARI
17829,fanduel.com,Week 11,John,Metchie III,WR,3.15,2025-11-13 05:21:22,2025-11-13 05:21:22,NYJ
26459,fanduel.com,Week 14,DeAndre,Hopkins,WR,3.14,2025-12-03 01:55:37,2025-12-03 03:57:34,BAL
26462,fanduel.com,Week 14,Ray,Davis,RB,3.13,2025-12-03 01:55:37,2025-12-03 03:57:34,BUF
26463,fanduel.com,Week 14,Terrance,Ferguson,TE,3.11,2025-12-03 01:55:37,2025-12-03 03:57:34,LAR
15432,sleeper.com,Week 10,Jamari,Thrash,WR,3.1,2025-11-07 00:48:26,2025-11-07 00:48:26,CLE
15433,sleeper.com,Week 10,Adonai,Mitchell,WR,3.1,2025-11-07 00:48:26,2025-11-07 00:48:26,NYJ
16102,fantasypros.com,Week 10,Chris,Godwin Jr.,WR,3.1,2025-11-07 00:50:27,2025-11-07 00:50:27,TB
16657,sleeper.com,Week 11,Tre',Harris,WR,3.1,2025-11-13 05:18:19,2025-11-13 05:18:19,LAC
16658,sleeper.com,Week 11,Tommy,Tremble,TE,3.1,2025-11-13 05:18:19,2025-11-13 05:18:19,CAR
17031,espn.com,Week 11,Terrance,Ferguson,TE,3.1,2025-11-13 05:19:16,2025-11-13 05:19:16,LAR
17032,espn.com,Week 11,Colby,Parkinson,TE,3.1,2025-11-13 05:19:16,2025-11-13 05:19:16,LAR
18350,sleeper.com,Week 12,Brian,Robinson,RB,3.1,2025-11-20 17:45:26,2025-11-20 17:59:20,SF
18351,sleeper.com,Week 12,Elijah,Moore,WR,3.1,2025-11-20 17:45:26,2025-11-20 17:59:20,BUF
20170,fantasypros.com,Week 12,Tim,Patrick,WR,3.1,2025-11-20 18:01:42,2025-11-20 18:02:59,JAX
20171,fantasypros.com,Week 12,Brandin,Cooks,WR,3.1,2025-11-20 18:01:42,2025-11-20 18:01:42,FA
24292,sleeper.com,Week 13,Olamide,Zaccheaus,WR,3.1,2025-11-26 18:35:52,2025-11-26 18:35:52,CHI
25893,sleeper.com,Week 14,Xavier,Hutchinson,WR,3.1,2025-12-03 01:52:43,2025-12-03 01:52:43,HOU
27080,fantasypros.com,Week 14,Malik,Davis,RB,3.1,2025-12-03 02:17:53,2025-12-03 03:06:17,DAL
27264,fantasypros.com,Week 14,Charlie,Kolar,TE,3.1,2025-12-03 02:17:53,2025-12-03 03:06:17,BAL
29685,espn.com,Week 14,Luke,Musgrave,TE,3.1,2025-12-03 05:22:56,2025-12-03 05:22:56,GB
18982,fanduel.com,Week 12,Rhamondre,Stevenson,RB,3.09,2025-11-20 17:52:44,2025-11-20 18:02:18,NE
26466,fanduel.com,Week 14,Charlie,Kolar,TE,3.07,2025-12-03 01:55:37,2025-12-03 03:57:34,BAL
25362,fanduel.com,Week 13,Dylan,Drummond,WR,3.06,2025-11-26 18:38:36,2025-11-26 18:38:36,ATL
26465,fanduel.com,Week 14,Luke,Schoonmaker,TE,3.06,2025-12-03 01:55:37,2025-12-03 03:57:34,DAL
14936,fanduel.com,Week 10,Lil'Jordan,Humphrey,WR,3.05,2025-11-07 00:48:09,2025-11-07 00:48:09,NYG
17830,fanduel.com,Week 11,Tyquan,Thornton,WR,3.05,2025-11-13 05:21:22,2025-11-13 05:21:22,KC
18983,fanduel.com,Week 12,Brian,Robinson,RB,3.05,2025-11-20 17:52:44,2025-11-20 18:02:18,SF
25363,fanduel.com,Week 13,Brashard,Smith,RB,3.04,2025-11-26 18:38:36,2025-11-26 18:38:36,KC
14937,fanduel.com,Week 10,Dylan,Sampson,RB,3.02,2025-11-07 00:48:09,2025-11-07 00:48:09,CLE
26467,fanduel.com,Week 14,Davis,Allen,TE,3.02,2025-12-03 01:55:37,2025-12-03 03:57:34,LAR
17831,fanduel.com,Week 11,Drew,Sample,TE,3.01,2025-11-13 05:21:22,2025-11-13 05:21:22,CIN
14938,fanduel.com,Week 10,Will,Shipley,RB,3.0,2025-11-07 00:48:09,2025-11-07 00:48:09,PHI
15434,sleeper.com,Week 10,Elijah,Higgins,TE,3.0,2025-11-07 00:48:26,2025-11-07 00:48:26,ARI
15435,sleeper.com,Week 10,Greg,Dortch,WR,3.0,2025-11-07 00:48:26,2025-11-07 00:48:26,ARI
15957,fantasypros.com,Week 10,Raheem,Mostert,RB,3.0,2025-11-07 00:50:27,2025-11-07 00:50:27,LV
16103,fantasypros.com,Week 10,Tyrell,Shavers,WR,3.0,2025-11-07 00:50:27,2025-11-07 00:50:27,BUF
16659,sleeper.com,Week 11,Jaleel,McLaughlin,RB,3.0,2025-11-13 05:18:19,2025-11-13 05:18:19,DEN
16660,sleeper.com,Week 11,Kalif,Raymond,WR,3.0,2025-11-13 05:18:19,2025-11-13 05:18:19,DET
16661,sleeper.com,Week 11,D'Ernest,Johnson,RB,3.0,2025-11-13 05:18:19,2025-11-13 05:18:19,NE
16662,sleeper.com,Week 11,Gunner,Olszewski,WR,3.0,2025-11-13 05:18:19,2025-11-13 05:18:19,NYG
17096,espn.com,Week 11,Bengals D/ST,Defense,DST,3.0,2025-11-13 05:19:16,2025-11-13 05:26:13,CIN
17142,fantasypros.com,Week 11,Kirk,Cousins,QB,3.0,2025-11-13 05:20:49,2025-11-13 05:20:49,ATL
17832,fanduel.com,Week 11,Jaydon,Blue,RB,3.0,2025-11-13 05:21:22,2025-11-13 05:21:22,DAL
18352,sleeper.com,Week 12,Jeremy,Ruckert,TE,3.0,2025-11-20 17:45:26,2025-11-20 17:59:20,NYJ
18763,espn.com,Week 12,Bengals D/ST,Defense,DST,3.0,2025-11-20 17:46:24,2025-11-20 18:02:59,CIN
20026,fantasypros.com,Week 12,Kyle,Juszczyk,RB,3.0,2025-11-20 18:01:42,2025-11-20 18:01:42,SF
20172,fantasypros.com,Week 12,Rashod,Bateman,WR,3.0,2025-11-20 18:01:42,2025-11-20 18:01:42,BAL
20256,fantasypros.com,Week 12,Tanner,Hudson,TE,3.0,2025-11-20 18:01:42,2025-11-20 18:01:42,CIN
20257,fantasypros.com,Week 12,John,FitzPatrick,TE,3.0,2025-11-20 18:01:42,2025-11-20 18:01:42,GB
24293,sleeper.com,Week 13,Jeremy,Ruckert,TE,3.0,2025-11-26 18:35:52,2025-11-26 18:35:52,NYJ
24294,sleeper.com,Week 13,Tommy,Tremble,TE,3.0,2025-11-26 18:35:52,2025-11-26 18:35:52,CAR
24295,sleeper.com,Week 13,Tyler,Badie,RB,3.0,2025-11-26 18:35:52,2025-11-26 18:35:52,DEN
24296,sleeper.com,Week 13,Jaylin,Noel,WR,3.0,2025-11-26 18:35:52,2025-11-26 18:35:52,HOU
24786,fantasypros.com,Week 13,Jalen,Milroe,QB,3.0,2025-11-26 18:38:08,2025-11-26 18:38:08,SEA
24873,fantasypros.com,Week 13,Chimere,Dike,WR,3.0,2025-11-26 18:38:08,2025-11-26 18:38:08,TEN
25100,fantasypros.com,Week 13,New York Giants,Defense,DST,3.0,2025-11-26 18:38:08,2025-11-26 18:38:08,NYG
25894,sleeper.com,Week 14,Tre',Harris,WR,3.0,2025-12-03 01:52:43,2025-12-03 01:52:43,LAC
25895,sleeper.com,Week 14,Tim,Patrick,WR,3.0,2025-12-03 01:52:43,2025-12-03 01:52:43,JAX
25896,sleeper.com,Week 14,David,Sills,WR,3.0,2025-12-03 01:52:43,2025-12-03 01:52:43,ATL
25897,sleeper.com,Week 14,Josh,Whyle,TE,3.0,2025-12-03 01:52:43,2025-12-03 01:52:43,GB
26468,fanduel.com,Week 14,Tez,Johnson,WR,3.0,2025-12-03 01:55:37,2025-12-03 03:57:34,TB
27081,fantasypros.com,Week 14,Jerome,Ford,RB,3.0,2025-12-03 02:17:53,2025-12-03 03:06:17,CLE
29686,espn.com,Week 14,Noah,Fant,TE,3.0,2025-12-03 05:22:56,2025-12-03 05:22:56,CIN
29687,espn.com,Week 14,Foster,Moreau,TE,3.0,2025-12-03 05:22:56,2025-12-03 05:22:56,NO
29750,espn.com,Week 14,Cowboys,Defense,DST,3.0,2025-12-03 05:22:56,2025-12-03 05:22:56,DAL
14939,fanduel.com,Week 10,Daniel,Bellinger,TE,2.99,2025-11-07 00:48:09,2025-11-07 00:48:09,NYG
25364,fanduel.com,Week 13,Ross,Dwelley,TE,2.99,2025-11-26 18:38:36,2025-11-26 18:38:36,DET
26469,fanduel.com,Week 14,Chris,Brooks,RB,2.99,2025-12-03 01:55:37,2025-12-03 03:57:34,GB
25365,fanduel.com,Week 13,Xavier,Weaver,WR,2.98,2025-11-26 18:38:36,2025-11-26 18:38:36,ARI
14940,fanduel.com,Week 10,Tre,Harris,WR,2.97,2025-11-07 00:48:09,2025-11-07 00:48:09,LAC
18984,fanduel.com,Week 12,Jahan,Dotson,WR,2.97,2025-11-20 17:52:44,2025-11-20 18:02:18,PHI
18985,fanduel.com,Week 12,Raheem,Mostert,RB,2.96,2025-11-20 17:52:44,2025-11-20 18:02:18,LV
25366,fanduel.com,Week 13,Jerome,Ford,RB,2.96,2025-11-26 18:38:36,2025-11-26 18:38:36,CLE
25367,fanduel.com,Week 13,Xavier,Hutchinson,WR,2.96,2025-11-26 18:38:36,2025-11-26 18:38:36,HOU
14941,fanduel.com,Week 10,Devin,Neal,RB,2.94,2025-11-07 00:48:09,2025-11-07 00:48:09,NO
14942,fanduel.com,Week 10,Ty,Johnson,RB,2.94,2025-11-07 00:48:09,2025-11-07 00:48:09,BUF
14943,fanduel.com,Week 10,Tim,Patrick,WR,2.94,2025-11-07 00:48:09,2025-11-07 00:51:07,JAX
17833,fanduel.com,Week 11,Samaje,Perine,RB,2.93,2025-11-13 05:21:22,2025-11-13 05:21:22,CIN
17834,fanduel.com,Week 11,Lil'Jordan,Humphrey,WR,2.92,2025-11-13 05:21:22,2025-11-13 05:21:22,NYG
18986,fanduel.com,Week 12,Tahj,Brooks,RB,2.92,2025-11-20 17:52:44,2025-11-20 18:02:18,CIN
26470,fanduel.com,Week 14,Jahan,Dotson,WR,2.92,2025-12-03 01:55:37,2025-12-03 03:57:34,PHI
18987,fanduel.com,Week 12,Will,Shipley,RB,2.91,2025-11-20 17:52:44,2025-11-20 18:02:18,PHI
26471,fanduel.com,Week 14,Brashard,Smith,RB,2.91,2025-12-03 01:55:37,2025-12-03 03:57:34,KC
15436,sleeper.com,Week 10,Tommy,Tremble,TE,2.9,2025-11-07 00:48:26,2025-11-07 00:48:26,CAR
15437,sleeper.com,Week 10,Raheem,Mostert,RB,2.9,2025-11-07 00:48:26,2025-11-07 00:48:26,LV
15844,espn.com,Week 10,49ers D/ST,Defense,DST,2.9,2025-11-07 00:49:32,2025-11-07 00:51:07,SF
16104,fantasypros.com,Week 10,Savion,Williams,WR,2.9,2025-11-07 00:50:27,2025-11-07 00:50:27,GB
16663,sleeper.com,Week 11,Keaton,Mitchell,RB,2.9,2025-11-13 05:18:19,2025-11-13 05:18:19,BAL
16664,sleeper.com,Week 11,Cole,Kmet,TE,2.9,2025-11-13 05:18:19,2025-11-13 05:18:19,CHI
16665,sleeper.com,Week 11,Tylan,Wallace,WR,2.9,2025-11-13 05:18:19,2025-11-13 05:18:19,BAL
17033,espn.com,Week 11,Luke,Schoonmaker,TE,2.9,2025-11-13 05:19:16,2025-11-13 05:19:16,DAL
17339,fantasypros.com,Week 11,Cole,Kmet,TE,2.9,2025-11-13 05:20:49,2025-11-13 05:20:49,CHI
18353,sleeper.com,Week 12,Charlie,Woerner,TE,2.9,2025-11-20 17:45:26,2025-11-20 17:59:20,ATL
18354,sleeper.com,Week 12,Tylan,Wallace,WR,2.9,2025-11-20 17:45:26,2025-11-20 17:59:20,BAL
18704,espn.com,Week 12,Elijah,Higgins,TE,2.9,2025-11-20 17:46:24,2025-11-20 18:00:16,ARI
18764,espn.com,Week 12,Panthers D/ST,Defense,DST,2.9,2025-11-20 17:46:24,2025-11-20 18:02:59,CAR
18988,fanduel.com,Week 12,Konata,Mumpfield,WR,2.9,2025-11-20 17:52:44,2025-11-20 18:02:59,LAR
20173,fantasypros.com,Week 12,Tyler,Johnson,WR,2.9,2025-11-20 18:01:42,2025-11-20 18:01:42,NYJ
20258,fantasypros.com,Week 12,Jackson,Hawes,TE,2.9,2025-11-20 18:01:42,2025-11-20 18:01:42,BUF
20259,fantasypros.com,Week 12,Johnny,Mundt,TE,2.9,2025-11-20 18:01:42,2025-11-20 18:02:59,JAX
24297,sleeper.com,Week 13,John,FitzPatrick,TE,2.9,2025-11-26 18:35:52,2025-11-26 18:35:52,GB
24298,sleeper.com,Week 13,David,Sills,WR,2.9,2025-11-26 18:35:52,2025-11-26 18:35:52,ATL
24674,espn.com,Week 13,Foster,Moreau,TE,2.9,2025-11-26 18:36:55,2025-11-26 18:36:55,NO
25003,fantasypros.com,Week 13,Luke,Musgrave,TE,2.9,2025-11-26 18:38:08,2025-11-26 18:38:08,GB
25898,sleeper.com,Week 14,Tyler,Badie,RB,2.9,2025-12-03 01:52:43,2025-12-03 01:52:43,DEN
25899,sleeper.com,Week 14,Raheem,Mostert,RB,2.9,2025-12-03 01:52:43,2025-12-03 01:52:43,LV
26472,fanduel.com,Week 14,Tyrell,Shavers,WR,2.9,2025-12-03 01:55:37,2025-12-03 03:57:34,BUF
27082,fantasypros.com,Week 14,Chris,Brooks,RB,2.9,2025-12-03 02:17:53,2025-12-03 03:06:17,GB
27083,fantasypros.com,Week 14,Raheem,Mostert,RB,2.9,2025-12-03 02:17:53,2025-12-03 03:06:17,LV
27265,fantasypros.com,Week 14,Tanner,Hudson,TE,2.9,2025-12-03 02:17:53,2025-12-03 03:06:17,CIN
27266,fantasypros.com,Week 14,Adam,Trautman,TE,2.9,2025-12-03 02:17:53,2025-12-03 03:06:17,DEN
29688,espn.com,Week 14,Elijah,Higgins,TE,2.9,2025-12-03 05:22:56,2025-12-03 05:22:56,ARI
29689,espn.com,Week 14,Adam,Trautman,TE,2.9,2025-12-03 05:22:56,2025-12-03 05:22:56,DEN
29690,espn.com,Week 14,Josh,Oliver,TE,2.9,2025-12-03 05:22:56,2025-12-03 05:22:56,MIN
29751,espn.com,Week 14,Bengals,Defense,DST,2.9,2025-12-03 05:22:56,2025-12-03 05:22:56,CIN
25368,fanduel.com,Week 13,Charlie,Kolar,TE,2.89,2025-11-26 18:38:36,2025-11-26 18:38:36,BAL
25369,fanduel.com,Week 13,Ja'Tavion,Sanders,TE,2.86,2025-11-26 18:38:36,2025-11-26 18:38:36,CAR
26431,fanduel.com,Week 14,Noah,Brown,WR,2.84,2025-12-03 01:55:37,2025-12-03 03:57:34,WAS
26475,fanduel.com,Week 14,Drew,Sample,TE,2.83,2025-12-03 01:55:37,2025-12-03 03:57:34,CIN
18989,fanduel.com,Week 12,Devaughn,Vele,WR,2.82,2025-11-20 17:52:44,2025-11-20 18:02:18,NO
25370,fanduel.com,Week 13,Noah,Brown,WR,2.81,2025-11-26 18:38:36,2025-11-26 18:38:36,WAS
14944,fanduel.com,Week 10,Devaughn,Vele,WR,2.8,2025-11-07 00:48:09,2025-11-07 00:48:09,NO
15438,sleeper.com,Week 10,LeQuint,Allen,RB,2.8,2025-11-07 00:48:26,2025-11-07 00:48:26,JAX
15439,sleeper.com,Week 10,Ray,Davis,RB,2.8,2025-11-07 00:48:26,2025-11-07 00:48:26,BUF
15783,espn.com,Week 10,John,Bates,TE,2.8,2025-11-07 00:49:32,2025-11-07 00:51:07,WAS
15784,espn.com,Week 10,Julian,Hill,TE,2.8,2025-11-07 00:49:32,2025-11-07 00:49:32,MIA
16105,fantasypros.com,Week 10,Ricky,Pearsall,WR,2.8,2025-11-07 00:50:27,2025-11-07 00:50:27,SF
16106,fantasypros.com,Week 10,Kayshon,Boutte,WR,2.8,2025-11-07 00:50:27,2025-11-07 00:50:27,NE
16666,sleeper.com,Week 11,Jalen,Tolbert,WR,2.8,2025-11-13 05:18:19,2025-11-13 05:18:19,DAL
16667,sleeper.com,Week 11,Julian,Hill,TE,2.8,2025-11-13 05:18:19,2025-11-13 05:18:19,MIA
16668,sleeper.com,Week 11,Arian,Smith,WR,2.8,2025-11-13 05:18:19,2025-11-13 05:18:19,NYJ
17206,fantasypros.com,Week 11,Bhayshul,Tuten,RB,2.8,2025-11-13 05:20:49,2025-11-13 05:26:13,JAX
18355,sleeper.com,Week 12,Dont'e,Thornton,WR,2.8,2025-11-20 17:45:26,2025-11-20 17:59:20,LV
18356,sleeper.com,Week 12,Josh,Whyle,TE,2.8,2025-11-20 17:45:26,2025-11-20 17:59:20,GB
18765,espn.com,Week 12,Buccaneers D/ST,Defense,DST,2.8,2025-11-20 17:46:24,2025-11-20 18:02:59,TB
20027,fantasypros.com,Week 12,Ray,Davis,RB,2.8,2025-11-20 18:01:42,2025-11-20 18:01:42,BUF
20028,fantasypros.com,Week 12,Tahj,Brooks,RB,2.8,2025-11-20 18:01:42,2025-11-20 18:01:42,CIN
20260,fantasypros.com,Week 12,Brenton,Strange,TE,2.8,2025-11-20 18:01:42,2025-11-20 18:02:59,JAX
24299,sleeper.com,Week 13,Keon,Coleman,WR,2.8,2025-11-26 18:35:52,2025-11-26 18:35:52,BUF
24675,espn.com,Week 13,Jeremy,Ruckert,TE,2.8,2025-11-26 18:36:55,2025-11-26 18:36:55,NYJ
24739,espn.com,Week 13,Commanders D/ST,Defense,DST,2.8,2025-11-26 18:36:55,2025-11-26 18:36:55,WAS
25101,fantasypros.com,Week 13,Dallas Cowboys,Defense,DST,2.8,2025-11-26 18:38:08,2025-11-26 18:38:08,DAL
25900,sleeper.com,Week 14,Isaiah,Williams,WR,2.8,2025-12-03 01:52:43,2025-12-03 01:52:43,NYJ
26476,fanduel.com,Week 14,Elijah,Higgins,TE,2.8,2025-12-03 01:55:37,2025-12-03 03:57:34,ARI
27084,fantasypros.com,Week 14,Tank,Bigsby,RB,2.8,2025-12-03 02:17:53,2025-12-03 03:06:17,PHI
27267,fantasypros.com,Week 14,John,FitzPatrick,TE,2.8,2025-12-03 02:17:53,2025-12-03 03:06:17,GB
27268,fantasypros.com,Week 14,Noah,Gray,TE,2.8,2025-12-03 02:17:53,2025-12-03 03:06:17,KC
29691,espn.com,Week 14,Drew,Sample,TE,2.8,2025-12-03 05:22:56,2025-12-03 05:22:56,CIN
29692,espn.com,Week 14,Jeremy,Ruckert,TE,2.8,2025-12-03 05:22:56,2025-12-03 05:22:56,NYJ
29693,espn.com,Week 14,Josh,Whyle,TE,2.8,2025-12-03 05:22:56,2025-12-03 05:22:56,GB
17835,fanduel.com,Week 11,Daniel,Bellinger,TE,2.79,2025-11-13 05:21:22,2025-11-13 05:21:22,NYG
18990,fanduel.com,Week 12,Jaydon,Blue,RB,2.79,2025-11-20 17:52:44,2025-11-20 18:02:18,DAL
26477,fanduel.com,Week 14,Devontez,Walker,WR,2.79,2025-12-03 01:55:37,2025-12-03 03:57:34,BAL
18991,fanduel.com,Week 12,Isaiah,Bond,WR,2.78,2025-11-20 17:52:44,2025-11-20 18:02:18,CLE
18992,fanduel.com,Week 12,Charlie,Jones,WR,2.75,2025-11-20 17:52:44,2025-11-20 18:02:18,CIN
25371,fanduel.com,Week 13,Michael,Mayer,TE,2.75,2025-11-26 18:38:36,2025-11-26 18:38:36,LV
18993,fanduel.com,Week 12,Allen,Lazard,WR,2.74,2025-11-20 17:52:44,2025-11-20 18:02:18,NYJ
26479,fanduel.com,Week 14,Jacory,Croskey-Merritt,RB,2.74,2025-12-03 01:55:37,2025-12-03 03:57:34,WAS
14945,fanduel.com,Week 10,Devin,Duvernay,WR,2.73,2025-11-07 00:48:09,2025-11-07 00:48:09,CHI
17836,fanduel.com,Week 11,Isaiah,Bond,WR,2.73,2025-11-13 05:21:22,2025-11-13 05:21:22,CLE
25372,fanduel.com,Week 13,Sterling,Shepard,WR,2.72,2025-11-26 18:38:36,2025-11-26 18:38:36,TB
18994,fanduel.com,Week 12,Mason,Tipton,WR,2.71,2025-11-20 17:52:44,2025-11-20 18:02:18,NO
26480,fanduel.com,Week 14,Khadarel,Hodge,WR,2.71,2025-12-03 01:55:37,2025-12-03 03:57:34,ATL
15440,sleeper.com,Week 10,Austin,Trammell,WR,2.7,2025-11-07 00:48:26,2025-11-07 00:48:26,JAX
15441,sleeper.com,Week 10,Luther,Burden,WR,2.7,2025-11-07 00:48:26,2025-11-07 00:48:26,CHI
15442,sleeper.com,Week 10,Kyle,Williams,WR,2.7,2025-11-07 00:48:26,2025-11-07 00:48:26,NE
15443,sleeper.com,Week 10,Tyrell,Shavers,WR,2.7,2025-11-07 00:48:26,2025-11-07 00:48:26,BUF
15785,espn.com,Week 10,Cole,Kmet,TE,2.7,2025-11-07 00:49:32,2025-11-07 00:49:32,CHI
15786,espn.com,Week 10,Terrance,Ferguson,TE,2.7,2025-11-07 00:49:32,2025-11-07 00:49:32,LAR
15845,espn.com,Week 10,Dolphins D/ST,Defense,DST,2.7,2025-11-07 00:49:32,2025-11-07 00:51:07,MIA
15846,espn.com,Week 10,Giants D/ST,Defense,DST,2.7,2025-11-07 00:49:32,2025-11-07 00:51:07,NYG
15958,fantasypros.com,Week 10,LeQuint,Allen Jr.,RB,2.7,2025-11-07 00:50:27,2025-11-07 00:51:07,JAX
18357,sleeper.com,Week 12,Austin,Hooper,TE,2.7,2025-11-20 17:45:26,2025-11-20 17:59:20,NE
18358,sleeper.com,Week 12,Tyler,Johnson,WR,2.7,2025-11-20 17:45:26,2025-11-20 17:59:20,NYJ
18705,espn.com,Week 12,Daniel,Bellinger,TE,2.7,2025-11-20 17:46:24,2025-11-20 18:00:16,NYG
18766,espn.com,Week 12,Giants D/ST,Defense,DST,2.7,2025-11-20 17:46:24,2025-11-20 18:02:59,NYG
20029,fantasypros.com,Week 12,Bucky,Irving,RB,2.7,2025-11-20 18:01:42,2025-11-20 18:01:42,TB
20261,fantasypros.com,Week 12,Josh,Whyle,TE,2.7,2025-11-20 18:01:42,2025-11-20 18:01:42,GB
20262,fantasypros.com,Week 12,Jeremy,Ruckert,TE,2.7,2025-11-20 18:01:42,2025-11-20 18:01:42,NYJ
20263,fantasypros.com,Week 12,Jake,Tonges,TE,2.7,2025-11-20 18:01:42,2025-11-20 18:01:42,SF
20264,fantasypros.com,Week 12,Charlie,Kolar,TE,2.7,2025-11-20 18:01:42,2025-11-20 18:01:42,BAL
24300,sleeper.com,Week 13,Jamari,Thrash,WR,2.7,2025-11-26 18:35:52,2025-11-26 18:35:52,CLE
24301,sleeper.com,Week 13,Tyquan,Thornton,WR,2.7,2025-11-26 18:35:52,2025-11-26 18:35:52,KC
24740,espn.com,Week 13,Bengals D/ST,Defense,DST,2.7,2025-11-26 18:36:55,2025-11-26 18:36:55,CIN
25901,sleeper.com,Week 14,Allen,Lazard,WR,2.7,2025-12-03 01:52:43,2025-12-03 01:52:43,NYJ
25902,sleeper.com,Week 14,Olamide,Zaccheaus,WR,2.7,2025-12-03 01:52:43,2025-12-03 01:52:43,CHI
25903,sleeper.com,Week 14,Foster,Moreau,TE,2.7,2025-12-03 01:52:43,2025-12-03 01:52:43,NO
25904,sleeper.com,Week 14,Malik,Davis,RB,2.7,2025-12-03 01:52:43,2025-12-03 01:52:43,DAL
29752,espn.com,Week 14,Cardinals,Defense,DST,2.7,2025-12-03 05:22:56,2025-12-03 05:22:56,ARI
17837,fanduel.com,Week 11,Allen,Lazard,WR,2.67,2025-11-13 05:21:22,2025-11-13 05:21:22,NYJ
26481,fanduel.com,Week 14,Ty,Johnson,RB,2.67,2025-12-03 01:55:37,2025-12-03 03:57:34,BUF
25373,fanduel.com,Week 13,Lil'Jordan,Humphrey,WR,2.66,2025-11-26 18:38:36,2025-11-26 18:38:36,DEN
26495,fanduel.com,Week 14,Keaton,Mitchell,RB,2.66,2025-12-03 01:55:37,2025-12-03 03:57:34,BAL
25374,fanduel.com,Week 13,Devontez,Walker,WR,2.64,2025-11-26 18:38:36,2025-11-26 18:38:36,BAL
17838,fanduel.com,Week 11,Ryan,Miller,WR,2.63,2025-11-13 05:21:22,2025-11-13 05:21:22,TB
17839,fanduel.com,Week 11,Roman,Wilson,WR,2.62,2025-11-13 05:21:22,2025-11-13 05:21:22,PIT
14946,fanduel.com,Week 10,Mason,Tipton,WR,2.61,2025-11-07 00:48:09,2025-11-07 00:48:09,NO
14947,fanduel.com,Week 10,George,Holani,RB,2.61,2025-11-07 00:48:09,2025-11-07 00:48:09,SEA
15444,sleeper.com,Week 10,Brian,Robinson,RB,2.6,2025-11-07 00:48:26,2025-11-07 00:48:26,SF
15445,sleeper.com,Week 10,Adam,Trautman,TE,2.6,2025-11-07 00:48:26,2025-11-07 00:48:26,DEN
15446,sleeper.com,Week 10,Jaylin,Noel,WR,2.6,2025-11-07 00:48:26,2025-11-07 00:48:26,HOU
15447,sleeper.com,Week 10,Isaiah,Bond,WR,2.6,2025-11-07 00:48:26,2025-11-07 00:48:26,CLE
15787,espn.com,Week 10,Dawson,Knox,TE,2.6,2025-11-07 00:49:32,2025-11-07 00:49:32,BUF
15788,espn.com,Week 10,Brock,Wright,TE,2.6,2025-11-07 00:49:32,2025-11-07 00:49:32,DET
15847,espn.com,Week 10,Commanders D/ST,Defense,DST,2.6,2025-11-07 00:49:32,2025-11-07 00:51:07,WAS
15959,fantasypros.com,Week 10,Bucky,Irving,RB,2.6,2025-11-07 00:50:27,2025-11-07 00:50:27,TB
15960,fantasypros.com,Week 10,Brittain,Brown,RB,2.6,2025-11-07 00:50:27,2025-11-07 00:50:27,CHI
16669,sleeper.com,Week 11,Josh,Oliver,TE,2.6,2025-11-13 05:18:19,2025-11-13 05:18:19,MIN
17034,espn.com,Week 11,Charlie,Kolar,TE,2.6,2025-11-13 05:19:16,2025-11-13 05:19:16,BAL
17097,espn.com,Week 11,Giants D/ST,Defense,DST,2.6,2025-11-13 05:19:16,2025-11-13 05:26:13,NYG
17340,fantasypros.com,Week 11,Jackson,Hawes,TE,2.6,2025-11-13 05:20:49,2025-11-13 05:20:49,BUF
17840,fanduel.com,Week 11,Xavier,Weaver,WR,2.6,2025-11-13 05:21:22,2025-11-13 05:21:22,ARI
18359,sleeper.com,Week 12,Noah,Gray,TE,2.6,2025-11-20 17:45:26,2025-11-20 17:59:20,KC
18360,sleeper.com,Week 12,Jalen,Tolbert,WR,2.6,2025-11-20 17:45:26,2025-11-20 17:59:20,DAL
18361,sleeper.com,Week 12,Jamari,Thrash,WR,2.6,2025-11-20 17:45:26,2025-11-20 17:59:20,CLE
18362,sleeper.com,Week 12,Jimmy,Horn,WR,2.6,2025-11-20 17:45:26,2025-11-20 17:59:20,CAR
18706,espn.com,Week 12,Terrance,Ferguson,TE,2.6,2025-11-20 17:46:24,2025-11-20 18:00:16,LAR
18707,espn.com,Week 12,Mo,Alie-Cox,TE,2.6,2025-11-20 17:46:24,2025-11-20 18:00:16,IND
18708,espn.com,Week 12,Davis,Allen,TE,2.6,2025-11-20 17:46:24,2025-11-20 18:00:16,LAR
18995,fanduel.com,Week 12,Casey,Washington,WR,2.6,2025-11-20 17:52:44,2025-11-20 18:02:18,ATL
20030,fantasypros.com,Week 12,Malik,Davis,RB,2.6,2025-11-20 18:01:42,2025-11-20 18:01:42,DAL
20265,fantasypros.com,Week 12,Hunter,Long,TE,2.6,2025-11-20 18:01:42,2025-11-20 18:02:59,JAX
24302,sleeper.com,Week 13,Audric,Estime,RB,2.6,2025-11-26 18:35:52,2025-11-26 18:35:52,NO
24303,sleeper.com,Week 13,Brian,Robinson,RB,2.6,2025-11-26 18:35:52,2025-11-26 18:35:52,SF
24304,sleeper.com,Week 13,Allen,Lazard,WR,2.6,2025-11-26 18:35:52,2025-11-26 18:35:52,NYJ
24305,sleeper.com,Week 13,Demarcus,Robinson,WR,2.6,2025-11-26 18:35:52,2025-11-26 18:35:52,SF
24306,sleeper.com,Week 13,Isaiah,Williams,WR,2.6,2025-11-26 18:35:52,2025-11-26 18:35:52,NYJ
24307,sleeper.com,Week 13,Davis,Allen,TE,2.6,2025-11-26 18:35:52,2025-11-26 18:35:52,LAR
24308,sleeper.com,Week 13,Foster,Moreau,TE,2.6,2025-11-26 18:35:52,2025-11-26 18:35:52,NO
24309,sleeper.com,Week 13,Dont'e,Thornton,WR,2.6,2025-11-26 18:35:52,2025-11-26 18:35:52,LV
24310,sleeper.com,Week 13,Xavier,Hutchinson,WR,2.6,2025-11-26 18:35:52,2025-11-26 18:35:52,HOU
24676,espn.com,Week 13,Daniel,Bellinger,TE,2.6,2025-11-26 18:36:55,2025-11-26 18:36:55,NYG
24874,fantasypros.com,Week 13,Tre,Tucker,WR,2.6,2025-11-26 18:38:08,2025-11-26 18:38:08,LV
25004,fantasypros.com,Week 13,Ja'Tavion,Sanders,TE,2.6,2025-11-26 18:38:08,2025-11-26 18:38:08,CAR
25905,sleeper.com,Week 14,Adam,Thielen,WR,2.6,2025-12-03 01:52:43,2025-12-03 01:52:43,PIT
25906,sleeper.com,Week 14,Isaiah,Bond,WR,2.6,2025-12-03 01:52:43,2025-12-03 01:52:43,CLE
27205,fantasypros.com,Week 14,Brandin,Cooks,WR,2.6,2025-12-03 02:17:53,2025-12-03 03:06:17,BUF
27206,fantasypros.com,Week 14,Tutu,Atwell,WR,2.6,2025-12-03 02:17:53,2025-12-03 03:06:17,LAR
29753,espn.com,Week 14,Bears,Defense,DST,2.6,2025-12-03 05:22:56,2025-12-03 05:22:56,CHI
26482,fanduel.com,Week 14,Dylan,Sampson,RB,2.59,2025-12-03 01:55:37,2025-12-03 03:57:34,CLE
14948,fanduel.com,Week 10,Curtis,Samuel,WR,2.57,2025-11-07 00:48:09,2025-11-07 00:48:09,BUF
17841,fanduel.com,Week 11,Devin,Duvernay,WR,2.57,2025-11-13 05:21:22,2025-11-13 05:21:22,CHI
26483,fanduel.com,Week 14,Greg,Dulcich,TE,2.57,2025-12-03 01:55:37,2025-12-03 03:57:34,MIA
25375,fanduel.com,Week 13,Tylan,Wallace,WR,2.56,2025-11-26 18:38:36,2025-11-26 18:38:36,BAL
18996,fanduel.com,Week 12,Audric,Estime,RB,2.55,2025-11-20 17:52:44,2025-11-20 18:02:18,NO
28395,fanduel.com,Week 14,Evan,Hull,RB,2.55,2025-12-03 03:57:34,2025-12-03 03:57:34,NO
14949,fanduel.com,Week 10,Roman,Wilson,WR,2.54,2025-11-07 00:48:09,2025-11-07 00:48:09,PIT
18997,fanduel.com,Week 12,Ross,Dwelley,TE,2.54,2025-11-20 17:52:44,2025-11-20 18:02:18,DET
26485,fanduel.com,Week 14,Xavier,Hutchinson,WR,2.54,2025-12-03 01:55:37,2025-12-03 03:57:34,HOU
17842,fanduel.com,Week 11,Ryan,Flournoy,WR,2.53,2025-11-13 05:21:22,2025-11-13 05:21:22,DAL
17843,fanduel.com,Week 11,Ty,Johnson,RB,2.52,2025-11-13 05:21:22,2025-11-13 05:21:22,BUF
25376,fanduel.com,Week 13,Clyde,Edwards-Helaire,RB,2.52,2025-11-26 18:38:36,2025-11-26 18:38:36,KC
25377,fanduel.com,Week 13,Ray,Davis,RB,2.52,2025-11-26 18:38:36,2025-11-26 18:38:36,BUF
26428,fanduel.com,Week 14,Ryan,Flournoy,WR,2.51,2025-12-03 01:55:37,2025-12-03 03:57:34,DAL
26486,fanduel.com,Week 14,Tre,Harris,WR,2.51,2025-12-03 01:55:37,2025-12-03 03:57:34,LAC
15448,sleeper.com,Week 10,Tre',Harris,WR,2.5,2025-11-07 00:48:26,2025-11-07 00:48:26,LAC
15449,sleeper.com,Week 10,Josh,Oliver,TE,2.5,2025-11-07 00:48:26,2025-11-07 00:48:26,MIN
15450,sleeper.com,Week 10,Noah,Brown,WR,2.5,2025-11-07 00:48:26,2025-11-07 00:48:26,WAS
16107,fantasypros.com,Week 10,Dont'e,Thornton Jr.,WR,2.5,2025-11-07 00:50:27,2025-11-07 00:50:27,LV
16670,sleeper.com,Week 11,Devontez,Walker,WR,2.5,2025-11-13 05:18:19,2025-11-13 05:18:19,BAL
16671,sleeper.com,Week 11,Jamari,Thrash,WR,2.5,2025-11-13 05:18:19,2025-11-13 05:18:19,CLE
16672,sleeper.com,Week 11,Lil'Jordan,Humphrey,WR,2.5,2025-11-13 05:18:19,2025-11-13 05:18:19,DEN
16673,sleeper.com,Week 11,Jimmy,Horn,WR,2.5,2025-11-13 05:18:19,2025-11-13 05:18:19,CAR
16674,sleeper.com,Week 11,Ben,Sinnott,TE,2.5,2025-11-13 05:18:19,2025-11-13 05:18:19,WAS
16675,sleeper.com,Week 11,Ray-Ray,McCloud,WR,2.5,2025-11-13 05:18:19,2025-11-13 05:18:19,NYG
17035,espn.com,Week 11,Noah,Gray,TE,2.5,2025-11-13 05:19:16,2025-11-13 05:19:16,KC
17036,espn.com,Week 11,John,Bates,TE,2.5,2025-11-13 05:19:16,2025-11-13 05:26:13,WAS
17037,espn.com,Week 11,Davis,Allen,TE,2.5,2025-11-13 05:19:16,2025-11-13 05:19:16,LAR
17143,fantasypros.com,Week 11,Aidan,O'Connell,QB,2.5,2025-11-13 05:20:49,2025-11-13 05:20:49,LV
18363,sleeper.com,Week 12,Tank,Bigsby,RB,2.5,2025-11-20 17:45:26,2025-11-20 17:59:20,PHI
18709,espn.com,Week 12,Jackson,Hawes,TE,2.5,2025-11-20 17:46:24,2025-11-20 18:00:16,BUF
20174,fantasypros.com,Week 12,Marvin,Harrison Jr.,WR,2.5,2025-11-20 18:01:42,2025-11-20 18:01:42,ARI
20175,fantasypros.com,Week 12,Tory,Horton,WR,2.5,2025-11-20 18:01:42,2025-11-20 18:01:42,SEA
20176,fantasypros.com,Week 12,Xavier,Weaver,WR,2.5,2025-11-20 18:01:42,2025-11-20 18:01:42,ARI
20177,fantasypros.com,Week 12,Isaiah,Williams,WR,2.5,2025-11-20 18:01:42,2025-11-20 18:01:42,NYJ
24311,sleeper.com,Week 13,Arian,Smith,WR,2.5,2025-11-26 18:35:52,2025-11-26 18:35:52,NYJ
24312,sleeper.com,Week 13,Tank,Bigsby,RB,2.5,2025-11-26 18:35:52,2025-11-26 18:35:52,PHI
24313,sleeper.com,Week 13,Austin,Hooper,TE,2.5,2025-11-26 18:35:52,2025-11-26 18:35:52,NE
24677,espn.com,Week 13,Julian,Hill,TE,2.5,2025-11-26 18:36:55,2025-11-26 18:36:55,MIA
24787,fantasypros.com,Week 13,Tyson,Bagent,QB,2.5,2025-11-26 18:38:08,2025-11-26 18:38:08,CHI
25102,fantasypros.com,Week 13,Carolina Panthers,Defense,DST,2.5,2025-11-26 18:38:08,2025-11-26 18:38:08,CAR
25378,fanduel.com,Week 13,Tank,Bigsby,RB,2.5,2025-11-26 18:38:36,2025-11-26 18:38:36,PHI
25907,sleeper.com,Week 14,Brandin,Cooks,WR,2.5,2025-12-03 01:52:43,2025-12-03 01:52:43,BUF
25908,sleeper.com,Week 14,Davis,Allen,TE,2.5,2025-12-03 01:52:43,2025-12-03 01:52:43,LAR
25909,sleeper.com,Week 14,Dont'e,Thornton,WR,2.5,2025-12-03 01:52:43,2025-12-03 01:52:43,LV
25910,sleeper.com,Week 14,Rasheen,Ali,RB,2.5,2025-12-03 01:52:43,2025-12-03 01:52:43,BAL
25911,sleeper.com,Week 14,Tank,Bigsby,RB,2.5,2025-12-03 01:52:43,2025-12-03 01:52:43,PHI
27207,fantasypros.com,Week 14,Konata,Mumpfield,WR,2.5,2025-12-03 02:17:53,2025-12-03 03:06:17,LAR
27269,fantasypros.com,Week 14,Brock,Wright,TE,2.5,2025-12-03 02:17:53,2025-12-03 03:06:17,DET
27270,fantasypros.com,Week 14,Foster,Moreau,TE,2.5,2025-12-03 02:17:53,2025-12-03 03:06:17,NO
27271,fantasypros.com,Week 14,Michael,Mayer,TE,2.5,2025-12-03 02:17:53,2025-12-03 03:06:17,LV
27272,fantasypros.com,Week 14,Johnny,Mundt,TE,2.5,2025-12-03 02:17:53,2025-12-03 03:06:17,JAX
14950,fanduel.com,Week 10,Brittain,Brown,RB,2.48,2025-11-07 00:48:09,2025-11-07 00:48:09,CHI
25379,fanduel.com,Week 13,Austin,Hooper,TE,2.48,2025-11-26 18:38:36,2025-11-26 18:38:36,NE
14951,fanduel.com,Week 10,Chris,Manhertz,TE,2.47,2025-11-07 00:48:09,2025-11-07 00:48:09,NYG
18998,fanduel.com,Week 12,Jalin,Hyatt,WR,2.47,2025-11-20 17:52:44,2025-11-20 18:02:18,NYG
18999,fanduel.com,Week 12,Demarcus,Robinson,WR,2.47,2025-11-20 17:52:44,2025-11-20 18:02:18,SF
19000,fanduel.com,Week 12,Ray-Ray,McCloud,WR,2.46,2025-11-20 17:52:44,2025-11-20 18:02:18,NYG
14952,fanduel.com,Week 10,Terrell,Jennings,RB,2.44,2025-11-07 00:48:09,2025-11-07 00:48:09,NE
26487,fanduel.com,Week 14,Noah,Fant,TE,2.44,2025-12-03 01:55:37,2025-12-03 03:57:34,CIN
14953,fanduel.com,Week 10,Elijah,Higgins,TE,2.42,2025-11-07 00:48:09,2025-11-07 00:48:09,ARI
17844,fanduel.com,Week 11,Chris,Rodriguez Jr.,RB,2.42,2025-11-13 05:21:22,2025-11-13 05:26:13,WAS
26488,fanduel.com,Week 14,Roman,Wilson,WR,2.42,2025-12-03 01:55:37,2025-12-03 03:57:34,PIT
14954,fanduel.com,Week 10,Charlie,Kolar,TE,2.41,2025-11-07 00:48:09,2025-11-07 00:48:09,BAL
26489,fanduel.com,Week 14,Josh,Palmer,WR,2.41,2025-12-03 01:55:37,2025-12-03 03:57:34,BUF
15451,sleeper.com,Week 10,Daniel,Bellinger,TE,2.4,2025-11-07 00:48:26,2025-11-07 00:48:26,NYG
15452,sleeper.com,Week 10,Jimmy,Horn,WR,2.4,2025-11-07 00:48:26,2025-11-07 00:48:26,CAR
15961,fantasypros.com,Week 10,Kyle,Juszczyk,RB,2.4,2025-11-07 00:50:27,2025-11-07 00:50:27,SF
16108,fantasypros.com,Week 10,Austin,Trammell,WR,2.4,2025-11-07 00:50:27,2025-11-07 00:51:07,JAX
16109,fantasypros.com,Week 10,Adonai,Mitchell,WR,2.4,2025-11-07 00:50:27,2025-11-07 00:50:27,NYJ
16676,sleeper.com,Week 11,Noah,Gray,TE,2.4,2025-11-13 05:18:19,2025-11-13 05:18:19,KC
16677,sleeper.com,Week 11,Pat,Bryant,WR,2.4,2025-11-13 05:18:19,2025-11-13 05:18:19,DEN
16678,sleeper.com,Week 11,Tanner,Hudson,TE,2.4,2025-11-13 05:18:19,2025-11-13 05:18:19,CIN
17207,fantasypros.com,Week 11,Ollie,Gordon II,RB,2.4,2025-11-13 05:20:49,2025-11-13 05:20:49,MIA
18364,sleeper.com,Week 12,Jack,Bech,WR,2.4,2025-11-20 17:45:26,2025-11-20 17:59:20,LV
18365,sleeper.com,Week 12,Jaylin,Noel,WR,2.4,2025-11-20 17:45:26,2025-11-20 17:59:20,HOU
19001,fanduel.com,Week 12,Jimmy,Horn Jr.,WR,2.4,2025-11-20 17:52:44,2025-11-20 18:02:18,CAR
20178,fantasypros.com,Week 12,Mason,Kinsey,WR,2.4,2025-11-20 18:01:42,2025-11-20 18:01:42,TEN
20179,fantasypros.com,Week 12,Malachi,Corley,WR,2.4,2025-11-20 18:01:42,2025-11-20 18:01:42,CLE
20180,fantasypros.com,Week 12,Savion,Williams,WR,2.4,2025-11-20 18:01:42,2025-11-20 18:01:42,GB
24314,sleeper.com,Week 13,Jimmy,Horn,WR,2.4,2025-11-26 18:35:52,2025-11-26 18:35:52,CAR
24315,sleeper.com,Week 13,Isaiah,Bond,WR,2.4,2025-11-26 18:35:52,2025-11-26 18:35:52,CLE
24316,sleeper.com,Week 13,Charlie,Kolar,TE,2.4,2025-11-26 18:35:52,2025-11-26 18:35:52,BAL
24317,sleeper.com,Week 13,Malik,Davis,RB,2.4,2025-11-26 18:35:52,2025-11-26 18:35:52,DAL
25912,sleeper.com,Week 14,Noah,Gray,TE,2.4,2025-12-03 01:52:43,2025-12-03 01:52:43,KC
25913,sleeper.com,Week 14,Brashard,Smith,RB,2.4,2025-12-03 01:52:43,2025-12-03 01:52:43,KC
25914,sleeper.com,Week 14,Jaylin,Noel,WR,2.4,2025-12-03 01:52:43,2025-12-03 01:52:43,HOU
27085,fantasypros.com,Week 14,Kaleb,Johnson,RB,2.4,2025-12-03 02:17:53,2025-12-03 03:06:17,PIT
27086,fantasypros.com,Week 14,Tyler,Badie,RB,2.4,2025-12-03 02:17:53,2025-12-03 03:06:17,DEN
27208,fantasypros.com,Week 14,Chris,Moore,WR,2.4,2025-12-03 02:17:53,2025-12-03 03:06:17,WAS
27209,fantasypros.com,Week 14,Xavier,Smith,WR,2.4,2025-12-03 02:17:53,2025-12-03 03:06:17,LAR
27210,fantasypros.com,Week 14,Jayden,Reed,WR,2.4,2025-12-03 02:17:53,2025-12-03 03:06:17,GB
27211,fantasypros.com,Week 14,Jalen,Tolbert,WR,2.4,2025-12-03 02:17:53,2025-12-03 03:06:17,DAL
27273,fantasypros.com,Week 14,Jeremy,Ruckert,TE,2.4,2025-12-03 02:17:53,2025-12-03 03:06:17,NYJ
27274,fantasypros.com,Week 14,Luke,Schoonmaker,TE,2.4,2025-12-03 02:17:53,2025-12-03 03:06:17,DAL
14955,fanduel.com,Week 10,Sean,Tucker,RB,2.38,2025-11-07 00:48:09,2025-11-07 00:48:09,TB
17845,fanduel.com,Week 11,Chris,Manhertz,TE,2.37,2025-11-13 05:21:22,2025-11-13 05:21:22,NYG
17846,fanduel.com,Week 11,Jaret,Patterson,RB,2.36,2025-11-13 05:21:22,2025-11-13 05:21:22,LAC
19002,fanduel.com,Week 12,Jack,Westover,RB,2.36,2025-11-20 17:52:44,2025-11-20 18:02:18,NE
25380,fanduel.com,Week 13,Tommy,Tremble,TE,2.36,2025-11-26 18:38:36,2025-11-26 18:38:36,CAR
25381,fanduel.com,Week 13,Tyler,Badie,RB,2.36,2025-11-26 18:38:36,2025-11-26 18:38:36,DEN
26490,fanduel.com,Week 14,Xavier,Smith,WR,2.36,2025-12-03 01:55:37,2025-12-03 03:57:34,LAR
17847,fanduel.com,Week 11,Jamari,Thrash,WR,2.35,2025-11-13 05:21:22,2025-11-13 05:21:22,CLE
19003,fanduel.com,Week 12,Trey,Benson,RB,2.35,2025-11-20 17:52:44,2025-11-20 18:02:18,ARI
19004,fanduel.com,Week 12,Tylan,Wallace,WR,2.34,2025-11-20 17:52:44,2025-11-20 18:02:18,BAL
19005,fanduel.com,Week 12,Gunner,Olszewski,WR,2.33,2025-11-20 17:52:44,2025-11-20 18:02:18,NYG
14956,fanduel.com,Week 10,Adonai,Mitchell,WR,2.32,2025-11-07 00:48:09,2025-11-07 00:48:09,NYJ
14957,fanduel.com,Week 10,Tommy,Tremble,TE,2.31,2025-11-07 00:48:09,2025-11-07 00:48:09,CAR
25382,fanduel.com,Week 13,Isaiah,Williams,WR,2.31,2025-11-26 18:38:36,2025-11-26 18:38:36,NYJ
15453,sleeper.com,Week 10,Dontayvion,Wicks,WR,2.3,2025-11-07 00:48:26,2025-11-07 00:48:26,GB
15454,sleeper.com,Week 10,Michael,Bandy,WR,2.3,2025-11-07 00:48:26,2025-11-07 00:48:26,DEN
15789,espn.com,Week 10,Charlie,Kolar,TE,2.3,2025-11-07 00:49:32,2025-11-07 00:49:32,BAL
15790,espn.com,Week 10,Tommy,Tremble,TE,2.3,2025-11-07 00:49:32,2025-11-07 00:49:32,CAR
16110,fantasypros.com,Week 10,Skyy,Moore,WR,2.3,2025-11-07 00:50:27,2025-11-07 00:50:27,SF
16111,fantasypros.com,Week 10,Joshua,Palmer,WR,2.3,2025-11-07 00:50:27,2025-11-07 00:50:27,BUF
16112,fantasypros.com,Week 10,Mason,Tipton,WR,2.3,2025-11-07 00:50:27,2025-11-07 00:50:27,NO
16679,sleeper.com,Week 11,John,Metchie,WR,2.3,2025-11-13 05:18:19,2025-11-13 05:18:19,NYJ
16680,sleeper.com,Week 11,Daniel,Bellinger,TE,2.3,2025-11-13 05:18:19,2025-11-13 05:18:19,NYG
16681,sleeper.com,Week 11,Charlie,Kolar,TE,2.3,2025-11-13 05:18:19,2025-11-13 05:18:19,BAL
17341,fantasypros.com,Week 11,Gunnar,Helm,TE,2.3,2025-11-13 05:20:49,2025-11-13 05:20:49,TEN
18366,sleeper.com,Week 12,Demarcus,Robinson,WR,2.3,2025-11-20 17:45:26,2025-11-20 17:59:20,SF
18367,sleeper.com,Week 12,Josh,Oliver,TE,2.3,2025-11-20 17:45:26,2025-11-20 17:59:20,MIN
18368,sleeper.com,Week 12,Savion,Williams,WR,2.3,2025-11-20 17:45:26,2025-11-20 17:59:20,GB
18369,sleeper.com,Week 12,Tim,Patrick,WR,2.3,2025-11-20 17:45:26,2025-11-20 17:59:20,JAX
18370,sleeper.com,Week 12,Gunner,Olszewski,WR,2.3,2025-11-20 17:45:26,2025-11-20 17:59:20,NYG
18371,sleeper.com,Week 12,LeQuint,Allen,RB,2.3,2025-11-20 17:45:26,2025-11-20 17:59:20,JAX
18372,sleeper.com,Week 12,Charlie,Kolar,TE,2.3,2025-11-20 17:45:26,2025-11-20 17:59:20,BAL
20181,fantasypros.com,Week 12,Elijah,Moore,WR,2.3,2025-11-20 18:01:42,2025-11-20 18:01:42,BUF
20266,fantasypros.com,Week 12,Mitchell,Evans,TE,2.3,2025-11-20 18:01:42,2025-11-20 18:01:42,CAR
20267,fantasypros.com,Week 12,Luke,Farrell,TE,2.3,2025-11-20 18:01:42,2025-11-20 18:01:42,SF
20268,fantasypros.com,Week 12,Drew,Sample,TE,2.3,2025-11-20 18:01:42,2025-11-20 18:01:42,CIN
20269,fantasypros.com,Week 12,Connor,Heyward,TE,2.3,2025-11-20 18:01:42,2025-11-20 18:01:42,PIT
24318,sleeper.com,Week 13,Xavier,Restrepo,WR,2.3,2025-11-26 18:35:52,2025-11-26 18:35:52,TEN
24319,sleeper.com,Week 13,LeQuint,Allen,RB,2.3,2025-11-26 18:35:52,2025-11-26 18:35:52,JAX
24320,sleeper.com,Week 13,Tanner,Hudson,TE,2.3,2025-11-26 18:35:52,2025-11-26 18:35:52,CIN
24875,fantasypros.com,Week 13,Jayden,Higgins,WR,2.3,2025-11-26 18:38:08,2025-11-26 18:38:08,HOU
25005,fantasypros.com,Week 13,Greg,Dulcich,TE,2.3,2025-11-26 18:38:08,2025-11-26 18:38:08,MIA
25383,fanduel.com,Week 13,Adam,Trautman,TE,2.3,2025-11-26 18:38:36,2025-11-26 18:38:36,DEN
25915,sleeper.com,Week 14,Xavier,Smith,WR,2.3,2025-12-03 01:52:43,2025-12-03 01:52:43,LAR
25916,sleeper.com,Week 14,Charlie,Kolar,TE,2.3,2025-12-03 01:52:43,2025-12-03 01:52:43,BAL
25917,sleeper.com,Week 14,Tyquan,Thornton,WR,2.3,2025-12-03 01:52:43,2025-12-03 01:52:43,KC
26491,fanduel.com,Week 14,Clyde,Edwards-Helaire,RB,2.3,2025-12-03 01:55:37,2025-12-03 03:57:34,KC
27275,fantasypros.com,Week 14,Charlie,Woerner,TE,2.3,2025-12-03 02:17:53,2025-12-03 03:06:17,ATL
19006,fanduel.com,Week 12,Will,Mallory,TE,2.29,2025-11-20 17:52:44,2025-11-20 18:02:18,IND
19007,fanduel.com,Week 12,George,Holani,RB,2.29,2025-11-20 17:52:44,2025-11-20 18:02:18,SEA
17848,fanduel.com,Week 11,Tommy,Tremble,TE,2.28,2025-11-13 05:21:22,2025-11-13 05:21:22,CAR
25384,fanduel.com,Week 13,Will,Shipley,RB,2.28,2025-11-26 18:38:36,2025-11-26 18:38:36,PHI
25385,fanduel.com,Week 13,Jalin,Hyatt,WR,2.27,2025-11-26 18:38:36,2025-11-26 18:38:36,NYG
26493,fanduel.com,Week 14,Adam,Trautman,TE,2.27,2025-12-03 01:55:37,2025-12-03 03:57:34,DEN
17849,fanduel.com,Week 11,Tyler,Conklin,TE,2.26,2025-11-13 05:21:22,2025-11-13 05:21:22,LAC
26494,fanduel.com,Week 14,Ameer,Abdullah,RB,2.24,2025-12-03 01:55:37,2025-12-03 03:57:34,IND
25386,fanduel.com,Week 13,Jimmy,Horn Jr.,WR,2.23,2025-11-26 18:38:36,2025-11-26 18:38:36,CAR
25387,fanduel.com,Week 13,Olamide,Zaccheaus,WR,2.22,2025-11-26 18:38:36,2025-11-26 18:38:36,CHI
15791,espn.com,Week 10,John,FitzPatrick,TE,2.2,2025-11-07 00:49:32,2025-11-07 00:49:32,GB
15792,espn.com,Week 10,Greg,Dulcich,TE,2.2,2025-11-07 00:49:32,2025-11-07 00:49:32,MIA
16682,sleeper.com,Week 11,Chris,Brooks,RB,2.2,2025-11-13 05:18:19,2025-11-13 05:18:19,GB
16683,sleeper.com,Week 11,LeQuint,Allen,RB,2.2,2025-11-13 05:18:19,2025-11-13 05:18:19,JAX
16684,sleeper.com,Week 11,Andre,Baccellia,WR,2.2,2025-11-13 05:18:19,2025-11-13 05:18:19,ARI
18373,sleeper.com,Week 12,Chris,Brooks,RB,2.2,2025-11-20 17:45:26,2025-11-20 17:59:20,GB
18710,espn.com,Week 12,Luke,Schoonmaker,TE,2.2,2025-11-20 17:46:24,2025-11-20 18:00:16,DAL
20182,fantasypros.com,Week 12,Drake,London,WR,2.2,2025-11-20 18:01:42,2025-11-20 18:01:42,ATL
20183,fantasypros.com,Week 12,Curtis,Samuel,WR,2.2,2025-11-20 18:01:42,2025-11-20 18:01:42,BUF
20270,fantasypros.com,Week 12,Charlie,Woerner,TE,2.2,2025-11-20 18:01:42,2025-11-20 18:01:42,ATL
20271,fantasypros.com,Week 12,Austin,Hooper,TE,2.2,2025-11-20 18:01:42,2025-11-20 18:01:42,NE
25103,fantasypros.com,Week 13,Cincinnati Bengals,Defense,DST,2.2,2025-11-26 18:38:08,2025-11-26 18:38:08,CIN
25918,sleeper.com,Week 14,Josh,Oliver,TE,2.2,2025-12-03 01:52:43,2025-12-03 01:52:43,MIN
25919,sleeper.com,Week 14,Malachi,Corley,WR,2.2,2025-12-03 01:52:43,2025-12-03 01:52:43,CLE
25920,sleeper.com,Week 14,LeQuint,Allen,RB,2.2,2025-12-03 01:52:43,2025-12-03 01:52:43,JAX
25921,sleeper.com,Week 14,Tanner,Hudson,TE,2.2,2025-12-03 01:52:43,2025-12-03 01:52:43,CIN
27212,fantasypros.com,Week 14,Drake,London,WR,2.2,2025-12-03 02:17:53,2025-12-03 03:06:17,ATL
27213,fantasypros.com,Week 14,Malachi,Corley,WR,2.2,2025-12-03 02:17:53,2025-12-03 03:06:17,CLE
27214,fantasypros.com,Week 14,Nick,Westbrook-Ikhine,WR,2.2,2025-12-03 02:17:53,2025-12-03 03:06:17,MIA
25388,fanduel.com,Week 13,John,FitzPatrick,TE,2.19,2025-11-26 18:38:36,2025-11-26 18:38:36,GB
25389,fanduel.com,Week 13,Will,Mallory,TE,2.18,2025-11-26 18:38:36,2025-11-26 18:38:36,IND
14958,fanduel.com,Week 10,Isaac,TeSlaa,WR,2.17,2025-11-07 00:48:09,2025-11-07 00:48:09,DET
26496,fanduel.com,Week 14,Dyami,Brown,WR,2.17,2025-12-03 01:55:37,2025-12-03 03:57:34,JAX
17850,fanduel.com,Week 11,Tylan,Wallace,WR,2.16,2025-11-13 05:21:22,2025-11-13 05:21:22,BAL
19008,fanduel.com,Week 12,Mitchell,Evans,TE,2.16,2025-11-20 17:52:44,2025-11-20 18:02:18,CAR
25390,fanduel.com,Week 13,Khadarel,Hodge,WR,2.16,2025-11-26 18:38:36,2025-11-26 18:38:36,ATL
26562,fanduel.com,Week 14,Cody,White,WR,2.16,2025-12-03 01:55:37,2025-12-03 03:57:34,SEA
19009,fanduel.com,Week 12,Quintin,Morris,TE,2.15,2025-11-20 17:52:44,2025-11-20 18:02:59,JAX
25391,fanduel.com,Week 13,Darren,Waller,TE,2.15,2025-11-26 18:38:36,2025-11-26 18:38:36,MIA
26497,fanduel.com,Week 14,Isaiah,Williams,WR,2.15,2025-12-03 01:55:37,2025-12-03 03:57:34,NYJ
26484,fanduel.com,Week 14,Rasheen,Ali,RB,2.14,2025-12-03 01:55:37,2025-12-03 03:57:34,BAL
14959,fanduel.com,Week 10,Savion,Williams,WR,2.13,2025-11-07 00:48:09,2025-11-07 00:48:09,GB
17851,fanduel.com,Week 11,Tyrell,Shavers,WR,2.13,2025-11-13 05:21:22,2025-11-13 05:21:22,BUF
25392,fanduel.com,Week 13,Elijah,Arroyo,TE,2.13,2025-11-26 18:38:36,2025-11-26 18:38:36,SEA
19010,fanduel.com,Week 12,Ryan,Miller,WR,2.12,2025-11-20 17:52:44,2025-11-20 18:02:18,TB
26499,fanduel.com,Week 14,Cade,Stover,TE,2.12,2025-12-03 01:55:37,2025-12-03 03:57:34,HOU
14960,fanduel.com,Week 10,Kyle,Williams,WR,2.11,2025-11-07 00:48:09,2025-11-07 00:48:09,NE
25393,fanduel.com,Week 13,Malachi,Corley,WR,2.11,2025-11-26 18:38:36,2025-11-26 18:38:36,CLE
15962,fantasypros.com,Week 10,Tyler,Badie,RB,2.1,2025-11-07 00:50:27,2025-11-07 00:50:27,DEN
16113,fantasypros.com,Week 10,Cedrick,Wilson Jr.,WR,2.1,2025-11-07 00:50:27,2025-11-07 00:50:27,MIA
16685,sleeper.com,Week 11,Jeremy,Ruckert,TE,2.1,2025-11-13 05:18:19,2025-11-13 05:18:19,NYJ
16686,sleeper.com,Week 11,Will,Shipley,RB,2.1,2025-11-13 05:18:19,2025-11-13 05:18:19,PHI
16687,sleeper.com,Week 11,Kameron,Johnson,WR,2.1,2025-11-13 05:18:19,2025-11-13 05:18:19,TB
17852,fanduel.com,Week 11,Grant,Calcaterra,TE,2.1,2025-11-13 05:21:22,2025-11-13 05:21:22,PHI
17853,fanduel.com,Week 11,Isaac,TeSlaa,WR,2.1,2025-11-13 05:21:22,2025-11-13 05:21:22,DET
18374,sleeper.com,Week 12,Tahj,Brooks,RB,2.1,2025-11-20 17:45:26,2025-11-20 17:59:20,CIN
18375,sleeper.com,Week 12,Quintin,Morris,TE,2.1,2025-11-20 17:45:26,2025-11-20 17:59:20,JAX
20184,fantasypros.com,Week 12,Jalen,Tolbert,WR,2.1,2025-11-20 18:01:42,2025-11-20 18:01:42,DAL
20272,fantasypros.com,Week 12,Quintin,Morris,TE,2.1,2025-11-20 18:01:42,2025-11-20 18:02:59,JAX
26500,fanduel.com,Week 14,Chris,Moore,WR,2.1,2025-12-03 01:55:37,2025-12-03 03:57:34,WAS
27276,fantasypros.com,Week 14,Grant,Calcaterra,TE,2.1,2025-12-03 02:17:53,2025-12-03 03:06:17,PHI
17854,fanduel.com,Week 11,Savion,Williams,WR,2.07,2025-11-13 05:21:22,2025-11-13 05:21:22,GB
17855,fanduel.com,Week 11,Dylan,Sampson,RB,2.07,2025-11-13 05:21:22,2025-11-13 05:21:22,CLE
26501,fanduel.com,Week 14,Zavier,Scott,RB,2.07,2025-12-03 01:55:37,2025-12-03 03:57:34,MIN
17856,fanduel.com,Week 11,Clyde,Edwards-Helaire,RB,2.06,2025-11-13 05:21:22,2025-11-13 05:21:22,KC
17857,fanduel.com,Week 11,Harrison,Bryant,TE,2.05,2025-11-13 05:21:22,2025-11-13 05:21:22,HOU
19011,fanduel.com,Week 12,Savion,Williams,WR,2.05,2025-11-20 17:52:44,2025-11-20 18:02:18,GB
25394,fanduel.com,Week 13,Cedrick,Wilson,WR,2.04,2025-11-26 18:38:36,2025-11-26 18:38:36,MIA
14961,fanduel.com,Week 10,Grant,Calcaterra,TE,2.02,2025-11-07 00:48:09,2025-11-07 00:48:09,PHI
25395,fanduel.com,Week 13,Ameer,Abdullah,RB,2.02,2025-11-26 18:38:36,2025-11-26 18:38:36,IND
17858,fanduel.com,Week 11,Casey,Washington,WR,2.01,2025-11-13 05:21:22,2025-11-13 05:21:22,ATL
14962,fanduel.com,Week 10,Casey,Washington,WR,2.0,2025-11-07 00:48:09,2025-11-07 00:48:09,ATL
15455,sleeper.com,Week 10,Kameron,Johnson,WR,2.0,2025-11-07 00:48:26,2025-11-07 00:48:26,TB
15456,sleeper.com,Week 10,Alec,Ingold,RB,2.0,2025-11-07 00:48:26,2025-11-07 00:51:07,MIA
15457,sleeper.com,Week 10,Ryan,Miller,WR,2.0,2025-11-07 00:48:26,2025-11-07 00:48:26,TB
16114,fantasypros.com,Week 10,Jordan,Watkins,WR,2.0,2025-11-07 00:50:27,2025-11-07 00:50:27,SF
16688,sleeper.com,Week 11,Malik,Heath,WR,2.0,2025-11-13 05:18:19,2025-11-13 05:18:19,GB
17144,fantasypros.com,Week 11,Andy,Dalton,QB,2.0,2025-11-13 05:20:49,2025-11-13 05:20:49,CAR
17208,fantasypros.com,Week 11,Isaiah,Davis,RB,2.0,2025-11-13 05:20:49,2025-11-13 05:20:49,NYJ
17342,fantasypros.com,Week 11,Colby,Parkinson,TE,2.0,2025-11-13 05:20:49,2025-11-13 05:20:49,LAR
18376,sleeper.com,Week 12,Malachi,Corley,WR,2.0,2025-11-20 17:45:26,2025-11-20 17:59:20,CLE
18377,sleeper.com,Week 12,Xavier,Smith,WR,2.0,2025-11-20 17:45:26,2025-11-20 17:59:20,LAR
20273,fantasypros.com,Week 12,Thomas,Fidone II,TE,2.0,2025-11-20 18:01:42,2025-11-20 18:01:42,NYG
20274,fantasypros.com,Week 12,Luke,Schoonmaker,TE,2.0,2025-11-20 18:01:42,2025-11-20 18:01:42,DAL
24321,sleeper.com,Week 13,Devontez,Walker,WR,2.0,2025-11-26 18:35:52,2025-11-26 18:35:52,BAL
24322,sleeper.com,Week 13,Josh,Oliver,TE,2.0,2025-11-26 18:35:52,2025-11-26 18:35:52,MIN
24323,sleeper.com,Week 13,Savion,Williams,WR,2.0,2025-11-26 18:35:52,2025-11-26 18:35:52,GB
24324,sleeper.com,Week 13,Malachi,Corley,WR,2.0,2025-11-26 18:35:52,2025-11-26 18:35:52,CLE
24325,sleeper.com,Week 13,Jaylin,Lane,WR,2.0,2025-11-26 18:35:52,2025-11-26 18:35:52,WAS
24788,fantasypros.com,Week 13,Jimmy,Garoppolo,QB,2.0,2025-11-26 18:38:08,2025-11-26 18:38:08,LAR
25006,fantasypros.com,Week 13,Davis,Allen,TE,2.0,2025-11-26 18:38:08,2025-11-26 18:38:08,LAR
25922,sleeper.com,Week 14,John,FitzPatrick,TE,2.0,2025-12-03 01:52:43,2025-12-03 01:52:43,GB
25923,sleeper.com,Week 14,Ray,Davis,RB,2.0,2025-12-03 01:52:43,2025-12-03 01:52:43,BUF
27087,fantasypros.com,Week 14,LeQuint,Allen Jr.,RB,2.0,2025-12-03 02:17:53,2025-12-03 03:06:17,JAX
27215,fantasypros.com,Week 14,Allen,Lazard,WR,2.0,2025-12-03 02:17:53,2025-12-03 03:06:17,NYJ
27216,fantasypros.com,Week 14,Devontez,Walker,WR,2.0,2025-12-03 02:17:53,2025-12-03 03:06:17,BAL
19012,fanduel.com,Week 12,Isaac,TeSlaa,WR,1.98,2025-11-20 17:52:44,2025-11-20 18:02:18,DET
25396,fanduel.com,Week 13,Gunner,Olszewski,WR,1.98,2025-11-26 18:38:36,2025-11-26 18:38:36,NYG
26502,fanduel.com,Week 14,Malik,Davis,RB,1.96,2025-12-03 01:55:37,2025-12-03 03:57:34,DAL
17859,fanduel.com,Week 11,Tyler,Badie,RB,1.95,2025-11-13 05:21:22,2025-11-13 05:21:22,DEN
17860,fanduel.com,Week 11,Davis,Mills,QB,1.93,2025-11-13 05:21:22,2025-11-13 05:21:22,HOU
19013,fanduel.com,Week 12,Andrew,Beck,RB,1.93,2025-11-20 17:52:44,2025-11-20 18:02:18,NYJ
19014,fanduel.com,Week 12,John,FitzPatrick,TE,1.93,2025-11-20 17:52:44,2025-11-20 18:02:18,GB
19015,fanduel.com,Week 12,Brashard,Smith,RB,1.93,2025-11-20 17:52:44,2025-11-20 18:02:18,KC
25397,fanduel.com,Week 13,Cam,Grandy,TE,1.92,2025-11-26 18:38:36,2025-11-26 18:38:36,CIN
25398,fanduel.com,Week 13,Jaylen,Wright,RB,1.92,2025-11-26 18:38:36,2025-11-26 18:38:36,MIA
26503,fanduel.com,Week 14,Malachi,Corley,WR,1.92,2025-12-03 01:55:37,2025-12-03 03:57:34,CLE
15458,sleeper.com,Week 10,Ameer,Abdullah,RB,1.9,2025-11-07 00:48:26,2025-11-07 00:48:26,IND
15459,sleeper.com,Week 10,Chris,Brooks,RB,1.9,2025-11-07 00:48:26,2025-11-07 00:48:26,GB
15460,sleeper.com,Week 10,Michael,Carter,RB,1.9,2025-11-07 00:48:26,2025-11-07 00:48:26,ARI
15461,sleeper.com,Week 10,Terrance,Ferguson,TE,1.9,2025-11-07 00:48:26,2025-11-07 00:48:26,LAR
15462,sleeper.com,Week 10,Malik,Heath,WR,1.9,2025-11-07 00:48:26,2025-11-07 00:48:26,GB
15463,sleeper.com,Week 10,David,Sills,WR,1.9,2025-11-07 00:48:26,2025-11-07 00:48:26,ATL
16689,sleeper.com,Week 11,Xavier,Weaver,WR,1.9,2025-11-13 05:18:19,2025-11-13 05:18:19,ARI
16690,sleeper.com,Week 11,Malachi,Corley,WR,1.9,2025-11-13 05:18:19,2025-11-13 05:18:19,CLE
16691,sleeper.com,Week 11,Adam,Trautman,TE,1.9,2025-11-13 05:18:19,2025-11-13 05:18:19,DEN
16692,sleeper.com,Week 11,David,Sills,WR,1.9,2025-11-13 05:18:19,2025-11-13 05:18:19,ATL
16693,sleeper.com,Week 11,Xavier,Smith,WR,1.9,2025-11-13 05:18:19,2025-11-13 05:18:19,LAR
16694,sleeper.com,Week 11,Nate,Adkins,TE,1.9,2025-11-13 05:18:19,2025-11-13 05:18:19,DEN
18378,sleeper.com,Week 12,Ameer,Abdullah,RB,1.9,2025-11-20 17:45:26,2025-11-20 17:59:20,IND
18379,sleeper.com,Week 12,John,FitzPatrick,TE,1.9,2025-11-20 17:45:26,2025-11-20 17:59:20,GB
18380,sleeper.com,Week 12,Grant,Calcaterra,TE,1.9,2025-11-20 17:45:26,2025-11-20 17:59:20,PHI
18381,sleeper.com,Week 12,Mitchell,Evans,TE,1.9,2025-11-20 17:45:26,2025-11-20 17:59:20,CAR
18382,sleeper.com,Week 12,Cody,White,WR,1.9,2025-11-20 17:45:26,2025-11-20 17:59:20,SEA
18383,sleeper.com,Week 12,Ross,Dwelley,TE,1.9,2025-11-20 17:45:26,2025-11-20 17:59:20,DET
19016,fanduel.com,Week 12,Ray,Davis,RB,1.9,2025-11-20 17:52:44,2025-11-20 18:02:18,BUF
20185,fantasypros.com,Week 12,Casey,Washington,WR,1.9,2025-11-20 18:01:42,2025-11-20 18:01:42,ATL
20186,fantasypros.com,Week 12,Kameron,Johnson,WR,1.9,2025-11-20 18:01:42,2025-11-20 18:01:42,TB
20187,fantasypros.com,Week 12,Devontez,Walker,WR,1.9,2025-11-20 18:01:42,2025-11-20 18:01:42,BAL
20188,fantasypros.com,Week 12,Jimmy,Horn Jr.,WR,1.9,2025-11-20 18:01:42,2025-11-20 18:01:42,CAR
20189,fantasypros.com,Week 12,Arian,Smith,WR,1.9,2025-11-20 18:01:42,2025-11-20 18:01:42,NYJ
20275,fantasypros.com,Week 12,Grant,Calcaterra,TE,1.9,2025-11-20 18:01:42,2025-11-20 18:01:42,PHI
24326,sleeper.com,Week 13,Adam,Trautman,TE,1.9,2025-11-26 18:35:52,2025-11-26 18:35:52,DEN
24327,sleeper.com,Week 13,Ross,Dwelley,TE,1.9,2025-11-26 18:35:52,2025-11-26 18:35:52,DET
24328,sleeper.com,Week 13,Josh,Whyle,TE,1.9,2025-11-26 18:35:52,2025-11-26 18:35:52,GB
24329,sleeper.com,Week 13,Nate,Adkins,TE,1.9,2025-11-26 18:35:52,2025-11-26 18:35:52,DEN
24741,espn.com,Week 13,Panthers D/ST,Defense,DST,1.9,2025-11-26 18:36:55,2025-11-26 18:36:55,CAR
24876,fantasypros.com,Week 13,John,Metchie III,WR,1.9,2025-11-26 18:38:08,2025-11-26 18:38:08,NYJ
25924,sleeper.com,Week 14,Adam,Trautman,TE,1.9,2025-12-03 01:52:43,2025-12-03 01:52:43,DEN
25925,sleeper.com,Week 14,Nate,Adkins,TE,1.9,2025-12-03 01:52:43,2025-12-03 01:52:43,DEN
25926,sleeper.com,Week 14,Jaylen,Wright,RB,1.9,2025-12-03 01:52:43,2025-12-03 01:52:43,MIA
25927,sleeper.com,Week 14,Cade,Stover,TE,1.9,2025-12-03 01:52:43,2025-12-03 01:52:43,HOU
25928,sleeper.com,Week 14,Matthew,Golden,WR,1.9,2025-12-03 01:52:43,2025-12-03 01:52:43,GB
27217,fantasypros.com,Week 14,Tyler,Johnson,WR,1.9,2025-12-03 02:17:53,2025-12-03 03:06:17,NYJ
27277,fantasypros.com,Week 14,Drew,Sample,TE,1.9,2025-12-03 02:17:53,2025-12-03 03:06:17,CIN
27278,fantasypros.com,Week 14,Josh,Oliver,TE,1.9,2025-12-03 02:17:53,2025-12-03 03:06:17,MIN
19017,fanduel.com,Week 12,Austin,Hooper,TE,1.89,2025-11-20 17:52:44,2025-11-20 18:02:18,NE
26504,fanduel.com,Week 14,Jaylen,Wright,RB,1.89,2025-12-03 01:55:37,2025-12-03 03:57:34,MIA
26505,fanduel.com,Week 14,Kyler,Murray,QB,1.89,2025-12-03 01:55:37,2025-12-03 03:57:34,ARI
19018,fanduel.com,Week 12,David,Martin-Robinson,TE,1.88,2025-11-20 17:52:44,2025-11-20 18:02:18,TEN
17861,fanduel.com,Week 11,Tahj,Brooks,RB,1.87,2025-11-13 05:21:22,2025-11-13 05:21:22,CIN
19019,fanduel.com,Week 12,Dylan,Sampson,RB,1.85,2025-11-20 17:52:44,2025-11-20 18:02:18,CLE
25399,fanduel.com,Week 13,Luke,Schoonmaker,TE,1.85,2025-11-26 18:38:36,2025-11-26 18:38:36,DAL
26506,fanduel.com,Week 14,Jackson,Hawes,TE,1.83,2025-12-03 01:55:37,2025-12-03 03:57:34,BUF
19020,fanduel.com,Week 12,JuJu,Smith-Schuster,WR,1.82,2025-11-20 17:52:44,2025-11-20 18:02:18,KC
17862,fanduel.com,Week 11,Andrew,Beck,RB,1.81,2025-11-13 05:21:22,2025-11-13 05:21:22,NYJ
15464,sleeper.com,Week 10,Grant,Calcaterra,TE,1.8,2025-11-07 00:48:26,2025-11-07 00:48:26,PHI
15465,sleeper.com,Week 10,Jeremy,Ruckert,TE,1.8,2025-11-07 00:48:26,2025-11-07 00:48:26,NYJ
15466,sleeper.com,Week 10,Davis,Allen,TE,1.8,2025-11-07 00:48:26,2025-11-07 00:48:26,LAR
15467,sleeper.com,Week 10,Dee,Eskridge,WR,1.8,2025-11-07 00:48:26,2025-11-07 00:48:26,MIA
15468,sleeper.com,Week 10,Tank,Bigsby,RB,1.8,2025-11-07 00:48:26,2025-11-07 00:48:26,PHI
15963,fantasypros.com,Week 10,Ameer,Abdullah,RB,1.8,2025-11-07 00:50:27,2025-11-07 00:50:27,IND
16695,sleeper.com,Week 11,Terrance,Ferguson,TE,1.8,2025-11-13 05:18:19,2025-11-13 05:18:19,LAR
16696,sleeper.com,Week 11,Mitchell,Evans,TE,1.8,2025-11-13 05:18:19,2025-11-13 05:18:19,CAR
16697,sleeper.com,Week 11,Davis,Allen,TE,1.8,2025-11-13 05:18:19,2025-11-13 05:18:19,LAR
16698,sleeper.com,Week 11,Bo,Melton,WR,1.8,2025-11-13 05:18:19,2025-11-13 05:18:19,GB
16699,sleeper.com,Week 11,Jaylen,Wright,RB,1.8,2025-11-13 05:18:19,2025-11-13 05:18:19,MIA
16700,sleeper.com,Week 11,Ray,Davis,RB,1.8,2025-11-13 05:18:19,2025-11-13 05:18:19,BUF
18384,sleeper.com,Week 12,Isaac,TeSlaa,WR,1.8,2025-11-20 17:45:26,2025-11-20 17:59:20,DET
18385,sleeper.com,Week 12,Will,Shipley,RB,1.8,2025-11-20 17:45:26,2025-11-20 17:59:20,PHI
18386,sleeper.com,Week 12,Kyle,Williams,WR,1.8,2025-11-20 17:45:26,2025-11-20 17:59:20,NE
20031,fantasypros.com,Week 12,Isiah,Pacheco,RB,1.8,2025-11-20 18:01:42,2025-11-20 18:01:42,KC
20190,fantasypros.com,Week 12,Mason,Tipton,WR,1.8,2025-11-20 18:01:42,2025-11-20 18:01:42,NO
20191,fantasypros.com,Week 12,Hunter,Renfrow,WR,1.8,2025-11-20 18:01:42,2025-11-20 18:01:42,CAR
20192,fantasypros.com,Week 12,Adam,Thielen,WR,1.8,2025-11-20 18:01:42,2025-11-20 18:01:42,MIN
20276,fantasypros.com,Week 12,Foster,Moreau,TE,1.8,2025-11-20 18:01:42,2025-11-20 18:01:42,NO
24330,sleeper.com,Week 13,Hunter,Long,TE,1.8,2025-11-26 18:35:52,2025-11-26 18:35:52,JAX
24331,sleeper.com,Week 13,Tylan,Wallace,WR,1.8,2025-11-26 18:35:52,2025-11-26 18:35:52,BAL
24332,sleeper.com,Week 13,Andre,Baccellia,WR,1.8,2025-11-26 18:35:52,2025-11-26 18:35:52,ARI
25400,fanduel.com,Week 13,Dawson,Knox,TE,1.8,2025-11-26 18:38:36,2025-11-26 18:38:36,BUF
25929,sleeper.com,Week 14,Devontez,Walker,WR,1.8,2025-12-03 01:52:43,2025-12-03 01:52:43,BAL
25930,sleeper.com,Week 14,Jamari,Thrash,WR,1.8,2025-12-03 01:52:43,2025-12-03 01:52:43,CLE
25931,sleeper.com,Week 14,Tutu,Atwell,WR,1.8,2025-12-03 01:52:43,2025-12-03 01:52:43,LAR
25932,sleeper.com,Week 14,Hunter,Long,TE,1.8,2025-12-03 01:52:43,2025-12-03 01:52:43,JAX
27088,fantasypros.com,Week 14,Zavier,Scott,RB,1.8,2025-12-03 02:17:53,2025-12-03 03:06:17,MIN
27089,fantasypros.com,Week 14,Will,Shipley,RB,1.8,2025-12-03 02:17:53,2025-12-03 03:06:17,PHI
27218,fantasypros.com,Week 14,Dyami,Brown,WR,1.8,2025-12-03 02:17:53,2025-12-03 03:06:17,JAX
27219,fantasypros.com,Week 14,Kameron,Johnson,WR,1.8,2025-12-03 02:17:53,2025-12-03 03:06:17,TB
27279,fantasypros.com,Week 14,Julian,Hill,TE,1.8,2025-12-03 02:17:53,2025-12-03 03:06:17,MIA
26507,fanduel.com,Week 14,Keleki,Latu,TE,1.78,2025-12-03 01:55:37,2025-12-03 03:57:34,BUF
17863,fanduel.com,Week 11,Tank,Bigsby,RB,1.77,2025-11-13 05:21:22,2025-11-13 05:21:22,PHI
19021,fanduel.com,Week 12,Jeremy,Ruckert,TE,1.77,2025-11-20 17:52:44,2025-11-20 18:02:18,NYJ
26508,fanduel.com,Week 14,Charlie,Jones,WR,1.77,2025-12-03 01:55:37,2025-12-03 03:57:34,CIN
25401,fanduel.com,Week 13,Charlie,Jones,WR,1.75,2025-11-26 18:38:36,2025-11-26 18:38:36,CIN
25402,fanduel.com,Week 13,Konata,Mumpfield,WR,1.75,2025-11-26 18:38:36,2025-11-26 18:38:36,LAR
25403,fanduel.com,Week 13,Kendrick,Bourne,WR,1.75,2025-11-26 18:38:36,2025-11-26 18:38:36,SF
14963,fanduel.com,Week 10,Andrew,Beck,RB,1.74,2025-11-07 00:48:09,2025-11-07 00:48:09,NYJ
14964,fanduel.com,Week 10,Harrison,Bryant,TE,1.74,2025-11-07 00:48:09,2025-11-07 00:48:09,HOU
26509,fanduel.com,Week 14,Tank,Bigsby,RB,1.74,2025-12-03 01:55:37,2025-12-03 03:57:34,PHI
14965,fanduel.com,Week 10,Mitchell,Evans,TE,1.73,2025-11-07 00:48:09,2025-11-07 00:48:09,CAR
17864,fanduel.com,Week 11,Jeremy,Ruckert,TE,1.71,2025-11-13 05:21:22,2025-11-13 05:21:22,NYJ
26510,fanduel.com,Week 14,Gage,Larvadain,WR,1.71,2025-12-03 01:55:37,2025-12-03 03:57:34,CLE
26511,fanduel.com,Week 14,Tyler,Goodson,RB,1.71,2025-12-03 01:55:37,2025-12-03 03:57:34,IND
26512,fanduel.com,Week 14,Reggie,Gilliam,RB,1.71,2025-12-03 01:55:37,2025-12-03 03:57:34,BUF
15469,sleeper.com,Week 10,Elijah,Moore,WR,1.7,2025-11-07 00:48:26,2025-11-07 00:48:26,BUF
15470,sleeper.com,Week 10,Mitchell,Evans,TE,1.7,2025-11-07 00:48:26,2025-11-07 00:48:26,CAR
15471,sleeper.com,Week 10,Dont'e,Thornton,WR,1.7,2025-11-07 00:48:26,2025-11-07 00:48:26,LV
16701,sleeper.com,Week 11,Grant,Calcaterra,TE,1.7,2025-11-13 05:18:19,2025-11-13 05:18:19,PHI
17343,fantasypros.com,Week 11,Elijah,Higgins,TE,1.7,2025-11-13 05:20:49,2025-11-13 05:20:49,ARI
20032,fantasypros.com,Week 12,Justice,Hill,RB,1.7,2025-11-20 18:01:42,2025-11-20 18:01:42,BAL
20033,fantasypros.com,Week 12,Jaydon,Blue,RB,1.7,2025-11-20 18:01:42,2025-11-20 18:01:42,DAL
24333,sleeper.com,Week 13,Isaac,TeSlaa,WR,1.7,2025-11-26 18:35:52,2025-11-26 18:35:52,DET
24334,sleeper.com,Week 13,Will,Shipley,RB,1.7,2025-11-26 18:35:52,2025-11-26 18:35:52,PHI
24335,sleeper.com,Week 13,Mitchell,Evans,TE,1.7,2025-11-26 18:35:52,2025-11-26 18:35:52,CAR
25007,fantasypros.com,Week 13,Austin,Hooper,TE,1.7,2025-11-26 18:38:08,2025-11-26 18:38:08,NE
25404,fanduel.com,Week 13,Andrew,Beck,RB,1.7,2025-11-26 18:38:36,2025-11-26 18:38:36,NYJ
25933,sleeper.com,Week 14,Tylan,Wallace,WR,1.7,2025-12-03 01:52:43,2025-12-03 01:52:43,BAL
27220,fantasypros.com,Week 14,Casey,Washington,WR,1.7,2025-12-03 02:17:53,2025-12-03 03:06:17,ATL
25405,fanduel.com,Week 13,Devin,Duvernay,WR,1.69,2025-11-26 18:38:36,2025-11-26 18:38:36,CHI
25406,fanduel.com,Week 13,Kaleb,Johnson,RB,1.69,2025-11-26 18:38:36,2025-11-26 18:38:36,PIT
26513,fanduel.com,Week 14,Kaleb,Johnson,RB,1.69,2025-12-03 01:55:37,2025-12-03 03:57:34,PIT
14966,fanduel.com,Week 10,Jack,Bech,WR,1.68,2025-11-07 00:48:09,2025-11-07 00:48:09,LV
17865,fanduel.com,Week 11,Mitchell,Evans,TE,1.67,2025-11-13 05:21:22,2025-11-13 05:21:22,CAR
25407,fanduel.com,Week 13,Mo,Alie-Cox,TE,1.67,2025-11-26 18:38:36,2025-11-26 18:38:36,IND
26515,fanduel.com,Week 14,Will,Shipley,RB,1.67,2025-12-03 01:55:37,2025-12-03 03:57:34,PHI
19022,fanduel.com,Week 12,Ashton,Dulin,WR,1.65,2025-11-20 17:52:44,2025-11-20 18:02:18,IND
26514,fanduel.com,Week 14,Andrew,Ogletree,TE,1.65,2025-12-03 01:55:37,2025-12-03 03:57:34,IND
17866,fanduel.com,Week 11,JuJu,Smith-Schuster,WR,1.64,2025-11-13 05:21:22,2025-11-13 05:21:22,KC
17867,fanduel.com,Week 11,Cedrick,Wilson,WR,1.62,2025-11-13 05:21:22,2025-11-13 05:21:22,MIA
15472,sleeper.com,Week 10,Allen,Lazard,WR,1.6,2025-11-07 00:48:26,2025-11-07 00:48:26,NYJ
15473,sleeper.com,Week 10,Mason,Tipton,WR,1.6,2025-11-07 00:48:26,2025-11-07 00:48:26,NO
16115,fantasypros.com,Week 10,Adam,Thielen,WR,1.6,2025-11-07 00:50:27,2025-11-07 00:50:27,MIN
16702,sleeper.com,Week 11,Drew,Sample,TE,1.6,2025-11-13 05:18:19,2025-11-13 05:18:19,CIN
16703,sleeper.com,Week 11,Harrison,Bryant,TE,1.6,2025-11-13 05:18:19,2025-11-13 05:18:19,HOU
16704,sleeper.com,Week 11,John,Bates,TE,1.6,2025-11-13 05:18:19,2025-11-13 05:18:19,WAS
17209,fantasypros.com,Week 11,Emanuel,Wilson,RB,1.6,2025-11-13 05:20:49,2025-11-13 05:20:49,GB
18387,sleeper.com,Week 12,Andre,Baccellia,WR,1.6,2025-11-20 17:45:26,2025-11-20 17:59:20,ARI
20034,fantasypros.com,Week 12,George,Holani,RB,1.6,2025-11-20 18:01:42,2025-11-20 18:01:42,SEA
20193,fantasypros.com,Week 12,Brycen,Tremayne,WR,1.6,2025-11-20 18:01:42,2025-11-20 18:01:42,CAR
20194,fantasypros.com,Week 12,Tylan,Wallace,WR,1.6,2025-11-20 18:01:42,2025-11-20 18:01:42,BAL
20195,fantasypros.com,Week 12,Gunner,Olszewski,WR,1.6,2025-11-20 18:01:42,2025-11-20 18:01:42,NYG
20277,fantasypros.com,Week 12,Cade,Stover,TE,1.6,2025-11-20 18:01:42,2025-11-20 18:01:42,HOU
24336,sleeper.com,Week 13,Dante,Pettis,WR,1.6,2025-11-26 18:35:52,2025-11-26 18:35:52,NO
24337,sleeper.com,Week 13,Jack,Bech,WR,1.6,2025-11-26 18:35:52,2025-11-26 18:35:52,LV
24877,fantasypros.com,Week 13,Kayshon,Boutte,WR,1.6,2025-11-26 18:38:08,2025-11-26 18:38:08,NE
25408,fanduel.com,Week 13,Charlie,Woerner,TE,1.6,2025-11-26 18:38:36,2025-11-26 18:38:36,ATL
25934,sleeper.com,Week 14,Will,Shipley,RB,1.6,2025-12-03 01:52:43,2025-12-03 01:52:43,PHI
25935,sleeper.com,Week 14,Jaylin,Lane,WR,1.6,2025-12-03 01:52:43,2025-12-03 01:52:43,WAS
25936,sleeper.com,Week 14,Cody,White,WR,1.6,2025-12-03 01:52:43,2025-12-03 01:52:43,SEA
25937,sleeper.com,Week 14,Jack,Bech,WR,1.6,2025-12-03 01:52:43,2025-12-03 01:52:43,LV
17868,fanduel.com,Week 11,Ray,Davis,RB,1.59,2025-11-13 05:21:22,2025-11-13 05:21:22,BUF
25409,fanduel.com,Week 13,Curtis,Samuel,WR,1.59,2025-11-26 18:38:36,2025-11-26 18:38:36,BUF
17869,fanduel.com,Week 11,Malik,Heath,WR,1.58,2025-11-13 05:21:22,2025-11-13 05:21:22,GB
17870,fanduel.com,Week 11,Kaleb,Johnson,RB,1.58,2025-11-13 05:21:22,2025-11-13 05:21:22,PIT
17871,fanduel.com,Week 11,Isaac,Guerendo,RB,1.58,2025-11-13 05:21:22,2025-11-13 05:21:22,SF
26516,fanduel.com,Week 14,Xavier,Weaver,WR,1.58,2025-12-03 01:55:37,2025-12-03 03:57:34,ARI
19023,fanduel.com,Week 12,Kaleb,Johnson,RB,1.56,2025-11-20 17:52:44,2025-11-20 18:02:18,PIT
14967,fanduel.com,Week 10,Jake,Bobo,WR,1.55,2025-11-07 00:48:09,2025-11-07 00:48:09,SEA
19024,fanduel.com,Week 12,Zaire,Mitchell-Paden,TE,1.55,2025-11-20 17:52:44,2025-11-20 18:02:18,NO
26517,fanduel.com,Week 14,Tyler,Badie,RB,1.54,2025-12-03 01:55:37,2025-12-03 03:57:34,DEN
14968,fanduel.com,Week 10,Jayden,Higgins,WR,1.53,2025-11-07 00:48:09,2025-11-07 00:48:09,HOU
14969,fanduel.com,Week 10,Trent,Sherfield,WR,1.52,2025-11-07 00:48:09,2025-11-07 00:48:09,DEN
26518,fanduel.com,Week 14,Julian,Hill,TE,1.52,2025-12-03 01:55:37,2025-12-03 03:57:34,MIA
14970,fanduel.com,Week 10,A.J.,Dillon,RB,1.51,2025-11-07 00:48:09,2025-11-07 00:48:09,PHI
19025,fanduel.com,Week 12,Jake,Bobo,WR,1.51,2025-11-20 17:52:44,2025-11-20 18:02:18,SEA
19026,fanduel.com,Week 12,Dylan,Laube,RB,1.51,2025-11-20 17:52:44,2025-11-20 18:02:18,LV
14971,fanduel.com,Week 10,Isaac,Guerendo,RB,1.5,2025-11-07 00:48:09,2025-11-07 00:48:09,SF
15474,sleeper.com,Week 10,Jake,Tonges,TE,1.5,2025-11-07 00:48:26,2025-11-07 00:48:26,SF
15475,sleeper.com,Week 10,Adam,Thielen,WR,1.5,2025-11-07 00:48:26,2025-11-07 00:48:26,MIN
15476,sleeper.com,Week 10,Jalin,Hyatt,WR,1.5,2025-11-07 00:48:26,2025-11-07 00:48:26,NYG
15477,sleeper.com,Week 10,Jaylen,Wright,RB,1.5,2025-11-07 00:48:26,2025-11-07 00:48:26,MIA
16705,sleeper.com,Week 11,Austin,Trammell,WR,1.5,2025-11-13 05:18:19,2025-11-13 05:18:19,JAX
16706,sleeper.com,Week 11,Adam,Thielen,WR,1.5,2025-11-13 05:18:19,2025-11-13 05:18:19,MIN
16707,sleeper.com,Week 11,Cedrick,Wilson,WR,1.5,2025-11-13 05:18:19,2025-11-13 05:18:19,MIA
17145,fantasypros.com,Week 11,Jimmy,Garoppolo,QB,1.5,2025-11-13 05:20:49,2025-11-13 05:20:49,LAR
18388,sleeper.com,Week 12,Kaleb,Johnson,RB,1.5,2025-11-20 17:45:26,2025-11-20 17:59:20,PIT
18389,sleeper.com,Week 12,George,Holani,RB,1.5,2025-11-20 17:45:26,2025-11-20 17:59:20,SEA
18390,sleeper.com,Week 12,Arian,Smith,WR,1.5,2025-11-20 17:45:26,2025-11-20 17:59:20,NYJ
18391,sleeper.com,Week 12,Kyle,Juszczyk,RB,1.5,2025-11-20 17:45:26,2025-11-20 18:02:59,SF
18392,sleeper.com,Week 12,Tanner,Hudson,TE,1.5,2025-11-20 17:45:26,2025-11-20 17:59:20,CIN
18393,sleeper.com,Week 12,Tyquan,Thornton,WR,1.5,2025-11-20 17:45:26,2025-11-20 17:59:20,KC
20035,fantasypros.com,Week 12,Zavier,Scott,RB,1.5,2025-11-20 18:01:42,2025-11-20 18:01:42,MIN
20278,fantasypros.com,Week 12,Mo,Alie-Cox,TE,1.5,2025-11-20 18:01:42,2025-11-20 18:01:42,IND
20279,fantasypros.com,Week 12,Josh,Oliver,TE,1.5,2025-11-20 18:01:42,2025-11-20 18:01:42,MIN
24338,sleeper.com,Week 13,Ameer,Abdullah,RB,1.5,2025-11-26 18:35:52,2025-11-26 18:35:52,IND
24339,sleeper.com,Week 13,Tim,Patrick,WR,1.5,2025-11-26 18:35:52,2025-11-26 18:35:52,JAX
24340,sleeper.com,Week 13,Adam,Thielen,WR,1.5,2025-11-26 18:35:52,2025-11-26 18:35:52,MIN
24341,sleeper.com,Week 13,Robert,Tonyan,TE,1.5,2025-11-26 18:35:52,2025-11-26 18:35:52,KC
24342,sleeper.com,Week 13,Julian,Hill,TE,1.5,2025-11-26 18:35:52,2025-11-26 18:35:52,MIA
24343,sleeper.com,Week 13,Greg,Dulcich,TE,1.5,2025-11-26 18:35:52,2025-11-26 18:35:52,MIA
24789,fantasypros.com,Week 13,Mac,Jones,QB,1.5,2025-11-26 18:38:08,2025-11-26 18:38:08,SF
25938,sleeper.com,Week 14,Ameer,Abdullah,RB,1.5,2025-12-03 01:52:43,2025-12-03 01:52:43,IND
25939,sleeper.com,Week 14,Chris,Brooks,RB,1.5,2025-12-03 01:52:43,2025-12-03 01:52:43,GB
25940,sleeper.com,Week 14,Julian,Hill,TE,1.5,2025-12-03 01:52:43,2025-12-03 01:52:43,MIA
25941,sleeper.com,Week 14,Greg,Dulcich,TE,1.5,2025-12-03 01:52:43,2025-12-03 01:52:43,MIA
27090,fantasypros.com,Week 14,Trey,Benson,RB,1.5,2025-12-03 02:17:53,2025-12-03 03:06:17,ARI
27091,fantasypros.com,Week 14,Jaylen,Wright,RB,1.5,2025-12-03 02:17:53,2025-12-03 03:06:17,MIA
25410,fanduel.com,Week 13,Julian,Hill,TE,1.49,2025-11-26 18:38:36,2025-11-26 18:38:36,MIA
14972,fanduel.com,Week 10,Jamari,Thrash,WR,1.48,2025-11-07 00:48:09,2025-11-07 00:48:09,CLE
17872,fanduel.com,Week 11,Dylan,Laube,RB,1.48,2025-11-13 05:21:22,2025-11-13 05:21:22,LV
25411,fanduel.com,Week 13,Tahj,Washington,WR,1.48,2025-11-26 18:38:36,2025-11-26 18:38:36,MIA
25412,fanduel.com,Week 13,Quintin,Morris,TE,1.47,2025-11-26 18:38:36,2025-11-26 18:38:36,JAX
25413,fanduel.com,Week 13,Johnny,Mundt,TE,1.46,2025-11-26 18:38:36,2025-11-26 18:38:36,JAX
26519,fanduel.com,Week 14,Durham,Smythe,TE,1.46,2025-12-03 01:55:37,2025-12-03 03:57:34,CHI
25414,fanduel.com,Week 13,Kylen,Granson,TE,1.45,2025-11-26 18:38:36,2025-11-26 18:38:36,PHI
19027,fanduel.com,Week 12,Chris,Manhertz,TE,1.44,2025-11-20 17:52:44,2025-11-20 18:02:18,NYG
14973,fanduel.com,Week 10,Dylan,Laube,RB,1.43,2025-11-07 00:48:09,2025-11-07 00:48:09,LV
14974,fanduel.com,Week 10,Kyle,Juszczyk,RB,1.43,2025-11-07 00:48:09,2025-11-07 00:48:09,SF
26520,fanduel.com,Week 14,John,Bates,TE,1.43,2025-12-03 01:55:37,2025-12-03 03:57:34,WAS
19028,fanduel.com,Week 12,Malachi,Corley,WR,1.42,2025-11-20 17:52:44,2025-11-20 18:02:18,CLE
15478,sleeper.com,Week 10,John,FitzPatrick,TE,1.4,2025-11-07 00:48:26,2025-11-07 00:48:26,GB
15479,sleeper.com,Week 10,Will,Shipley,RB,1.4,2025-11-07 00:48:26,2025-11-07 00:48:26,PHI
15480,sleeper.com,Week 10,Xavier,Smith,WR,1.4,2025-11-07 00:48:26,2025-11-07 00:48:26,LAR
15481,sleeper.com,Week 10,Kyle,Juszczyk,RB,1.4,2025-11-07 00:48:26,2025-11-07 00:51:07,SF
15482,sleeper.com,Week 10,Harrison,Bryant,TE,1.4,2025-11-07 00:48:26,2025-11-07 00:48:26,HOU
15483,sleeper.com,Week 10,Charlie,Kolar,TE,1.4,2025-11-07 00:48:26,2025-11-07 00:48:26,BAL
15964,fantasypros.com,Week 10,Michael,Carter,RB,1.4,2025-11-07 00:50:27,2025-11-07 00:50:27,ARI
15965,fantasypros.com,Week 10,Zavier,Scott,RB,1.4,2025-11-07 00:50:27,2025-11-07 00:50:27,MIN
16116,fantasypros.com,Week 10,Tim,Jones,WR,1.4,2025-11-07 00:50:27,2025-11-07 00:51:07,JAX
16117,fantasypros.com,Week 10,Tim,Patrick,WR,1.4,2025-11-07 00:50:27,2025-11-07 00:51:07,JAX
16118,fantasypros.com,Week 10,Beaux,Collins,WR,1.4,2025-11-07 00:50:27,2025-11-07 00:50:27,NYG
16708,sleeper.com,Week 11,John,FitzPatrick,TE,1.4,2025-11-13 05:18:19,2025-11-13 05:18:19,GB
16709,sleeper.com,Week 11,Alec,Ingold,RB,1.4,2025-11-13 05:18:19,2025-11-13 05:26:14,MIA
16710,sleeper.com,Week 11,Tank,Bigsby,RB,1.4,2025-11-13 05:18:19,2025-11-13 05:18:19,PHI
16711,sleeper.com,Week 11,Jalin,Hyatt,WR,1.4,2025-11-13 05:18:19,2025-11-13 05:18:19,NYG
16712,sleeper.com,Week 11,Kyle,Juszczyk,RB,1.4,2025-11-13 05:18:19,2025-11-13 05:26:14,SF
16713,sleeper.com,Week 11,Ryan,Flournoy,WR,1.4,2025-11-13 05:18:19,2025-11-13 05:18:19,DAL
17344,fantasypros.com,Week 11,Davis,Allen,TE,1.4,2025-11-13 05:20:49,2025-11-13 05:20:49,LAR
18394,sleeper.com,Week 12,Adam,Thielen,WR,1.4,2025-11-20 17:45:26,2025-11-20 17:59:20,MIN
20036,fantasypros.com,Week 12,Ameer,Abdullah,RB,1.4,2025-11-20 18:01:42,2025-11-20 18:01:42,IND
20280,fantasypros.com,Week 12,Ross,Dwelley,TE,1.4,2025-11-20 18:01:42,2025-11-20 18:01:42,DET
24344,sleeper.com,Week 13,Kyle,Juszczyk,RB,1.4,2025-11-26 18:35:52,2025-11-26 18:35:52,SF
25008,fantasypros.com,Week 13,Terrance,Ferguson,TE,1.4,2025-11-26 18:38:08,2025-11-26 18:38:08,LAR
25415,fanduel.com,Week 13,Dylan,Laube,RB,1.4,2025-11-26 18:38:36,2025-11-26 18:38:36,LV
25942,sleeper.com,Week 14,Jalen,Tolbert,WR,1.4,2025-12-03 01:52:43,2025-12-03 01:52:43,DAL
27092,fantasypros.com,Week 14,Evan,Hull,RB,1.4,2025-12-03 02:17:53,2025-12-03 03:06:17,NO
27093,fantasypros.com,Week 14,Jaydon,Blue,RB,1.4,2025-12-03 02:17:53,2025-12-03 03:06:17,DAL
27280,fantasypros.com,Week 14,Hunter,Long,TE,1.4,2025-12-03 02:17:53,2025-12-03 03:06:17,JAX
25416,fanduel.com,Week 13,Arian,Smith,WR,1.39,2025-11-26 18:38:36,2025-11-26 18:38:36,NYJ
14975,fanduel.com,Week 10,Ben,Sinnott,TE,1.38,2025-11-07 00:48:09,2025-11-07 00:51:07,WAS
26521,fanduel.com,Week 14,Nathan,Carter,RB,1.38,2025-12-03 01:55:37,2025-12-03 03:57:34,ATL
19029,fanduel.com,Week 12,Kylen,Granson,TE,1.37,2025-11-20 17:52:44,2025-11-20 18:02:18,PHI
25417,fanduel.com,Week 13,Ray-Ray,McCloud,WR,1.37,2025-11-26 18:38:36,2025-11-26 18:38:36,NYG
26524,fanduel.com,Week 14,LeQuint,Allen Jr.,RB,1.37,2025-12-03 01:55:37,2025-12-03 03:57:34,JAX
26522,fanduel.com,Week 14,Grant,Calcaterra,TE,1.36,2025-12-03 01:55:37,2025-12-03 03:57:34,PHI
19030,fanduel.com,Week 12,Jack,Bech,WR,1.35,2025-11-20 17:52:44,2025-11-20 18:02:18,LV
17873,fanduel.com,Week 11,D'Ernest,Johnson,RB,1.33,2025-11-13 05:21:22,2025-11-13 05:21:22,NE
25418,fanduel.com,Week 13,Tyler,Conklin,TE,1.33,2025-11-26 18:38:36,2025-11-26 18:38:36,LAC
25419,fanduel.com,Week 13,Jack,Bech,WR,1.33,2025-11-26 18:38:36,2025-11-26 18:38:36,LV
25420,fanduel.com,Week 13,Jaydon,Blue,RB,1.32,2025-11-26 18:38:36,2025-11-26 18:38:36,DAL
26525,fanduel.com,Week 14,Tahj,Brooks,RB,1.32,2025-12-03 01:55:37,2025-12-03 03:57:34,CIN
14976,fanduel.com,Week 10,Colby,Parkinson,TE,1.31,2025-11-07 00:48:09,2025-11-07 00:51:07,LAR
15484,sleeper.com,Week 10,Devontez,Walker,WR,1.3,2025-11-07 00:48:26,2025-11-07 00:48:26,BAL
15485,sleeper.com,Week 10,Alex,Bachman,WR,1.3,2025-11-07 00:48:26,2025-11-07 00:48:26,LV
15486,sleeper.com,Week 10,Kaleb,Johnson,RB,1.3,2025-11-07 00:48:26,2025-11-07 00:48:26,PIT
15487,sleeper.com,Week 10,Gunner,Olszewski,WR,1.3,2025-11-07 00:48:26,2025-11-07 00:48:26,NYG
15488,sleeper.com,Week 10,John,Bates,TE,1.3,2025-11-07 00:48:26,2025-11-07 00:48:26,WAS
16119,fantasypros.com,Week 10,Xavier,Smith,WR,1.3,2025-11-07 00:50:27,2025-11-07 00:50:27,LAR
16120,fantasypros.com,Week 10,Ashton,Dulin,WR,1.3,2025-11-07 00:50:27,2025-11-07 00:50:27,IND
16121,fantasypros.com,Week 10,Terry,McLaurin,WR,1.3,2025-11-07 00:50:27,2025-11-07 00:50:27,WAS
16714,sleeper.com,Week 11,Kaleb,Johnson,RB,1.3,2025-11-13 05:18:19,2025-11-13 05:18:19,PIT
16715,sleeper.com,Week 11,Dee,Eskridge,WR,1.3,2025-11-13 05:18:19,2025-11-13 05:18:19,MIA
16716,sleeper.com,Week 11,Isaiah,Bond,WR,1.3,2025-11-13 05:18:19,2025-11-13 05:18:19,CLE
16717,sleeper.com,Week 11,Van,Jefferson,WR,1.3,2025-11-13 05:18:19,2025-11-13 05:18:19,TEN
16718,sleeper.com,Week 11,Tyquan,Thornton,WR,1.3,2025-11-13 05:18:19,2025-11-13 05:18:19,KC
17874,fanduel.com,Week 11,Colby,Parkinson,TE,1.3,2025-11-13 05:21:22,2025-11-13 05:26:14,LAR
18395,sleeper.com,Week 12,Devontez,Walker,WR,1.3,2025-11-20 17:45:26,2025-11-20 17:59:20,BAL
18396,sleeper.com,Week 12,Jake,Tonges,TE,1.3,2025-11-20 17:45:26,2025-11-20 17:59:20,SF
18397,sleeper.com,Week 12,Casey,Washington,WR,1.3,2025-11-20 17:45:26,2025-11-20 17:59:20,ATL
18398,sleeper.com,Week 12,Drew,Sample,TE,1.3,2025-11-20 17:45:26,2025-11-20 17:59:20,CIN
18399,sleeper.com,Week 12,Isaiah,Bond,WR,1.3,2025-11-20 17:45:26,2025-11-20 17:59:20,CLE
18400,sleeper.com,Week 12,Ryan,Flournoy,WR,1.3,2025-11-20 17:45:26,2025-11-20 17:59:20,DAL
20037,fantasypros.com,Week 12,Tyler,Goodson,RB,1.3,2025-11-20 18:01:42,2025-11-20 18:01:42,IND
20196,fantasypros.com,Week 12,Ray-Ray,McCloud III,WR,1.3,2025-11-20 18:01:42,2025-11-20 18:01:42,NYG
20197,fantasypros.com,Week 12,Allen,Lazard,WR,1.3,2025-11-20 18:01:42,2025-11-20 18:01:42,NYJ
20281,fantasypros.com,Week 12,Brevyn,Spann-Ford,TE,1.3,2025-11-20 18:01:42,2025-11-20 18:01:42,DAL
20282,fantasypros.com,Week 12,Payne,Durham,TE,1.3,2025-11-20 18:01:42,2025-11-20 18:01:42,TB
24345,sleeper.com,Week 13,Alec,Ingold,RB,1.3,2025-11-26 18:35:52,2025-11-26 18:35:52,MIA
24346,sleeper.com,Week 13,Kendrick,Bourne,WR,1.3,2025-11-26 18:35:52,2025-11-26 18:35:52,SF
24347,sleeper.com,Week 13,John,Bates,TE,1.3,2025-11-26 18:35:52,2025-11-26 18:35:52,WAS
25421,fanduel.com,Week 13,Julius,Chestnut,RB,1.3,2025-11-26 18:38:36,2025-11-26 18:38:36,TEN
25943,sleeper.com,Week 14,Hunter,Luepke,RB,1.3,2025-12-03 01:52:43,2025-12-03 01:52:43,DAL
25944,sleeper.com,Week 14,Alec,Ingold,RB,1.3,2025-12-03 01:52:43,2025-12-03 01:52:43,MIA
25945,sleeper.com,Week 14,Jordan,Whittington,WR,1.3,2025-12-03 01:52:43,2025-12-03 01:52:43,LAR
25946,sleeper.com,Week 14,Luke,Schoonmaker,TE,1.3,2025-12-03 01:52:43,2025-12-03 01:52:43,DAL
25947,sleeper.com,Week 14,John,Bates,TE,1.3,2025-12-03 01:52:43,2025-12-03 01:52:43,WAS
26527,fanduel.com,Week 14,Ian,Thomas,TE,1.3,2025-12-03 01:55:37,2025-12-03 03:57:34,LV
27094,fantasypros.com,Week 14,Alvin,Kamara,RB,1.3,2025-12-03 02:17:53,2025-12-03 03:06:17,NO
19031,fanduel.com,Week 12,Noah,Gray,TE,1.29,2025-11-20 17:52:44,2025-11-20 18:02:18,KC
26528,fanduel.com,Week 14,Robbie,Chosen,WR,1.28,2025-12-03 01:55:37,2025-12-03 01:55:37,WAS
17875,fanduel.com,Week 11,Luke,Schoonmaker,TE,1.27,2025-11-13 05:21:22,2025-11-13 05:21:22,DAL
17876,fanduel.com,Week 11,George,Holani,RB,1.26,2025-11-13 05:21:22,2025-11-13 05:21:22,SEA
19032,fanduel.com,Week 12,DJ,Giddens,RB,1.26,2025-11-20 17:52:44,2025-11-20 18:02:18,IND
19033,fanduel.com,Week 12,Terrell,Jennings,RB,1.25,2025-11-20 17:52:44,2025-11-20 18:02:18,NE
25422,fanduel.com,Week 13,Zaire,Mitchell-Paden,TE,1.25,2025-11-26 18:38:36,2025-11-26 18:38:36,NO
14977,fanduel.com,Week 10,Brock,Wright,TE,1.24,2025-11-07 00:48:09,2025-11-07 00:48:09,DET
25423,fanduel.com,Week 13,Tanner,Hudson,TE,1.24,2025-11-26 18:38:36,2025-11-26 18:38:36,CIN
14978,fanduel.com,Week 10,Jack,Stoll,TE,1.23,2025-11-07 00:48:09,2025-11-07 00:48:09,NO
26529,fanduel.com,Week 14,Adam,Prentice,RB,1.23,2025-12-03 01:55:37,2025-12-03 03:57:34,DEN
17877,fanduel.com,Week 11,Noah,Gray,TE,1.22,2025-11-13 05:21:22,2025-11-13 05:21:22,KC
25424,fanduel.com,Week 13,Jackson,Hawes,TE,1.22,2025-11-26 18:38:36,2025-11-26 18:38:36,BUF
19034,fanduel.com,Week 12,Ameer,Abdullah,RB,1.21,2025-11-20 17:52:44,2025-11-20 18:02:18,IND
26530,fanduel.com,Week 14,Jalen,Tolbert,WR,1.21,2025-12-03 01:55:37,2025-12-03 03:57:34,DAL
14979,fanduel.com,Week 10,Cedric,Tillman,WR,1.2,2025-11-07 00:48:09,2025-11-07 00:48:09,CLE
14980,fanduel.com,Week 10,Chris,Brooks,RB,1.2,2025-11-07 00:48:09,2025-11-07 00:48:09,GB
15489,sleeper.com,Week 10,Isaac,TeSlaa,WR,1.2,2025-11-07 00:48:26,2025-11-07 00:48:26,DET
15490,sleeper.com,Week 10,Isaiah,Williams,WR,1.2,2025-11-07 00:48:26,2025-11-07 00:48:26,NYJ
15492,sleeper.com,Week 10,Colby,Parkinson,TE,1.2,2025-11-07 00:48:26,2025-11-07 00:48:26,LAR
15966,fantasypros.com,Week 10,Tyler,Goodson,RB,1.2,2025-11-07 00:50:27,2025-11-07 00:50:27,IND
15967,fantasypros.com,Week 10,Dare,Ogunbowale,RB,1.2,2025-11-07 00:50:27,2025-11-07 00:50:27,HOU
15968,fantasypros.com,Week 10,Chris,Brooks,RB,1.2,2025-11-07 00:50:27,2025-11-07 00:50:27,GB
16122,fantasypros.com,Week 10,Gunner,Olszewski,WR,1.2,2025-11-07 00:50:27,2025-11-07 00:50:27,NYG
16719,sleeper.com,Week 11,Jake,Tonges,TE,1.2,2025-11-13 05:18:19,2025-11-13 05:18:19,SF
16720,sleeper.com,Week 11,Isaac,TeSlaa,WR,1.2,2025-11-13 05:18:19,2025-11-13 05:18:19,DET
16721,sleeper.com,Week 11,Hunter,Luepke,RB,1.2,2025-11-13 05:18:19,2025-11-13 05:26:14,DAL
16722,sleeper.com,Week 11,Jaydon,Blue,RB,1.2,2025-11-13 05:18:19,2025-11-13 05:18:19,DAL
16723,sleeper.com,Week 11,Malik,Davis,RB,1.2,2025-11-13 05:18:19,2025-11-13 05:18:19,DAL
16724,sleeper.com,Week 11,Luke,Schoonmaker,TE,1.2,2025-11-13 05:18:19,2025-11-13 05:18:19,DAL
16725,sleeper.com,Week 11,Cade,Stover,TE,1.2,2025-11-13 05:18:19,2025-11-13 05:18:19,HOU
17210,fantasypros.com,Week 11,Brian,Robinson Jr.,RB,1.2,2025-11-13 05:20:49,2025-11-13 05:20:49,SF
18401,sleeper.com,Week 12,Hunter,Luepke,RB,1.2,2025-11-20 17:45:26,2025-11-20 18:02:59,DAL
18402,sleeper.com,Week 12,James,Proche,WR,1.2,2025-11-20 17:45:26,2025-11-20 17:59:20,TEN
18404,sleeper.com,Week 12,Malik,Davis,RB,1.2,2025-11-20 17:45:26,2025-11-20 17:59:20,DAL
18405,sleeper.com,Week 12,Luke,Schoonmaker,TE,1.2,2025-11-20 17:45:26,2025-11-20 17:59:20,DAL
20038,fantasypros.com,Week 12,Dylan,Laube,RB,1.2,2025-11-20 18:01:42,2025-11-20 18:01:42,LV
20039,fantasypros.com,Week 12,Elijah,Mitchell,RB,1.2,2025-11-20 18:01:42,2025-11-20 18:01:42,KC
20198,fantasypros.com,Week 12,Charlie,Jones,WR,1.2,2025-11-20 18:01:42,2025-11-20 18:01:42,CIN
20199,fantasypros.com,Week 12,Skyy,Moore,WR,1.2,2025-11-20 18:01:42,2025-11-20 18:01:42,SF
24348,sleeper.com,Week 13,Chris,Brooks,RB,1.2,2025-11-26 18:35:52,2025-11-26 18:35:52,GB
24349,sleeper.com,Week 13,Brandin,Cooks,WR,1.2,2025-11-26 18:35:52,2025-11-26 18:35:52,BUF
24350,sleeper.com,Week 13,Hunter,Luepke,RB,1.2,2025-11-26 18:35:52,2025-11-26 18:35:52,DAL
24351,sleeper.com,Week 13,Luke,Farrell,TE,1.2,2025-11-26 18:35:52,2025-11-26 18:35:52,SF
24352,sleeper.com,Week 13,Lil'Jordan,Humphrey,WR,1.2,2025-11-26 18:35:52,2025-11-26 18:35:52,DEN
24353,sleeper.com,Week 13,Kaleb,Johnson,RB,1.2,2025-11-26 18:35:52,2025-11-26 18:35:52,PIT
24354,sleeper.com,Week 13,Dee,Eskridge,WR,1.2,2025-11-26 18:35:52,2025-11-26 18:35:52,MIA
24355,sleeper.com,Week 13,Luke,Schoonmaker,TE,1.2,2025-11-26 18:35:52,2025-11-26 18:35:52,DAL
24878,fantasypros.com,Week 13,Jordan,Addison,WR,1.2,2025-11-26 18:38:08,2025-11-26 18:38:08,MIN
25425,fanduel.com,Week 13,Chris,Moore,WR,1.2,2025-11-26 18:38:36,2025-11-26 18:38:36,WAS
25948,sleeper.com,Week 14,Dee,Eskridge,WR,1.2,2025-12-03 01:52:43,2025-12-03 01:52:43,MIA
25949,sleeper.com,Week 14,Drew,Sample,TE,1.2,2025-12-03 01:52:43,2025-12-03 01:52:43,CIN
26531,fanduel.com,Week 14,Kendall,Milton,RB,1.2,2025-12-03 01:55:37,2025-12-03 03:57:34,CIN
27095,fantasypros.com,Week 14,Dylan,Laube,RB,1.2,2025-12-03 02:17:53,2025-12-03 03:06:17,LV
27096,fantasypros.com,Week 14,Dare,Ogunbowale,RB,1.2,2025-12-03 02:17:53,2025-12-03 03:06:17,HOU
14981,fanduel.com,Week 10,Nate,Adkins,TE,1.19,2025-11-07 00:48:09,2025-11-07 00:48:09,DEN
19035,fanduel.com,Week 12,Jackson,Hawes,TE,1.19,2025-11-20 17:52:44,2025-11-20 18:02:18,BUF
19036,fanduel.com,Week 12,Luke,Schoonmaker,TE,1.19,2025-11-20 17:52:44,2025-11-20 18:02:18,DAL
25426,fanduel.com,Week 13,Drew,Sample,TE,1.19,2025-11-26 18:38:36,2025-11-26 18:38:36,CIN
26474,fanduel.com,Week 14,Audric,Estime,RB,1.18,2025-12-03 01:55:37,2025-12-03 03:57:34,NO
19037,fanduel.com,Week 12,Andrew,Ogletree,TE,1.16,2025-11-20 17:52:44,2025-11-20 18:02:18,IND
25427,fanduel.com,Week 13,Gage,Larvadain,WR,1.16,2025-11-26 18:38:36,2025-11-26 18:38:36,CLE
26532,fanduel.com,Week 14,Jaret,Patterson,RB,1.16,2025-12-03 01:55:37,2025-12-03 03:57:34,LAC
14982,fanduel.com,Week 10,Luke,Farrell,TE,1.15,2025-11-07 00:48:09,2025-11-07 00:48:09,SF
17878,fanduel.com,Week 11,Ben,Sinnott,TE,1.15,2025-11-13 05:21:22,2025-11-13 05:26:13,WAS
25428,fanduel.com,Week 13,Trevor,Etienne,RB,1.15,2025-11-26 18:38:36,2025-11-26 18:38:36,CAR
14983,fanduel.com,Week 10,Foster,Moreau,TE,1.14,2025-11-07 00:48:09,2025-11-07 00:48:09,NO
17879,fanduel.com,Week 11,Ben,Yurosek,TE,1.14,2025-11-13 05:21:22,2025-11-13 05:21:22,MIN
19038,fanduel.com,Week 12,Xavier,Smith,WR,1.14,2025-11-20 17:52:44,2025-11-20 18:02:59,LAR
26533,fanduel.com,Week 14,Jaydon,Blue,RB,1.14,2025-12-03 01:55:37,2025-12-03 03:57:34,DAL
14984,fanduel.com,Week 10,Jackson,Hawes,TE,1.13,2025-11-07 00:48:09,2025-11-07 00:48:09,BUF
19039,fanduel.com,Week 12,Tyler,Goodson,RB,1.13,2025-11-20 17:52:44,2025-11-20 18:02:18,IND
25429,fanduel.com,Week 13,Patrick,Ricard,RB,1.12,2025-11-26 18:38:36,2025-11-26 18:38:36,BAL
25430,fanduel.com,Week 13,Kendall,Milton,RB,1.12,2025-11-26 18:38:36,2025-11-26 18:38:36,CIN
14985,fanduel.com,Week 10,Charlie,Woerner,TE,1.11,2025-11-07 00:48:09,2025-11-07 00:48:09,ATL
19040,fanduel.com,Week 12,Elijah,Arroyo,TE,1.11,2025-11-20 17:52:44,2025-11-20 18:02:18,SEA
26534,fanduel.com,Week 14,Charlie,Woerner,TE,1.11,2025-12-03 01:55:37,2025-12-03 03:57:34,ATL
14986,fanduel.com,Week 10,Cedrick,Wilson,WR,1.1,2025-11-07 00:48:09,2025-11-07 00:48:09,MIA
15493,sleeper.com,Week 10,Payne,Durham,TE,1.1,2025-11-07 00:48:26,2025-11-07 00:48:26,TB
15494,sleeper.com,Week 10,Cole,Kmet,TE,1.1,2025-11-07 00:48:26,2025-11-07 00:48:26,CHI
15495,sleeper.com,Week 10,Trent,Sherfield,WR,1.1,2025-11-07 00:48:26,2025-11-07 00:48:26,DEN
15496,sleeper.com,Week 10,Greg,Dulcich,TE,1.1,2025-11-07 00:48:26,2025-11-07 00:48:26,MIA
15497,sleeper.com,Week 10,Drew,Ogletree,TE,1.1,2025-11-07 00:48:26,2025-11-07 00:48:26,IND
15498,sleeper.com,Week 10,Terrell,Jennings,RB,1.1,2025-11-07 00:48:26,2025-11-07 00:48:26,NE
15499,sleeper.com,Week 10,Beaux,Collins,WR,1.1,2025-11-07 00:48:26,2025-11-07 00:48:26,NYG
15877,fantasypros.com,Week 10,Max,Brosmer,QB,1.1,2025-11-07 00:50:27,2025-11-07 00:50:27,MIN
15969,fantasypros.com,Week 10,Will,Shipley,RB,1.1,2025-11-07 00:50:27,2025-11-07 00:50:27,PHI
15970,fantasypros.com,Week 10,Kaleb,Johnson,RB,1.1,2025-11-07 00:50:27,2025-11-07 00:50:27,PIT
16123,fantasypros.com,Week 10,Michael,Bandy,WR,1.1,2025-11-07 00:50:27,2025-11-07 00:50:27,DEN
16124,fantasypros.com,Week 10,Luke,McCaffrey,WR,1.1,2025-11-07 00:50:27,2025-11-07 00:50:27,WAS
16726,sleeper.com,Week 11,Demarcus,Robinson,WR,1.1,2025-11-13 05:18:19,2025-11-13 05:18:19,SF
16727,sleeper.com,Week 11,Dyami,Brown,WR,1.1,2025-11-13 05:18:19,2025-11-13 05:18:19,JAX
16728,sleeper.com,Week 11,Hunter,Long,TE,1.1,2025-11-13 05:18:19,2025-11-13 05:18:19,JAX
16729,sleeper.com,Week 11,George,Holani,RB,1.1,2025-11-13 05:18:19,2025-11-13 05:18:19,SEA
16730,sleeper.com,Week 11,Tyler,Conklin,TE,1.1,2025-11-13 05:18:19,2025-11-13 05:18:19,LAC
16731,sleeper.com,Week 11,Payne,Durham,TE,1.1,2025-11-13 05:18:19,2025-11-13 05:18:19,TB
16732,sleeper.com,Week 11,Dare,Ogunbowale,RB,1.1,2025-11-13 05:18:19,2025-11-13 05:18:19,HOU
16733,sleeper.com,Week 11,Colby,Parkinson,TE,1.1,2025-11-13 05:18:19,2025-11-13 05:18:19,LAR
17345,fantasypros.com,Week 11,Johnny,Mundt,TE,1.1,2025-11-13 05:20:49,2025-11-13 05:26:13,JAX
17880,fanduel.com,Week 11,Charlie,Woerner,TE,1.1,2025-11-13 05:21:22,2025-11-13 05:21:22,ATL
18406,sleeper.com,Week 12,Tyler,Goodson,RB,1.1,2025-11-20 17:45:26,2025-11-20 17:59:20,IND
18407,sleeper.com,Week 12,Jaydon,Blue,RB,1.1,2025-11-20 17:45:26,2025-11-20 17:59:20,DAL
19041,fanduel.com,Week 12,Kendall,Milton,RB,1.1,2025-11-20 17:52:44,2025-11-20 18:02:18,CIN
19042,fanduel.com,Week 12,Charlie,Woerner,TE,1.1,2025-11-20 17:52:44,2025-11-20 18:02:18,ATL
24356,sleeper.com,Week 13,Drew,Sample,TE,1.1,2025-11-26 18:35:52,2025-11-26 18:35:52,CIN
24358,sleeper.com,Week 13,Jaylen,Wright,RB,1.1,2025-11-26 18:35:52,2025-11-26 18:35:52,MIA
24359,sleeper.com,Week 13,Ray,Davis,RB,1.1,2025-11-26 18:35:52,2025-11-26 18:35:52,BUF
24360,sleeper.com,Week 13,Cade,Stover,TE,1.1,2025-11-26 18:35:52,2025-11-26 18:35:52,HOU
25009,fantasypros.com,Week 13,Elijah,Arroyo,TE,1.1,2025-11-26 18:38:08,2025-11-26 18:38:08,SEA
25431,fanduel.com,Week 13,Andrew,Ogletree,TE,1.1,2025-11-26 18:38:36,2025-11-26 18:38:36,IND
25432,fanduel.com,Week 13,Jaret,Patterson,RB,1.1,2025-11-26 18:38:36,2025-11-26 18:38:36,LAC
25951,sleeper.com,Week 14,Dante,Pettis,WR,1.1,2025-12-03 01:52:43,2025-12-03 01:52:43,NO
25952,sleeper.com,Week 14,Lil'Jordan,Humphrey,WR,1.1,2025-12-03 01:52:43,2025-12-03 01:52:43,DEN
25953,sleeper.com,Week 14,Konata,Mumpfield,WR,1.1,2025-12-03 01:52:43,2025-12-03 01:52:43,LAR
25954,sleeper.com,Week 14,Emari,Demercado,RB,1.1,2025-12-03 01:52:43,2025-12-03 01:52:43,ARI
27097,fantasypros.com,Week 14,Clyde,Edwards-Helaire,RB,1.1,2025-12-03 02:17:53,2025-12-03 03:06:17,KC
27098,fantasypros.com,Week 14,Rasheen,Ali,RB,1.1,2025-12-03 02:17:53,2025-12-03 03:06:17,BAL
14987,fanduel.com,Week 10,Tylan,Wallace,WR,1.09,2025-11-07 00:48:09,2025-11-07 00:48:09,BAL
25433,fanduel.com,Week 13,Audric,Estime,RB,1.09,2025-11-26 18:38:36,2025-11-26 18:38:36,NO
14988,fanduel.com,Week 10,Tyler,Conklin,TE,1.08,2025-11-07 00:48:09,2025-11-07 00:48:09,LAC
14989,fanduel.com,Week 10,Kaleb,Johnson,RB,1.08,2025-11-07 00:48:09,2025-11-07 00:48:09,PIT
14990,fanduel.com,Week 10,Malik,Heath,WR,1.08,2025-11-07 00:48:09,2025-11-07 00:48:09,GB
25434,fanduel.com,Week 13,Savion,Williams,WR,1.07,2025-11-26 18:38:36,2025-11-26 18:38:36,GB
14991,fanduel.com,Week 10,Ray,Davis,RB,1.06,2025-11-07 00:48:09,2025-11-07 00:48:09,BUF
14992,fanduel.com,Week 10,Jaret,Patterson,RB,1.06,2025-11-07 00:48:09,2025-11-07 00:48:09,LAC
17881,fanduel.com,Week 11,Julius,Chestnut,RB,1.06,2025-11-13 05:21:22,2025-11-13 05:21:22,TEN
19043,fanduel.com,Week 12,Reggie,Gilliam,RB,1.06,2025-11-20 17:52:44,2025-11-20 18:02:18,BUF
25435,fanduel.com,Week 13,Chris,Brooks,RB,1.06,2025-11-26 18:38:36,2025-11-26 18:38:36,GB
17882,fanduel.com,Week 11,Justin,Shorter,TE,1.05,2025-11-13 05:21:22,2025-11-13 05:21:22,LV
25436,fanduel.com,Week 13,Tanner,Conner,TE,1.05,2025-11-26 18:38:36,2025-11-26 18:38:36,MIA
25437,fanduel.com,Week 13,Anthony,Gould,WR,1.05,2025-11-26 18:38:36,2025-11-26 18:38:36,IND
25438,fanduel.com,Week 13,Kameron,Johnson,WR,1.05,2025-11-26 18:38:36,2025-11-26 18:38:36,TB
26535,fanduel.com,Week 14,Cedrick,Wilson,WR,1.05,2025-12-03 01:55:37,2025-12-03 03:57:34,MIA
17883,fanduel.com,Week 11,Trayveon,Williams,RB,1.04,2025-11-13 05:21:22,2025-11-13 05:21:22,LAC
14993,fanduel.com,Week 10,Tyler,Badie,RB,1.03,2025-11-07 00:48:09,2025-11-07 00:48:09,DEN
14994,fanduel.com,Week 10,Skyy,Moore,WR,1.03,2025-11-07 00:48:09,2025-11-07 00:48:09,SF
25439,fanduel.com,Week 13,James,Mitchell,TE,1.03,2025-11-26 18:38:36,2025-11-26 18:38:36,CAR
25440,fanduel.com,Week 13,Andre,Baccellia,WR,1.03,2025-11-26 18:38:36,2025-11-26 18:38:36,ARI
25441,fanduel.com,Week 13,Adam,Thielen,WR,1.03,2025-11-26 18:38:36,2025-11-26 18:38:36,MIN
14995,fanduel.com,Week 10,Tyrell,Shavers,WR,1.02,2025-11-07 00:48:09,2025-11-07 00:48:09,BUF
14996,fanduel.com,Week 10,Jaylin,Noel,WR,1.02,2025-11-07 00:48:09,2025-11-07 00:48:09,HOU
19044,fanduel.com,Week 12,Ben,Skowronek,WR,1.02,2025-11-20 17:52:44,2025-11-20 18:02:18,PIT
26536,fanduel.com,Week 14,Anthony,Gould,WR,1.02,2025-12-03 01:55:37,2025-12-03 03:57:34,IND
26537,fanduel.com,Week 14,Tanner,Conner,TE,1.02,2025-12-03 01:55:37,2025-12-03 03:57:34,MIA
14997,fanduel.com,Week 10,Trevor,Etienne,RB,1.01,2025-11-07 00:48:09,2025-11-07 00:48:09,CAR
25442,fanduel.com,Week 13,Jonathan,Mingo,WR,1.01,2025-11-26 18:38:36,2025-11-26 18:38:36,DAL
25443,fanduel.com,Week 13,Mitchell,Evans,TE,1.01,2025-11-26 18:38:36,2025-11-26 18:38:36,CAR
25444,fanduel.com,Week 13,Blake,Whiteheart,TE,1.01,2025-11-26 18:38:36,2025-11-26 18:38:36,CLE
25445,fanduel.com,Week 13,DJ,Giddens,RB,1.01,2025-11-26 18:38:36,2025-11-26 18:38:36,IND
25446,fanduel.com,Week 13,Casey,Washington,WR,1.01,2025-11-26 18:38:36,2025-11-26 18:38:36,ATL
26538,fanduel.com,Week 14,Sean,Tucker,RB,1.01,2025-12-03 01:55:37,2025-12-03 03:57:34,TB
14998,fanduel.com,Week 10,Xavier,Smith,WR,1.0,2025-11-07 00:48:09,2025-11-07 00:51:07,LAR
15500,sleeper.com,Week 10,Casey,Washington,WR,1.0,2025-11-07 00:48:26,2025-11-07 00:48:26,ATL
15501,sleeper.com,Week 10,John,Metchie,WR,1.0,2025-11-07 00:48:26,2025-11-07 00:48:26,NYJ
15502,sleeper.com,Week 10,Arian,Smith,WR,1.0,2025-11-07 00:48:26,2025-11-07 00:48:26,NYJ
15503,sleeper.com,Week 10,Brock,Wright,TE,1.0,2025-11-07 00:48:26,2025-11-07 00:48:26,DET
15971,fantasypros.com,Week 10,Alec,Ingold,RB,1.0,2025-11-07 00:50:27,2025-11-07 00:50:27,MIA
16125,fantasypros.com,Week 10,Dee,Eskridge,WR,1.0,2025-11-07 00:50:27,2025-11-07 00:50:27,MIA
16734,sleeper.com,Week 11,Casey,Washington,WR,1.0,2025-11-13 05:18:19,2025-11-13 05:18:19,ATL
16735,sleeper.com,Week 11,Quintin,Morris,TE,1.0,2025-11-13 05:18:19,2025-11-13 05:18:19,JAX
16737,sleeper.com,Week 11,Johnny,Mundt,TE,1.0,2025-11-13 05:18:19,2025-11-13 05:18:19,JAX
17146,fantasypros.com,Week 11,Tanner,McKee,QB,1.0,2025-11-13 05:20:49,2025-11-13 05:20:49,PHI
17147,fantasypros.com,Week 11,Jake,Browning,QB,1.0,2025-11-13 05:20:49,2025-11-13 05:20:49,CIN
17148,fantasypros.com,Week 11,Trey,Lance,QB,1.0,2025-11-13 05:20:49,2025-11-13 05:20:49,LAC
17149,fantasypros.com,Week 11,Mason,Rudolph,QB,1.0,2025-11-13 05:20:49,2025-11-13 05:20:49,PIT
17150,fantasypros.com,Week 11,Jarrett,Stidham,QB,1.0,2025-11-13 05:20:49,2025-11-13 05:20:49,DEN
17151,fantasypros.com,Week 11,Shedeur,Sanders,QB,1.0,2025-11-13 05:20:49,2025-11-13 05:20:49,CLE
17152,fantasypros.com,Week 11,Nick,Mullens,QB,1.0,2025-11-13 05:20:49,2025-11-13 05:26:13,JAX
17153,fantasypros.com,Week 11,Brandon,Allen,QB,1.0,2025-11-13 05:20:49,2025-11-13 05:20:49,TEN
17154,fantasypros.com,Week 11,Quinn,Ewers,QB,1.0,2025-11-13 05:20:49,2025-11-13 05:20:49,MIA
17155,fantasypros.com,Week 11,Jayden,Daniels,QB,1.0,2025-11-13 05:20:49,2025-11-13 05:20:49,WAS
17156,fantasypros.com,Week 11,Cooper,Rush,QB,1.0,2025-11-13 05:20:49,2025-11-13 05:20:49,BAL
17157,fantasypros.com,Week 11,Joe,Burrow,QB,1.0,2025-11-13 05:20:49,2025-11-13 05:20:49,CIN
17158,fantasypros.com,Week 11,Will,Howard,QB,1.0,2025-11-13 05:20:49,2025-11-13 05:20:49,PIT
17159,fantasypros.com,Week 11,Sam,Howell,QB,1.0,2025-11-13 05:20:49,2025-11-13 05:20:49,PHI
17160,fantasypros.com,Week 11,Gardner,Minshew II,QB,1.0,2025-11-13 05:20:49,2025-11-13 05:20:49,KC
17161,fantasypros.com,Week 11,Drew,Lock,QB,1.0,2025-11-13 05:20:49,2025-11-13 05:20:49,SEA
17162,fantasypros.com,Week 11,Case,Keenum,QB,1.0,2025-11-13 05:20:49,2025-11-13 05:20:49,CHI
17211,fantasypros.com,Week 11,Zonovan,Knight,RB,1.0,2025-11-13 05:20:49,2025-11-13 05:20:49,ARI
17212,fantasypros.com,Week 11,Justice,Hill,RB,1.0,2025-11-13 05:20:49,2025-11-13 05:20:49,BAL
17213,fantasypros.com,Week 11,Ty,Johnson,RB,1.0,2025-11-13 05:20:49,2025-11-13 05:20:49,BUF
17214,fantasypros.com,Week 11,Chris,Rodriguez Jr.,RB,1.0,2025-11-13 05:20:49,2025-11-13 05:20:49,WAS
17215,fantasypros.com,Week 11,Dylan,Sampson,RB,1.0,2025-11-13 05:20:49,2025-11-13 05:20:49,CLE
17216,fantasypros.com,Week 11,Keaton,Mitchell,RB,1.0,2025-11-13 05:20:49,2025-11-13 05:20:49,BAL
17217,fantasypros.com,Week 11,Brashard,Smith,RB,1.0,2025-11-13 05:20:49,2025-11-13 05:20:49,KC
17218,fantasypros.com,Week 11,Tyler,Badie,RB,1.0,2025-11-13 05:20:49,2025-11-13 05:20:49,DEN
17219,fantasypros.com,Week 11,Jerome,Ford,RB,1.0,2025-11-13 05:20:49,2025-11-13 05:20:49,CLE
17220,fantasypros.com,Week 11,Tank,Bigsby,RB,1.0,2025-11-13 05:20:49,2025-11-13 05:20:49,PHI
17221,fantasypros.com,Week 11,Jaret,Patterson,RB,1.0,2025-11-13 05:20:49,2025-11-13 05:20:49,LAC
17222,fantasypros.com,Week 11,Terrell,Jennings,RB,1.0,2025-11-13 05:20:49,2025-11-13 05:20:49,NE
17223,fantasypros.com,Week 11,Ray,Davis,RB,1.0,2025-11-13 05:20:49,2025-11-13 05:20:49,BUF
17224,fantasypros.com,Week 11,Michael,Carter,RB,1.0,2025-11-13 05:20:49,2025-11-13 05:20:49,ARI
17225,fantasypros.com,Week 11,Raheem,Mostert,RB,1.0,2025-11-13 05:20:49,2025-11-13 05:20:49,LV
17226,fantasypros.com,Week 11,J.K.,Dobbins,RB,1.0,2025-11-13 05:20:49,2025-11-13 05:20:49,DEN
17227,fantasypros.com,Week 11,D'Ernest,Johnson,RB,1.0,2025-11-13 05:20:49,2025-11-13 05:20:49,NE
17228,fantasypros.com,Week 11,Tahj,Brooks,RB,1.0,2025-11-13 05:20:49,2025-11-13 05:20:49,CIN
17229,fantasypros.com,Week 11,Kaleb,Johnson,RB,1.0,2025-11-13 05:20:49,2025-11-13 05:20:49,PIT
17230,fantasypros.com,Week 11,Chris,Brooks,RB,1.0,2025-11-13 05:20:49,2025-11-13 05:20:49,GB
17231,fantasypros.com,Week 11,Isiah,Pacheco,RB,1.0,2025-11-13 05:20:49,2025-11-13 05:20:49,KC
17232,fantasypros.com,Week 11,LeQuint,Allen Jr.,RB,1.0,2025-11-13 05:20:49,2025-11-13 05:26:13,JAX
17233,fantasypros.com,Week 11,Will,Shipley,RB,1.0,2025-11-13 05:20:49,2025-11-13 05:20:49,PHI
17234,fantasypros.com,Week 11,Jaydon,Blue,RB,1.0,2025-11-13 05:20:49,2025-11-13 05:20:49,DAL
17235,fantasypros.com,Week 11,Clyde,Edwards-Helaire,RB,1.0,2025-11-13 05:20:49,2025-11-13 05:20:49,KC
17236,fantasypros.com,Week 11,A.J.,Dillon,RB,1.0,2025-11-13 05:20:49,2025-11-13 05:20:49,PHI
17237,fantasypros.com,Week 11,Phil,Mafah,RB,1.0,2025-11-13 05:20:49,2025-11-13 05:20:49,DAL
17238,fantasypros.com,Week 11,Kyle,Juszczyk,RB,1.0,2025-11-13 05:20:49,2025-11-13 05:20:49,SF
17239,fantasypros.com,Week 11,Jaylen,Wright,RB,1.0,2025-11-13 05:20:49,2025-11-13 05:20:49,MIA
17240,fantasypros.com,Week 11,Trey,Benson,RB,1.0,2025-11-13 05:20:49,2025-11-13 05:20:49,ARI
17241,fantasypros.com,Week 11,Dare,Ogunbowale,RB,1.0,2025-11-13 05:20:49,2025-11-13 05:20:49,HOU
17242,fantasypros.com,Week 11,Alec,Ingold,RB,1.0,2025-11-13 05:20:49,2025-11-13 05:20:49,MIA
17243,fantasypros.com,Week 11,George,Holani,RB,1.0,2025-11-13 05:20:49,2025-11-13 05:20:49,SEA
17244,fantasypros.com,Week 11,Trevor,Etienne,RB,1.0,2025-11-13 05:20:49,2025-11-13 05:20:49,CAR
17245,fantasypros.com,Week 11,Adam,Prentice,RB,1.0,2025-11-13 05:20:49,2025-11-13 05:20:49,DEN
17246,fantasypros.com,Week 11,Hunter,Luepke,RB,1.0,2025-11-13 05:20:49,2025-11-13 05:20:49,DAL
17247,fantasypros.com,Week 11,Dylan,Laube,RB,1.0,2025-11-13 05:20:49,2025-11-13 05:20:49,LV
17248,fantasypros.com,Week 11,Zavier,Scott,RB,1.0,2025-11-13 05:20:49,2025-11-13 05:20:49,MIN
17249,fantasypros.com,Week 11,Patrick,Ricard,RB,1.0,2025-11-13 05:20:49,2025-11-13 05:20:49,BAL
17250,fantasypros.com,Week 11,Bucky,Irving,RB,1.0,2025-11-13 05:20:49,2025-11-13 05:20:49,TB
17251,fantasypros.com,Week 11,Jaleel,McLaughlin,RB,1.0,2025-11-13 05:20:49,2025-11-13 05:20:49,DEN
17252,fantasypros.com,Week 11,Brittain,Brown,RB,1.0,2025-11-13 05:20:49,2025-11-13 05:20:49,CHI
17253,fantasypros.com,Week 11,Travis,Homer,RB,1.0,2025-11-13 05:20:49,2025-11-13 05:20:49,CHI
17254,fantasypros.com,Week 11,Josh,Williams S,RB,1.0,2025-11-13 05:20:49,2025-11-13 05:20:49,TB
17255,fantasypros.com,Week 11,Nathan,Carter,RB,1.0,2025-11-13 05:20:49,2025-11-13 05:20:49,ATL
17256,fantasypros.com,Week 11,Dante,Miller,RB,1.0,2025-11-13 05:20:49,2025-11-13 05:20:49,NYG
17257,fantasypros.com,Week 11,Isaac,Guerendo,RB,1.0,2025-11-13 05:20:49,2025-11-13 05:20:49,SF
17258,fantasypros.com,Week 11,Roschon,Johnson,RB,1.0,2025-11-13 05:20:49,2025-11-13 05:20:49,CHI
17259,fantasypros.com,Week 11,Julius,Chestnut,RB,1.0,2025-11-13 05:20:49,2025-11-13 05:20:49,TEN
17260,fantasypros.com,Week 11,Sione,Vaki,RB,1.0,2025-11-13 05:20:49,2025-11-13 05:20:49,DET
17261,fantasypros.com,Week 11,British,Brooks,RB,1.0,2025-11-13 05:20:49,2025-11-13 05:20:49,HOU
17262,fantasypros.com,Week 11,C.J.,Ham,RB,1.0,2025-11-13 05:20:49,2025-11-13 05:20:49,MIN
17263,fantasypros.com,Week 11,Cam,Akers,RB,1.0,2025-11-13 05:20:49,2025-11-13 05:20:49,MIN
17264,fantasypros.com,Week 11,Craig,Reynolds,RB,1.0,2025-11-13 05:20:49,2025-11-13 05:20:49,DET
17265,fantasypros.com,Week 11,Malik,Davis,RB,1.0,2025-11-13 05:20:49,2025-11-13 05:20:49,DAL
17266,fantasypros.com,Week 11,Trey,Sermon,RB,1.0,2025-11-13 05:20:49,2025-11-13 05:20:49,FA
17267,fantasypros.com,Week 11,Donovan,Edwards,RB,1.0,2025-11-13 05:20:49,2025-11-13 05:20:49,WAS
17268,fantasypros.com,Week 11,Sincere,McCormick,RB,1.0,2025-11-13 05:20:49,2025-11-13 05:20:49,SF
17269,fantasypros.com,Week 11,Kene,Nwangwu,RB,1.0,2025-11-13 05:20:49,2025-11-13 05:20:49,NYJ
17270,fantasypros.com,Week 11,Reggie,Gilliam,RB,1.0,2025-11-13 05:20:49,2025-11-13 05:20:49,BUF
17271,fantasypros.com,Week 11,Jonathan,Ward,RB,1.0,2025-11-13 05:20:49,2025-11-13 05:20:49,NE
17272,fantasypros.com,Week 11,Samaje,Perine,RB,1.0,2025-11-13 05:20:49,2025-11-13 05:20:49,CIN
17273,fantasypros.com,Week 11,Trayveon,Williams,RB,1.0,2025-11-13 05:20:49,2025-11-13 05:20:49,LAC
17274,fantasypros.com,Week 11,Dameon,Pierce,RB,1.0,2025-11-13 05:20:49,2025-11-13 05:20:49,HOU
17275,fantasypros.com,Week 11,Elijah,Mitchell,RB,1.0,2025-11-13 05:20:49,2025-11-13 05:20:49,KC
17276,fantasypros.com,Week 11,Rhamondre,Stevenson,RB,1.0,2025-11-13 05:20:49,2025-11-13 05:20:49,NE
17346,fantasypros.com,Week 11,Charlie,Kolar,TE,1.0,2025-11-13 05:20:49,2025-11-13 05:20:49,BAL
17347,fantasypros.com,Week 11,Noah,Gray,TE,1.0,2025-11-13 05:20:49,2025-11-13 05:20:49,KC
17348,fantasypros.com,Week 11,Daniel,Bellinger,TE,1.0,2025-11-13 05:20:49,2025-11-13 05:20:49,NYG
17349,fantasypros.com,Week 11,Tommy,Tremble,TE,1.0,2025-11-13 05:20:49,2025-11-13 05:20:49,CAR
17350,fantasypros.com,Week 11,Austin,Hooper,TE,1.0,2025-11-13 05:20:49,2025-11-13 05:20:49,NE
17351,fantasypros.com,Week 11,Brenton,Strange,TE,1.0,2025-11-13 05:20:49,2025-11-13 05:26:13,JAX
17352,fantasypros.com,Week 11,Adam,Trautman,TE,1.0,2025-11-13 05:20:49,2025-11-13 05:20:49,DEN
17353,fantasypros.com,Week 11,Tyler,Conklin,TE,1.0,2025-11-13 05:20:49,2025-11-13 05:20:49,LAC
17354,fantasypros.com,Week 11,Dalton,Kincaid,TE,1.0,2025-11-13 05:20:49,2025-11-13 05:20:49,BUF
17355,fantasypros.com,Week 11,John,Bates,TE,1.0,2025-11-13 05:20:49,2025-11-13 05:20:49,WAS
17356,fantasypros.com,Week 11,John,FitzPatrick,TE,1.0,2025-11-13 05:20:49,2025-11-13 05:20:49,GB
17357,fantasypros.com,Week 11,Tucker,Fisk,TE,1.0,2025-11-13 05:20:49,2025-11-13 05:20:49,LAC
17358,fantasypros.com,Week 11,Harrison,Bryant,TE,1.0,2025-11-13 05:20:49,2025-11-13 05:20:49,HOU
17359,fantasypros.com,Week 11,Tanner,Hudson,TE,1.0,2025-11-13 05:20:49,2025-11-13 05:20:49,CIN
17360,fantasypros.com,Week 11,Brock,Wright,TE,1.0,2025-11-13 05:20:49,2025-11-13 05:20:49,DET
17361,fantasypros.com,Week 11,Mitchell,Evans,TE,1.0,2025-11-13 05:20:49,2025-11-13 05:20:49,CAR
17362,fantasypros.com,Week 11,Luke,Schoonmaker,TE,1.0,2025-11-13 05:20:49,2025-11-13 05:20:49,DAL
17363,fantasypros.com,Week 11,Jeremy,Ruckert,TE,1.0,2025-11-13 05:20:49,2025-11-13 05:20:49,NYJ
17364,fantasypros.com,Week 11,Luke,Farrell,TE,1.0,2025-11-13 05:20:49,2025-11-13 05:20:49,SF
17365,fantasypros.com,Week 11,Jake,Tonges,TE,1.0,2025-11-13 05:20:49,2025-11-13 05:20:49,SF
17366,fantasypros.com,Week 11,Connor,Heyward,TE,1.0,2025-11-13 05:20:49,2025-11-13 05:20:49,PIT
17367,fantasypros.com,Week 11,Charlie,Woerner,TE,1.0,2025-11-13 05:20:49,2025-11-13 05:20:49,ATL
17368,fantasypros.com,Week 11,Thomas,Fidone II,TE,1.0,2025-11-13 05:20:49,2025-11-13 05:20:49,NYG
17884,fanduel.com,Week 11,Trent,Sherfield,WR,1.0,2025-11-13 05:21:22,2025-11-13 05:21:22,DEN
18408,sleeper.com,Week 12,Dare,Ogunbowale,RB,1.0,2025-11-20 17:45:26,2025-11-20 17:59:20,HOU
18409,sleeper.com,Week 12,Johnny,Mundt,TE,1.0,2025-11-20 17:45:26,2025-11-20 17:59:20,JAX
18410,sleeper.com,Week 12,Jermaine,Burton,WR,1.0,2025-11-20 17:45:26,2025-11-20 17:59:20,CIN
18411,sleeper.com,Week 12,Cade,Stover,TE,1.0,2025-11-20 17:45:26,2025-11-20 17:59:20,HOU
19966,fantasypros.com,Week 12,Graham,Mertz,QB,1.0,2025-11-20 18:01:42,2025-11-20 18:01:42,HOU
19967,fantasypros.com,Week 12,Teddy,Bridgewater,QB,1.0,2025-11-20 18:01:42,2025-11-20 18:01:42,TB
20040,fantasypros.com,Week 12,Trey,Benson,RB,1.0,2025-11-20 18:01:42,2025-11-20 18:01:42,ARI
20041,fantasypros.com,Week 12,Josh,Jacobs,RB,1.0,2025-11-20 18:01:42,2025-11-20 18:01:42,GB
24790,fantasypros.com,Week 13,Jarrett,Stidham,QB,1.0,2025-11-26 18:38:08,2025-11-26 18:38:08,DEN
24791,fantasypros.com,Week 13,Russell,Wilson,QB,1.0,2025-11-26 18:38:08,2025-11-26 18:38:08,NYG
24792,fantasypros.com,Week 13,Mitchell,Trubisky,QB,1.0,2025-11-26 18:38:08,2025-11-26 18:38:08,BUF
24793,fantasypros.com,Week 13,Andy,Dalton,QB,1.0,2025-11-26 18:38:08,2025-11-26 18:38:08,CAR
24794,fantasypros.com,Week 13,Nick,Mullens,QB,1.0,2025-11-26 18:38:08,2025-11-26 18:38:08,JAX
24795,fantasypros.com,Week 13,Joe,Milton III,QB,1.0,2025-11-26 18:38:08,2025-11-26 18:38:08,DAL
24796,fantasypros.com,Week 13,Tanner,McKee,QB,1.0,2025-11-26 18:38:08,2025-11-26 18:38:08,PHI
24797,fantasypros.com,Week 13,Spencer,Rattler,QB,1.0,2025-11-26 18:38:08,2025-11-26 18:38:08,NO
24798,fantasypros.com,Week 13,Riley,Leonard,QB,1.0,2025-11-26 18:38:08,2025-11-26 18:38:08,IND
24799,fantasypros.com,Week 13,Zach,Wilson,QB,1.0,2025-11-26 18:38:08,2025-11-26 18:38:08,MIA
24800,fantasypros.com,Week 13,Brandon,Allen,QB,1.0,2025-11-26 18:38:08,2025-11-26 18:38:08,TEN
24801,fantasypros.com,Week 13,Quinn,Ewers,QB,1.0,2025-11-26 18:38:08,2025-11-26 18:38:08,MIA
24802,fantasypros.com,Week 13,Jake,Browning,QB,1.0,2025-11-26 18:38:08,2025-11-26 18:38:08,CIN
24803,fantasypros.com,Week 13,Dillon,Gabriel,QB,1.0,2025-11-26 18:38:08,2025-11-26 18:38:08,CLE
24804,fantasypros.com,Week 13,Cooper,Rush,QB,1.0,2025-11-26 18:38:08,2025-11-26 18:38:08,BAL
24879,fantasypros.com,Week 13,Greg,Dortch,WR,1.0,2025-11-26 18:38:08,2025-11-26 18:38:08,ARI
24880,fantasypros.com,Week 13,Chris,Godwin Jr.,WR,1.0,2025-11-26 18:38:08,2025-11-26 18:38:08,TB
24881,fantasypros.com,Week 13,Jerry,Jeudy,WR,1.0,2025-11-26 18:38:08,2025-11-26 18:38:08,CLE
24882,fantasypros.com,Week 13,Josh,Downs,WR,1.0,2025-11-26 18:38:08,2025-11-26 18:38:08,IND
24883,fantasypros.com,Week 13,Tez,Johnson,WR,1.0,2025-11-26 18:38:08,2025-11-26 18:38:08,TB
24884,fantasypros.com,Week 13,Darius,Slayton,WR,1.0,2025-11-26 18:38:08,2025-11-26 18:38:08,NYG
24885,fantasypros.com,Week 13,Mack,Hollins,WR,1.0,2025-11-26 18:38:08,2025-11-26 18:38:08,NE
24886,fantasypros.com,Week 13,Jalen,Coker,WR,1.0,2025-11-26 18:38:08,2025-11-26 18:38:08,CAR
24887,fantasypros.com,Week 13,Rashid,Shaheed,WR,1.0,2025-11-26 18:38:08,2025-11-26 18:38:08,SEA
24888,fantasypros.com,Week 13,Adonai,Mitchell,WR,1.0,2025-11-26 18:38:08,2025-11-26 18:38:08,NYJ
24889,fantasypros.com,Week 13,Brian,Thomas Jr.,WR,1.0,2025-11-26 18:38:08,2025-11-26 18:38:08,JAX
24890,fantasypros.com,Week 13,Cooper,Kupp,WR,1.0,2025-11-26 18:38:08,2025-11-26 18:38:08,SEA
24891,fantasypros.com,Week 13,Xavier,Legette,WR,1.0,2025-11-26 18:38:08,2025-11-26 18:38:08,CAR
24892,fantasypros.com,Week 13,Christian,Kirk,WR,1.0,2025-11-26 18:38:08,2025-11-26 18:38:08,HOU
24893,fantasypros.com,Week 13,DeMario,Douglas,WR,1.0,2025-11-26 18:38:08,2025-11-26 18:38:08,NE
24894,fantasypros.com,Week 13,DeAndre,Hopkins,WR,1.0,2025-11-26 18:38:08,2025-11-26 18:38:08,BAL
24895,fantasypros.com,Week 13,Malik,Washington,WR,1.0,2025-11-26 18:38:08,2025-11-26 18:38:08,MIA
24896,fantasypros.com,Week 13,Marquise,Brown,WR,1.0,2025-11-26 18:38:08,2025-11-26 18:38:08,KC
24897,fantasypros.com,Week 13,Cedric,Tillman,WR,1.0,2025-11-26 18:38:08,2025-11-26 18:38:08,CLE
24898,fantasypros.com,Week 13,Devaughn,Vele,WR,1.0,2025-11-26 18:38:08,2025-11-26 18:38:08,NO
24899,fantasypros.com,Week 13,Van,Jefferson,WR,1.0,2025-11-26 18:38:08,2025-11-26 18:38:08,TEN
24900,fantasypros.com,Week 13,Isaiah,Hodgins,WR,1.0,2025-11-26 18:38:08,2025-11-26 18:38:08,NYG
24901,fantasypros.com,Week 13,Tyler,Lockett,WR,1.0,2025-11-26 18:38:08,2025-11-26 18:38:08,LV
24902,fantasypros.com,Week 13,Calvin,Austin III,WR,1.0,2025-11-26 18:38:08,2025-11-26 18:38:08,PIT
24903,fantasypros.com,Week 13,Joshua,Palmer,WR,1.0,2025-11-26 18:38:08,2025-11-26 18:38:08,BUF
24904,fantasypros.com,Week 13,Mitch,Tinsley,WR,1.0,2025-11-26 18:38:08,2025-11-26 18:38:08,CIN
24905,fantasypros.com,Week 13,Dontayvion,Wicks,WR,1.0,2025-11-26 18:38:08,2025-11-26 18:38:08,GB
24906,fantasypros.com,Week 13,Sterling,Shepard,WR,1.0,2025-11-26 18:38:08,2025-11-26 18:38:08,TB
24907,fantasypros.com,Week 13,Jaylin,Noel,WR,1.0,2025-11-26 18:38:08,2025-11-26 18:38:08,HOU
24908,fantasypros.com,Week 13,Pat,Bryant,WR,1.0,2025-11-26 18:38:08,2025-11-26 18:38:08,DEN
24909,fantasypros.com,Week 13,Roman,Wilson,WR,1.0,2025-11-26 18:38:08,2025-11-26 18:38:08,PIT
24910,fantasypros.com,Week 13,Xavier,Hutchinson,WR,1.0,2025-11-26 18:38:08,2025-11-26 18:38:08,HOU
24911,fantasypros.com,Week 13,Gabe,Davis,WR,1.0,2025-11-26 18:38:08,2025-11-26 18:38:08,BUF
24912,fantasypros.com,Week 13,Ryan,Flournoy,WR,1.0,2025-11-26 18:38:08,2025-11-26 18:38:08,DAL
24913,fantasypros.com,Week 13,Isaac,TeSlaa,WR,1.0,2025-11-26 18:38:08,2025-11-26 18:38:08,DET
24914,fantasypros.com,Week 13,Jalen,Nailor,WR,1.0,2025-11-26 18:38:08,2025-11-26 18:38:08,MIN
24915,fantasypros.com,Week 13,Tyrell,Shavers,WR,1.0,2025-11-26 18:38:08,2025-11-26 18:38:08,BUF
24916,fantasypros.com,Week 13,David,Sills V,WR,1.0,2025-11-26 18:38:08,2025-11-26 18:38:08,ATL
24917,fantasypros.com,Week 13,Mason,Tipton,WR,1.0,2025-11-26 18:38:08,2025-11-26 18:38:08,NO
24918,fantasypros.com,Week 13,KaVontae,Turpin,WR,1.0,2025-11-26 18:38:08,2025-11-26 18:38:08,DAL
24919,fantasypros.com,Week 13,Tyquan,Thornton,WR,1.0,2025-11-26 18:38:08,2025-11-26 18:38:08,KC
24920,fantasypros.com,Week 13,Marvin,Mims Jr.,WR,1.0,2025-11-26 18:38:08,2025-11-26 18:38:08,DEN
24921,fantasypros.com,Week 13,Kyle,Williams,WR,1.0,2025-11-26 18:38:08,2025-11-26 18:38:08,NE
24922,fantasypros.com,Week 13,Tim,Patrick,WR,1.0,2025-11-26 18:38:08,2025-11-26 18:38:08,JAX
24923,fantasypros.com,Week 13,Marvin,Harrison Jr.,WR,1.0,2025-11-26 18:38:08,2025-11-26 18:38:08,ARI
24924,fantasypros.com,Week 13,Isaiah,Bond,WR,1.0,2025-11-26 18:38:08,2025-11-26 18:38:08,CLE
24925,fantasypros.com,Week 13,Jahan,Dotson,WR,1.0,2025-11-26 18:38:08,2025-11-26 18:38:08,PHI
24926,fantasypros.com,Week 13,Matthew,Golden,WR,1.0,2025-11-26 18:38:08,2025-11-26 18:38:08,GB
24927,fantasypros.com,Week 13,Jordan,Whittington,WR,1.0,2025-11-26 18:38:08,2025-11-26 18:38:08,LAR
24928,fantasypros.com,Week 13,Demarcus,Robinson,WR,1.0,2025-11-26 18:38:08,2025-11-26 18:38:08,SF
24929,fantasypros.com,Week 13,Rashod,Bateman,WR,1.0,2025-11-26 18:38:08,2025-11-26 18:38:08,BAL
24930,fantasypros.com,Week 13,Terry,McLaurin,WR,1.0,2025-11-26 18:38:08,2025-11-26 18:38:08,WAS
24931,fantasypros.com,Week 13,Olamide,Zaccheaus,WR,1.0,2025-11-26 18:38:08,2025-11-26 18:38:08,CHI
24932,fantasypros.com,Week 13,Xavier,Weaver,WR,1.0,2025-11-26 18:38:08,2025-11-26 18:38:08,ARI
24933,fantasypros.com,Week 13,Elic,Ayomanor,WR,1.0,2025-11-26 18:38:08,2025-11-26 18:38:08,TEN
24934,fantasypros.com,Week 13,JuJu,Smith-Schuster,WR,1.0,2025-11-26 18:38:08,2025-11-26 18:38:08,KC
24935,fantasypros.com,Week 13,Savion,Williams,WR,1.0,2025-11-26 18:38:08,2025-11-26 18:38:08,GB
24936,fantasypros.com,Week 13,Dont'e,Thornton Jr.,WR,1.0,2025-11-26 18:38:08,2025-11-26 18:38:08,LV
24937,fantasypros.com,Week 13,Kendrick,Bourne,WR,1.0,2025-11-26 18:38:08,2025-11-26 18:38:08,SF
24938,fantasypros.com,Week 13,Chris,Moore,WR,1.0,2025-11-26 18:38:08,2025-11-26 18:38:08,WAS
24939,fantasypros.com,Week 13,Konata,Mumpfield,WR,1.0,2025-11-26 18:38:08,2025-11-26 18:38:08,LAR
24940,fantasypros.com,Week 13,Keon,Coleman,WR,1.0,2025-11-26 18:38:08,2025-11-26 18:38:08,BUF
24941,fantasypros.com,Week 13,Tre,Harris,WR,1.0,2025-11-26 18:38:08,2025-11-26 18:38:08,LAC
24942,fantasypros.com,Week 13,Jack,Bech,WR,1.0,2025-11-26 18:38:08,2025-11-26 18:38:08,LV
24943,fantasypros.com,Week 13,Devontez,Walker,WR,1.0,2025-11-26 18:38:08,2025-11-26 18:38:08,BAL
24944,fantasypros.com,Week 13,Elijah,Moore,WR,1.0,2025-11-26 18:38:08,2025-11-26 18:38:08,FA
24945,fantasypros.com,Week 13,Jaylin,Lane,WR,1.0,2025-11-26 18:38:08,2025-11-26 18:38:08,WAS
24946,fantasypros.com,Week 13,Dyami,Brown,WR,1.0,2025-11-26 18:38:08,2025-11-26 18:38:08,JAX
24947,fantasypros.com,Week 13,Xavier,Restrepo,WR,1.0,2025-11-26 18:38:08,2025-11-26 18:38:08,TEN
24948,fantasypros.com,Week 13,Allen,Lazard,WR,1.0,2025-11-26 18:38:08,2025-11-26 18:38:08,NYJ
24949,fantasypros.com,Week 13,Tylan,Wallace,WR,1.0,2025-11-26 18:38:08,2025-11-26 18:38:08,BAL
24950,fantasypros.com,Week 13,KhaDarel,Hodge,WR,1.0,2025-11-26 18:38:08,2025-11-26 18:38:08,ATL
24951,fantasypros.com,Week 13,Mason,Kinsey,WR,1.0,2025-11-26 18:38:08,2025-11-26 18:38:08,TEN
24952,fantasypros.com,Week 13,Jimmy,Horn Jr.,WR,1.0,2025-11-26 18:38:08,2025-11-26 18:38:08,CAR
24953,fantasypros.com,Week 13,Jalin,Hyatt,WR,1.0,2025-11-26 18:38:08,2025-11-26 18:38:08,NYG
24954,fantasypros.com,Week 13,Robbie,Chosen,WR,1.0,2025-11-26 18:38:08,2025-11-26 18:38:08,WAS
24955,fantasypros.com,Week 13,Isaiah,Williams,WR,1.0,2025-11-26 18:38:08,2025-11-26 18:38:08,NYJ
24956,fantasypros.com,Week 13,James,Proche II,WR,1.0,2025-11-26 18:38:08,2025-11-26 18:38:08,TEN
24957,fantasypros.com,Week 13,Dylan,Drummond,WR,1.0,2025-11-26 18:38:08,2025-11-26 18:38:08,ATL
24958,fantasypros.com,Week 13,Malachi,Corley,WR,1.0,2025-11-26 18:38:08,2025-11-26 18:38:08,CLE
24959,fantasypros.com,Week 13,Nick,Westbrook-Ikhine,WR,1.0,2025-11-26 18:38:08,2025-11-26 18:38:08,MIA
24960,fantasypros.com,Week 13,Arian,Smith,WR,1.0,2025-11-26 18:38:08,2025-11-26 18:38:08,NYJ
24961,fantasypros.com,Week 13,Adam,Thielen,WR,1.0,2025-11-26 18:38:08,2025-11-26 18:38:08,MIN
24962,fantasypros.com,Week 13,Skyy,Moore,WR,1.0,2025-11-26 18:38:08,2025-11-26 18:38:08,SF
24963,fantasypros.com,Week 13,Cody,White,WR,1.0,2025-11-26 18:38:08,2025-11-26 18:38:08,SEA
24964,fantasypros.com,Week 13,Jalen,Tolbert,WR,1.0,2025-11-26 18:38:08,2025-11-26 18:38:08,DAL
24965,fantasypros.com,Week 13,Bo,Melton,WR,1.0,2025-11-26 18:38:08,2025-11-26 18:38:08,GB
25010,fantasypros.com,Week 13,Tommy,Tremble,TE,1.0,2025-11-26 18:38:08,2025-11-26 18:38:08,CAR
25011,fantasypros.com,Week 13,Elijah,Higgins,TE,1.0,2025-11-26 18:38:08,2025-11-26 18:38:08,ARI
25012,fantasypros.com,Week 13,Daniel,Bellinger,TE,1.0,2025-11-26 18:38:08,2025-11-26 18:38:08,NYG
25013,fantasypros.com,Week 13,John,FitzPatrick,TE,1.0,2025-11-26 18:38:08,2025-11-26 18:38:08,GB
25014,fantasypros.com,Week 13,Charlie,Kolar,TE,1.0,2025-11-26 18:38:08,2025-11-26 18:38:08,BAL
25015,fantasypros.com,Week 13,Jackson,Hawes,TE,1.0,2025-11-26 18:38:08,2025-11-26 18:38:08,BUF
25016,fantasypros.com,Week 13,Johnny,Mundt,TE,1.0,2025-11-26 18:38:08,2025-11-26 18:38:08,JAX
25017,fantasypros.com,Week 13,Michael,Mayer,TE,1.0,2025-11-26 18:38:08,2025-11-26 18:38:08,LV
25018,fantasypros.com,Week 13,Tanner,Hudson,TE,1.0,2025-11-26 18:38:08,2025-11-26 18:38:08,CIN
25019,fantasypros.com,Week 13,Jeremy,Ruckert,TE,1.0,2025-11-26 18:38:08,2025-11-26 18:38:08,NYJ
25020,fantasypros.com,Week 13,Ross,Dwelley,TE,1.0,2025-11-26 18:38:08,2025-11-26 18:38:08,DET
25021,fantasypros.com,Week 13,Mitchell,Evans,TE,1.0,2025-11-26 18:38:08,2025-11-26 18:38:08,CAR
25022,fantasypros.com,Week 13,Foster,Moreau,TE,1.0,2025-11-26 18:38:08,2025-11-26 18:38:08,NO
25023,fantasypros.com,Week 13,Luke,Schoonmaker,TE,1.0,2025-11-26 18:38:08,2025-11-26 18:38:08,DAL
25024,fantasypros.com,Week 13,Josh,Oliver,TE,1.0,2025-11-26 18:38:08,2025-11-26 18:38:08,MIN
25025,fantasypros.com,Week 13,Josh,Whyle,TE,1.0,2025-11-26 18:38:08,2025-11-26 18:38:08,GB
25026,fantasypros.com,Week 13,Jake,Tonges,TE,1.0,2025-11-26 18:38:08,2025-11-26 18:38:08,SF
25027,fantasypros.com,Week 13,Noah,Gray,TE,1.0,2025-11-26 18:38:08,2025-11-26 18:38:08,KC
25028,fantasypros.com,Week 13,Cade,Stover,TE,1.0,2025-11-26 18:38:08,2025-11-26 18:38:08,HOU
25029,fantasypros.com,Week 13,Quintin,Morris,TE,1.0,2025-11-26 18:38:08,2025-11-26 18:38:08,JAX
25030,fantasypros.com,Week 13,Connor,Heyward,TE,1.0,2025-11-26 18:38:08,2025-11-26 18:38:08,PIT
25031,fantasypros.com,Week 13,Ben,Sinnott,TE,1.0,2025-11-26 18:38:08,2025-11-26 18:38:08,WAS
25032,fantasypros.com,Week 13,Grant,Calcaterra,TE,1.0,2025-11-26 18:38:08,2025-11-26 18:38:08,PHI
25033,fantasypros.com,Week 13,Jared,Wiley,TE,1.0,2025-11-26 18:38:08,2025-11-26 18:38:08,KC
25034,fantasypros.com,Week 13,Charlie,Woerner,TE,1.0,2025-11-26 18:38:08,2025-11-26 18:38:08,ATL
25035,fantasypros.com,Week 13,Drew,Sample,TE,1.0,2025-11-26 18:38:08,2025-11-26 18:38:08,CIN
25036,fantasypros.com,Week 13,Mo,Alie-Cox,TE,1.0,2025-11-26 18:38:08,2025-11-26 18:38:08,IND
25037,fantasypros.com,Week 13,Kylen,Granson,TE,1.0,2025-11-26 18:38:08,2025-11-26 18:38:08,PHI
25038,fantasypros.com,Week 13,Brevyn,Spann-Ford,TE,1.0,2025-11-26 18:38:08,2025-11-26 18:38:08,DAL
25955,sleeper.com,Week 14,Kaleb,Johnson,RB,1.0,2025-12-03 01:52:43,2025-12-03 01:52:43,PIT
25956,sleeper.com,Week 14,James,Proche,WR,1.0,2025-12-03 01:52:43,2025-12-03 01:52:43,TEN
25957,sleeper.com,Week 14,Anthony,Firkser,TE,1.0,2025-12-03 01:52:43,2025-12-03 01:52:43,DET
19045,fanduel.com,Week 12,Jamal,Agnew,WR,0.99,2025-11-20 17:52:44,2025-11-20 18:02:18,ATL
25447,fanduel.com,Week 13,Durham,Smythe,TE,0.99,2025-11-26 18:38:36,2025-11-26 18:38:36,CHI
25448,fanduel.com,Week 13,Tim,Patrick,WR,0.99,2025-11-26 18:38:36,2025-11-26 18:38:36,JAX
14999,fanduel.com,Week 10,Alec,Ingold,RB,0.98,2025-11-07 00:48:09,2025-11-07 00:48:09,MIA
15000,fanduel.com,Week 10,Will,Dissly,TE,0.98,2025-11-07 00:48:09,2025-11-07 00:48:09,LAC
17885,fanduel.com,Week 11,Trevor,Etienne,RB,0.98,2025-11-13 05:21:22,2025-11-13 05:21:22,CAR
19046,fanduel.com,Week 12,LeQuint,Allen Jr.,RB,0.98,2025-11-20 17:52:44,2025-11-20 18:02:59,JAX
19047,fanduel.com,Week 12,Trevor,Etienne,RB,0.98,2025-11-20 17:52:44,2025-11-20 18:02:18,CAR
26539,fanduel.com,Week 14,Jamari,Thrash,WR,0.98,2025-12-03 01:55:37,2025-12-03 03:57:34,CLE
17886,fanduel.com,Week 11,LeQuint,Allen Jr.,RB,0.97,2025-11-13 05:21:22,2025-11-13 05:26:13,JAX
19048,fanduel.com,Week 12,Marquez,Valdes-Scantling,WR,0.97,2025-11-20 17:52:44,2025-11-20 18:02:18,PIT
19049,fanduel.com,Week 12,Ben,Yurosek,TE,0.97,2025-11-20 17:52:44,2025-11-20 18:02:18,MIN
15001,fanduel.com,Week 10,LeQuint,Allen Jr.,RB,0.96,2025-11-07 00:48:09,2025-11-07 00:51:07,JAX
25449,fanduel.com,Week 13,Hunter,Long,TE,0.96,2025-11-26 18:38:36,2025-11-26 18:38:36,JAX
15002,fanduel.com,Week 10,Ashton,Dulin,WR,0.95,2025-11-07 00:48:09,2025-11-07 00:48:09,IND
17887,fanduel.com,Week 11,Alec,Ingold,RB,0.95,2025-11-13 05:21:22,2025-11-13 05:21:22,MIA
25450,fanduel.com,Week 13,Jamal,Agnew,WR,0.95,2025-11-26 18:38:36,2025-11-26 18:38:36,ATL
26540,fanduel.com,Week 14,Hunter,Luepke,RB,0.95,2025-12-03 01:55:37,2025-12-03 03:57:34,DAL
19050,fanduel.com,Week 12,Patrick,Ricard,RB,0.94,2025-11-20 17:52:44,2025-11-20 18:02:18,BAL
17888,fanduel.com,Week 11,Kyle,Juszczyk,RB,0.93,2025-11-13 05:21:22,2025-11-13 05:21:22,SF
17889,fanduel.com,Week 11,Xavier,Smith,WR,0.93,2025-11-13 05:21:22,2025-11-13 05:26:14,LAR
26541,fanduel.com,Week 14,Ben,Skowronek,WR,0.92,2025-12-03 01:55:37,2025-12-03 03:57:34,PIT
19051,fanduel.com,Week 12,Charlie,Kolar,TE,0.91,2025-11-20 17:52:44,2025-11-20 18:02:18,BAL
15504,sleeper.com,Week 10,Foster,Moreau,TE,0.9,2025-11-07 00:48:26,2025-11-07 00:48:26,NO
15505,sleeper.com,Week 10,Jordan,Watkins,WR,0.9,2025-11-07 00:48:26,2025-11-07 00:48:26,SF
15507,sleeper.com,Week 10,Dare,Ogunbowale,RB,0.9,2025-11-07 00:48:26,2025-11-07 00:48:26,HOU
15972,fantasypros.com,Week 10,Rhamondre,Stevenson,RB,0.9,2025-11-07 00:50:27,2025-11-07 00:50:27,NE
15973,fantasypros.com,Week 10,Jaylen,Wright,RB,0.9,2025-11-07 00:50:27,2025-11-07 00:50:27,MIA
16126,fantasypros.com,Week 10,Tahj,Washington,WR,0.9,2025-11-07 00:50:27,2025-11-07 00:50:27,MIA
16127,fantasypros.com,Week 10,Dontayvion,Wicks,WR,0.9,2025-11-07 00:50:27,2025-11-07 00:50:27,GB
16738,sleeper.com,Week 11,Brock,Wright,TE,0.9,2025-11-13 05:18:19,2025-11-13 05:18:19,DET
16739,sleeper.com,Week 11,Ian,Thomas,TE,0.9,2025-11-13 05:18:19,2025-11-13 05:18:19,LV
18412,sleeper.com,Week 12,Ryan,Miller,WR,0.9,2025-11-20 17:45:26,2025-11-20 17:59:20,TB
18414,sleeper.com,Week 12,Ray,Davis,RB,0.9,2025-11-20 17:45:26,2025-11-20 17:59:20,BUF
19052,fanduel.com,Week 12,Mo,Alie-Cox,TE,0.9,2025-11-20 17:52:44,2025-11-20 18:02:18,IND
20042,fantasypros.com,Week 12,Trevor,Etienne,RB,0.9,2025-11-20 18:01:42,2025-11-20 18:01:42,CAR
20043,fantasypros.com,Week 12,Dare,Ogunbowale,RB,0.9,2025-11-20 18:01:42,2025-11-20 18:01:42,HOU
20044,fantasypros.com,Week 12,Roschon,Johnson,RB,0.9,2025-11-20 18:01:42,2025-11-20 18:01:42,CHI
24361,sleeper.com,Week 13,Cody,White,WR,0.9,2025-11-26 18:35:52,2025-11-26 18:35:52,SEA
24363,sleeper.com,Week 13,KeAndre,Lambert-Smith,WR,0.9,2025-11-26 18:35:52,2025-11-26 18:35:52,LAC
25451,fanduel.com,Week 13,Brycen,Tremayne,WR,0.9,2025-11-26 18:38:36,2025-11-26 18:38:36,CAR
25958,sleeper.com,Week 14,Mason,Kinsey,WR,0.9,2025-12-03 01:52:43,2025-12-03 01:52:43,TEN
25959,sleeper.com,Week 14,Ben,Skowronek,WR,0.9,2025-12-03 01:52:43,2025-12-03 01:52:43,PIT
25961,sleeper.com,Week 14,Johnny,Mundt,TE,0.9,2025-12-03 01:52:43,2025-12-03 01:52:43,JAX
25962,sleeper.com,Week 14,Jackson,Hawes,TE,0.9,2025-12-03 01:52:43,2025-12-03 01:52:43,BUF
27099,fantasypros.com,Week 14,Ameer,Abdullah,RB,0.9,2025-12-03 02:17:53,2025-12-03 03:06:17,IND
27100,fantasypros.com,Week 14,Audric,Estime,RB,0.9,2025-12-03 02:17:53,2025-12-03 03:06:17,NO
27101,fantasypros.com,Week 14,Emari,Demercado,RB,0.9,2025-12-03 02:17:53,2025-12-03 03:06:17,ARI
17890,fanduel.com,Week 11,Payne,Durham,TE,0.89,2025-11-13 05:21:22,2025-11-13 05:21:22,TB
19053,fanduel.com,Week 12,Kyle,Juszczyk,RB,0.89,2025-11-20 17:52:44,2025-11-20 18:02:18,SF
26542,fanduel.com,Week 14,Xavier,Restrepo,WR,0.89,2025-12-03 01:55:37,2025-12-03 03:57:34,TEN
17891,fanduel.com,Week 11,David,Martin-Robinson,TE,0.88,2025-11-13 05:21:22,2025-11-13 05:21:22,TEN
25452,fanduel.com,Week 13,Xavier,Gipson,WR,0.88,2025-11-26 18:38:36,2025-11-26 18:38:36,PHI
25453,fanduel.com,Week 13,British,Brooks,RB,0.87,2025-11-26 18:38:36,2025-11-26 18:38:36,HOU
17892,fanduel.com,Week 11,Charlie,Kolar,TE,0.85,2025-11-13 05:21:22,2025-11-13 05:21:22,BAL
19054,fanduel.com,Week 12,Xavier,Gipson,WR,0.85,2025-11-20 17:52:44,2025-11-20 18:02:18,PHI
25454,fanduel.com,Week 13,Elijah,Mitchell,RB,0.85,2025-11-26 18:38:36,2025-11-26 18:38:36,KC
15003,fanduel.com,Week 10,Ameer,Abdullah,RB,0.84,2025-11-07 00:48:09,2025-11-07 00:48:09,IND
17893,fanduel.com,Week 11,Hunter,Luepke,RB,0.83,2025-11-13 05:21:22,2025-11-13 05:21:22,DAL
15004,fanduel.com,Week 10,Zavier,Scott,RB,0.82,2025-11-07 00:48:09,2025-11-07 00:48:09,MIN
17894,fanduel.com,Week 11,Michael,Carter,RB,0.82,2025-11-13 05:21:22,2025-11-13 05:21:22,ARI
25455,fanduel.com,Week 13,Hunter,Luepke,RB,0.81,2025-11-26 18:38:36,2025-11-26 18:38:36,DAL
26544,fanduel.com,Week 14,Jeff,Wilson,RB,0.81,2025-12-03 01:55:37,2025-12-03 03:57:34,MIA
15005,fanduel.com,Week 10,Zamir,White,RB,0.8,2025-11-07 00:48:09,2025-11-07 00:48:09,LV
15006,fanduel.com,Week 10,Arian,Smith,WR,0.8,2025-11-07 00:48:09,2025-11-07 00:48:09,NYJ
15508,sleeper.com,Week 10,Brycen,Tremayne,WR,0.8,2025-11-07 00:48:26,2025-11-07 00:48:26,CAR
15509,sleeper.com,Week 10,Ben,Sinnott,TE,0.8,2025-11-07 00:48:26,2025-11-07 00:48:26,WAS
15510,sleeper.com,Week 10,Malachi,Corley,WR,0.8,2025-11-07 00:48:26,2025-11-07 00:48:26,CLE
15511,sleeper.com,Week 10,Chris,Manhertz,TE,0.8,2025-11-07 00:48:26,2025-11-07 00:48:26,NYG
15512,sleeper.com,Week 10,C.J.,Ham,RB,0.8,2025-11-07 00:48:26,2025-11-07 00:51:07,MIN
15513,sleeper.com,Week 10,Trevor,Etienne,RB,0.8,2025-11-07 00:48:26,2025-11-07 00:48:26,CAR
15515,sleeper.com,Week 10,Ian,Thomas,TE,0.8,2025-11-07 00:48:26,2025-11-07 00:48:26,LV
15516,sleeper.com,Week 10,Skyy,Moore,WR,0.8,2025-11-07 00:48:26,2025-11-07 00:48:26,SF
15517,sleeper.com,Week 10,Jackson,Hawes,TE,0.8,2025-11-07 00:48:26,2025-11-07 00:48:26,BUF
15518,sleeper.com,Week 10,Ashton,Dulin,WR,0.8,2025-11-07 00:48:26,2025-11-07 00:48:26,IND
15974,fantasypros.com,Week 10,Travis,Homer,RB,0.8,2025-11-07 00:50:27,2025-11-07 00:50:27,CHI
15975,fantasypros.com,Week 10,D'Ernest,Johnson,RB,0.8,2025-11-07 00:50:27,2025-11-07 00:50:27,NE
15976,fantasypros.com,Week 10,Trevor,Etienne,RB,0.8,2025-11-07 00:50:27,2025-11-07 00:50:27,CAR
15977,fantasypros.com,Week 10,Patrick,Ricard,RB,0.8,2025-11-07 00:50:27,2025-11-07 00:50:27,BAL
15978,fantasypros.com,Week 10,Dylan,Laube,RB,0.8,2025-11-07 00:50:27,2025-11-07 00:50:27,LV
15979,fantasypros.com,Week 10,Adam,Prentice,RB,0.8,2025-11-07 00:50:27,2025-11-07 00:50:27,DEN
15980,fantasypros.com,Week 10,C.J.,Ham,RB,0.8,2025-11-07 00:50:27,2025-11-07 00:50:27,MIN
16741,sleeper.com,Week 11,Brycen,Tremayne,WR,0.8,2025-11-13 05:18:19,2025-11-13 05:18:19,CAR
16742,sleeper.com,Week 11,Chris,Manhertz,TE,0.8,2025-11-13 05:18:19,2025-11-13 05:18:19,NYG
16743,sleeper.com,Week 11,C.J.,Ham,RB,0.8,2025-11-13 05:18:19,2025-11-13 05:26:14,MIN
16745,sleeper.com,Week 11,KeAndre,Lambert-Smith,WR,0.8,2025-11-13 05:18:19,2025-11-13 05:18:19,LAC
17895,fanduel.com,Week 11,Zavier,Scott,RB,0.8,2025-11-13 05:21:22,2025-11-13 05:21:22,MIN
18415,sleeper.com,Week 12,Brycen,Tremayne,WR,0.8,2025-11-20 17:45:26,2025-11-20 17:59:20,CAR
18416,sleeper.com,Week 12,Austin,Trammell,WR,0.8,2025-11-20 17:45:26,2025-11-20 17:59:20,JAX
18418,sleeper.com,Week 12,C.J.,Ham,RB,0.8,2025-11-20 17:45:26,2025-11-20 18:02:59,MIN
18420,sleeper.com,Week 12,Ian,Thomas,TE,0.8,2025-11-20 17:45:26,2025-11-20 17:59:20,LV
19931,fantasypros.com,Week 12,Jameis,Winston,QB,0.8,2025-11-20 18:01:42,2025-11-20 18:01:42,NYG
20045,fantasypros.com,Week 12,D'Ernest,Johnson,RB,0.8,2025-11-20 18:01:42,2025-11-20 18:01:42,NE
20046,fantasypros.com,Week 12,Emari,Demercado,RB,0.8,2025-11-20 18:01:42,2025-11-20 18:01:42,ARI
20047,fantasypros.com,Week 12,Julius,Chestnut,RB,0.8,2025-11-20 18:01:42,2025-11-20 18:01:42,TEN
20048,fantasypros.com,Week 12,DJ,Giddens,RB,0.8,2025-11-20 18:01:42,2025-11-20 18:01:42,IND
20200,fantasypros.com,Week 12,Bo,Melton,WR,0.8,2025-11-20 18:01:42,2025-11-20 18:01:42,GB
24364,sleeper.com,Week 13,Mo,Alie-Cox,TE,0.8,2025-11-26 18:35:52,2025-11-26 18:35:52,IND
24365,sleeper.com,Week 13,Brycen,Tremayne,WR,0.8,2025-11-26 18:35:52,2025-11-26 18:35:52,CAR
24367,sleeper.com,Week 13,Tyler,Conklin,TE,0.8,2025-11-26 18:35:52,2025-11-26 18:35:52,LAC
24368,sleeper.com,Week 13,Blake,Whiteheart,TE,0.8,2025-11-26 18:35:52,2025-11-26 18:35:52,CLE
24370,sleeper.com,Week 13,Charlie,Woerner,TE,0.8,2025-11-26 18:35:52,2025-11-26 18:35:52,ATL
24371,sleeper.com,Week 13,Ian,Thomas,TE,0.8,2025-11-26 18:35:52,2025-11-26 18:35:52,LV
24372,sleeper.com,Week 13,Kyle,Williams,WR,0.8,2025-11-26 18:35:52,2025-11-26 18:35:52,NE
24373,sleeper.com,Week 13,Dare,Ogunbowale,RB,0.8,2025-11-26 18:35:52,2025-11-26 18:35:52,HOU
24374,sleeper.com,Week 13,Terrell,Jennings,RB,0.8,2025-11-26 18:35:52,2025-11-26 18:35:52,NE
24375,sleeper.com,Week 13,Johnny,Mundt,TE,0.8,2025-11-26 18:35:52,2025-11-26 18:35:52,JAX
24376,sleeper.com,Week 13,Jackson,Hawes,TE,0.8,2025-11-26 18:35:52,2025-11-26 18:35:52,BUF
25456,fanduel.com,Week 13,Jeff,Wilson,RB,0.8,2025-11-26 18:38:36,2025-11-26 18:38:36,MIA
25457,fanduel.com,Week 13,Kyle,Juszczyk,RB,0.8,2025-11-26 18:38:36,2025-11-26 18:38:36,SF
25963,sleeper.com,Week 14,Mo,Alie-Cox,TE,0.8,2025-12-03 01:52:43,2025-12-03 01:52:43,IND
25964,sleeper.com,Week 14,KhaDarel,Hodge,WR,0.8,2025-12-03 01:52:43,2025-12-03 01:52:43,ATL
25965,sleeper.com,Week 14,Blake,Whiteheart,TE,0.8,2025-12-03 01:52:43,2025-12-03 01:52:43,CLE
25967,sleeper.com,Week 14,Charlie,Woerner,TE,0.8,2025-12-03 01:52:43,2025-12-03 01:52:43,ATL
25968,sleeper.com,Week 14,Ian,Thomas,TE,0.8,2025-12-03 01:52:43,2025-12-03 01:52:43,LV
25969,sleeper.com,Week 14,Sione,Vaki,RB,0.8,2025-12-03 01:52:43,2025-12-03 01:52:43,DET
25970,sleeper.com,Week 14,Dare,Ogunbowale,RB,0.8,2025-12-03 01:52:43,2025-12-03 01:52:43,HOU
25971,sleeper.com,Week 14,KeAndre,Lambert-Smith,WR,0.8,2025-12-03 01:52:43,2025-12-03 01:52:43,LAC
25972,sleeper.com,Week 14,Mitch,Tinsley,WR,0.8,2025-12-03 01:52:43,2025-12-03 01:52:43,CIN
27102,fantasypros.com,Week 14,Alec,Ingold,RB,0.8,2025-12-03 02:17:53,2025-12-03 03:06:17,MIA
27103,fantasypros.com,Week 14,Trey,Sermon,RB,0.8,2025-12-03 02:17:53,2025-12-03 03:06:17,PIT
27104,fantasypros.com,Week 14,C.J.,Ham,RB,0.8,2025-12-03 02:17:53,2025-12-03 03:06:17,MIN
27105,fantasypros.com,Week 14,DJ,Giddens,RB,0.8,2025-12-03 02:17:53,2025-12-03 03:06:17,IND
17896,fanduel.com,Week 11,Chris,Brooks,RB,0.79,2025-11-13 05:21:22,2025-11-13 05:21:22,GB
19055,fanduel.com,Week 12,Julius,Chestnut,RB,0.79,2025-11-20 17:52:44,2025-11-20 18:02:18,TEN
25458,fanduel.com,Week 13,Craig,Reynolds,RB,0.79,2025-11-26 18:38:36,2025-11-26 18:38:36,DET
19056,fanduel.com,Week 12,Isaac,Guerendo,RB,0.78,2025-11-20 17:52:44,2025-11-20 18:02:18,SF
15007,fanduel.com,Week 10,Tay,Martin,WR,0.77,2025-11-07 00:48:09,2025-11-07 00:51:07,WAS
17897,fanduel.com,Week 11,Tay,Martin,WR,0.77,2025-11-13 05:21:22,2025-11-13 05:26:13,WAS
19057,fanduel.com,Week 12,Travis,Homer,RB,0.77,2025-11-20 17:52:44,2025-11-20 18:02:18,CHI
19058,fanduel.com,Week 12,Hunter,Luepke,RB,0.75,2025-11-20 17:52:44,2025-11-20 18:02:18,DAL
25459,fanduel.com,Week 13,Tyler,Goodson,RB,0.75,2025-11-26 18:38:36,2025-11-26 18:38:36,IND
19059,fanduel.com,Week 12,Sione,Vaki,RB,0.74,2025-11-20 17:52:44,2025-11-20 18:02:18,DET
19060,fanduel.com,Week 12,Zavier,Scott,RB,0.74,2025-11-20 17:52:44,2025-11-20 18:02:18,MIN
19061,fanduel.com,Week 12,D'Ernest,Johnson,RB,0.72,2025-11-20 17:52:44,2025-11-20 18:02:18,NE
19062,fanduel.com,Week 12,Clyde,Edwards-Helaire,RB,0.71,2025-11-20 17:52:44,2025-11-20 18:02:18,KC
25460,fanduel.com,Week 13,D'Ernest,Johnson,RB,0.71,2025-11-26 18:38:36,2025-11-26 18:38:36,NE
15519,sleeper.com,Week 10,Luke,Farrell,TE,0.7,2025-11-07 00:48:26,2025-11-07 00:48:26,SF
15523,sleeper.com,Week 10,Tyler,Conklin,TE,0.7,2025-11-07 00:48:26,2025-11-07 00:48:26,LAC
15525,sleeper.com,Week 10,Blake,Whiteheart,TE,0.7,2025-11-07 00:48:26,2025-11-07 00:48:26,CLE
15526,sleeper.com,Week 10,Stone,Smartt,TE,0.7,2025-11-07 00:48:26,2025-11-07 00:48:26,NYJ
15527,sleeper.com,Week 10,Charlie,Woerner,TE,0.7,2025-11-07 00:48:26,2025-11-07 00:48:26,ATL
15528,sleeper.com,Week 10,Cedrick,Wilson,WR,0.7,2025-11-07 00:48:26,2025-11-07 00:48:26,MIA
15878,fantasypros.com,Week 10,Tyler,Huntley,QB,0.7,2025-11-07 00:50:27,2025-11-07 00:50:27,BAL
15879,fantasypros.com,Week 10,Russell,Wilson,QB,0.7,2025-11-07 00:50:27,2025-11-07 00:50:27,NYG
15981,fantasypros.com,Week 10,Craig,Reynolds,RB,0.7,2025-11-07 00:50:27,2025-11-07 00:50:27,DET
16746,sleeper.com,Week 11,Alex,Bachman,WR,0.7,2025-11-13 05:18:19,2025-11-13 05:18:19,LV
16747,sleeper.com,Week 11,Julius,Chestnut,RB,0.7,2025-11-13 05:18:19,2025-11-13 05:18:19,TEN
16748,sleeper.com,Week 11,Savion,Williams,WR,0.7,2025-11-13 05:18:19,2025-11-13 05:18:19,GB
16751,sleeper.com,Week 11,Blake,Whiteheart,TE,0.7,2025-11-13 05:18:19,2025-11-13 05:18:19,CLE
16752,sleeper.com,Week 11,Trevor,Etienne,RB,0.7,2025-11-13 05:18:19,2025-11-13 05:18:19,CAR
16753,sleeper.com,Week 11,Brevyn,Spann-Ford,TE,0.7,2025-11-13 05:18:19,2025-11-13 05:18:19,DAL
16754,sleeper.com,Week 11,Stone,Smartt,TE,0.7,2025-11-13 05:18:19,2025-11-13 05:18:19,NYJ
16755,sleeper.com,Week 11,Charlie,Woerner,TE,0.7,2025-11-13 05:18:19,2025-11-13 05:18:19,ATL
16756,sleeper.com,Week 11,Ryan,Miller,WR,0.7,2025-11-13 05:18:19,2025-11-13 05:18:19,TB
16757,sleeper.com,Week 11,Mitch,Tinsley,WR,0.7,2025-11-13 05:18:19,2025-11-13 05:18:19,CIN
17898,fanduel.com,Week 11,Jaylen,Wright,RB,0.7,2025-11-13 05:21:22,2025-11-13 05:21:22,MIA
18421,sleeper.com,Week 12,Julius,Chestnut,RB,0.7,2025-11-20 17:45:26,2025-11-20 17:59:20,TEN
18423,sleeper.com,Week 12,Blake,Whiteheart,TE,0.7,2025-11-20 17:45:26,2025-11-20 17:59:20,CLE
18424,sleeper.com,Week 12,Trevor,Etienne,RB,0.7,2025-11-20 17:45:26,2025-11-20 17:59:20,CAR
18425,sleeper.com,Week 12,Terrell,Jennings,RB,0.7,2025-11-20 17:45:26,2025-11-20 17:59:20,NE
18426,sleeper.com,Week 12,Jalen,Royals,WR,0.7,2025-11-20 17:45:26,2025-11-20 17:59:20,KC
19932,fantasypros.com,Week 12,Dillon,Gabriel,QB,0.7,2025-11-20 18:01:42,2025-11-20 18:01:42,CLE
20049,fantasypros.com,Week 12,Hunter,Luepke,RB,0.7,2025-11-20 18:01:42,2025-11-20 18:01:42,DAL
24377,sleeper.com,Week 13,Grant,Calcaterra,TE,0.7,2025-11-26 18:35:52,2025-11-26 18:35:52,PHI
24379,sleeper.com,Week 13,Julius,Chestnut,RB,0.7,2025-11-26 18:35:52,2025-11-26 18:35:52,TEN
24380,sleeper.com,Week 13,Gunner,Olszewski,WR,0.7,2025-11-26 18:35:52,2025-11-26 18:35:52,NYG
24381,sleeper.com,Week 13,C.J.,Ham,RB,0.7,2025-11-26 18:35:52,2025-11-26 18:35:52,MIN
24382,sleeper.com,Week 13,Brevyn,Spann-Ford,TE,0.7,2025-11-26 18:35:52,2025-11-26 18:35:52,DAL
25974,sleeper.com,Week 14,Tahj,Brooks,RB,0.7,2025-12-03 01:52:43,2025-12-03 01:52:43,CIN
25975,sleeper.com,Week 14,Julius,Chestnut,RB,0.7,2025-12-03 01:52:43,2025-12-03 01:52:43,TEN
25977,sleeper.com,Week 14,Tyler,Conklin,TE,0.7,2025-12-03 01:52:43,2025-12-03 01:52:43,LAC
25978,sleeper.com,Week 14,Brevyn,Spann-Ford,TE,0.7,2025-12-03 01:52:43,2025-12-03 01:52:43,DAL
25979,sleeper.com,Week 14,Anthony,Gould,WR,0.7,2025-12-03 01:52:43,2025-12-03 01:52:43,IND
26545,fanduel.com,Week 14,Craig,Reynolds,RB,0.7,2025-12-03 01:55:37,2025-12-03 03:57:34,DET
27106,fantasypros.com,Week 14,Jaret,Patterson,RB,0.7,2025-12-03 02:17:53,2025-12-03 03:06:17,LAC
15008,fanduel.com,Week 10,D'Ernest,Johnson,RB,0.69,2025-11-07 00:48:09,2025-11-07 00:48:09,NE
25461,fanduel.com,Week 13,Isaac,Guerendo,RB,0.69,2025-11-26 18:38:36,2025-11-26 18:38:36,SF
17899,fanduel.com,Week 11,Sione,Vaki,RB,0.68,2025-11-13 05:21:22,2025-11-13 05:21:22,DET
17900,fanduel.com,Week 11,Brevyn,Spann-Ford,TE,0.68,2025-11-13 05:21:22,2025-11-13 05:21:22,DAL
15009,fanduel.com,Week 10,Brycen,Tremayne,WR,0.67,2025-11-07 00:48:09,2025-11-07 00:48:09,CAR
25462,fanduel.com,Week 13,Reggie,Gilliam,RB,0.67,2025-11-26 18:38:36,2025-11-26 18:38:36,BUF
26546,fanduel.com,Week 14,Sione,Vaki,RB,0.67,2025-12-03 01:55:37,2025-12-03 03:57:34,DET
15010,fanduel.com,Week 10,Riley,Leonard,QB,0.66,2025-11-07 00:48:09,2025-11-07 00:48:09,IND
17901,fanduel.com,Week 11,Reggie,Gilliam,RB,0.66,2025-11-13 05:21:22,2025-11-13 05:21:22,BUF
19063,fanduel.com,Week 12,Jake,Tonges,TE,0.66,2025-11-20 17:52:44,2025-11-20 18:02:18,SF
15011,fanduel.com,Week 10,Reggie,Gilliam,RB,0.65,2025-11-07 00:48:09,2025-11-07 00:48:09,BUF
15012,fanduel.com,Week 10,Payne,Durham,TE,0.65,2025-11-07 00:48:09,2025-11-07 00:48:09,TB
15013,fanduel.com,Week 10,Jacob,Saylors,RB,0.65,2025-11-07 00:48:09,2025-11-07 00:48:09,DET
19064,fanduel.com,Week 12,Luke,Farrell,TE,0.65,2025-11-20 17:52:44,2025-11-20 18:02:18,SF
25463,fanduel.com,Week 13,Erick,All Jr.,TE,0.65,2025-11-26 18:38:36,2025-11-26 18:38:36,CIN
25464,fanduel.com,Week 13,Alec,Ingold,RB,0.65,2025-11-26 18:38:36,2025-11-26 18:38:36,MIA
26547,fanduel.com,Week 14,Alec,Ingold,RB,0.65,2025-12-03 01:55:37,2025-12-03 03:57:34,MIA
26548,fanduel.com,Week 14,Trayveon,Williams,RB,0.65,2025-12-03 01:55:37,2025-12-03 03:57:34,LAC
15014,fanduel.com,Week 10,Jeff,Wilson,RB,0.64,2025-11-07 00:48:09,2025-11-07 00:48:09,MIA
15015,fanduel.com,Week 10,Jaylen,Wright,RB,0.64,2025-11-07 00:48:09,2025-11-07 00:48:09,MIA
15016,fanduel.com,Week 10,Cam,Akers,RB,0.64,2025-11-07 00:48:09,2025-11-07 00:48:09,MIN
25465,fanduel.com,Week 13,Sione,Vaki,RB,0.64,2025-11-26 18:38:36,2025-11-26 18:38:36,DET
26549,fanduel.com,Week 14,Connor,Heyward,TE,0.64,2025-12-03 01:55:37,2025-12-03 03:57:34,PIT
26550,fanduel.com,Week 14,Travis,Homer,RB,0.64,2025-12-03 01:55:37,2025-12-03 03:57:34,CHI
26551,fanduel.com,Week 14,Dare,Ogunbowale,RB,0.64,2025-12-03 01:55:37,2025-12-03 03:57:34,HOU
15017,fanduel.com,Week 10,Audric,Estime,RB,0.63,2025-11-07 00:48:09,2025-11-07 00:48:09,NO
15018,fanduel.com,Week 10,Davis,Allen,TE,0.63,2025-11-07 00:48:09,2025-11-07 00:51:07,LAR
17902,fanduel.com,Week 11,Jeff,Wilson,RB,0.63,2025-11-13 05:21:22,2025-11-13 05:21:22,MIA
17903,fanduel.com,Week 11,Adam,Thielen,WR,0.63,2025-11-13 05:21:22,2025-11-13 05:21:22,MIN
17904,fanduel.com,Week 11,Cam,Akers,RB,0.63,2025-11-13 05:21:22,2025-11-13 05:21:22,MIN
17905,fanduel.com,Week 11,Davis,Allen,TE,0.63,2025-11-13 05:21:22,2025-11-13 05:26:14,LAR
25466,fanduel.com,Week 13,Brevyn,Spann-Ford,TE,0.63,2025-11-26 18:38:36,2025-11-26 18:38:36,DAL
26552,fanduel.com,Week 14,Nyheim,Hines,RB,0.63,2025-12-03 01:55:37,2025-12-03 03:57:34,LAC
26553,fanduel.com,Week 14,Hassan,Haskins,RB,0.63,2025-12-03 01:55:37,2025-12-03 03:57:34,LAC
26554,fanduel.com,Week 14,Derius,Davis,WR,0.63,2025-12-03 01:55:37,2025-12-03 03:57:34,LAC
15019,fanduel.com,Week 10,Roschon,Johnson,RB,0.62,2025-11-07 00:48:09,2025-11-07 00:48:09,CHI
19065,fanduel.com,Week 12,Zamir,White,RB,0.62,2025-11-20 17:52:44,2025-11-20 18:02:18,LV
26555,fanduel.com,Week 14,Brevyn,Spann-Ford,TE,0.62,2025-12-03 01:55:37,2025-12-03 03:57:34,DAL
26556,fanduel.com,Week 14,Amar,Johnson,RB,0.62,2025-12-03 01:55:37,2025-12-03 03:57:34,LAC
15020,fanduel.com,Week 10,Mo,Alie-Cox,TE,0.61,2025-11-07 00:48:09,2025-11-07 00:48:09,IND
15021,fanduel.com,Week 10,Andrew,Ogletree,TE,0.61,2025-11-07 00:48:09,2025-11-07 00:48:09,IND
15022,fanduel.com,Week 10,Nathan,Carter,RB,0.61,2025-11-07 00:48:09,2025-11-07 00:48:09,ATL
17906,fanduel.com,Week 11,Brock,Wright,TE,0.61,2025-11-13 05:21:22,2025-11-13 05:21:22,DET
19066,fanduel.com,Week 12,Brevyn,Spann-Ford,TE,0.61,2025-11-20 17:52:44,2025-11-20 18:02:18,DAL
26557,fanduel.com,Week 14,A.J.,Dillon,RB,0.61,2025-12-03 01:55:37,2025-12-03 03:57:34,PHI
15023,fanduel.com,Week 10,John,FitzPatrick,TE,0.6,2025-11-07 00:48:09,2025-11-07 00:48:09,GB
15024,fanduel.com,Week 10,Ben,Sims,TE,0.6,2025-11-07 00:48:09,2025-11-07 00:48:09,GB
15529,sleeper.com,Week 10,Mo,Alie-Cox,TE,0.6,2025-11-07 00:48:26,2025-11-07 00:48:26,IND
15530,sleeper.com,Week 10,Efton,Chism,WR,0.6,2025-11-07 00:48:26,2025-11-07 00:48:26,NE
15532,sleeper.com,Week 10,Craig,Reynolds,RB,0.6,2025-11-07 00:48:26,2025-11-07 00:48:26,DET
15533,sleeper.com,Week 10,Tim,Jones,WR,0.6,2025-11-07 00:48:26,2025-11-07 00:48:26,JAX
15534,sleeper.com,Week 10,Savion,Williams,WR,0.6,2025-11-07 00:48:26,2025-11-07 00:48:26,GB
15535,sleeper.com,Week 10,George,Holani,RB,0.6,2025-11-07 00:48:26,2025-11-07 00:48:26,SEA
15536,sleeper.com,Week 10,Josh,Williams,RB,0.6,2025-11-07 00:48:26,2025-11-07 00:48:26,TB
15538,sleeper.com,Week 10,Trayveon,Williams,RB,0.6,2025-11-07 00:48:26,2025-11-07 00:48:26,LAC
15539,sleeper.com,Week 10,Scotty,Miller,WR,0.6,2025-11-07 00:48:26,2025-11-07 00:48:26,PIT
15541,sleeper.com,Week 10,Durham,Smythe,TE,0.6,2025-11-07 00:48:26,2025-11-07 00:48:26,CHI
15542,sleeper.com,Week 10,DJ,Giddens,RB,0.6,2025-11-07 00:48:26,2025-11-07 00:48:26,IND
15880,fantasypros.com,Week 10,Spencer,Rattler,QB,0.6,2025-11-07 00:50:27,2025-11-07 00:50:27,NO
15982,fantasypros.com,Week 10,Trey,Benson,RB,0.6,2025-11-07 00:50:27,2025-11-07 00:50:27,ARI
15983,fantasypros.com,Week 10,DJ,Giddens,RB,0.6,2025-11-07 00:50:27,2025-11-07 00:50:27,IND
15984,fantasypros.com,Week 10,Nathan,Carter,RB,0.6,2025-11-07 00:50:27,2025-11-07 00:50:27,ATL
16128,fantasypros.com,Week 10,Ryan,Miller,WR,0.6,2025-11-07 00:50:27,2025-11-07 00:50:27,TB
16129,fantasypros.com,Week 10,Gage,Larvadain,WR,0.6,2025-11-07 00:50:27,2025-11-07 00:50:27,CLE
16130,fantasypros.com,Week 10,Ben,Skowronek,WR,0.6,2025-11-07 00:50:27,2025-11-07 00:50:27,PIT
16131,fantasypros.com,Week 10,Lil'Jordan,Humphrey,WR,0.6,2025-11-07 00:50:27,2025-11-07 00:50:27,NYG
16758,sleeper.com,Week 11,Efton,Chism,WR,0.6,2025-11-13 05:18:19,2025-11-13 05:18:19,NE
16763,sleeper.com,Week 11,Derius,Davis,WR,0.6,2025-11-13 05:18:19,2025-11-13 05:18:19,LAC
16764,sleeper.com,Week 11,Cam,Grandy,TE,0.6,2025-11-13 05:18:19,2025-11-13 05:18:19,CIN
16765,sleeper.com,Week 11,Scotty,Miller,WR,0.6,2025-11-13 05:18:19,2025-11-13 05:18:19,PIT
16767,sleeper.com,Week 11,Trent,Sherfield,WR,0.6,2025-11-13 05:18:19,2025-11-13 05:18:19,DEN
16768,sleeper.com,Week 11,Kylen,Granson,TE,0.6,2025-11-13 05:18:19,2025-11-13 05:18:19,PHI
16769,sleeper.com,Week 11,Josiah,Deguara,TE,0.6,2025-11-13 05:18:19,2025-11-13 05:18:19,ARI
16770,sleeper.com,Week 11,Skyy,Moore,WR,0.6,2025-11-13 05:18:19,2025-11-13 05:18:19,SF
16771,sleeper.com,Week 11,Jalen,Royals,WR,0.6,2025-11-13 05:18:19,2025-11-13 05:18:19,KC
17907,fanduel.com,Week 11,Nathan,Carter,RB,0.6,2025-11-13 05:21:22,2025-11-13 05:21:22,ATL
18427,sleeper.com,Week 12,Charlie,Jones,WR,0.6,2025-11-20 17:45:26,2025-11-20 17:59:20,CIN
18430,sleeper.com,Week 12,Alex,Bachman,WR,0.6,2025-11-20 17:45:26,2025-11-20 17:59:20,LV
18432,sleeper.com,Week 12,Craig,Reynolds,RB,0.6,2025-11-20 17:45:26,2025-11-20 17:59:20,DET
18433,sleeper.com,Week 12,Hunter,Long,TE,0.6,2025-11-20 17:45:26,2025-11-20 17:59:20,JAX
18435,sleeper.com,Week 12,Brevyn,Spann-Ford,TE,0.6,2025-11-20 17:45:26,2025-11-20 17:59:20,DAL
18436,sleeper.com,Week 12,Scotty,Miller,WR,0.6,2025-11-20 17:45:26,2025-11-20 17:59:20,PIT
18438,sleeper.com,Week 12,DJ,Giddens,RB,0.6,2025-11-20 17:45:26,2025-11-20 17:59:20,IND
18439,sleeper.com,Week 12,Kylen,Granson,TE,0.6,2025-11-20 17:45:26,2025-11-20 17:59:20,PHI
19067,fanduel.com,Week 12,Nikko,Remigio,WR,0.6,2025-11-20 17:52:44,2025-11-20 18:02:18,KC
19068,fanduel.com,Week 12,Davis,Allen,TE,0.6,2025-11-20 17:52:44,2025-11-20 18:02:59,LAR
19933,fantasypros.com,Week 12,Justin,Fields,QB,0.6,2025-11-20 18:01:42,2025-11-20 18:01:42,NYJ
19934,fantasypros.com,Week 12,Jalen,Milroe,QB,0.6,2025-11-20 18:01:42,2025-11-20 18:01:42,SEA
20050,fantasypros.com,Week 12,Rasheen,Ali,RB,0.6,2025-11-20 18:01:42,2025-11-20 18:01:42,BAL
20051,fantasypros.com,Week 12,Kendall,Milton,RB,0.6,2025-11-20 18:01:42,2025-11-20 18:01:42,CIN
20052,fantasypros.com,Week 12,Zamir,White,RB,0.6,2025-11-20 18:01:42,2025-11-20 18:01:42,LV
24383,sleeper.com,Week 13,Chris,Moore,WR,0.6,2025-11-26 18:35:52,2025-11-26 18:35:52,WAS
24385,sleeper.com,Week 13,Austin,Trammell,WR,0.6,2025-11-26 18:35:52,2025-11-26 18:35:52,JAX
24388,sleeper.com,Week 13,Ben,Sinnott,TE,0.6,2025-11-26 18:35:52,2025-11-26 18:35:52,WAS
24390,sleeper.com,Week 13,Trevor,Etienne,RB,0.6,2025-11-26 18:35:52,2025-11-26 18:35:52,CAR
24391,sleeper.com,Week 13,Scotty,Miller,WR,0.6,2025-11-26 18:35:52,2025-11-26 18:35:52,PIT
24393,sleeper.com,Week 13,Cedrick,Wilson,WR,0.6,2025-11-26 18:35:52,2025-11-26 18:35:52,MIA
25467,fanduel.com,Week 13,Jalen,Tolbert,WR,0.6,2025-11-26 18:38:36,2025-11-26 18:38:36,DAL
25468,fanduel.com,Week 13,LeQuint,Allen Jr.,RB,0.6,2025-11-26 18:38:36,2025-11-26 18:38:36,JAX
25980,sleeper.com,Week 14,Chris,Moore,WR,0.6,2025-12-03 01:52:43,2025-12-03 01:52:43,WAS
25982,sleeper.com,Week 14,Grant,Calcaterra,TE,0.6,2025-12-03 01:52:43,2025-12-03 01:52:43,PHI
25983,sleeper.com,Week 14,Dyami,Brown,WR,0.6,2025-12-03 01:52:43,2025-12-03 01:52:43,JAX
25985,sleeper.com,Week 14,Savion,Williams,WR,0.6,2025-12-03 01:52:43,2025-12-03 01:52:43,GB
25986,sleeper.com,Week 14,Ben,Sinnott,TE,0.6,2025-12-03 01:52:43,2025-12-03 01:52:43,WAS
25988,sleeper.com,Week 14,Cedrick,Wilson,WR,0.6,2025-12-03 01:52:43,2025-12-03 01:52:43,MIA
25989,sleeper.com,Week 14,Tyler,Johnson,WR,0.6,2025-12-03 01:52:43,2025-12-03 01:52:43,NYJ
26558,fanduel.com,Week 14,Patrick,Ricard,RB,0.6,2025-12-03 01:55:37,2025-12-03 03:57:34,BAL
26559,fanduel.com,Week 14,Dylan,Laube,RB,0.6,2025-12-03 01:55:37,2025-12-03 03:57:34,LV
27019,fantasypros.com,Week 14,Max,Brosmer,QB,0.6,2025-12-03 02:17:53,2025-12-03 03:06:17,MIN
27107,fantasypros.com,Week 14,Chase,Edmonds,RB,0.6,2025-12-03 02:17:53,2025-12-03 03:06:17,WAS
15025,fanduel.com,Week 10,Adam,Trautman,TE,0.59,2025-11-07 00:48:09,2025-11-07 00:48:09,DEN
15026,fanduel.com,Week 10,Justin,Shorter,TE,0.59,2025-11-07 00:48:09,2025-11-07 00:48:09,LV
15027,fanduel.com,Week 10,Adam,Thielen,WR,0.59,2025-11-07 00:48:09,2025-11-07 00:48:09,MIN
15028,fanduel.com,Week 10,Jake,Tonges,TE,0.59,2025-11-07 00:48:09,2025-11-07 00:48:09,SF
17908,fanduel.com,Week 11,Adam,Trautman,TE,0.59,2025-11-13 05:21:22,2025-11-13 05:21:22,DEN
19069,fanduel.com,Week 12,Keleki,Latu,TE,0.59,2025-11-20 17:52:44,2025-11-20 18:02:18,BUF
19070,fanduel.com,Week 12,Jalen,Tolbert,WR,0.59,2025-11-20 17:52:44,2025-11-20 18:02:18,DAL
25469,fanduel.com,Week 13,Travis,Homer,RB,0.59,2025-11-26 18:38:36,2025-11-26 18:38:36,CHI
25470,fanduel.com,Week 13,Dare,Ogunbowale,RB,0.59,2025-11-26 18:38:36,2025-11-26 18:38:36,HOU
25471,fanduel.com,Week 13,Keleki,Latu,TE,0.59,2025-11-26 18:38:36,2025-11-26 18:38:36,BUF
26560,fanduel.com,Week 14,Zamir,White,RB,0.59,2025-12-03 01:55:37,2025-12-03 03:57:34,LV
17909,fanduel.com,Week 11,Ben,Sims,TE,0.58,2025-11-13 05:21:22,2025-11-13 05:21:22,GB
17910,fanduel.com,Week 11,Luke,Farrell,TE,0.58,2025-11-13 05:21:22,2025-11-13 05:21:22,SF
17911,fanduel.com,Week 11,Jake,Tonges,TE,0.58,2025-11-13 05:21:22,2025-11-13 05:21:22,SF
17912,fanduel.com,Week 11,Tip,Reiman,TE,0.58,2025-11-13 05:21:22,2025-11-13 05:21:22,ARI
19071,fanduel.com,Week 12,A.J.,Dillon,RB,0.58,2025-11-20 17:52:44,2025-11-20 18:02:18,PHI
19072,fanduel.com,Week 12,Payne,Durham,TE,0.58,2025-11-20 17:52:44,2025-11-20 18:02:18,TB
26561,fanduel.com,Week 14,Konata,Mumpfield,WR,0.58,2025-12-03 01:55:37,2025-12-03 03:57:34,LAR
15029,fanduel.com,Week 10,Teagan,Quitoriano,TE,0.57,2025-11-07 00:48:09,2025-11-07 00:48:09,ATL
17913,fanduel.com,Week 11,Erick,All Jr.,TE,0.57,2025-11-13 05:21:22,2025-11-13 05:21:22,CIN
19073,fanduel.com,Week 12,Erick,All Jr.,TE,0.57,2025-11-20 17:52:44,2025-11-20 18:02:18,CIN
19074,fanduel.com,Week 12,Nathan,Carter,RB,0.57,2025-11-20 17:52:44,2025-11-20 18:02:18,ATL
19075,fanduel.com,Week 12,Skyy,Moore,WR,0.57,2025-11-20 17:52:44,2025-11-20 18:02:18,SF
19076,fanduel.com,Week 12,Jordan,Watkins,WR,0.57,2025-11-20 17:52:44,2025-11-20 18:02:18,SF
25472,fanduel.com,Week 13,Teagan,Quitoriano,TE,0.57,2025-11-26 18:38:36,2025-11-26 18:38:36,ATL
25473,fanduel.com,Week 13,Tucker,Fisk,TE,0.57,2025-11-26 18:38:36,2025-11-26 18:38:36,LAC
15030,fanduel.com,Week 10,Feleipe,Franks,TE,0.56,2025-11-07 00:48:09,2025-11-07 00:48:09,ATL
15031,fanduel.com,Week 10,Josh,Oliver,TE,0.56,2025-11-07 00:48:09,2025-11-07 00:48:09,MIN
15032,fanduel.com,Week 10,Connor,Heyward,TE,0.56,2025-11-07 00:48:09,2025-11-07 00:48:09,PIT
17914,fanduel.com,Week 11,Khadarel,Hodge,WR,0.56,2025-11-13 05:21:22,2025-11-13 05:21:22,ATL
17915,fanduel.com,Week 11,Teagan,Quitoriano,TE,0.56,2025-11-13 05:21:22,2025-11-13 05:21:22,ATL
17916,fanduel.com,Week 11,Brittain,Brown,RB,0.56,2025-11-13 05:21:22,2025-11-13 05:21:22,CHI
17917,fanduel.com,Week 11,Roschon,Johnson,RB,0.56,2025-11-13 05:21:22,2025-11-13 05:21:22,CHI
19077,fanduel.com,Week 12,Mecole,Hardman,WR,0.56,2025-11-20 17:52:44,2025-11-20 18:02:18,BUF
19078,fanduel.com,Week 12,Connor,Heyward,TE,0.56,2025-11-20 17:52:44,2025-11-20 18:02:18,PIT
19079,fanduel.com,Week 12,Andre,Baccellia,WR,0.56,2025-11-20 17:52:44,2025-11-20 18:02:18,ARI
25474,fanduel.com,Week 13,Connor,Heyward,TE,0.56,2025-11-26 18:38:36,2025-11-26 18:38:36,PIT
15033,fanduel.com,Week 10,Dee,Eskridge,WR,0.55,2025-11-07 00:48:09,2025-11-07 00:48:09,MIA
15034,fanduel.com,Week 10,Ben,Yurosek,TE,0.55,2025-11-07 00:48:09,2025-11-07 00:48:09,MIN
15035,fanduel.com,Week 10,Kameron,Johnson,WR,0.55,2025-11-07 00:48:09,2025-11-07 00:48:09,TB
15036,fanduel.com,Week 10,Ryan,Miller,WR,0.55,2025-11-07 00:48:09,2025-11-07 00:48:09,TB
17918,fanduel.com,Week 11,Feleipe,Franks,TE,0.55,2025-11-13 05:21:22,2025-11-13 05:21:22,ATL
17919,fanduel.com,Week 11,Quintin,Morris,TE,0.55,2025-11-13 05:21:22,2025-11-13 05:26:13,JAX
17920,fanduel.com,Week 11,Skyy,Moore,WR,0.55,2025-11-13 05:21:22,2025-11-13 05:21:22,SF
19080,fanduel.com,Week 12,Kameron,Johnson,WR,0.55,2025-11-20 17:52:44,2025-11-20 18:02:18,TB
25475,fanduel.com,Week 13,Grant,Calcaterra,TE,0.55,2025-11-26 18:38:36,2025-11-26 18:38:36,PHI
25476,fanduel.com,Week 13,Brittain,Brown,RB,0.55,2025-11-26 18:38:36,2025-11-26 18:38:36,CHI
25477,fanduel.com,Week 13,Jake,Tonges,TE,0.55,2025-11-26 18:38:36,2025-11-26 18:38:36,SF
25478,fanduel.com,Week 13,Chris,Manhertz,TE,0.55,2025-11-26 18:38:36,2025-11-26 18:38:36,NYG
26563,fanduel.com,Week 14,Devin,Culp,TE,0.55,2025-12-03 01:55:37,2025-12-03 03:57:34,TB
15037,fanduel.com,Week 10,Eric,Saubert,TE,0.54,2025-11-07 00:48:09,2025-11-07 00:48:09,SEA
15038,fanduel.com,Week 10,Dareke,Young,WR,0.54,2025-11-07 00:48:09,2025-11-07 00:48:09,SEA
17921,fanduel.com,Week 11,Connor,Heyward,TE,0.54,2025-11-13 05:21:22,2025-11-13 05:21:22,PIT
19081,fanduel.com,Week 12,Mitchell,Tinsley,WR,0.54,2025-11-20 17:52:44,2025-11-20 18:02:18,CIN
19082,fanduel.com,Week 12,Adam,Thielen,WR,0.54,2025-11-20 17:52:44,2025-11-20 18:02:18,MIN
26564,fanduel.com,Week 14,Dareke,Young,WR,0.54,2025-12-03 01:55:37,2025-12-03 03:57:34,SEA
26566,fanduel.com,Week 14,Nick,Kallerup,TE,0.54,2025-12-03 01:55:37,2025-12-03 03:57:34,SEA
26567,fanduel.com,Week 14,Payne,Durham,TE,0.54,2025-12-03 01:55:37,2025-12-03 03:57:34,TB
26568,fanduel.com,Week 14,Johnny,Mundt,TE,0.54,2025-12-03 01:55:37,2025-12-03 03:57:34,JAX
15039,fanduel.com,Week 10,James,Mitchell,TE,0.53,2025-11-07 00:48:09,2025-11-07 00:48:09,CAR
15040,fanduel.com,Week 10,Michael,Carter,RB,0.53,2025-11-07 00:48:09,2025-11-07 00:48:09,ARI
19083,fanduel.com,Week 12,Drew,Sample,TE,0.53,2025-11-20 17:52:44,2025-11-20 18:02:18,CIN
19084,fanduel.com,Week 12,Grant,Calcaterra,TE,0.53,2025-11-20 17:52:44,2025-11-20 18:02:18,PHI
25479,fanduel.com,Week 13,George,Holani,RB,0.53,2025-11-26 18:38:36,2025-11-26 18:38:36,SEA
26569,fanduel.com,Week 14,Eric,Saubert,TE,0.53,2025-12-03 01:55:37,2025-12-03 03:57:34,SEA
26570,fanduel.com,Week 14,Jake,Bobo,WR,0.53,2025-12-03 01:55:37,2025-12-03 03:57:34,SEA
25480,fanduel.com,Week 13,Ryan,Miller,WR,0.52,2025-11-26 18:38:36,2025-11-26 18:38:36,TB
26571,fanduel.com,Week 14,Kameron,Johnson,WR,0.52,2025-12-03 01:55:37,2025-12-03 03:57:34,TB
26572,fanduel.com,Week 14,Ryan,Miller,WR,0.52,2025-12-03 01:55:37,2025-12-03 03:57:34,TB
26573,fanduel.com,Week 14,Will,Dissly,TE,0.52,2025-12-03 01:55:37,2025-12-03 03:57:34,LAC
15041,fanduel.com,Week 10,Marcedes,Lewis,TE,0.51,2025-11-07 00:48:09,2025-11-07 00:48:09,DEN
15042,fanduel.com,Week 10,Khadarel,Hodge,WR,0.51,2025-11-07 00:48:09,2025-11-07 00:48:09,ATL
15043,fanduel.com,Week 10,Tank,Bigsby,RB,0.51,2025-11-07 00:48:09,2025-11-07 00:48:09,PHI
17922,fanduel.com,Week 11,Marcedes,Lewis,TE,0.51,2025-11-13 05:21:22,2025-11-13 05:21:22,DEN
25481,fanduel.com,Week 13,Jake,Bobo,WR,0.51,2025-11-26 18:38:36,2025-11-26 18:38:36,SEA
25482,fanduel.com,Week 13,Terrell,Jennings,RB,0.51,2025-11-26 18:38:36,2025-11-26 18:38:36,NE
26574,fanduel.com,Week 14,Trishton,Jackson,WR,0.51,2025-12-03 01:55:37,2025-12-03 03:57:34,ARI
15543,sleeper.com,Week 10,KhaDarel,Hodge,WR,0.5,2025-11-07 00:48:26,2025-11-07 00:48:26,ATL
15544,sleeper.com,Week 10,Derius,Davis,WR,0.5,2025-11-07 00:48:26,2025-11-07 00:48:26,LAC
15546,sleeper.com,Week 10,Brittain,Brown,RB,0.5,2025-11-07 00:48:26,2025-11-07 00:48:26,CHI
15547,sleeper.com,Week 10,Kylen,Granson,TE,0.5,2025-11-07 00:48:26,2025-11-07 00:48:26,PHI
15881,fantasypros.com,Week 10,Jalen,Milroe,QB,0.5,2025-11-07 00:50:27,2025-11-07 00:50:27,SEA
15882,fantasypros.com,Week 10,Mitchell,Trubisky,QB,0.5,2025-11-07 00:50:27,2025-11-07 00:50:27,BUF
15883,fantasypros.com,Week 10,Malik,Willis,QB,0.5,2025-11-07 00:50:27,2025-11-07 00:50:27,GB
15884,fantasypros.com,Week 10,Jimmy,Garoppolo,QB,0.5,2025-11-07 00:50:27,2025-11-07 00:50:27,LAR
15985,fantasypros.com,Week 10,Dante,Miller,RB,0.5,2025-11-07 00:50:27,2025-11-07 00:50:27,NYG
15986,fantasypros.com,Week 10,Josh,Williams,RB,0.5,2025-11-07 00:50:27,2025-11-07 00:50:27,TB
15987,fantasypros.com,Week 10,Isaac,Guerendo,RB,0.5,2025-11-07 00:50:27,2025-11-07 00:50:27,SF
15988,fantasypros.com,Week 10,Roschon,Johnson,RB,0.5,2025-11-07 00:50:27,2025-11-07 00:50:27,CHI
16132,fantasypros.com,Week 10,Isaiah,Williams,WR,0.5,2025-11-07 00:50:27,2025-11-07 00:50:27,NYJ
16772,sleeper.com,Week 11,KhaDarel,Hodge,WR,0.5,2025-11-13 05:18:19,2025-11-13 05:18:19,ATL
16774,sleeper.com,Week 11,Craig,Reynolds,RB,0.5,2025-11-13 05:18:19,2025-11-13 05:18:19,DET
17923,fanduel.com,Week 11,Charlie,Jones,WR,0.5,2025-11-13 05:21:22,2025-11-13 05:21:22,CIN
18440,sleeper.com,Week 12,Mo,Alie-Cox,TE,0.5,2025-11-20 17:45:26,2025-11-20 17:59:20,IND
18441,sleeper.com,Week 12,Clyde,Edwards-Helaire,RB,0.5,2025-11-20 17:45:26,2025-11-20 17:59:20,KC
18442,sleeper.com,Week 12,Allen,Lazard,WR,0.5,2025-11-20 17:45:26,2025-11-20 17:59:20,NYJ
18443,sleeper.com,Week 12,Luke,Farrell,TE,0.5,2025-11-20 17:45:26,2025-11-20 17:59:20,SF
18444,sleeper.com,Week 12,Dyami,Brown,WR,0.5,2025-11-20 17:45:26,2025-11-20 17:59:20,JAX
18447,sleeper.com,Week 12,Jamal,Agnew,WR,0.5,2025-11-20 17:45:26,2025-11-20 17:59:20,ATL
18448,sleeper.com,Week 12,Skyy,Moore,WR,0.5,2025-11-20 17:45:26,2025-11-20 17:59:20,SF
18449,sleeper.com,Week 12,Ray-Ray,McCloud,WR,0.5,2025-11-20 17:45:26,2025-11-20 17:59:20,NYG
19935,fantasypros.com,Week 12,Andy,Dalton,QB,0.5,2025-11-20 18:01:42,2025-11-20 18:01:42,CAR
19936,fantasypros.com,Week 12,Tyler,Huntley,QB,0.5,2025-11-20 18:01:42,2025-11-20 18:01:42,BAL
19937,fantasypros.com,Week 12,Mac,Jones,QB,0.5,2025-11-20 18:01:42,2025-11-20 18:01:42,SF
19938,fantasypros.com,Week 12,Malik,Willis,QB,0.5,2025-11-20 18:01:42,2025-11-20 18:01:42,GB
19939,fantasypros.com,Week 12,Max,Brosmer,QB,0.5,2025-11-20 18:01:42,2025-11-20 18:01:42,MIN
19940,fantasypros.com,Week 12,Tyson,Bagent,QB,0.5,2025-11-20 18:01:42,2025-11-20 18:01:42,CHI
19941,fantasypros.com,Week 12,Aidan,O'Connell,QB,0.5,2025-11-20 18:01:42,2025-11-20 18:01:42,LV
20053,fantasypros.com,Week 12,Clyde,Edwards-Helaire,RB,0.5,2025-11-20 18:01:42,2025-11-20 18:01:42,KC
20054,fantasypros.com,Week 12,A.J.,Dillon,RB,0.5,2025-11-20 18:01:42,2025-11-20 18:01:42,PHI
20055,fantasypros.com,Week 12,Patrick,Ricard,RB,0.5,2025-11-20 18:01:42,2025-11-20 18:01:42,BAL
20056,fantasypros.com,Week 12,Brittain,Brown,RB,0.5,2025-11-20 18:01:42,2025-11-20 18:01:42,CHI
20057,fantasypros.com,Week 12,Jermar,Jefferson,RB,0.5,2025-11-20 18:01:42,2025-11-20 18:01:42,ARI
20201,fantasypros.com,Week 12,Konata,Mumpfield,WR,0.5,2025-11-20 18:01:42,2025-11-20 18:01:42,LAR
24394,sleeper.com,Week 13,Robbie,Chosen,WR,0.5,2025-11-26 18:35:52,2025-11-26 18:35:52,WAS
24395,sleeper.com,Week 13,Casey,Washington,WR,0.5,2025-11-26 18:35:52,2025-11-26 18:35:52,ATL
24396,sleeper.com,Week 13,KhaDarel,Hodge,WR,0.5,2025-11-26 18:35:52,2025-11-26 18:35:52,ATL
24397,sleeper.com,Week 13,Dyami,Brown,WR,0.5,2025-11-26 18:35:52,2025-11-26 18:35:52,JAX
24400,sleeper.com,Week 13,James,Proche,WR,0.5,2025-11-26 18:35:52,2025-11-26 18:35:52,TEN
24402,sleeper.com,Week 13,Derius,Davis,WR,0.5,2025-11-26 18:35:52,2025-11-26 18:35:52,LAC
24404,sleeper.com,Week 13,Xavier,Gipson,WR,0.5,2025-11-26 18:35:52,2025-11-26 18:35:52,PHI
24405,sleeper.com,Week 13,Xavier,Smith,WR,0.5,2025-11-26 18:35:52,2025-11-26 18:35:52,LAR
24406,sleeper.com,Week 13,Drew,Ogletree,TE,0.5,2025-11-26 18:35:52,2025-11-26 18:35:52,IND
24407,sleeper.com,Week 13,Jalin,Hyatt,WR,0.5,2025-11-26 18:35:52,2025-11-26 18:35:52,NYG
24410,sleeper.com,Week 13,Tyler,Johnson,WR,0.5,2025-11-26 18:35:52,2025-11-26 18:35:52,NYJ
25992,sleeper.com,Week 14,Derius,Davis,WR,0.5,2025-12-03 01:52:43,2025-12-03 01:52:43,LAC
25993,sleeper.com,Week 14,Arian,Smith,WR,0.5,2025-12-03 01:52:43,2025-12-03 01:52:43,NYJ
25994,sleeper.com,Week 14,Xavier,Gipson,WR,0.5,2025-12-03 01:52:43,2025-12-03 01:52:43,PHI
25995,sleeper.com,Week 14,Drew,Ogletree,TE,0.5,2025-12-03 01:52:43,2025-12-03 01:52:43,IND
25998,sleeper.com,Week 14,Noah,Brown,WR,0.5,2025-12-03 01:52:43,2025-12-03 01:52:43,WAS
26575,fanduel.com,Week 14,Casey,Washington,WR,0.5,2025-12-03 01:55:37,2025-12-03 03:57:34,ATL
27020,fantasypros.com,Week 14,Mason,Rudolph,QB,0.5,2025-12-03 02:17:53,2025-12-03 03:06:17,PIT
27021,fantasypros.com,Week 14,Davis,Mills,QB,0.5,2025-12-03 02:17:53,2025-12-03 03:06:17,HOU
27022,fantasypros.com,Week 14,Teddy,Bridgewater,QB,0.5,2025-12-03 02:17:53,2025-12-03 03:06:17,TB
27023,fantasypros.com,Week 14,Justin,Fields,QB,0.5,2025-12-03 02:17:53,2025-12-03 03:06:17,NYJ
27024,fantasypros.com,Week 14,Joe,Flacco,QB,0.5,2025-12-03 02:17:53,2025-12-03 03:06:17,CIN
15044,fanduel.com,Week 10,Jamal,Agnew,WR,0.49,2025-11-07 00:48:09,2025-11-07 00:48:09,ATL
17924,fanduel.com,Week 11,Dare,Ogunbowale,RB,0.49,2025-11-13 05:21:22,2025-11-13 05:21:22,HOU
17925,fanduel.com,Week 11,Jamal,Agnew,WR,0.49,2025-11-13 05:21:22,2025-11-13 05:21:22,ATL
17926,fanduel.com,Week 11,Nikko,Remigio,WR,0.49,2025-11-13 05:21:22,2025-11-13 05:21:22,KC
25483,fanduel.com,Week 13,Luke,Farrell,TE,0.49,2025-11-26 18:38:36,2025-11-26 18:38:36,SF
25484,fanduel.com,Week 13,Jamari,Thrash,WR,0.49,2025-11-26 18:38:36,2025-11-26 18:38:36,CLE
25485,fanduel.com,Week 13,Jordan,Watkins,WR,0.49,2025-11-26 18:38:36,2025-11-26 18:38:36,SF
25486,fanduel.com,Week 13,Marquez,Valdes-Scantling,WR,0.49,2025-11-26 18:38:36,2025-11-26 18:38:36,PIT
25487,fanduel.com,Week 13,Trayveon,Williams,RB,0.49,2025-11-26 18:38:36,2025-11-26 18:38:36,LAC
25488,fanduel.com,Week 13,Jack,Westover,RB,0.49,2025-11-26 18:38:36,2025-11-26 18:38:36,NE
26576,fanduel.com,Week 14,KeAndre,Lambert-Smith,WR,0.49,2025-12-03 01:55:37,2025-12-03 03:57:34,LAC
25489,fanduel.com,Week 13,Skyy,Moore,WR,0.48,2025-11-26 18:38:36,2025-11-26 18:38:36,SF
25490,fanduel.com,Week 13,Ben,Skowronek,WR,0.48,2025-11-26 18:38:36,2025-11-26 18:38:36,PIT
25491,fanduel.com,Week 13,Carter,Runyon,TE,0.48,2025-11-26 18:38:36,2025-11-26 18:38:36,LV
26577,fanduel.com,Week 14,Scotty,Miller,WR,0.48,2025-12-03 01:55:37,2025-12-03 03:57:34,PIT
26578,fanduel.com,Week 14,Tucker,Fisk,TE,0.48,2025-12-03 01:55:37,2025-12-03 03:57:34,LAC
15045,fanduel.com,Week 10,Kylen,Granson,TE,0.47,2025-11-07 00:48:09,2025-11-07 00:48:09,PHI
17927,fanduel.com,Week 11,Jared,Wayne,WR,0.47,2025-11-13 05:21:22,2025-11-13 05:21:22,HOU
17928,fanduel.com,Week 11,Mitchell,Tinsley,WR,0.47,2025-11-13 05:21:22,2025-11-13 05:21:22,CIN
17929,fanduel.com,Week 11,Kylen,Granson,TE,0.47,2025-11-13 05:21:22,2025-11-13 05:21:22,PHI
19085,fanduel.com,Week 12,Cam,Akers,RB,0.47,2025-11-20 17:52:44,2025-11-20 18:02:18,MIN
19086,fanduel.com,Week 12,Carter,Runyon,TE,0.47,2025-11-20 17:52:44,2025-11-20 18:02:18,LV
25492,fanduel.com,Week 13,Alex,Bachman,WR,0.47,2025-11-26 18:38:36,2025-11-26 18:38:36,LV
26579,fanduel.com,Week 14,Dee,Eskridge,WR,0.47,2025-12-03 01:55:37,2025-12-03 03:57:34,MIA
26580,fanduel.com,Week 14,Tay,Martin,WR,0.47,2025-12-03 01:55:37,2025-12-03 03:57:34,WAS
26581,fanduel.com,Week 14,Ben,Sinnott,TE,0.47,2025-12-03 01:55:37,2025-12-03 03:57:34,WAS
26582,fanduel.com,Week 14,Tyler,Conklin,TE,0.47,2025-12-03 01:55:37,2025-12-03 03:57:34,LAC
15046,fanduel.com,Week 10,Jalin,Hyatt,WR,0.46,2025-11-07 00:48:09,2025-11-07 00:48:09,NYG
15047,fanduel.com,Week 10,British,Brooks,RB,0.46,2025-11-07 00:48:09,2025-11-07 00:48:09,HOU
19087,fanduel.com,Week 12,Jared,Wayne,WR,0.46,2025-11-20 17:52:44,2025-11-20 18:02:18,HOU
25493,fanduel.com,Week 13,Braxton,Berrios,WR,0.46,2025-11-26 18:38:36,2025-11-26 18:38:36,HOU
25494,fanduel.com,Week 13,John,Bates,TE,0.46,2025-11-26 18:38:36,2025-11-26 18:38:36,WAS
26583,fanduel.com,Week 14,Marquez,Valdes-Scantling,WR,0.46,2025-12-03 01:55:37,2025-12-03 03:57:34,PIT
26584,fanduel.com,Week 14,Bryce,Oliver,WR,0.46,2025-12-03 01:55:37,2025-12-03 03:57:34,TEN
26585,fanduel.com,Week 14,Carter,Runyon,TE,0.46,2025-12-03 01:55:37,2025-12-03 03:57:34,LV
15048,fanduel.com,Week 10,Dare,Ogunbowale,RB,0.45,2025-11-07 00:48:09,2025-11-07 00:48:09,HOU
19088,fanduel.com,Week 12,Dare,Ogunbowale,RB,0.45,2025-11-20 17:52:44,2025-11-20 18:02:18,HOU
19089,fanduel.com,Week 12,Alex,Bachman,WR,0.45,2025-11-20 17:52:44,2025-11-20 18:02:18,LV
25495,fanduel.com,Week 13,Dee,Eskridge,WR,0.45,2025-11-26 18:38:36,2025-11-26 18:38:36,MIA
25496,fanduel.com,Week 13,David,Martin-Robinson,TE,0.45,2025-11-26 18:38:36,2025-11-26 18:38:36,TEN
26586,fanduel.com,Week 14,David,Martin-Robinson,TE,0.45,2025-12-03 01:55:37,2025-12-03 03:57:34,TEN
26587,fanduel.com,Week 14,Stone,Smartt,TE,0.45,2025-12-03 01:55:37,2025-12-03 03:57:34,NYJ
26588,fanduel.com,Week 14,Alex,Bachman,WR,0.45,2025-12-03 01:55:37,2025-12-03 03:57:34,LV
17930,fanduel.com,Week 11,Braxton,Berrios,WR,0.44,2025-11-13 05:21:22,2025-11-13 05:21:22,HOU
17931,fanduel.com,Week 11,Jalin,Hyatt,WR,0.44,2025-11-13 05:21:22,2025-11-13 05:21:22,NYG
19090,fanduel.com,Week 12,Adonai,Mitchell,WR,0.44,2025-11-20 17:52:44,2025-11-20 18:02:18,NYJ
26589,fanduel.com,Week 14,Josh,Reynolds,WR,0.44,2025-12-03 01:55:37,2025-12-03 03:57:34,NYJ
26590,fanduel.com,Week 14,Kylen,Granson,TE,0.44,2025-12-03 01:55:37,2025-12-03 03:57:34,PHI
15049,fanduel.com,Week 10,Trey,Palmer,WR,0.43,2025-11-07 00:48:09,2025-11-07 00:48:09,NO
15050,fanduel.com,Week 10,Irv,Smith Jr.,TE,0.43,2025-11-07 00:48:09,2025-11-07 00:48:09,HOU
26523,fanduel.com,Week 14,Arian,Smith,WR,0.43,2025-12-03 01:55:37,2025-12-03 03:57:34,NYJ
26526,fanduel.com,Week 14,Tyler,Johnson,WR,0.43,2025-12-03 01:55:37,2025-12-03 03:57:34,NYJ
26565,fanduel.com,Week 14,Deven,Thompkins,WR,0.43,2025-12-03 01:55:37,2025-12-03 03:57:34,ATL
26591,fanduel.com,Week 14,Tylan,Wallace,WR,0.43,2025-12-03 01:55:37,2025-12-03 03:57:34,BAL
26592,fanduel.com,Week 14,Irvin,Charles,WR,0.43,2025-12-03 01:55:37,2025-12-03 03:57:34,NYJ
26593,fanduel.com,Week 14,Darius,Cooper,WR,0.43,2025-12-03 01:55:37,2025-12-03 03:57:34,PHI
15051,fanduel.com,Week 10,Hunter,Renfrow,WR,0.42,2025-11-07 00:48:09,2025-11-07 00:48:09,CAR
15052,fanduel.com,Week 10,Jared,Wayne,WR,0.42,2025-11-07 00:48:09,2025-11-07 00:48:09,HOU
19091,fanduel.com,Week 12,Devin,Duvernay,WR,0.42,2025-11-20 17:52:44,2025-11-20 18:02:18,CHI
19092,fanduel.com,Week 12,Ian,Thomas,TE,0.42,2025-11-20 17:52:44,2025-11-20 18:02:18,LV
15053,fanduel.com,Week 10,Jeremy,Ruckert,TE,0.41,2025-11-07 00:48:09,2025-11-07 00:48:09,NYJ
17932,fanduel.com,Week 11,Adonai,Mitchell,WR,0.41,2025-11-13 05:21:22,2025-11-13 05:21:22,NYJ
25497,fanduel.com,Week 13,Tyler,Johnson,WR,0.41,2025-11-26 18:38:36,2025-11-26 18:38:36,NYJ
15885,fantasypros.com,Week 10,Kirk,Cousins,QB,0.4,2025-11-07 00:50:27,2025-11-07 00:50:27,ATL
15886,fantasypros.com,Week 10,Tyson,Bagent,QB,0.4,2025-11-07 00:50:27,2025-11-07 00:50:27,CHI
15887,fantasypros.com,Week 10,Joshua,Dobbs,QB,0.4,2025-11-07 00:50:27,2025-11-07 00:50:27,NE
15888,fantasypros.com,Week 10,Andy,Dalton,QB,0.4,2025-11-07 00:50:27,2025-11-07 00:50:27,CAR
15889,fantasypros.com,Week 10,Tyrod,Taylor,QB,0.4,2025-11-07 00:50:27,2025-11-07 00:50:27,NYJ
15890,fantasypros.com,Week 10,Zach,Wilson,QB,0.4,2025-11-07 00:50:27,2025-11-07 00:50:27,MIA
15891,fantasypros.com,Week 10,Jarrett,Stidham,QB,0.4,2025-11-07 00:50:27,2025-11-07 00:50:27,DEN
15892,fantasypros.com,Week 10,Riley,Leonard,QB,0.4,2025-11-07 00:50:27,2025-11-07 00:50:27,IND
15893,fantasypros.com,Week 10,Mason,Rudolph,QB,0.4,2025-11-07 00:50:27,2025-11-07 00:50:27,PIT
15989,fantasypros.com,Week 10,Kene,Nwangwu,RB,0.4,2025-11-07 00:50:27,2025-11-07 00:50:27,NYJ
15990,fantasypros.com,Week 10,Cam,Akers,RB,0.4,2025-11-07 00:50:27,2025-11-07 00:50:27,MIN
15991,fantasypros.com,Week 10,British,Brooks,RB,0.4,2025-11-07 00:50:27,2025-11-07 00:50:27,HOU
15992,fantasypros.com,Week 10,A.J.,Dillon,RB,0.4,2025-11-07 00:50:27,2025-11-07 00:50:27,PHI
15993,fantasypros.com,Week 10,George,Holani,RB,0.4,2025-11-07 00:50:27,2025-11-07 00:50:27,SEA
16133,fantasypros.com,Week 10,Trent,Sherfield Sr.,WR,0.4,2025-11-07 00:50:27,2025-11-07 00:50:27,DEN
16134,fantasypros.com,Week 10,Brycen,Tremayne,WR,0.4,2025-11-07 00:50:27,2025-11-07 00:50:27,CAR
16780,sleeper.com,Week 11,Clyde,Edwards-Helaire,RB,0.4,2025-11-13 05:18:19,2025-11-13 05:18:19,KC
16781,sleeper.com,Week 11,Luke,Farrell,TE,0.4,2025-11-13 05:18:19,2025-11-13 05:18:19,SF
16784,sleeper.com,Week 11,Jordan,Watkins,WR,0.4,2025-11-13 05:18:19,2025-11-13 05:18:19,SF
16786,sleeper.com,Week 11,Durham,Smythe,TE,0.4,2025-11-13 05:18:19,2025-11-13 05:18:19,CHI
16788,sleeper.com,Week 11,Roschon,Johnson,RB,0.4,2025-11-13 05:18:19,2025-11-13 05:18:19,CHI
16789,sleeper.com,Week 11,Zamir,White,RB,0.4,2025-11-13 05:18:19,2025-11-13 05:18:19,LV
18453,sleeper.com,Week 12,Kameron,Johnson,WR,0.4,2025-11-20 17:45:26,2025-11-20 17:59:20,TB
18454,sleeper.com,Week 12,Payne,Durham,TE,0.4,2025-11-20 17:45:26,2025-11-20 17:59:20,TB
18456,sleeper.com,Week 12,Jared,Wiley,TE,0.4,2025-11-20 17:45:26,2025-11-20 17:59:20,KC
18457,sleeper.com,Week 12,Durham,Smythe,TE,0.4,2025-11-20 17:45:26,2025-11-20 17:59:20,CHI
18459,sleeper.com,Week 12,Roschon,Johnson,RB,0.4,2025-11-20 17:45:26,2025-11-20 17:59:20,CHI
18460,sleeper.com,Week 12,Ashton,Dulin,WR,0.4,2025-11-20 17:45:26,2025-11-20 17:59:20,IND
19942,fantasypros.com,Week 12,Joshua,Dobbs,QB,0.4,2025-11-20 18:01:42,2025-11-20 18:01:42,NE
19943,fantasypros.com,Week 12,Jimmy,Garoppolo,QB,0.4,2025-11-20 18:01:42,2025-11-20 18:01:42,LAR
19944,fantasypros.com,Week 12,Russell,Wilson,QB,0.4,2025-11-20 18:01:42,2025-11-20 18:01:42,NYG
19945,fantasypros.com,Week 12,Spencer,Rattler,QB,0.4,2025-11-20 18:01:42,2025-11-20 18:01:42,NO
19946,fantasypros.com,Week 12,Mitchell,Trubisky,QB,0.4,2025-11-20 18:01:42,2025-11-20 18:01:42,BUF
19947,fantasypros.com,Week 12,Joe,Milton III,QB,0.4,2025-11-20 18:01:42,2025-11-20 18:01:42,DAL
19948,fantasypros.com,Week 12,Riley,Leonard,QB,0.4,2025-11-20 18:01:42,2025-11-20 18:01:42,IND
19949,fantasypros.com,Week 12,Tanner,McKee,QB,0.4,2025-11-20 18:01:42,2025-11-20 18:01:42,PHI
19950,fantasypros.com,Week 12,Nick,Mullens,QB,0.4,2025-11-20 18:01:42,2025-11-20 18:02:59,JAX
19951,fantasypros.com,Week 12,Jake,Browning,QB,0.4,2025-11-20 18:01:42,2025-11-20 18:01:42,CIN
20058,fantasypros.com,Week 12,Travis,Homer,RB,0.4,2025-11-20 18:01:42,2025-11-20 18:01:42,CHI
20059,fantasypros.com,Week 12,C.J.,Ham,RB,0.4,2025-11-20 18:01:42,2025-11-20 18:01:42,MIN
20060,fantasypros.com,Week 12,Samaje,Perine,RB,0.4,2025-11-20 18:01:42,2025-11-20 18:01:42,CIN
20061,fantasypros.com,Week 12,British,Brooks,RB,0.4,2025-11-20 18:01:42,2025-11-20 18:01:42,HOU
20062,fantasypros.com,Week 12,Isaac,Guerendo,RB,0.4,2025-11-20 18:01:42,2025-11-20 18:01:42,SF
20063,fantasypros.com,Week 12,Nathan,Carter,RB,0.4,2025-11-20 18:01:42,2025-11-20 18:01:42,ATL
20202,fantasypros.com,Week 12,Devin,Duvernay,WR,0.4,2025-11-20 18:01:42,2025-11-20 18:01:42,CHI
24411,sleeper.com,Week 13,Tyler,Goodson,RB,0.4,2025-11-26 18:35:52,2025-11-26 18:35:52,IND
24412,sleeper.com,Week 13,Payne,Durham,TE,0.4,2025-11-26 18:35:52,2025-11-26 18:35:52,TB
24415,sleeper.com,Week 13,Jared,Wiley,TE,0.4,2025-11-26 18:35:52,2025-11-26 18:35:52,KC
24416,sleeper.com,Week 13,Durham,Smythe,TE,0.4,2025-11-26 18:35:52,2025-11-26 18:35:52,CHI
24417,sleeper.com,Week 13,Kylen,Granson,TE,0.4,2025-11-26 18:35:52,2025-11-26 18:35:52,PHI
24419,sleeper.com,Week 13,Ryan,Miller,WR,0.4,2025-11-26 18:35:52,2025-11-26 18:35:52,TB
24420,sleeper.com,Week 13,Skyy,Moore,WR,0.4,2025-11-26 18:35:52,2025-11-26 18:35:52,SF
26002,sleeper.com,Week 14,Tyler,Goodson,RB,0.4,2025-12-03 01:52:43,2025-12-03 01:52:43,IND
26003,sleeper.com,Week 14,Payne,Durham,TE,0.4,2025-12-03 01:52:43,2025-12-03 01:52:43,TB
26005,sleeper.com,Week 14,Nick,Vannett,TE,0.4,2025-12-03 01:52:43,2025-12-03 01:52:43,LAR
26006,sleeper.com,Week 14,Jared,Wiley,TE,0.4,2025-12-03 01:52:43,2025-12-03 01:52:43,KC
26008,sleeper.com,Week 14,Dominic,Lovett,WR,0.4,2025-12-03 01:52:43,2025-12-03 01:52:43,DET
26009,sleeper.com,Week 14,Durham,Smythe,TE,0.4,2025-12-03 01:52:43,2025-12-03 01:52:43,CHI
26011,sleeper.com,Week 14,Ryan,Miller,WR,0.4,2025-12-03 01:52:43,2025-12-03 01:52:43,TB
26594,fanduel.com,Week 14,Xavier,Gipson,WR,0.4,2025-12-03 01:55:37,2025-12-03 03:57:34,PHI
15054,fanduel.com,Week 10,Braxton,Berrios,WR,0.39,2025-11-07 00:48:09,2025-11-07 00:48:09,HOU
25498,fanduel.com,Week 13,Jeremy,Ruckert,TE,0.39,2025-11-26 18:38:36,2025-11-26 18:38:36,NYJ
25499,fanduel.com,Week 13,Zavier,Scott,RB,0.36,2025-11-26 18:38:36,2025-11-26 18:38:36,MIN
17933,fanduel.com,Week 11,Jake,Browning,QB,0.34,2025-11-13 05:21:22,2025-11-13 05:21:22,CIN
19093,fanduel.com,Week 12,Kedon,Slovis,QB,0.34,2025-11-20 17:52:44,2025-11-20 18:02:18,ARI
15055,fanduel.com,Week 10,Jimmy,Garoppolo,QB,0.32,2025-11-07 00:48:09,2025-11-07 00:51:07,LAR
15056,fanduel.com,Week 10,Kirk,Cousins,QB,0.31,2025-11-07 00:48:09,2025-11-07 00:48:09,ATL
17934,fanduel.com,Week 11,Kirk,Cousins,QB,0.31,2025-11-13 05:21:22,2025-11-13 05:21:22,ATL
17935,fanduel.com,Week 11,Jimmy,Garoppolo,QB,0.31,2025-11-13 05:21:22,2025-11-13 05:26:14,LAR
19094,fanduel.com,Week 12,Jake,Browning,QB,0.31,2025-11-20 17:52:44,2025-11-20 18:02:18,CIN
19095,fanduel.com,Week 12,Nick,Mullens,QB,0.31,2025-11-20 17:52:44,2025-11-20 18:02:59,JAX
19096,fanduel.com,Week 12,Jimmy,Garoppolo,QB,0.31,2025-11-20 17:52:44,2025-11-20 18:02:59,LAR
25500,fanduel.com,Week 13,Jimmy,Garoppolo,QB,0.31,2025-11-26 18:38:36,2025-11-26 18:38:36,LAR
26595,fanduel.com,Week 14,Joe,Milton III,QB,0.31,2025-12-03 01:55:37,2025-12-03 03:57:34,DAL
15057,fanduel.com,Week 10,Ian,Thomas,TE,0.3,2025-11-07 00:48:09,2025-11-07 00:48:09,LV
15058,fanduel.com,Week 10,Russell,Wilson,QB,0.3,2025-11-07 00:48:09,2025-11-07 00:48:09,NYG
15555,sleeper.com,Week 10,Isaac,Guerendo,RB,0.3,2025-11-07 00:48:26,2025-11-07 00:48:26,SF
15560,sleeper.com,Week 10,Tyler,Goodson,RB,0.3,2025-11-07 00:48:26,2025-11-07 00:48:26,IND
15561,sleeper.com,Week 10,Cody,White,WR,0.3,2025-11-07 00:48:26,2025-11-07 00:48:26,SEA
15562,sleeper.com,Week 10,Patrick,Ricard,RB,0.3,2025-11-07 00:48:26,2025-11-07 00:51:07,BAL
15566,sleeper.com,Week 10,Ben,Skowronek,WR,0.3,2025-11-07 00:48:26,2025-11-07 00:48:26,PIT
15569,sleeper.com,Week 10,Jarquez,Hunter,RB,0.3,2025-11-07 00:48:26,2025-11-07 00:48:26,LAR
15570,sleeper.com,Week 10,Tucker,Fisk,TE,0.3,2025-11-07 00:48:26,2025-11-07 00:48:26,LAC
15571,sleeper.com,Week 10,Devin,Culp,TE,0.3,2025-11-07 00:48:26,2025-11-07 00:48:26,TB
15894,fantasypros.com,Week 10,Tanner,McKee,QB,0.3,2025-11-07 00:50:27,2025-11-07 00:50:27,PHI
15895,fantasypros.com,Week 10,Trey,Lance,QB,0.3,2025-11-07 00:50:27,2025-11-07 00:50:27,LAC
15994,fantasypros.com,Week 10,Trey,Sermon,RB,0.3,2025-11-07 00:50:27,2025-11-07 00:50:27,PIT
15995,fantasypros.com,Week 10,Donovan,Edwards,RB,0.3,2025-11-07 00:50:27,2025-11-07 00:50:27,WAS
16135,fantasypros.com,Week 10,Konata,Mumpfield,WR,0.3,2025-11-07 00:50:27,2025-11-07 00:50:27,LAR
16791,sleeper.com,Week 11,Isaac,Guerendo,RB,0.3,2025-11-13 05:18:19,2025-11-13 05:18:19,SF
16796,sleeper.com,Week 11,Cody,White,WR,0.3,2025-11-13 05:18:19,2025-11-13 05:18:19,SEA
16797,sleeper.com,Week 11,Patrick,Ricard,RB,0.3,2025-11-13 05:18:19,2025-11-13 05:26:14,BAL
16798,sleeper.com,Week 11,Jared,Wiley,TE,0.3,2025-11-13 05:18:19,2025-11-13 05:18:19,KC
16801,sleeper.com,Week 11,Ben,Skowronek,WR,0.3,2025-11-13 05:18:19,2025-11-13 05:18:19,PIT
16803,sleeper.com,Week 11,Tahj,Washington,WR,0.3,2025-11-13 05:18:19,2025-11-13 05:18:19,MIA
16805,sleeper.com,Week 11,Tucker,Fisk,TE,0.3,2025-11-13 05:18:19,2025-11-13 05:18:19,LAC
17936,fanduel.com,Week 11,Nick,Mullens,QB,0.3,2025-11-13 05:21:22,2025-11-13 05:26:13,JAX
17937,fanduel.com,Week 11,Trey,Lance,QB,0.3,2025-11-13 05:21:22,2025-11-13 05:21:22,LAC
17938,fanduel.com,Week 11,Kedon,Slovis,QB,0.3,2025-11-13 05:21:22,2025-11-13 05:21:22,ARI
17939,fanduel.com,Week 11,Joe,Milton III,QB,0.3,2025-11-13 05:21:22,2025-11-13 05:21:22,DAL
18461,sleeper.com,Week 12,Braxton,Berrios,WR,0.3,2025-11-20 17:45:26,2025-11-20 17:59:20,HOU
18462,sleeper.com,Week 12,Isaac,Guerendo,RB,0.3,2025-11-20 17:45:26,2025-11-20 17:59:20,SF
18465,sleeper.com,Week 12,Chris,Manhertz,TE,0.3,2025-11-20 17:45:26,2025-11-20 17:59:20,NYG
18468,sleeper.com,Week 12,Patrick,Ricard,RB,0.3,2025-11-20 17:45:26,2025-11-20 18:02:59,BAL
18469,sleeper.com,Week 12,Jordan,Watkins,WR,0.3,2025-11-20 17:45:26,2025-11-20 17:59:20,SF
18472,sleeper.com,Week 12,Ben,Skowronek,WR,0.3,2025-11-20 17:45:26,2025-11-20 17:59:20,PIT
18473,sleeper.com,Week 12,Stone,Smartt,TE,0.3,2025-11-20 17:45:26,2025-11-20 17:59:20,NYJ
18474,sleeper.com,Week 12,Bo,Melton,WR,0.3,2025-11-20 17:45:26,2025-11-20 17:59:20,GB
18475,sleeper.com,Week 12,Drew,Ogletree,TE,0.3,2025-11-20 17:45:26,2025-11-20 17:59:20,IND
18478,sleeper.com,Week 12,Zamir,White,RB,0.3,2025-11-20 17:45:26,2025-11-20 17:59:20,LV
19097,fanduel.com,Week 12,Russell,Wilson,QB,0.3,2025-11-20 17:52:44,2025-11-20 18:02:18,NYG
19098,fanduel.com,Week 12,Gardner,Minshew,QB,0.3,2025-11-20 17:52:44,2025-11-20 18:02:18,KC
19099,fanduel.com,Week 12,Joe,Milton III,QB,0.3,2025-11-20 17:52:44,2025-11-20 18:02:18,DAL
19100,fanduel.com,Week 12,Mac,Jones,QB,0.3,2025-11-20 17:52:44,2025-11-20 18:02:18,SF
19952,fantasypros.com,Week 12,Brandon,Allen,QB,0.3,2025-11-20 18:01:42,2025-11-20 18:01:42,TEN
19953,fantasypros.com,Week 12,Cooper,Rush,QB,0.3,2025-11-20 18:01:42,2025-11-20 18:01:42,BAL
19954,fantasypros.com,Week 12,Brett,Rypien,QB,0.3,2025-11-20 18:01:42,2025-11-20 18:01:42,IND
20064,fantasypros.com,Week 12,Phil,Mafah,RB,0.3,2025-11-20 18:01:42,2025-11-20 18:01:42,DAL
20065,fantasypros.com,Week 12,Reggie,Gilliam,RB,0.3,2025-11-20 18:01:42,2025-11-20 18:01:42,BUF
24422,sleeper.com,Week 13,Jake,Tonges,TE,0.3,2025-11-26 18:35:52,2025-11-26 18:35:52,SF
24424,sleeper.com,Week 13,Jake,Bobo,WR,0.3,2025-11-26 18:35:52,2025-11-26 18:35:52,SEA
24425,sleeper.com,Week 13,Alex,Bachman,WR,0.3,2025-11-26 18:35:52,2025-11-26 18:35:52,LV
24426,sleeper.com,Week 13,Isaac,Guerendo,RB,0.3,2025-11-26 18:35:52,2025-11-26 18:35:52,SF
24429,sleeper.com,Week 13,Chris,Manhertz,TE,0.3,2025-11-26 18:35:52,2025-11-26 18:35:52,NYG
24432,sleeper.com,Week 13,Ben,Skowronek,WR,0.3,2025-11-26 18:35:52,2025-11-26 18:35:52,PIT
24434,sleeper.com,Week 13,Darius,Cooper,WR,0.3,2025-11-26 18:35:52,2025-11-26 18:35:52,PHI
24435,sleeper.com,Week 13,Tahj,Washington,WR,0.3,2025-11-26 18:35:52,2025-11-26 18:35:52,MIA
24437,sleeper.com,Week 13,Jarquez,Hunter,RB,0.3,2025-11-26 18:35:52,2025-11-26 18:35:52,LAR
24440,sleeper.com,Week 13,Tucker,Fisk,TE,0.3,2025-11-26 18:35:52,2025-11-26 18:35:52,LAC
25501,fanduel.com,Week 13,Gardner,Minshew,QB,0.3,2025-11-26 18:38:36,2025-11-26 18:38:36,KC
25502,fanduel.com,Week 13,Joe,Milton III,QB,0.3,2025-11-26 18:38:36,2025-11-26 18:38:36,DAL
25503,fanduel.com,Week 13,Nick,Mullens,QB,0.3,2025-11-26 18:38:36,2025-11-26 18:38:36,JAX
26014,sleeper.com,Week 14,Alex,Bachman,WR,0.3,2025-12-03 01:52:43,2025-12-03 01:52:43,LV
26017,sleeper.com,Week 14,C.J.,Ham,RB,0.3,2025-12-03 01:52:43,2025-12-03 01:52:43,MIN
26018,sleeper.com,Week 14,Patrick,Ricard,RB,0.3,2025-12-03 01:52:43,2025-12-03 01:52:43,BAL
26019,sleeper.com,Week 14,Stone,Smartt,TE,0.3,2025-12-03 01:52:43,2025-12-03 01:52:43,NYJ
26021,sleeper.com,Week 14,Scotty,Miller,WR,0.3,2025-12-03 01:52:43,2025-12-03 01:52:43,PIT
26022,sleeper.com,Week 14,Bo,Melton,WR,0.3,2025-12-03 01:52:43,2025-12-03 01:52:43,GB
26023,sleeper.com,Week 14,Tahj,Washington,WR,0.3,2025-12-03 01:52:43,2025-12-03 01:52:43,MIA
26024,sleeper.com,Week 14,Kylen,Granson,TE,0.3,2025-12-03 01:52:43,2025-12-03 01:52:43,PHI
26026,sleeper.com,Week 14,Jarquez,Hunter,RB,0.3,2025-12-03 01:52:43,2025-12-03 01:52:43,LAR
26029,sleeper.com,Week 14,Andre,Baccellia,WR,0.3,2025-12-03 01:52:43,2025-12-03 01:52:43,ARI
26030,sleeper.com,Week 14,Tucker,Fisk,TE,0.3,2025-12-03 01:52:43,2025-12-03 01:52:43,LAC
26596,fanduel.com,Week 14,Nick,Mullens,QB,0.3,2025-12-03 01:55:37,2025-12-03 03:57:34,JAX
15059,fanduel.com,Week 10,Teddy,Bridgewater,QB,0.29,2025-11-07 00:48:09,2025-11-07 00:48:09,TB
15060,fanduel.com,Week 10,Tucker,Fisk,TE,0.29,2025-11-07 00:48:09,2025-11-07 00:48:09,LAC
17940,fanduel.com,Week 11,John,FitzPatrick,TE,0.29,2025-11-13 05:21:22,2025-11-13 05:21:22,GB
17941,fanduel.com,Week 11,Max,Brosmer,QB,0.29,2025-11-13 05:21:22,2025-11-13 05:21:22,MIN
19101,fanduel.com,Week 12,Riley,Leonard,QB,0.29,2025-11-20 17:52:44,2025-11-20 18:02:18,IND
19102,fanduel.com,Week 12,Andy,Dalton,QB,0.29,2025-11-20 17:52:44,2025-11-20 18:02:18,CAR
25504,fanduel.com,Week 13,Kedon,Slovis,QB,0.29,2025-11-26 18:38:36,2025-11-26 18:38:36,ARI
25505,fanduel.com,Week 13,Trey,Lance,QB,0.29,2025-11-26 18:38:36,2025-11-26 18:38:36,LAC
25506,fanduel.com,Week 13,Jarrett,Stidham,QB,0.29,2025-11-26 18:38:36,2025-11-26 18:38:36,DEN
25507,fanduel.com,Week 13,Jameis,Winston,QB,0.29,2025-11-26 18:38:36,2025-11-26 18:38:36,NYG
26597,fanduel.com,Week 14,Kyle,Allen,QB,0.29,2025-12-03 01:55:37,2025-12-03 03:57:34,DET
26598,fanduel.com,Week 14,Joe,Flacco,QB,0.29,2025-12-03 01:55:37,2025-12-03 03:57:34,CIN
26599,fanduel.com,Week 14,Mitchell,Trubisky,QB,0.29,2025-12-03 01:55:37,2025-12-03 03:57:34,BUF
26600,fanduel.com,Week 14,Kedon,Slovis,QB,0.29,2025-12-03 01:55:37,2025-12-03 03:57:34,ARI
15061,fanduel.com,Week 10,Kedon,Slovis,QB,0.28,2025-11-07 00:48:09,2025-11-07 00:48:09,ARI
15062,fanduel.com,Week 10,KeAndre,Lambert-Smith,WR,0.28,2025-11-07 00:48:09,2025-11-07 00:48:09,LAC
17942,fanduel.com,Week 11,Mason,Rudolph,QB,0.28,2025-11-13 05:21:22,2025-11-13 05:21:22,PIT
25508,fanduel.com,Week 13,Tanner,McKee,QB,0.28,2025-11-26 18:38:36,2025-11-26 18:38:36,PHI
25509,fanduel.com,Week 13,Joe,Flacco,QB,0.28,2025-11-26 18:38:36,2025-11-26 18:38:36,CIN
25510,fanduel.com,Week 13,Andy,Dalton,QB,0.28,2025-11-26 18:38:36,2025-11-26 18:38:36,CAR
25511,fanduel.com,Week 13,Riley,Leonard,QB,0.28,2025-11-26 18:38:36,2025-11-26 18:38:36,IND
15063,fanduel.com,Week 10,Andy,Dalton,QB,0.27,2025-11-07 00:48:09,2025-11-07 00:48:09,CAR
15064,fanduel.com,Week 10,Tyson,Bagent,QB,0.27,2025-11-07 00:48:09,2025-11-07 00:48:09,CHI
15065,fanduel.com,Week 10,Mitchell,Trubisky,QB,0.27,2025-11-07 00:48:09,2025-11-07 00:48:09,BUF
17943,fanduel.com,Week 11,Andy,Dalton,QB,0.27,2025-11-13 05:21:22,2025-11-13 05:21:22,CAR
19103,fanduel.com,Week 12,Tyson,Bagent,QB,0.27,2025-11-20 17:52:44,2025-11-20 18:02:18,CHI
19104,fanduel.com,Week 12,Tanner,McKee,QB,0.27,2025-11-20 17:52:44,2025-11-20 18:02:18,PHI
26601,fanduel.com,Week 14,Riley,Leonard,QB,0.27,2025-12-03 01:55:37,2025-12-03 03:57:34,IND
26632,fanduel.com,Week 14,Drew,Lock,QB,0.27,2025-12-03 01:55:37,2025-12-03 03:57:34,SEA
15066,fanduel.com,Week 10,Nick,Mullens,QB,0.26,2025-11-07 00:48:09,2025-11-07 00:51:07,JAX
17944,fanduel.com,Week 11,Joshua,Dobbs,QB,0.26,2025-11-13 05:21:22,2025-11-13 05:21:22,NE
19105,fanduel.com,Week 12,Joshua,Dobbs,QB,0.26,2025-11-20 17:52:44,2025-11-20 18:02:18,NE
25512,fanduel.com,Week 13,Joshua,Dobbs,QB,0.26,2025-11-26 18:38:36,2025-11-26 18:38:36,NE
15067,fanduel.com,Week 10,Mac,Jones,QB,0.25,2025-11-07 00:48:09,2025-11-07 00:48:09,SF
15068,fanduel.com,Week 10,Trey,Lance,QB,0.25,2025-11-07 00:48:09,2025-11-07 00:48:09,LAC
17945,fanduel.com,Week 11,Teddy,Bridgewater,QB,0.25,2025-11-13 05:21:22,2025-11-13 05:21:22,TB
17946,fanduel.com,Week 11,Russell,Wilson,QB,0.25,2025-11-13 05:21:22,2025-11-13 05:21:22,NYG
17947,fanduel.com,Week 11,Mac,Jones,QB,0.25,2025-11-13 05:21:22,2025-11-13 05:21:22,SF
17948,fanduel.com,Week 11,Jarrett,Stidham,QB,0.25,2025-11-13 05:21:22,2025-11-13 05:21:22,DEN
17949,fanduel.com,Week 11,Ian,Thomas,TE,0.25,2025-11-13 05:21:22,2025-11-13 05:21:22,LV
19106,fanduel.com,Week 12,Teddy,Bridgewater,QB,0.25,2025-11-20 17:52:44,2025-11-20 18:02:18,TB
25513,fanduel.com,Week 13,Mason,Rudolph,QB,0.25,2025-11-26 18:38:36,2025-11-26 18:38:36,PIT
26602,fanduel.com,Week 14,Gardner,Minshew,QB,0.25,2025-12-03 01:55:37,2025-12-03 03:57:34,KC
15069,fanduel.com,Week 10,Jarrett,Stidham,QB,0.24,2025-11-07 00:48:09,2025-11-07 00:48:09,DEN
15070,fanduel.com,Week 10,Max,Brosmer,QB,0.24,2025-11-07 00:48:09,2025-11-07 00:48:09,MIN
15071,fanduel.com,Week 10,Kyle,Allen,QB,0.24,2025-11-07 00:48:09,2025-11-07 00:48:09,DET
15072,fanduel.com,Week 10,Mason,Rudolph,QB,0.24,2025-11-07 00:48:09,2025-11-07 00:48:09,PIT
17950,fanduel.com,Week 11,Shedeur,Sanders,QB,0.24,2025-11-13 05:21:22,2025-11-13 05:21:22,CLE
17951,fanduel.com,Week 11,Gardner,Minshew,QB,0.24,2025-11-13 05:21:22,2025-11-13 05:21:22,KC
17952,fanduel.com,Week 11,Kyle,Allen,QB,0.24,2025-11-13 05:21:22,2025-11-13 05:21:22,DET
19107,fanduel.com,Week 12,Kyle,Allen,QB,0.24,2025-11-20 17:52:44,2025-11-20 18:02:18,DET
19108,fanduel.com,Week 12,Max,Brosmer,QB,0.24,2025-11-20 17:52:44,2025-11-20 18:02:18,MIN
19109,fanduel.com,Week 12,Easton,Stick,QB,0.24,2025-11-20 17:52:44,2025-11-20 18:02:18,ATL
25514,fanduel.com,Week 13,Tyson,Bagent,QB,0.24,2025-11-26 18:38:36,2025-11-26 18:38:36,CHI
25515,fanduel.com,Week 13,Kyle,Allen,QB,0.24,2025-11-26 18:38:36,2025-11-26 18:38:36,DET
25516,fanduel.com,Week 13,Malik,Willis,QB,0.24,2025-11-26 18:38:36,2025-11-26 18:38:36,GB
25517,fanduel.com,Week 13,Quinn,Ewers,QB,0.24,2025-11-26 18:38:36,2025-11-26 18:38:36,MIA
25518,fanduel.com,Week 13,Mac,Jones,QB,0.24,2025-11-26 18:38:36,2025-11-26 18:38:36,SF
25519,fanduel.com,Week 13,Easton,Stick,QB,0.24,2025-11-26 18:38:36,2025-11-26 18:38:36,ATL
26603,fanduel.com,Week 14,Easton,Stick,QB,0.24,2025-12-03 01:55:37,2025-12-03 03:57:34,ATL
26604,fanduel.com,Week 14,Spencer,Rattler,QB,0.24,2025-12-03 01:55:37,2025-12-03 03:57:34,NO
26605,fanduel.com,Week 14,Malik,Willis,QB,0.24,2025-12-03 01:55:37,2025-12-03 03:57:34,GB
15073,fanduel.com,Week 10,DJ,Giddens,RB,0.23,2025-11-07 00:48:09,2025-11-07 00:48:09,IND
15074,fanduel.com,Week 10,Spencer,Rattler,QB,0.23,2025-11-07 00:48:09,2025-11-07 00:48:09,NO
15075,fanduel.com,Week 10,Shedeur,Sanders,QB,0.23,2025-11-07 00:48:09,2025-11-07 00:48:09,CLE
15076,fanduel.com,Week 10,Drew,Lock,QB,0.23,2025-11-07 00:48:09,2025-11-07 00:48:09,SEA
15077,fanduel.com,Week 10,Malik,Willis,QB,0.23,2025-11-07 00:48:09,2025-11-07 00:48:09,GB
17953,fanduel.com,Week 11,Mitchell,Trubisky,QB,0.23,2025-11-13 05:21:22,2025-11-13 05:21:22,BUF
17954,fanduel.com,Week 11,Malik,Willis,QB,0.23,2025-11-13 05:21:22,2025-11-13 05:21:22,GB
17955,fanduel.com,Week 11,Tyson,Bagent,QB,0.23,2025-11-13 05:21:22,2025-11-13 05:21:22,CHI
17956,fanduel.com,Week 11,Drew,Lock,QB,0.23,2025-11-13 05:21:22,2025-11-13 05:21:22,SEA
17957,fanduel.com,Week 11,Tanner,McKee,QB,0.23,2025-11-13 05:21:22,2025-11-13 05:21:22,PHI
17958,fanduel.com,Week 11,Kenny,Pickett,QB,0.23,2025-11-13 05:21:22,2025-11-13 05:21:22,LV
19110,fanduel.com,Week 12,Mitchell,Trubisky,QB,0.23,2025-11-20 17:52:44,2025-11-20 18:02:18,BUF
19111,fanduel.com,Week 12,Malik,Willis,QB,0.23,2025-11-20 17:52:44,2025-11-20 18:02:18,GB
19112,fanduel.com,Week 12,Brandon,Allen,QB,0.23,2025-11-20 17:52:44,2025-11-20 18:02:18,TEN
19113,fanduel.com,Week 12,Kenny,Pickett,QB,0.23,2025-11-20 17:52:44,2025-11-20 18:02:18,LV
25520,fanduel.com,Week 13,Brandon,Allen,QB,0.23,2025-11-26 18:38:36,2025-11-26 18:38:36,TEN
25521,fanduel.com,Week 13,Mitchell,Trubisky,QB,0.23,2025-11-26 18:38:36,2025-11-26 18:38:36,BUF
26606,fanduel.com,Week 14,Dillon,Gabriel,QB,0.23,2025-12-03 01:55:37,2025-12-03 03:57:34,CLE
26607,fanduel.com,Week 14,Quinn,Ewers,QB,0.23,2025-12-03 01:55:37,2025-12-03 03:57:34,MIA
26608,fanduel.com,Week 14,Davis,Mills,QB,0.23,2025-12-03 01:55:37,2025-12-03 03:57:34,HOU
15078,fanduel.com,Week 10,Tyrod,Taylor,QB,0.22,2025-11-07 00:48:09,2025-11-07 00:48:09,NYJ
15079,fanduel.com,Week 10,Joshua,Dobbs,QB,0.22,2025-11-07 00:48:09,2025-11-07 00:48:09,NE
15080,fanduel.com,Week 10,Josh,Johnson,QB,0.22,2025-11-07 00:48:09,2025-11-07 00:51:07,WAS
15081,fanduel.com,Week 10,Tanner,McKee,QB,0.22,2025-11-07 00:48:09,2025-11-07 00:48:09,PHI
17959,fanduel.com,Week 11,Tyrod,Taylor,QB,0.22,2025-11-13 05:21:22,2025-11-13 05:21:22,NYJ
17960,fanduel.com,Week 11,Josh,Johnson,QB,0.22,2025-11-13 05:21:22,2025-11-13 05:26:13,WAS
17961,fanduel.com,Week 11,Zach,Wilson,QB,0.22,2025-11-13 05:21:22,2025-11-13 05:21:22,MIA
17962,fanduel.com,Week 11,Brandon,Allen,QB,0.22,2025-11-13 05:21:22,2025-11-13 05:21:22,TEN
19114,fanduel.com,Week 12,Justin,Fields,QB,0.22,2025-11-20 17:52:44,2025-11-20 18:02:18,NYJ
19115,fanduel.com,Week 12,Drew,Lock,QB,0.22,2025-11-20 17:52:44,2025-11-20 18:02:18,SEA
19116,fanduel.com,Week 12,Spencer,Rattler,QB,0.22,2025-11-20 17:52:44,2025-11-20 18:02:18,NO
25522,fanduel.com,Week 13,Spencer,Rattler,QB,0.22,2025-11-26 18:38:36,2025-11-26 18:38:36,NO
25523,fanduel.com,Week 13,Davis,Mills,QB,0.22,2025-11-26 18:38:36,2025-11-26 18:38:36,HOU
25524,fanduel.com,Week 13,Drew,Lock,QB,0.22,2025-11-26 18:38:36,2025-11-26 18:38:36,SEA
26609,fanduel.com,Week 14,Josh,Johnson,QB,0.22,2025-12-03 01:55:37,2025-12-03 03:57:34,WAS
15082,fanduel.com,Week 10,Cooper,Rush,QB,0.21,2025-11-07 00:48:09,2025-11-07 00:48:09,BAL
19117,fanduel.com,Week 12,Tyler,Huntley,QB,0.21,2025-11-20 17:52:44,2025-11-20 18:02:18,BAL
25525,fanduel.com,Week 13,Tyler,Huntley,QB,0.21,2025-11-26 18:38:36,2025-11-26 18:38:36,BAL
25526,fanduel.com,Week 13,Justin,Fields,QB,0.21,2025-11-26 18:38:36,2025-11-26 18:38:36,NYJ
25527,fanduel.com,Week 13,Josh,Johnson,QB,0.21,2025-11-26 18:38:36,2025-11-26 18:38:36,WAS
26610,fanduel.com,Week 14,Tyler,Huntley,QB,0.21,2025-12-03 01:55:37,2025-12-03 03:57:34,BAL
15575,sleeper.com,Week 10,Khalil,Herbert,RB,0.2,2025-11-07 00:48:26,2025-11-07 00:48:26,NYJ
15578,sleeper.com,Week 10,Devin,Duvernay,WR,0.2,2025-11-07 00:48:26,2025-11-07 00:48:26,CHI
15585,sleeper.com,Week 10,Jamal,Agnew,WR,0.2,2025-11-07 00:48:26,2025-11-07 00:48:26,ATL
15586,sleeper.com,Week 10,Anthony,Gould,WR,0.2,2025-11-07 00:48:26,2025-11-07 00:48:26,IND
15587,sleeper.com,Week 10,Will,Dissly,TE,0.2,2025-11-07 00:48:26,2025-11-07 00:48:26,LAC
15588,sleeper.com,Week 10,Roschon,Johnson,RB,0.2,2025-11-07 00:48:26,2025-11-07 00:48:26,CHI
15590,sleeper.com,Week 10,KeAndre,Lambert-Smith,WR,0.2,2025-11-07 00:48:26,2025-11-07 00:48:26,LAC
15896,fantasypros.com,Week 10,Shedeur,Sanders,QB,0.2,2025-11-07 00:50:27,2025-11-07 00:50:27,CLE
15897,fantasypros.com,Week 10,Nick,Mullens,QB,0.2,2025-11-07 00:50:27,2025-11-07 00:51:07,JAX
15898,fantasypros.com,Week 10,Quinn,Ewers,QB,0.2,2025-11-07 00:50:27,2025-11-07 00:50:27,MIA
15996,fantasypros.com,Week 10,Sincere,McCormick,RB,0.2,2025-11-07 00:50:27,2025-11-07 00:50:27,SF
15997,fantasypros.com,Week 10,Reggie,Gilliam,RB,0.2,2025-11-07 00:50:27,2025-11-07 00:50:27,BUF
16807,sleeper.com,Week 11,Charlie,Jones,WR,0.2,2025-11-13 05:18:19,2025-11-13 05:18:19,CIN
16808,sleeper.com,Week 11,Khalil,Herbert,RB,0.2,2025-11-13 05:18:19,2025-11-13 05:18:19,NYJ
16810,sleeper.com,Week 11,Michael,Carter,RB,0.2,2025-11-13 05:18:19,2025-11-13 05:18:19,ARI
16814,sleeper.com,Week 11,Devin,Duvernay,WR,0.2,2025-11-13 05:18:19,2025-11-13 05:18:19,CHI
16817,sleeper.com,Week 11,Jonathan,Mingo,WR,0.2,2025-11-13 05:18:19,2025-11-13 05:18:19,DAL
16818,sleeper.com,Week 11,Hunter,Renfrow,WR,0.2,2025-11-13 05:18:19,2025-11-13 05:18:19,CAR
16819,sleeper.com,Week 11,Zavier,Scott,RB,0.2,2025-11-13 05:18:19,2025-11-13 05:18:19,MIN
16825,sleeper.com,Week 11,Jamal,Agnew,WR,0.2,2025-11-13 05:18:19,2025-11-13 05:18:19,ATL
16826,sleeper.com,Week 11,Will,Dissly,TE,0.2,2025-11-13 05:18:19,2025-11-13 05:18:19,LAC
16827,sleeper.com,Week 11,Jarquez,Hunter,RB,0.2,2025-11-13 05:18:19,2025-11-13 05:18:19,LAR
18482,sleeper.com,Week 12,Audric,Estime,RB,0.2,2025-11-20 17:45:26,2025-11-20 17:59:20,NO
18483,sleeper.com,Week 12,Khalil,Herbert,RB,0.2,2025-11-20 17:45:26,2025-11-20 17:59:20,NYJ
18485,sleeper.com,Week 12,Jake,Bobo,WR,0.2,2025-11-20 17:45:26,2025-11-20 17:59:20,SEA
18489,sleeper.com,Week 12,Devin,Duvernay,WR,0.2,2025-11-20 17:45:26,2025-11-20 17:59:20,CHI
18490,sleeper.com,Week 12,Jack,Stoll,TE,0.2,2025-11-20 17:45:26,2025-11-20 17:59:20,NO
18493,sleeper.com,Week 12,Jonathan,Mingo,WR,0.2,2025-11-20 17:45:26,2025-11-20 17:59:20,DAL
18494,sleeper.com,Week 12,Hunter,Renfrow,WR,0.2,2025-11-20 17:45:26,2025-11-20 17:59:20,CAR
18495,sleeper.com,Week 12,Zavier,Scott,RB,0.2,2025-11-20 17:45:26,2025-11-20 17:59:20,MIN
18498,sleeper.com,Week 12,Kene,Nwangwu,RB,0.2,2025-11-20 17:45:26,2025-11-20 17:59:20,NYJ
18499,sleeper.com,Week 12,Xavier,Gipson,WR,0.2,2025-11-20 17:45:26,2025-11-20 17:59:20,PHI
18502,sleeper.com,Week 12,Anthony,Gould,WR,0.2,2025-11-20 17:45:26,2025-11-20 17:59:20,IND
18503,sleeper.com,Week 12,Jarquez,Hunter,RB,0.2,2025-11-20 17:45:26,2025-11-20 17:59:20,LAR
20066,fantasypros.com,Week 12,MarShawn,Lloyd,RB,0.2,2025-11-20 18:01:42,2025-11-20 18:01:42,GB
20203,fantasypros.com,Week 12,Jamal,Agnew,WR,0.2,2025-11-20 18:01:42,2025-11-20 18:01:42,ATL
24443,sleeper.com,Week 13,Efton,Chism,WR,0.2,2025-11-26 18:35:52,2025-11-26 18:35:52,NE
24444,sleeper.com,Week 13,Charlie,Jones,WR,0.2,2025-11-26 18:35:52,2025-11-26 18:35:52,CIN
24445,sleeper.com,Week 13,Dylan,Laube,RB,0.2,2025-11-26 18:35:52,2025-11-26 18:35:52,LV
24446,sleeper.com,Week 13,Khalil,Herbert,RB,0.2,2025-11-26 18:35:52,2025-11-26 18:35:52,NYJ
24450,sleeper.com,Week 13,Owen,Wright,RB,0.2,2025-11-26 18:35:52,2025-11-26 18:35:52,TB
24451,sleeper.com,Week 13,Devin,Duvernay,WR,0.2,2025-11-26 18:35:52,2025-11-26 18:35:52,CHI
24452,sleeper.com,Week 13,Jack,Stoll,TE,0.2,2025-11-26 18:35:52,2025-11-26 18:35:52,NO
24455,sleeper.com,Week 13,Jonathan,Mingo,WR,0.2,2025-11-26 18:35:52,2025-11-26 18:35:52,DAL
24456,sleeper.com,Week 13,Kameron,Johnson,WR,0.2,2025-11-26 18:35:52,2025-11-26 18:35:52,TB
24459,sleeper.com,Week 13,Jordan,Watkins,WR,0.2,2025-11-26 18:35:52,2025-11-26 18:35:52,SF
24460,sleeper.com,Week 13,Stone,Smartt,TE,0.2,2025-11-26 18:35:52,2025-11-26 18:35:52,NYJ
24464,sleeper.com,Week 13,Jamal,Agnew,WR,0.2,2025-11-26 18:35:52,2025-11-26 18:35:52,ATL
24465,sleeper.com,Week 13,DJ,Giddens,RB,0.2,2025-11-26 18:35:52,2025-11-26 18:35:52,IND
24466,sleeper.com,Week 13,Anthony,Gould,WR,0.2,2025-11-26 18:35:52,2025-11-26 18:35:52,IND
24467,sleeper.com,Week 13,Will,Dissly,TE,0.2,2025-11-26 18:35:52,2025-11-26 18:35:52,LAC
25528,fanduel.com,Week 13,Kenny,Pickett,QB,0.2,2025-11-26 18:38:36,2025-11-26 18:38:36,LV
26033,sleeper.com,Week 14,Charlie,Jones,WR,0.2,2025-12-03 01:52:43,2025-12-03 01:52:43,CIN
26035,sleeper.com,Week 14,Dylan,Laube,RB,0.2,2025-12-03 01:52:43,2025-12-03 01:52:43,LV
26039,sleeper.com,Week 14,Devin,Duvernay,WR,0.2,2025-12-03 01:52:43,2025-12-03 01:52:43,CHI
26040,sleeper.com,Week 14,Jack,Stoll,TE,0.2,2025-12-03 01:52:43,2025-12-03 01:52:43,NO
26043,sleeper.com,Week 14,Jonathan,Mingo,WR,0.2,2025-12-03 01:52:43,2025-12-03 01:52:43,DAL
26044,sleeper.com,Week 14,Jaydon,Blue,RB,0.2,2025-12-03 01:52:43,2025-12-03 01:52:43,DAL
26045,sleeper.com,Week 14,Kameron,Johnson,WR,0.2,2025-12-03 01:52:43,2025-12-03 01:52:43,TB
26048,sleeper.com,Week 14,Darius,Cooper,WR,0.2,2025-12-03 01:52:43,2025-12-03 01:52:43,PHI
26052,sleeper.com,Week 14,Jamal,Agnew,WR,0.2,2025-12-03 01:52:43,2025-12-03 01:52:43,ATL
26053,sleeper.com,Week 14,DJ,Giddens,RB,0.2,2025-12-03 01:52:43,2025-12-03 01:52:43,IND
26054,sleeper.com,Week 14,Will,Dissly,TE,0.2,2025-12-03 01:52:43,2025-12-03 01:52:43,LAC
26611,fanduel.com,Week 14,Andrew,Beck,RB,0.19,2025-12-03 01:55:37,2025-12-03 03:57:34,NYJ
26612,fanduel.com,Week 14,Chase,Edmonds,RB,0.19,2025-12-03 01:55:37,2025-12-03 03:57:34,TB
26613,fanduel.com,Week 14,Josh,Williams,RB,0.19,2025-12-03 01:55:37,2025-12-03 03:57:34,TB
26614,fanduel.com,Week 14,Owen,Wright,RB,0.19,2025-12-03 01:55:37,2025-12-03 03:57:34,TB
15083,fanduel.com,Week 10,Kenny,Pickett,QB,0.18,2025-11-07 00:48:09,2025-11-07 00:48:09,LV
15084,fanduel.com,Week 10,Zach,Wilson,QB,0.18,2025-11-07 00:48:09,2025-11-07 00:48:09,MIA
17963,fanduel.com,Week 11,British,Brooks,RB,0.18,2025-11-13 05:21:22,2025-11-13 05:21:22,HOU
19118,fanduel.com,Week 12,Brittain,Brown,RB,0.18,2025-11-20 17:52:44,2025-11-20 18:02:18,CHI
19119,fanduel.com,Week 12,Roschon,Johnson,RB,0.18,2025-11-20 17:52:44,2025-11-20 18:02:18,CHI
25529,fanduel.com,Week 13,Dillon,Gabriel,QB,0.18,2025-11-26 18:38:36,2025-11-26 18:38:36,CLE
25530,fanduel.com,Week 13,Nathan,Carter,RB,0.18,2025-11-26 18:38:36,2025-11-26 18:38:36,ATL
26615,fanduel.com,Week 14,George,Holani,RB,0.18,2025-12-03 01:55:37,2025-12-03 03:57:34,SEA
19120,fanduel.com,Week 12,British,Brooks,RB,0.17,2025-11-20 17:52:44,2025-11-20 18:02:18,HOU
19121,fanduel.com,Week 12,Elijah,Mitchell,RB,0.17,2025-11-20 17:52:44,2025-11-20 18:02:18,KC
25531,fanduel.com,Week 13,Jacob,Saylors,RB,0.17,2025-11-26 18:38:36,2025-11-26 18:38:36,DET
26543,fanduel.com,Week 14,British,Brooks,RB,0.17,2025-12-03 01:55:37,2025-12-03 03:57:34,HOU
26616,fanduel.com,Week 14,Jacob,Saylors,RB,0.17,2025-12-03 01:55:37,2025-12-03 03:57:34,DET
26617,fanduel.com,Week 14,Julius,Chestnut,RB,0.17,2025-12-03 01:55:37,2025-12-03 03:57:34,TEN
17964,fanduel.com,Week 11,Tyler,Huntley,QB,0.16,2025-11-13 05:21:22,2025-11-13 05:21:22,BAL
25532,fanduel.com,Week 13,Raheim,Sanders,RB,0.11,2025-11-26 18:38:36,2025-11-26 18:38:36,CLE
15598,sleeper.com,Week 10,Tyler,Davis,K,0.1,2025-11-07 00:48:26,2025-11-07 00:48:26,FA
15603,sleeper.com,Week 10,Quintin,Morris,TE,0.1,2025-11-07 00:48:26,2025-11-07 00:48:26,JAX
15605,sleeper.com,Week 10,Hunter,Renfrow,WR,0.1,2025-11-07 00:48:26,2025-11-07 00:48:26,CAR
15606,sleeper.com,Week 10,Connor,Heyward,TE,0.1,2025-11-07 00:48:26,2025-11-07 00:48:26,PIT
15607,sleeper.com,Week 10,Dameon,Pierce,RB,0.1,2025-11-07 00:48:26,2025-11-07 00:48:26,HOU
15608,sleeper.com,Week 10,Kene,Nwangwu,RB,0.1,2025-11-07 00:48:26,2025-11-07 00:48:26,NYJ
15609,sleeper.com,Week 10,Ben,Yurosek,TE,0.1,2025-11-07 00:48:26,2025-11-07 00:48:26,MIN
15610,sleeper.com,Week 10,Ross,Dwelley,TE,0.1,2025-11-07 00:48:26,2025-11-07 00:48:26,DET
15611,sleeper.com,Week 10,Jelani,Woods,TE,0.1,2025-11-07 00:48:26,2025-11-07 00:48:26,NYJ
15612,sleeper.com,Week 10,Xavier,Gipson,WR,0.1,2025-11-07 00:48:26,2025-11-07 00:48:26,PHI
15613,sleeper.com,Week 10,Sione,Vaki,RB,0.1,2025-11-07 00:48:26,2025-11-07 00:48:26,DET
15614,sleeper.com,Week 10,Josiah,Deguara,TE,0.1,2025-11-07 00:48:26,2025-11-07 00:48:26,FA
15615,sleeper.com,Week 10,A.J.,Dillon,RB,0.1,2025-11-07 00:48:26,2025-11-07 00:48:26,PHI
15998,fantasypros.com,Week 10,Sione,Vaki,RB,0.1,2025-11-07 00:50:27,2025-11-07 00:50:27,DET
16136,fantasypros.com,Week 10,Malachi,Corley,WR,0.1,2025-11-07 00:50:27,2025-11-07 00:50:27,CLE
16137,fantasypros.com,Week 10,Casey,Washington,WR,0.1,2025-11-07 00:50:27,2025-11-07 00:50:27,ATL
16837,sleeper.com,Week 11,Dylan,Laube,RB,0.1,2025-11-13 05:18:19,2025-11-13 05:18:19,LV
16838,sleeper.com,Week 11,Tyler,Davis,K,0.1,2025-11-13 05:18:19,2025-11-13 05:18:19,FA
16842,sleeper.com,Week 11,Cody,Schrader,RB,0.1,2025-11-13 05:18:19,2025-11-13 05:18:19,JAX
16845,sleeper.com,Week 11,Robert,Tonyan,TE,0.1,2025-11-13 05:18:19,2025-11-13 05:18:19,KC
16846,sleeper.com,Week 11,Connor,Heyward,TE,0.1,2025-11-13 05:18:19,2025-11-13 05:18:19,PIT
16847,sleeper.com,Week 11,Dameon,Pierce,RB,0.1,2025-11-13 05:18:19,2025-11-13 05:18:19,HOU
16848,sleeper.com,Week 11,Kene,Nwangwu,RB,0.1,2025-11-13 05:18:19,2025-11-13 05:18:19,NYJ
16849,sleeper.com,Week 11,Ben,Yurosek,TE,0.1,2025-11-13 05:18:19,2025-11-13 05:18:19,MIN
16850,sleeper.com,Week 11,Ross,Dwelley,TE,0.1,2025-11-13 05:18:19,2025-11-13 05:18:19,DET
16851,sleeper.com,Week 11,Jelani,Woods,TE,0.1,2025-11-13 05:18:19,2025-11-13 05:18:19,NYJ
16852,sleeper.com,Week 11,Xavier,Gipson,WR,0.1,2025-11-13 05:18:19,2025-11-13 05:18:19,PHI
16853,sleeper.com,Week 11,Josh,Whyle,TE,0.1,2025-11-13 05:18:19,2025-11-13 05:18:19,GB
16855,sleeper.com,Week 11,Nikko,Remigio,WR,0.1,2025-11-13 05:18:19,2025-11-13 05:18:19,KC
16857,sleeper.com,Week 11,Devin,Culp,TE,0.1,2025-11-13 05:18:19,2025-11-13 05:18:19,TB
18510,sleeper.com,Week 12,Efton,Chism,WR,0.1,2025-11-20 17:45:26,2025-11-20 17:59:20,NE
18513,sleeper.com,Week 12,Tyler,Davis,K,0.1,2025-11-20 17:45:26,2025-11-20 17:59:20,FA
18517,sleeper.com,Week 12,Cody,Schrader,RB,0.1,2025-11-20 17:45:26,2025-11-20 17:59:20,JAX
18518,sleeper.com,Week 12,Owen,Wright,RB,0.1,2025-11-20 17:45:26,2025-11-20 17:59:20,TB
18519,sleeper.com,Week 12,D'Ernest,Johnson,RB,0.1,2025-11-20 17:45:26,2025-11-20 17:59:20,NE
18521,sleeper.com,Week 12,Robert,Tonyan,TE,0.1,2025-11-20 17:45:26,2025-11-20 17:59:20,KC
18522,sleeper.com,Week 12,Connor,Heyward,TE,0.1,2025-11-20 17:45:26,2025-11-20 17:59:20,PIT
18523,sleeper.com,Week 12,Ben,Yurosek,TE,0.1,2025-11-20 17:45:26,2025-11-20 17:59:20,MIN
18524,sleeper.com,Week 12,Jelani,Woods,TE,0.1,2025-11-20 17:45:26,2025-11-20 17:59:20,NYJ
18525,sleeper.com,Week 12,Jordan,James,RB,0.1,2025-11-20 17:45:26,2025-11-20 17:59:20,SF
18526,sleeper.com,Week 12,Josiah,Deguara,TE,0.1,2025-11-20 17:45:26,2025-11-20 17:59:20,ARI
18528,sleeper.com,Week 12,Nikko,Remigio,WR,0.1,2025-11-20 17:45:26,2025-11-20 17:59:20,KC
18531,sleeper.com,Week 12,A.J.,Dillon,RB,0.1,2025-11-20 17:45:26,2025-11-20 17:59:20,PHI
18532,sleeper.com,Week 12,Devin,Culp,TE,0.1,2025-11-20 17:45:26,2025-11-20 17:59:20,TB
19955,fantasypros.com,Week 12,Joe,Burrow,QB,0.1,2025-11-20 18:01:42,2025-11-20 18:01:42,CIN
20067,fantasypros.com,Week 12,Craig,Reynolds,RB,0.1,2025-11-20 18:01:42,2025-11-20 18:01:42,DET
24476,sleeper.com,Week 13,Tyler,Davis,K,0.1,2025-11-26 18:35:52,2025-11-26 18:35:52,FA
24480,sleeper.com,Week 13,Cody,Schrader,RB,0.1,2025-11-26 18:35:52,2025-11-26 18:35:52,JAX
24481,sleeper.com,Week 13,D'Ernest,Johnson,RB,0.1,2025-11-26 18:35:52,2025-11-26 18:35:52,NE
24483,sleeper.com,Week 13,Quintin,Morris,TE,0.1,2025-11-26 18:35:52,2025-11-26 18:35:52,JAX
24485,sleeper.com,Week 13,Hunter,Renfrow,WR,0.1,2025-11-26 18:35:52,2025-11-26 18:35:52,CAR
24486,sleeper.com,Week 13,Zavier,Scott,RB,0.1,2025-11-26 18:35:52,2025-11-26 18:35:52,MIN
24487,sleeper.com,Week 13,Connor,Heyward,TE,0.1,2025-11-26 18:35:52,2025-11-26 18:35:52,PIT
24488,sleeper.com,Week 13,Kene,Nwangwu,RB,0.1,2025-11-26 18:35:52,2025-11-26 18:35:52,NYJ
24489,sleeper.com,Week 13,Jelani,Woods,TE,0.1,2025-11-26 18:35:52,2025-11-26 18:35:52,NYJ
24490,sleeper.com,Week 13,Josiah,Deguara,TE,0.1,2025-11-26 18:35:52,2025-11-26 18:35:52,ARI
24494,sleeper.com,Week 13,A.J.,Dillon,RB,0.1,2025-11-26 18:35:52,2025-11-26 18:35:52,PHI
24495,sleeper.com,Week 13,Devin,Culp,TE,0.1,2025-11-26 18:35:52,2025-11-26 18:35:52,TB
25533,fanduel.com,Week 13,Cam,Akers,RB,0.1,2025-11-26 18:38:36,2025-11-26 18:38:36,MIN
26059,sleeper.com,Week 14,Audric,Estime,RB,0.1,2025-12-03 01:52:43,2025-12-03 01:52:43,NO
26062,sleeper.com,Week 14,Tyler,Davis,K,0.1,2025-12-03 01:52:43,2025-12-03 01:52:43,FA
26063,sleeper.com,Week 14,Xavier,Weaver,WR,0.1,2025-12-03 01:52:43,2025-12-03 01:52:43,ARI
26066,sleeper.com,Week 14,Cody,Schrader,RB,0.1,2025-12-03 01:52:43,2025-12-03 01:52:43,JAX
26068,sleeper.com,Week 14,Quintin,Morris,TE,0.1,2025-12-03 01:52:43,2025-12-03 01:52:43,JAX
26070,sleeper.com,Week 14,Teagan,Quitoriano,TE,0.1,2025-12-03 01:52:43,2025-12-03 01:52:43,ATL
26071,sleeper.com,Week 14,Robert,Tonyan,TE,0.1,2025-12-03 01:52:43,2025-12-03 01:52:43,KC
26072,sleeper.com,Week 14,Connor,Heyward,TE,0.1,2025-12-03 01:52:43,2025-12-03 01:52:43,PIT
26073,sleeper.com,Week 14,Ben,Yurosek,TE,0.1,2025-12-03 01:52:43,2025-12-03 01:52:43,MIN
26074,sleeper.com,Week 14,Jelani,Woods,TE,0.1,2025-12-03 01:52:43,2025-12-03 01:52:43,NYJ
26075,sleeper.com,Week 14,Josiah,Deguara,TE,0.1,2025-12-03 01:52:43,2025-12-03 01:52:43,ARI
26077,sleeper.com,Week 14,Nikko,Remigio,WR,0.1,2025-12-03 01:52:43,2025-12-03 01:52:43,KC
26078,sleeper.com,Week 14,Zamir,White,RB,0.1,2025-12-03 01:52:43,2025-12-03 01:52:43,LV
26081,sleeper.com,Week 14,A.J.,Dillon,RB,0.1,2025-12-03 01:52:43,2025-12-03 01:52:43,PHI
26082,sleeper.com,Week 14,Devin,Culp,TE,0.1,2025-12-03 01:52:43,2025-12-03 01:52:43,TB
25534,fanduel.com,Week 13,Adam,Prentice,RB,0.06,2025-11-26 18:38:36,2025-11-26 18:38:36,DEN
15085,fanduel.com,Week 10,Alex,Bachman,WR,0.0,2025-11-07 00:48:09,2025-11-07 00:48:09,LV
15086,fanduel.com,Week 10,Marvin,Mims,WR,0.0,2025-11-07 00:48:09,2025-11-07 00:48:09,DEN
15087,fanduel.com,Week 10,Jaleel,McLaughlin,RB,0.0,2025-11-07 00:48:09,2025-11-07 00:48:09,DEN
15088,fanduel.com,Week 10,Aidan,O'Connell,QB,0.0,2025-11-07 00:48:09,2025-11-07 00:48:09,LV
15089,fanduel.com,Week 10,Dont'e,Thornton Jr.,WR,0.0,2025-11-07 00:48:09,2025-11-07 00:48:09,LV
15090,fanduel.com,Week 10,Carter,Runyon,TE,0.0,2025-11-07 00:48:09,2025-11-07 00:48:09,LV
15091,fanduel.com,Week 10,Easton,Stick,QB,0.0,2025-11-07 00:48:09,2025-11-07 00:48:09,ATL
15092,fanduel.com,Week 10,Anthony,Richardson,QB,0.0,2025-11-07 00:48:09,2025-11-07 00:48:09,IND
15093,fanduel.com,Week 10,Will,Mallory,TE,0.0,2025-11-07 00:48:09,2025-11-07 00:48:09,IND
15094,fanduel.com,Week 10,Tyler,Goodson,RB,0.0,2025-11-07 00:48:09,2025-11-07 00:48:09,IND
15095,fanduel.com,Week 10,Anthony,Gould,WR,0.0,2025-11-07 00:48:09,2025-11-07 00:48:09,IND
15096,fanduel.com,Week 10,Dylan,Drummond,WR,0.0,2025-11-07 00:48:09,2025-11-07 00:48:09,ATL
15097,fanduel.com,Week 10,David,Moore,WR,0.0,2025-11-07 00:48:09,2025-11-07 00:48:09,CAR
15098,fanduel.com,Week 10,Zaire,Mitchell-Paden,TE,0.0,2025-11-07 00:48:09,2025-11-07 00:48:09,NO
15099,fanduel.com,Week 10,Moliki,Matavao,TE,0.0,2025-11-07 00:48:09,2025-11-07 00:48:09,NO
15100,fanduel.com,Week 10,Dalevon,Campbell,WR,0.0,2025-11-07 00:48:09,2025-11-07 00:48:09,CAR
15101,fanduel.com,Week 10,Case,Keenum,QB,0.0,2025-11-07 00:48:09,2025-11-07 00:48:09,CHI
15102,fanduel.com,Week 10,Jameis,Winston,QB,0.0,2025-11-07 00:48:09,2025-11-07 00:48:09,NYG
15103,fanduel.com,Week 10,Durham,Smythe,TE,0.0,2025-11-07 00:48:09,2025-11-07 00:48:09,CHI
15104,fanduel.com,Week 10,Travis,Homer,RB,0.0,2025-11-07 00:48:09,2025-11-07 00:48:09,CHI
15105,fanduel.com,Week 10,Eric,Gray,RB,0.0,2025-11-07 00:48:09,2025-11-07 00:48:09,NYG
15106,fanduel.com,Week 10,Cam,Skattebo,RB,0.0,2025-11-07 00:48:09,2025-11-07 00:48:09,NYG
15107,fanduel.com,Week 10,Beaux,Collins,WR,0.0,2025-11-07 00:48:09,2025-11-07 00:48:09,NYG
15108,fanduel.com,Week 10,Jahdae,Walker,WR,0.0,2025-11-07 00:48:09,2025-11-07 00:48:09,CHI
15109,fanduel.com,Week 10,Thomas,Fidone II,TE,0.0,2025-11-07 00:48:09,2025-11-07 00:48:09,NYG
15110,fanduel.com,Week 10,Darren,Waller,TE,0.0,2025-11-07 00:48:09,2025-11-07 00:48:09,MIA
15111,fanduel.com,Week 10,Elijah,Moore,WR,0.0,2025-11-07 00:48:09,2025-11-07 00:48:09,BUF
15112,fanduel.com,Week 10,Julian,Hill,TE,0.0,2025-11-07 00:48:09,2025-11-07 00:48:09,MIA
15113,fanduel.com,Week 10,Tahj,Washington,WR,0.0,2025-11-07 00:48:09,2025-11-07 00:48:09,MIA
15114,fanduel.com,Week 10,Quinn,Ewers,QB,0.0,2025-11-07 00:48:09,2025-11-07 00:48:09,MIA
15115,fanduel.com,Week 10,Hayden,Rucci,TE,0.0,2025-11-07 00:48:09,2025-11-07 00:48:09,MIA
15116,fanduel.com,Week 10,Patrick,Ricard,RB,0.0,2025-11-07 00:48:09,2025-11-07 00:48:09,BAL
15117,fanduel.com,Week 10,C.J.,Ham,RB,0.0,2025-11-07 00:48:09,2025-11-07 00:48:09,MIN
15118,fanduel.com,Week 10,Tyler,Huntley,QB,0.0,2025-11-07 00:48:09,2025-11-07 00:48:09,BAL
15119,fanduel.com,Week 10,Ty,Chandler,RB,0.0,2025-11-07 00:48:09,2025-11-07 00:48:09,MIN
15120,fanduel.com,Week 10,Devontez,Walker,WR,0.0,2025-11-07 00:48:09,2025-11-07 00:48:09,BAL
15121,fanduel.com,Week 10,Rasheen,Ali,RB,0.0,2025-11-07 00:48:09,2025-11-07 00:48:09,BAL
15122,fanduel.com,Week 10,Tai,Felton,WR,0.0,2025-11-07 00:48:09,2025-11-07 00:48:09,MIN
15123,fanduel.com,Week 10,LaJohntay,Wester,WR,0.0,2025-11-07 00:48:09,2025-11-07 00:48:09,BAL
15124,fanduel.com,Week 10,Myles,Price,WR,0.0,2025-11-07 00:48:09,2025-11-07 00:48:09,MIN
15125,fanduel.com,Week 10,Josh,Reynolds,WR,0.0,2025-11-07 00:48:09,2025-11-07 00:48:09,NYJ
15126,fanduel.com,Week 10,Tyler,Johnson,WR,0.0,2025-11-07 00:48:09,2025-11-07 00:48:09,NYJ
15127,fanduel.com,Week 10,Stone,Smartt,TE,0.0,2025-11-07 00:48:09,2025-11-07 00:48:09,NYJ
15128,fanduel.com,Week 10,Irvin,Charles,WR,0.0,2025-11-07 00:48:09,2025-11-07 00:48:09,NYJ
15129,fanduel.com,Week 10,Braelon,Allen,RB,0.0,2025-11-07 00:48:09,2025-11-07 00:48:09,NYJ
15130,fanduel.com,Week 10,Blake,Whiteheart,TE,0.0,2025-11-07 00:48:09,2025-11-07 00:48:09,CLE
15131,fanduel.com,Week 10,Raheim,Sanders,RB,0.0,2025-11-07 00:48:09,2025-11-07 00:48:09,CLE
15132,fanduel.com,Week 10,Brady,Cook,QB,0.0,2025-11-07 00:48:09,2025-11-07 00:48:09,NYJ
15133,fanduel.com,Week 10,Gage,Larvadain,WR,0.0,2025-11-07 00:48:09,2025-11-07 00:48:09,CLE
15134,fanduel.com,Week 10,Cade,McDonald,WR,0.0,2025-11-07 00:48:09,2025-11-07 00:48:09,CLE
15135,fanduel.com,Week 10,Joe,Mixon,RB,0.0,2025-11-07 00:48:09,2025-11-07 00:48:09,HOU
15136,fanduel.com,Week 10,Justin,Watson,WR,0.0,2025-11-07 00:48:09,2025-11-07 00:48:09,HOU
15137,fanduel.com,Week 10,Dameon,Pierce,RB,0.0,2025-11-07 00:48:09,2025-11-07 00:48:09,HOU
15138,fanduel.com,Week 10,C.J.,Stroud,QB,0.0,2025-11-07 00:48:09,2025-11-07 00:48:09,HOU
15139,fanduel.com,Week 10,Tank,Dell,WR,0.0,2025-11-07 00:48:09,2025-11-07 00:48:09,HOU
15140,fanduel.com,Week 10,Brenton,Strange,TE,0.0,2025-11-07 00:48:09,2025-11-07 00:51:07,JAX
15141,fanduel.com,Week 10,Cade,Stover,TE,0.0,2025-11-07 00:48:09,2025-11-07 00:48:09,HOU
15142,fanduel.com,Week 10,Travis,Hunter,WR,0.0,2025-11-07 00:48:09,2025-12-03 05:23:57,JAX
15143,fanduel.com,Week 10,Mike,Evans,WR,0.0,2025-11-07 00:48:09,2025-11-07 00:48:09,TB
15144,fanduel.com,Week 10,Chase,Edmonds,RB,0.0,2025-11-07 00:48:09,2025-11-07 00:48:09,TB
15145,fanduel.com,Week 10,Jalen,McMillan,WR,0.0,2025-11-07 00:48:09,2025-11-07 00:48:09,TB
15146,fanduel.com,Week 10,Devin,Culp,TE,0.0,2025-11-07 00:48:09,2025-11-07 00:48:09,TB
15147,fanduel.com,Week 10,Jack,Westover,RB,0.0,2025-11-07 00:48:09,2025-11-07 00:48:09,NE
15148,fanduel.com,Week 10,Josh,Williams,RB,0.0,2025-11-07 00:48:09,2025-11-07 00:48:09,TB
15149,fanduel.com,Week 10,Owen,Wright,RB,0.0,2025-11-07 00:48:09,2025-11-07 00:48:09,TB
15150,fanduel.com,Week 10,Efton,Chism III,WR,0.0,2025-11-07 00:48:09,2025-11-07 00:48:09,NE
15151,fanduel.com,Week 10,Kyler,Murray,QB,0.0,2025-11-07 00:48:09,2025-11-07 00:48:09,ARI
15152,fanduel.com,Week 10,Cody,White,WR,0.0,2025-11-07 00:48:09,2025-11-07 00:48:09,SEA
15153,fanduel.com,Week 10,Brady,Russell,RB,0.0,2025-11-07 00:48:09,2025-11-07 00:48:09,SEA
15154,fanduel.com,Week 10,Trishton,Jackson,WR,0.0,2025-11-07 00:48:09,2025-11-07 00:48:09,ARI
15155,fanduel.com,Week 10,Tip,Reiman,TE,0.0,2025-11-07 00:48:09,2025-11-07 00:48:09,ARI
15156,fanduel.com,Week 10,Xavier,Weaver,WR,0.0,2025-11-07 00:48:09,2025-11-07 00:48:09,ARI
15157,fanduel.com,Week 10,Robbie,Ouzts,RB,0.0,2025-11-07 00:48:09,2025-11-07 00:48:09,SEA
15158,fanduel.com,Week 10,Travis,Vokolek,TE,0.0,2025-11-07 00:48:09,2025-11-07 00:48:09,ARI
15159,fanduel.com,Week 10,Jalen,Milroe,QB,0.0,2025-11-07 00:48:09,2025-11-07 00:48:09,SEA
15160,fanduel.com,Week 10,Nick,Kallerup,TE,0.0,2025-11-07 00:48:09,2025-11-07 00:48:09,SEA
15161,fanduel.com,Week 10,Ricky,White III,WR,0.0,2025-11-07 00:48:09,2025-11-07 00:48:09,SEA
15162,fanduel.com,Week 10,Trent,Taylor,WR,0.0,2025-11-07 00:48:09,2025-11-07 00:48:09,SF
15163,fanduel.com,Week 10,Brandon,Aiyuk,WR,0.0,2025-11-07 00:48:09,2025-11-07 00:48:09,SF
15164,fanduel.com,Week 10,Tutu,Atwell,WR,0.0,2025-11-07 00:48:09,2025-11-07 00:51:07,LAR
15165,fanduel.com,Week 10,Jacob,Cowing,WR,0.0,2025-11-07 00:48:09,2025-11-07 00:48:09,SF
15166,fanduel.com,Week 10,Konata,Mumpfield,WR,0.0,2025-11-07 00:48:09,2025-11-07 00:51:07,LAR
15167,fanduel.com,Week 10,Jarquez,Hunter,RB,0.0,2025-11-07 00:48:09,2025-11-07 00:51:07,LAR
15168,fanduel.com,Week 10,Adrian,Martinez,QB,0.0,2025-11-07 00:48:09,2025-11-07 00:48:09,SF
15169,fanduel.com,Week 10,Jordan,James,RB,0.0,2025-11-07 00:48:09,2025-11-07 00:48:09,SF
15170,fanduel.com,Week 10,Jordan,Watkins,WR,0.0,2025-11-07 00:48:09,2025-11-07 00:48:09,SF
15171,fanduel.com,Week 10,Noah,Brown,WR,0.0,2025-11-07 00:48:09,2025-11-07 00:51:07,WAS
15172,fanduel.com,Week 10,Terry,McLaurin,WR,0.0,2025-11-07 00:48:09,2025-11-07 00:51:07,WAS
15173,fanduel.com,Week 10,Craig,Reynolds,RB,0.0,2025-11-07 00:48:09,2025-11-07 00:48:09,DET
15174,fanduel.com,Week 10,John,Bates,TE,0.0,2025-11-07 00:48:09,2025-11-07 00:51:07,WAS
15175,fanduel.com,Week 10,Shane,Zylstra,TE,0.0,2025-11-07 00:48:09,2025-11-07 00:48:09,DET
15176,fanduel.com,Week 10,Luke,McCaffrey,WR,0.0,2025-11-07 00:48:09,2025-11-07 00:51:07,WAS
15177,fanduel.com,Week 10,Jayden,Daniels,QB,0.0,2025-11-07 00:48:09,2025-11-07 00:51:07,WAS
15178,fanduel.com,Week 10,Sione,Vaki,RB,0.0,2025-11-07 00:48:09,2025-11-07 00:48:09,DET
15179,fanduel.com,Week 10,Dominic,Lovett,WR,0.0,2025-11-07 00:48:09,2025-11-07 00:48:09,DET
15180,fanduel.com,Week 10,Jackson,Meeks,WR,0.0,2025-11-07 00:48:09,2025-11-07 00:48:09,DET
15181,fanduel.com,Week 10,Ja'Corey,Brooks,WR,0.0,2025-11-07 00:48:09,2025-11-07 00:51:07,WAS
15182,fanduel.com,Week 10,Marquez,Valdes-Scantling,WR,0.0,2025-11-07 00:48:09,2025-11-07 00:48:09,PIT
15183,fanduel.com,Week 10,Trayveon,Williams,RB,0.0,2025-11-07 00:48:09,2025-11-07 00:48:09,LAC
15184,fanduel.com,Week 10,Ben,Skowronek,WR,0.0,2025-11-07 00:48:09,2025-11-07 00:48:09,PIT
15185,fanduel.com,Week 10,Hassan,Haskins,RB,0.0,2025-11-07 00:48:09,2025-11-07 00:48:09,LAC
15186,fanduel.com,Week 10,Skylar,Thompson,QB,0.0,2025-11-07 00:48:09,2025-11-07 00:48:09,PIT
15187,fanduel.com,Week 10,Derius,Davis,WR,0.0,2025-11-07 00:48:09,2025-11-07 00:48:09,LAC
15188,fanduel.com,Week 10,Ke'Shawn,Williams,WR,0.0,2025-11-07 00:48:09,2025-11-07 00:48:09,PIT
15189,fanduel.com,Week 10,Amar,Johnson,RB,0.0,2025-11-07 00:48:09,2025-11-07 00:48:09,LAC
15190,fanduel.com,Week 10,Sam,Howell,QB,0.0,2025-11-07 00:48:09,2025-11-07 00:48:09,PHI
15191,fanduel.com,Week 10,Jayden,Reed,WR,0.0,2025-11-07 00:48:09,2025-11-07 00:48:09,GB
15192,fanduel.com,Week 10,Darius,Cooper,WR,0.0,2025-11-07 00:48:09,2025-11-07 00:48:09,PHI
15193,fanduel.com,Week 10,Cameron,Latu,TE,0.0,2025-11-07 00:48:09,2025-11-07 00:48:09,PHI
15999,fantasypros.com,Week 10,Amar,Johnson,RB,0.0,2025-11-07 00:50:27,2025-11-07 00:50:27,LAC
16000,fantasypros.com,Week 10,Lew,Nichols III,RB,0.0,2025-11-07 00:50:27,2025-11-07 00:50:27,PIT
16138,fantasypros.com,Week 10,Efton,Chism III,WR,0.0,2025-11-07 00:50:27,2025-11-07 00:50:27,NE
16139,fantasypros.com,Week 10,John,Metchie III,WR,0.0,2025-11-07 00:50:27,2025-11-07 00:50:27,NYJ
16140,fantasypros.com,Week 10,KeAndre,Lambert-Smith,WR,0.0,2025-11-07 00:50:27,2025-11-07 00:50:27,LAC
16141,fantasypros.com,Week 10,Devin,Duvernay,WR,0.0,2025-11-07 00:50:27,2025-11-07 00:50:27,CHI
16142,fantasypros.com,Week 10,KhaDarel,Hodge,WR,0.0,2025-11-07 00:50:27,2025-11-07 00:50:27,ATL
16143,fantasypros.com,Week 10,Tylan,Wallace,WR,0.0,2025-11-07 00:50:27,2025-11-07 00:50:27,BAL
16144,fantasypros.com,Week 10,Jalin,Hyatt,WR,0.0,2025-11-07 00:50:27,2025-11-07 00:50:27,NYG
16145,fantasypros.com,Week 10,Derius,Davis,WR,0.0,2025-11-07 00:50:27,2025-11-07 00:50:27,LAC
16146,fantasypros.com,Week 10,Braxton,Berrios,WR,0.0,2025-11-07 00:50:27,2025-11-07 00:50:27,HOU
16147,fantasypros.com,Week 10,Anthony,Gould,WR,0.0,2025-11-07 00:50:27,2025-11-07 00:50:27,IND
16148,fantasypros.com,Week 10,Xavier,Gipson,WR,0.0,2025-11-07 00:50:27,2025-11-07 00:50:27,PHI
16149,fantasypros.com,Week 10,Kevin,Austin Jr.,WR,0.0,2025-11-07 00:50:27,2025-11-07 00:50:27,NO
16150,fantasypros.com,Week 10,Jake,Bobo,WR,0.0,2025-11-07 00:50:27,2025-11-07 00:50:27,SEA
16151,fantasypros.com,Week 10,Ricky,White III,WR,0.0,2025-11-07 00:50:27,2025-11-07 00:50:27,SEA
16152,fantasypros.com,Week 10,LaJohntay,Wester,WR,0.0,2025-11-07 00:50:27,2025-11-07 00:50:27,BAL
16153,fantasypros.com,Week 10,Tai,Felton,WR,0.0,2025-11-07 00:50:27,2025-11-07 00:50:27,MIN
16154,fantasypros.com,Week 10,Robbie,Chosen,WR,0.0,2025-11-07 00:50:27,2025-11-07 00:50:27,WAS
16155,fantasypros.com,Week 10,Ke'Shawn,Williams,WR,0.0,2025-11-07 00:50:27,2025-11-07 00:50:27,PIT
16156,fantasypros.com,Week 10,Xavier,Weaver,WR,0.0,2025-11-07 00:50:27,2025-11-07 00:50:27,ARI
16157,fantasypros.com,Week 10,Dylan,Drummond,WR,0.0,2025-11-07 00:50:27,2025-11-07 00:50:27,ATL
16158,fantasypros.com,Week 10,Simi,Fehoko,WR,0.0,2025-11-07 00:50:27,2025-11-07 00:50:27,ARI
16159,fantasypros.com,Week 10,Alex,Bachman,WR,0.0,2025-11-07 00:50:27,2025-11-07 00:50:27,LV
16160,fantasypros.com,Week 10,Darius,Cooper,WR,0.0,2025-11-07 00:50:27,2025-11-07 00:50:27,PHI
17965,fanduel.com,Week 11,Josh,Reynolds,WR,0.0,2025-11-13 05:21:22,2025-11-13 05:21:22,NYJ
17966,fanduel.com,Week 11,Rhamondre,Stevenson,RB,0.0,2025-11-13 05:21:22,2025-11-13 05:21:22,NE
17967,fanduel.com,Week 11,Garrett,Wilson,WR,0.0,2025-11-13 05:21:22,2025-11-13 05:21:22,NYJ
17968,fanduel.com,Week 11,Stone,Smartt,TE,0.0,2025-11-13 05:21:22,2025-11-13 05:21:22,NYJ
17969,fanduel.com,Week 11,Kayshon,Boutte,WR,0.0,2025-11-13 05:21:22,2025-11-13 05:21:22,NE
17970,fanduel.com,Week 11,Irvin,Charles,WR,0.0,2025-11-13 05:21:22,2025-11-13 05:21:22,NYJ
17971,fanduel.com,Week 11,Braelon,Allen,RB,0.0,2025-11-13 05:21:22,2025-11-13 05:21:22,NYJ
17972,fanduel.com,Week 11,Jack,Westover,RB,0.0,2025-11-13 05:21:22,2025-11-13 05:21:22,NE
17973,fanduel.com,Week 11,Brady,Cook,QB,0.0,2025-11-13 05:21:22,2025-11-13 05:21:22,NYJ
17974,fanduel.com,Week 11,Efton,Chism III,WR,0.0,2025-11-13 05:21:22,2025-11-13 05:21:22,NE
17975,fanduel.com,Week 11,Darren,Waller,TE,0.0,2025-11-13 05:21:22,2025-11-13 05:21:22,MIA
17976,fanduel.com,Week 11,Noah,Brown,WR,0.0,2025-11-13 05:21:22,2025-11-13 05:26:13,WAS
17977,fanduel.com,Week 11,Terry,McLaurin,WR,0.0,2025-11-13 05:21:22,2025-11-13 05:26:13,WAS
17978,fanduel.com,Week 11,Dee,Eskridge,WR,0.0,2025-11-13 05:21:22,2025-11-13 05:21:22,MIA
17979,fanduel.com,Week 11,John,Bates,TE,0.0,2025-11-13 05:21:22,2025-11-13 05:26:13,WAS
17980,fanduel.com,Week 11,Julian,Hill,TE,0.0,2025-11-13 05:21:22,2025-11-13 05:21:22,MIA
17981,fanduel.com,Week 11,Luke,McCaffrey,WR,0.0,2025-11-13 05:21:22,2025-11-13 05:26:13,WAS
17982,fanduel.com,Week 11,Jayden,Daniels,QB,0.0,2025-11-13 05:21:22,2025-11-13 05:26:13,WAS
17983,fanduel.com,Week 11,Tahj,Washington,WR,0.0,2025-11-13 05:21:22,2025-11-13 05:21:22,MIA
17984,fanduel.com,Week 11,Ja'Corey,Brooks,WR,0.0,2025-11-13 05:21:22,2025-11-13 05:26:13,WAS
17985,fanduel.com,Week 11,Quinn,Ewers,QB,0.0,2025-11-13 05:21:22,2025-11-13 05:21:22,MIA
17986,fanduel.com,Week 11,Hayden,Rucci,TE,0.0,2025-11-13 05:21:22,2025-11-13 05:21:22,MIA
17987,fanduel.com,Week 11,Mike,Evans,WR,0.0,2025-11-13 05:21:22,2025-11-13 05:21:22,TB
17988,fanduel.com,Week 11,Chris,Godwin,WR,0.0,2025-11-13 05:21:22,2025-11-13 05:21:22,TB
17989,fanduel.com,Week 11,Chase,Edmonds,RB,0.0,2025-11-13 05:21:22,2025-11-13 05:21:22,TB
17990,fanduel.com,Week 11,Josh,Palmer,WR,0.0,2025-11-13 05:21:22,2025-11-13 05:21:22,BUF
17991,fanduel.com,Week 11,Dalton,Kincaid,TE,0.0,2025-11-13 05:21:22,2025-11-13 05:21:22,BUF
17992,fanduel.com,Week 11,Bucky,Irving,RB,0.0,2025-11-13 05:21:22,2025-11-13 05:21:22,TB
17993,fanduel.com,Week 11,Jalen,McMillan,WR,0.0,2025-11-13 05:21:22,2025-11-13 05:21:22,TB
17994,fanduel.com,Week 11,Devin,Culp,TE,0.0,2025-11-13 05:21:22,2025-11-13 05:21:22,TB
17995,fanduel.com,Week 11,Josh,Williams,RB,0.0,2025-11-13 05:21:22,2025-11-13 05:21:22,TB
17996,fanduel.com,Week 11,Owen,Wright,RB,0.0,2025-11-13 05:21:22,2025-11-13 05:21:22,TB
17997,fanduel.com,Week 11,Joe,Mixon,RB,0.0,2025-11-13 05:21:22,2025-11-13 05:21:22,HOU
17998,fanduel.com,Week 11,Calvin,Ridley,WR,0.0,2025-11-13 05:21:22,2025-11-13 05:21:22,TEN
17999,fanduel.com,Week 11,Justin,Watson,WR,0.0,2025-11-13 05:21:22,2025-11-13 05:21:22,HOU
18000,fanduel.com,Week 11,Irv,Smith Jr.,TE,0.0,2025-11-13 05:21:22,2025-11-13 05:21:22,HOU
18001,fanduel.com,Week 11,Dameon,Pierce,RB,0.0,2025-11-13 05:21:22,2025-11-13 05:21:22,HOU
18002,fanduel.com,Week 11,Tank,Dell,WR,0.0,2025-11-13 05:21:22,2025-11-13 05:21:22,HOU
18003,fanduel.com,Week 11,Cade,Stover,TE,0.0,2025-11-13 05:21:22,2025-11-13 05:21:22,HOU
18004,fanduel.com,Week 11,Bryce,Oliver,WR,0.0,2025-11-13 05:21:22,2025-11-13 05:21:22,TEN
18005,fanduel.com,Week 11,Kalel,Mullings,RB,0.0,2025-11-13 05:21:22,2025-11-13 05:21:22,TEN
18006,fanduel.com,Week 11,David,Moore,WR,0.0,2025-11-13 05:21:22,2025-11-13 05:21:22,CAR
18007,fanduel.com,Week 11,Hunter,Renfrow,WR,0.0,2025-11-13 05:21:22,2025-11-13 05:21:22,CAR
18008,fanduel.com,Week 11,Easton,Stick,QB,0.0,2025-11-13 05:21:22,2025-11-13 05:21:22,ATL
18009,fanduel.com,Week 11,James,Mitchell,TE,0.0,2025-11-13 05:21:22,2025-11-13 05:21:22,CAR
18010,fanduel.com,Week 11,Brycen,Tremayne,WR,0.0,2025-11-13 05:21:22,2025-11-13 05:21:22,CAR
18011,fanduel.com,Week 11,Dalevon,Campbell,WR,0.0,2025-11-13 05:21:22,2025-11-13 05:21:22,CAR
18012,fanduel.com,Week 11,Dylan,Drummond,WR,0.0,2025-11-13 05:21:22,2025-11-13 05:21:22,ATL
18013,fanduel.com,Week 11,Jayden,Reed,WR,0.0,2025-11-13 05:21:22,2025-11-13 05:21:22,GB
18014,fanduel.com,Week 11,Eric,Gray,RB,0.0,2025-11-13 05:21:22,2025-11-13 05:21:22,NYG
18015,fanduel.com,Week 11,MarShawn,Lloyd,RB,0.0,2025-11-13 05:21:22,2025-11-13 05:21:22,GB
18016,fanduel.com,Week 11,Jaxson,Dart,QB,0.0,2025-11-13 05:21:22,2025-11-13 05:21:22,NYG
18017,fanduel.com,Week 11,Cam,Skattebo,RB,0.0,2025-11-13 05:21:22,2025-11-13 05:21:22,NYG
18018,fanduel.com,Week 11,Beaux,Collins,WR,0.0,2025-11-13 05:21:22,2025-11-13 05:21:22,NYG
18019,fanduel.com,Week 11,Thomas,Fidone II,TE,0.0,2025-11-13 05:21:22,2025-11-13 05:21:22,NYG
18020,fanduel.com,Week 11,Will,Dissly,TE,0.0,2025-11-13 05:21:22,2025-11-13 05:21:22,LAC
18021,fanduel.com,Week 11,Hunter,Long,TE,0.0,2025-11-13 05:21:22,2025-11-13 05:26:13,JAX
18022,fanduel.com,Week 11,Hassan,Haskins,RB,0.0,2025-11-13 05:21:22,2025-11-13 05:21:22,LAC
18023,fanduel.com,Week 11,Derius,Davis,WR,0.0,2025-11-13 05:21:22,2025-11-13 05:21:22,LAC
18024,fanduel.com,Week 11,Brian,Thomas Jr.,WR,0.0,2025-11-13 05:21:22,2025-11-13 05:26:13,JAX
18025,fanduel.com,Week 11,Omarion,Hampton,RB,0.0,2025-11-13 05:21:22,2025-11-13 05:21:22,LAC
18026,fanduel.com,Week 11,KeAndre,Lambert-Smith,WR,0.0,2025-11-13 05:21:22,2025-11-13 05:21:22,LAC
18027,fanduel.com,Week 11,Amar,Johnson,RB,0.0,2025-11-13 05:21:22,2025-11-13 05:21:22,LAC
18028,fanduel.com,Week 11,Mike,Gesicki,TE,0.0,2025-11-13 05:21:22,2025-11-13 05:21:22,CIN
18029,fanduel.com,Week 11,Marquez,Valdes-Scantling,WR,0.0,2025-11-13 05:21:22,2025-11-13 05:21:22,PIT
18030,fanduel.com,Week 11,Tanner,Hudson,TE,0.0,2025-11-13 05:21:22,2025-11-13 05:21:22,CIN
18031,fanduel.com,Week 11,Joe,Burrow,QB,0.0,2025-11-13 05:21:22,2025-11-13 05:21:22,CIN
18032,fanduel.com,Week 11,Ben,Skowronek,WR,0.0,2025-11-13 05:21:22,2025-11-13 05:21:22,PIT
18033,fanduel.com,Week 11,Skylar,Thompson,QB,0.0,2025-11-13 05:21:22,2025-11-13 05:21:22,PIT
18034,fanduel.com,Week 11,Jermaine,Burton,WR,0.0,2025-11-13 05:21:22,2025-11-13 05:21:22,CIN
18035,fanduel.com,Week 11,Cam,Grandy,TE,0.0,2025-11-13 05:21:22,2025-11-13 05:21:22,CIN
18036,fanduel.com,Week 11,Ke'Shawn,Williams,WR,0.0,2025-11-13 05:21:22,2025-11-13 05:21:22,PIT
18037,fanduel.com,Week 11,Case,Keenum,QB,0.0,2025-11-13 05:21:22,2025-11-13 05:21:22,CHI
18038,fanduel.com,Week 11,C.J.,Ham,RB,0.0,2025-11-13 05:21:22,2025-11-13 05:21:22,MIN
18039,fanduel.com,Week 11,Durham,Smythe,TE,0.0,2025-11-13 05:21:22,2025-11-13 05:21:22,CHI
18040,fanduel.com,Week 11,Travis,Homer,RB,0.0,2025-11-13 05:21:22,2025-11-13 05:21:22,CHI
18041,fanduel.com,Week 11,Josh,Oliver,TE,0.0,2025-11-13 05:21:22,2025-11-13 05:21:22,MIN
18042,fanduel.com,Week 11,Ty,Chandler,RB,0.0,2025-11-13 05:21:22,2025-11-13 05:21:22,MIN
18043,fanduel.com,Week 11,Tai,Felton,WR,0.0,2025-11-13 05:21:22,2025-11-13 05:21:22,MIN
18044,fanduel.com,Week 11,Jahdae,Walker,WR,0.0,2025-11-13 05:21:22,2025-11-13 05:21:22,CHI
18045,fanduel.com,Week 11,Myles,Price,WR,0.0,2025-11-13 05:21:22,2025-11-13 05:21:22,MIN
18046,fanduel.com,Week 11,Trent,Taylor,WR,0.0,2025-11-13 05:21:22,2025-11-13 05:21:22,SF
18047,fanduel.com,Week 11,Kyler,Murray,QB,0.0,2025-11-13 05:21:22,2025-11-13 05:21:22,ARI
18048,fanduel.com,Week 11,Brandon,Aiyuk,WR,0.0,2025-11-13 05:21:22,2025-11-13 05:21:22,SF
18049,fanduel.com,Week 11,Simi,Fehoko,WR,0.0,2025-11-13 05:21:22,2025-11-13 05:21:22,ARI
18050,fanduel.com,Week 11,Andre,Baccellia,WR,0.0,2025-11-13 05:21:22,2025-11-13 05:21:22,ARI
18051,fanduel.com,Week 11,Trishton,Jackson,WR,0.0,2025-11-13 05:21:22,2025-11-13 05:21:22,ARI
18052,fanduel.com,Week 11,Marvin,Harrison Jr.,WR,0.0,2025-11-13 05:21:22,2025-11-13 05:21:22,ARI
18053,fanduel.com,Week 11,Jacob,Cowing,WR,0.0,2025-11-13 05:21:22,2025-11-13 05:21:22,SF
18054,fanduel.com,Week 11,Travis,Vokolek,TE,0.0,2025-11-13 05:21:22,2025-11-13 05:21:22,ARI
18055,fanduel.com,Week 11,Adrian,Martinez,QB,0.0,2025-11-13 05:21:22,2025-11-13 05:21:22,SF
18056,fanduel.com,Week 11,Jordan,James,RB,0.0,2025-11-13 05:21:22,2025-11-13 05:21:22,SF
18057,fanduel.com,Week 11,Jordan,Watkins,WR,0.0,2025-11-13 05:21:22,2025-11-13 05:21:22,SF
18058,fanduel.com,Week 11,Eric,Saubert,TE,0.0,2025-11-13 05:21:22,2025-11-13 05:21:22,SEA
18059,fanduel.com,Week 11,Tutu,Atwell,WR,0.0,2025-11-13 05:21:22,2025-11-13 05:26:14,LAR
18060,fanduel.com,Week 11,Cody,White,WR,0.0,2025-11-13 05:21:22,2025-11-13 05:21:22,SEA
18061,fanduel.com,Week 11,Dareke,Young,WR,0.0,2025-11-13 05:21:22,2025-11-13 05:21:22,SEA
18062,fanduel.com,Week 11,Jake,Bobo,WR,0.0,2025-11-13 05:21:22,2025-11-13 05:21:22,SEA
18063,fanduel.com,Week 11,Brady,Russell,RB,0.0,2025-11-13 05:21:22,2025-11-13 05:21:22,SEA
18064,fanduel.com,Week 11,Tory,Horton,WR,0.0,2025-11-13 05:21:22,2025-11-13 05:21:22,SEA
18065,fanduel.com,Week 11,Robbie,Ouzts,RB,0.0,2025-11-13 05:21:22,2025-11-13 05:21:22,SEA
18066,fanduel.com,Week 11,Konata,Mumpfield,WR,0.0,2025-11-13 05:21:22,2025-11-13 05:26:14,LAR
18067,fanduel.com,Week 11,Jalen,Milroe,QB,0.0,2025-11-13 05:21:22,2025-11-13 05:21:22,SEA
18068,fanduel.com,Week 11,Jarquez,Hunter,RB,0.0,2025-11-13 05:21:22,2025-11-13 05:26:14,LAR
18069,fanduel.com,Week 11,Nick,Kallerup,TE,0.0,2025-11-13 05:21:22,2025-11-13 05:21:22,SEA
18070,fanduel.com,Week 11,Ricky,White III,WR,0.0,2025-11-13 05:21:22,2025-11-13 05:21:22,SEA
18071,fanduel.com,Week 11,Patrick,Ricard,RB,0.0,2025-11-13 05:21:22,2025-11-13 05:21:22,BAL
18072,fanduel.com,Week 11,Cooper,Rush,QB,0.0,2025-11-13 05:21:22,2025-11-13 05:21:22,BAL
18073,fanduel.com,Week 11,Rashod,Bateman,WR,0.0,2025-11-13 05:21:22,2025-11-13 05:21:22,BAL
18074,fanduel.com,Week 11,Blake,Whiteheart,TE,0.0,2025-11-13 05:21:22,2025-11-13 05:21:22,CLE
18075,fanduel.com,Week 11,Devontez,Walker,WR,0.0,2025-11-13 05:21:22,2025-11-13 05:21:22,BAL
18076,fanduel.com,Week 11,Rasheen,Ali,RB,0.0,2025-11-13 05:21:22,2025-11-13 05:21:22,BAL
18077,fanduel.com,Week 11,LaJohntay,Wester,WR,0.0,2025-11-13 05:21:22,2025-11-13 05:21:22,BAL
18078,fanduel.com,Week 11,Raheim,Sanders,RB,0.0,2025-11-13 05:21:22,2025-11-13 05:21:22,CLE
18079,fanduel.com,Week 11,Gage,Larvadain,WR,0.0,2025-11-13 05:21:22,2025-11-13 05:21:22,CLE
18080,fanduel.com,Week 11,Cade,McDonald,WR,0.0,2025-11-13 05:21:22,2025-11-13 05:21:22,CLE
18081,fanduel.com,Week 11,Elijah,Mitchell,RB,0.0,2025-11-13 05:21:22,2025-11-13 05:21:22,KC
18082,fanduel.com,Week 11,Isiah,Pacheco,RB,0.0,2025-11-13 05:21:22,2025-11-13 05:21:22,KC
18083,fanduel.com,Week 11,Jaleel,McLaughlin,RB,0.0,2025-11-13 05:21:22,2025-11-13 05:21:22,DEN
18084,fanduel.com,Week 11,Nate,Adkins,TE,0.0,2025-11-13 05:21:22,2025-11-13 05:21:22,DEN
18085,fanduel.com,Week 11,Jason,Brownlee,WR,0.0,2025-11-13 05:21:22,2025-11-13 05:21:22,KC
18086,fanduel.com,Week 11,Jared,Wiley,TE,0.0,2025-11-13 05:21:22,2025-11-13 05:21:22,KC
18087,fanduel.com,Week 11,Jalen,Royals,WR,0.0,2025-11-13 05:21:22,2025-11-13 05:21:22,KC
18088,fanduel.com,Week 11,A.J.,Dillon,RB,0.0,2025-11-13 05:21:22,2025-11-13 05:21:22,PHI
18089,fanduel.com,Week 11,Craig,Reynolds,RB,0.0,2025-11-13 05:21:22,2025-11-13 05:21:22,DET
18090,fanduel.com,Week 11,Shane,Zylstra,TE,0.0,2025-11-13 05:21:22,2025-11-13 05:21:22,DET
18091,fanduel.com,Week 11,Sam,Howell,QB,0.0,2025-11-13 05:21:22,2025-11-13 05:21:22,PHI
18092,fanduel.com,Week 11,Dominic,Lovett,WR,0.0,2025-11-13 05:21:22,2025-11-13 05:21:22,DET
18093,fanduel.com,Week 11,Darius,Cooper,WR,0.0,2025-11-13 05:21:22,2025-11-13 05:21:22,PHI
18094,fanduel.com,Week 11,Jacob,Saylors,RB,0.0,2025-11-13 05:21:22,2025-11-13 05:21:22,DET
18095,fanduel.com,Week 11,Cameron,Latu,TE,0.0,2025-11-13 05:21:22,2025-11-13 05:21:22,PHI
18096,fanduel.com,Week 11,Jackson,Meeks,WR,0.0,2025-11-13 05:21:22,2025-11-13 05:21:22,DET
18097,fanduel.com,Week 11,Alex,Bachman,WR,0.0,2025-11-13 05:21:22,2025-11-13 05:21:22,LV
18098,fanduel.com,Week 11,Zamir,White,RB,0.0,2025-11-13 05:21:22,2025-11-13 05:21:22,LV
18099,fanduel.com,Week 11,Jonathan,Mingo,WR,0.0,2025-11-13 05:21:22,2025-11-13 05:21:22,DAL
18100,fanduel.com,Week 11,Aidan,O'Connell,QB,0.0,2025-11-13 05:21:22,2025-11-13 05:21:22,LV
18101,fanduel.com,Week 11,Jalen,Cropper,WR,0.0,2025-11-13 05:21:22,2025-11-13 05:21:22,DAL
18102,fanduel.com,Week 11,Carter,Runyon,TE,0.0,2025-11-13 05:21:22,2025-11-13 05:21:22,LV
19122,fanduel.com,Week 12,Joe,Mixon,RB,0.0,2025-11-20 17:52:44,2025-11-20 18:02:18,HOU
19123,fanduel.com,Week 12,Justin,Watson,WR,0.0,2025-11-20 17:52:44,2025-11-20 18:02:18,HOU
19124,fanduel.com,Week 12,Irv,Smith Jr.,TE,0.0,2025-11-20 17:52:44,2025-11-20 18:02:18,HOU
19125,fanduel.com,Week 12,Braxton,Berrios,WR,0.0,2025-11-20 17:52:44,2025-11-20 18:02:18,HOU
19126,fanduel.com,Week 12,Harrison,Bryant,TE,0.0,2025-11-20 17:52:44,2025-11-20 18:02:18,HOU
19127,fanduel.com,Week 12,Elijah,Moore,WR,0.0,2025-11-20 17:52:44,2025-11-20 18:02:18,BUF
19128,fanduel.com,Week 12,Dameon,Pierce,RB,0.0,2025-11-20 17:52:44,2025-11-20 18:02:18,HOU
19129,fanduel.com,Week 12,Dalton,Kincaid,TE,0.0,2025-11-20 17:52:44,2025-11-20 18:02:18,BUF
19130,fanduel.com,Week 12,C.J.,Stroud,QB,0.0,2025-11-20 17:52:44,2025-11-20 18:02:18,HOU
19131,fanduel.com,Week 12,Tank,Dell,WR,0.0,2025-11-20 17:52:44,2025-11-20 18:02:18,HOU
19132,fanduel.com,Week 12,Keon,Coleman,WR,0.0,2025-11-20 17:52:44,2025-11-20 18:02:18,BUF
19133,fanduel.com,Week 12,Cade,Stover,TE,0.0,2025-11-20 17:52:44,2025-11-20 18:02:18,HOU
19134,fanduel.com,Week 12,Josh,Reynolds,WR,0.0,2025-11-20 17:52:44,2025-11-20 18:02:18,NYJ
19135,fanduel.com,Week 12,Cooper,Rush,QB,0.0,2025-11-20 17:52:44,2025-11-20 18:02:18,BAL
19136,fanduel.com,Week 12,Justice,Hill,RB,0.0,2025-11-20 17:52:44,2025-11-20 18:02:18,BAL
19137,fanduel.com,Week 12,Rashod,Bateman,WR,0.0,2025-11-20 17:52:44,2025-11-20 18:02:18,BAL
19138,fanduel.com,Week 12,Garrett,Wilson,WR,0.0,2025-11-20 17:52:44,2025-11-20 18:02:18,NYJ
19139,fanduel.com,Week 12,Stone,Smartt,TE,0.0,2025-11-20 17:52:44,2025-11-20 18:02:18,NYJ
19140,fanduel.com,Week 12,Irvin,Charles,WR,0.0,2025-11-20 17:52:44,2025-11-20 18:02:18,NYJ
19141,fanduel.com,Week 12,Braelon,Allen,RB,0.0,2025-11-20 17:52:44,2025-11-20 18:02:18,NYJ
19142,fanduel.com,Week 12,Rasheen,Ali,RB,0.0,2025-11-20 17:52:44,2025-11-20 18:02:18,BAL
19143,fanduel.com,Week 12,LaJohntay,Wester,WR,0.0,2025-11-20 17:52:44,2025-11-20 18:02:18,BAL
19144,fanduel.com,Week 12,Brady,Cook,QB,0.0,2025-11-20 17:52:44,2025-11-20 18:02:18,NYJ
19145,fanduel.com,Week 12,Darius,Slayton,WR,0.0,2025-11-20 17:52:44,2025-11-20 18:02:18,NYG
19146,fanduel.com,Week 12,Craig,Reynolds,RB,0.0,2025-11-20 17:52:44,2025-11-20 18:02:18,DET
19147,fanduel.com,Week 12,Shane,Zylstra,TE,0.0,2025-11-20 17:52:44,2025-11-20 18:02:18,DET
19148,fanduel.com,Week 12,Sam,LaPorta,TE,0.0,2025-11-20 17:52:44,2025-11-20 18:02:18,DET
19149,fanduel.com,Week 12,Eric,Gray,RB,0.0,2025-11-20 17:52:44,2025-11-20 18:02:18,NYG
19150,fanduel.com,Week 12,Jaxson,Dart,QB,0.0,2025-11-20 17:52:44,2025-11-20 18:02:18,NYG
19151,fanduel.com,Week 12,Cam,Skattebo,RB,0.0,2025-11-20 17:52:44,2025-11-20 18:02:18,NYG
19152,fanduel.com,Week 12,Dominic,Lovett,WR,0.0,2025-11-20 17:52:44,2025-11-20 18:02:18,DET
19153,fanduel.com,Week 12,Beaux,Collins,WR,0.0,2025-11-20 17:52:44,2025-11-20 18:02:18,NYG
19154,fanduel.com,Week 12,Jacob,Saylors,RB,0.0,2025-11-20 17:52:44,2025-11-20 18:02:18,DET
19155,fanduel.com,Week 12,Jackson,Meeks,WR,0.0,2025-11-20 17:52:44,2025-11-20 18:02:18,DET
19156,fanduel.com,Week 12,Thomas,Fidone II,TE,0.0,2025-11-20 17:52:44,2025-11-20 18:02:18,NYG
19157,fanduel.com,Week 12,Case,Keenum,QB,0.0,2025-11-20 17:52:44,2025-11-20 18:02:18,CHI
19158,fanduel.com,Week 12,Durham,Smythe,TE,0.0,2025-11-20 17:52:44,2025-11-20 18:02:18,CHI
19159,fanduel.com,Week 12,Skylar,Thompson,QB,0.0,2025-11-20 17:52:44,2025-11-20 18:02:18,PIT
19160,fanduel.com,Week 12,Jahdae,Walker,WR,0.0,2025-11-20 17:52:44,2025-11-20 18:02:18,CHI
19161,fanduel.com,Week 12,Ke'Shawn,Williams,WR,0.0,2025-11-20 17:52:44,2025-11-20 18:02:18,PIT
19162,fanduel.com,Week 12,Samaje,Perine,RB,0.0,2025-11-20 17:52:44,2025-11-20 18:02:18,CIN
19163,fanduel.com,Week 12,Mike,Gesicki,TE,0.0,2025-11-20 17:52:44,2025-11-20 18:02:18,CIN
19164,fanduel.com,Week 12,Joe,Burrow,QB,0.0,2025-11-20 17:52:44,2025-11-20 18:02:18,CIN
19165,fanduel.com,Week 12,Ja'Marr,Chase,WR,0.0,2025-11-20 17:52:44,2025-11-20 18:02:18,CIN
19166,fanduel.com,Week 12,Jermaine,Burton,WR,0.0,2025-11-20 17:52:44,2025-11-20 18:02:18,CIN
19167,fanduel.com,Week 12,Cam,Grandy,TE,0.0,2025-11-20 17:52:44,2025-11-20 18:02:18,CIN
19168,fanduel.com,Week 12,Efton,Chism III,WR,0.0,2025-11-20 17:52:44,2025-11-20 18:02:18,NE
19169,fanduel.com,Week 12,C.J.,Ham,RB,0.0,2025-11-20 17:52:44,2025-11-20 18:02:18,MIN
19170,fanduel.com,Week 12,Josh,Jacobs,RB,0.0,2025-11-20 17:52:44,2025-11-20 18:02:18,GB
19171,fanduel.com,Week 12,Josh,Oliver,TE,0.0,2025-11-20 17:52:44,2025-11-20 18:02:18,MIN
19172,fanduel.com,Week 12,Ty,Chandler,RB,0.0,2025-11-20 17:52:44,2025-11-20 18:02:18,MIN
19173,fanduel.com,Week 12,Jayden,Reed,WR,0.0,2025-11-20 17:52:44,2025-11-20 18:02:18,GB
19174,fanduel.com,Week 12,Malik,Heath,WR,0.0,2025-11-20 17:52:44,2025-11-20 18:02:18,GB
19175,fanduel.com,Week 12,Ben,Sims,TE,0.0,2025-11-20 17:52:44,2025-11-20 18:02:18,GB
19176,fanduel.com,Week 12,MarShawn,Lloyd,RB,0.0,2025-11-20 17:52:44,2025-11-20 18:02:18,GB
19177,fanduel.com,Week 12,Tai,Felton,WR,0.0,2025-11-20 17:52:44,2025-11-20 18:02:18,MIN
19178,fanduel.com,Week 12,Myles,Price,WR,0.0,2025-11-20 17:52:44,2025-11-20 18:02:18,MIN
19179,fanduel.com,Week 12,Anthony,Richardson,QB,0.0,2025-11-20 17:52:44,2025-11-20 18:02:18,IND
19180,fanduel.com,Week 12,Jason,Brownlee,WR,0.0,2025-11-20 17:52:44,2025-11-20 18:02:18,KC
19181,fanduel.com,Week 12,Anthony,Gould,WR,0.0,2025-11-20 17:52:44,2025-11-20 18:02:18,IND
19182,fanduel.com,Week 12,Jared,Wiley,TE,0.0,2025-11-20 17:52:44,2025-11-20 18:02:18,KC
19183,fanduel.com,Week 12,Jalen,Royals,WR,0.0,2025-11-20 17:52:44,2025-11-20 18:02:18,KC
19184,fanduel.com,Week 12,Cody,White,WR,0.0,2025-11-20 17:52:44,2025-11-20 18:02:18,SEA
19185,fanduel.com,Week 12,Brady,Russell,RB,0.0,2025-11-20 17:52:44,2025-11-20 18:02:18,SEA
19186,fanduel.com,Week 12,Bryce,Oliver,WR,0.0,2025-11-20 17:52:44,2025-11-20 18:02:18,TEN
19187,fanduel.com,Week 12,Tory,Horton,WR,0.0,2025-11-20 17:52:44,2025-11-20 18:02:18,SEA
19188,fanduel.com,Week 12,Robbie,Ouzts,RB,0.0,2025-11-20 17:52:44,2025-11-20 18:02:18,SEA
19189,fanduel.com,Week 12,Jalen,Milroe,QB,0.0,2025-11-20 17:52:44,2025-11-20 18:02:18,SEA
19190,fanduel.com,Week 12,Kalel,Mullings,RB,0.0,2025-11-20 17:52:44,2025-11-20 18:02:18,TEN
19191,fanduel.com,Week 12,Nick,Kallerup,TE,0.0,2025-11-20 17:52:44,2025-11-20 18:02:18,SEA
19192,fanduel.com,Week 12,Ricky,White III,WR,0.0,2025-11-20 17:52:44,2025-11-20 18:02:18,SEA
19193,fanduel.com,Week 12,Kyler,Murray,QB,0.0,2025-11-20 17:52:44,2025-11-20 18:02:18,ARI
19194,fanduel.com,Week 12,Hunter,Long,TE,0.0,2025-11-20 17:52:44,2025-11-20 18:02:59,JAX
19195,fanduel.com,Week 12,Simi,Fehoko,WR,0.0,2025-11-20 17:52:44,2025-11-20 18:02:18,ARI
19196,fanduel.com,Week 12,Emari,Demercado,RB,0.0,2025-11-20 17:52:44,2025-11-20 18:02:18,ARI
19197,fanduel.com,Week 12,Brenton,Strange,TE,0.0,2025-11-20 17:52:44,2025-11-20 18:02:59,JAX
19198,fanduel.com,Week 12,Trishton,Jackson,WR,0.0,2025-11-20 17:52:44,2025-11-20 18:02:18,ARI
19199,fanduel.com,Week 12,Marvin,Harrison Jr.,WR,0.0,2025-11-20 17:52:44,2025-11-20 18:02:18,ARI
19200,fanduel.com,Week 12,Travis,Vokolek,TE,0.0,2025-11-20 17:52:44,2025-11-20 18:02:18,ARI
19201,fanduel.com,Week 12,Aidan,O'Connell,QB,0.0,2025-11-20 17:52:44,2025-11-20 18:02:18,LV
19202,fanduel.com,Week 12,Blake,Whiteheart,TE,0.0,2025-11-20 17:52:44,2025-11-20 18:02:18,CLE
19203,fanduel.com,Week 12,Jamari,Thrash,WR,0.0,2025-11-20 17:52:44,2025-11-20 18:02:18,CLE
19204,fanduel.com,Week 12,Justin,Shorter,TE,0.0,2025-11-20 17:52:44,2025-11-20 18:02:18,LV
19205,fanduel.com,Week 12,Raheim,Sanders,RB,0.0,2025-11-20 17:52:44,2025-11-20 18:02:18,CLE
19206,fanduel.com,Week 12,Dillon,Gabriel,QB,0.0,2025-11-20 17:52:44,2025-11-20 18:02:18,CLE
19207,fanduel.com,Week 12,Gage,Larvadain,WR,0.0,2025-11-20 17:52:44,2025-11-20 18:02:18,CLE
19208,fanduel.com,Week 12,Cade,McDonald,WR,0.0,2025-11-20 17:52:44,2025-11-20 18:02:18,CLE
19209,fanduel.com,Week 12,Sam,Howell,QB,0.0,2025-11-20 17:52:44,2025-11-20 18:02:18,PHI
19210,fanduel.com,Week 12,Jonathan,Mingo,WR,0.0,2025-11-20 17:52:44,2025-11-20 18:02:18,DAL
19211,fanduel.com,Week 12,Darius,Cooper,WR,0.0,2025-11-20 17:52:44,2025-11-20 18:02:18,PHI
19212,fanduel.com,Week 12,Cameron,Latu,TE,0.0,2025-11-20 17:52:44,2025-11-20 18:02:18,PHI
19213,fanduel.com,Week 12,Jalen,Cropper,WR,0.0,2025-11-20 17:52:44,2025-11-20 18:02:18,DAL
19214,fanduel.com,Week 12,Jack,Stoll,TE,0.0,2025-11-20 17:52:44,2025-11-20 18:02:18,NO
19215,fanduel.com,Week 12,Feleipe,Franks,TE,0.0,2025-11-20 17:52:44,2025-11-20 18:02:18,ATL
19216,fanduel.com,Week 12,Drake,London,WR,0.0,2025-11-20 17:52:44,2025-11-20 18:02:18,ATL
19217,fanduel.com,Week 12,Teagan,Quitoriano,TE,0.0,2025-11-20 17:52:44,2025-11-20 18:02:18,ATL
19218,fanduel.com,Week 12,Trey,Palmer,WR,0.0,2025-11-20 17:52:44,2025-11-20 18:02:18,NO
19219,fanduel.com,Week 12,Moliki,Matavao,TE,0.0,2025-11-20 17:52:44,2025-11-20 18:02:18,NO
19220,fanduel.com,Week 12,Dylan,Drummond,WR,0.0,2025-11-20 17:52:44,2025-11-20 18:02:18,ATL
19221,fanduel.com,Week 12,Mike,Evans,WR,0.0,2025-11-20 17:52:44,2025-11-20 18:02:18,TB
19222,fanduel.com,Week 12,Chris,Godwin,WR,0.0,2025-11-20 17:52:44,2025-11-20 18:02:18,TB
19223,fanduel.com,Week 12,Tutu,Atwell,WR,0.0,2025-11-20 17:52:44,2025-11-20 18:02:59,LAR
19224,fanduel.com,Week 12,Jalen,McMillan,WR,0.0,2025-11-20 17:52:44,2025-11-20 18:02:18,TB
19225,fanduel.com,Week 12,Jarquez,Hunter,RB,0.0,2025-11-20 17:52:44,2025-11-20 18:02:59,LAR
19226,fanduel.com,Week 12,Josh,Williams,RB,0.0,2025-11-20 17:52:44,2025-11-20 18:02:18,TB
19227,fanduel.com,Week 12,Owen,Wright,RB,0.0,2025-11-20 17:52:44,2025-11-20 18:02:18,TB
19228,fanduel.com,Week 12,Stetson,Bennett,QB,0.0,2025-11-20 17:52:44,2025-11-20 18:02:59,LAR
19229,fanduel.com,Week 12,David,Moore,WR,0.0,2025-11-20 17:52:44,2025-11-20 18:02:18,CAR
19230,fanduel.com,Week 12,Hunter,Renfrow,WR,0.0,2025-11-20 17:52:44,2025-11-20 18:02:18,CAR
19231,fanduel.com,Week 12,Brandon,Aiyuk,WR,0.0,2025-11-20 17:52:44,2025-11-20 18:02:18,SF
19232,fanduel.com,Week 12,James,Mitchell,TE,0.0,2025-11-20 17:52:44,2025-11-20 18:02:18,CAR
19233,fanduel.com,Week 12,Jacob,Cowing,WR,0.0,2025-11-20 17:52:44,2025-11-20 18:02:18,SF
19234,fanduel.com,Week 12,Brycen,Tremayne,WR,0.0,2025-11-20 17:52:44,2025-11-20 18:02:18,CAR
19235,fanduel.com,Week 12,Adrian,Martinez,QB,0.0,2025-11-20 17:52:44,2025-11-20 18:02:18,SF
19236,fanduel.com,Week 12,Dalevon,Campbell,WR,0.0,2025-11-20 17:52:44,2025-11-20 18:02:18,CAR
19237,fanduel.com,Week 12,Jordan,James,RB,0.0,2025-11-20 17:52:44,2025-11-20 18:02:18,SF
19956,fantasypros.com,Week 12,Will,Howard,QB,0.0,2025-11-20 18:01:42,2025-11-20 18:01:42,PIT
19957,fantasypros.com,Week 12,Sam,Howell,QB,0.0,2025-11-20 18:01:42,2025-11-20 18:01:42,PHI
19958,fantasypros.com,Week 12,Gardner,Minshew II,QB,0.0,2025-11-20 18:01:42,2025-11-20 18:01:42,KC
19959,fantasypros.com,Week 12,Drew,Lock,QB,0.0,2025-11-20 18:01:42,2025-11-20 18:01:42,SEA
19960,fantasypros.com,Week 12,Case,Keenum,QB,0.0,2025-11-20 18:01:42,2025-11-20 18:01:42,CHI
19961,fantasypros.com,Week 12,Jake,Haener,QB,0.0,2025-11-20 18:01:42,2025-11-20 18:01:42,NO
19962,fantasypros.com,Week 12,Trevor,Siemian,QB,0.0,2025-11-20 18:01:42,2025-11-20 18:01:42,TEN
19963,fantasypros.com,Week 12,Tommy,DeVito,QB,0.0,2025-11-20 18:01:42,2025-11-20 18:01:42,NE
19964,fantasypros.com,Week 12,Shane,Buechele,QB,0.0,2025-11-20 18:01:42,2025-11-20 18:01:42,BUF
19965,fantasypros.com,Week 12,Jeff,Driskel,QB,0.0,2025-11-20 18:01:42,2025-11-20 18:01:42,ARI
20068,fantasypros.com,Week 12,Kene,Nwangwu,RB,0.0,2025-11-20 18:01:42,2025-11-20 18:01:42,NYJ
20069,fantasypros.com,Week 12,Sione,Vaki,RB,0.0,2025-11-20 18:01:42,2025-11-20 18:01:42,DET
20070,fantasypros.com,Week 12,Dante,Miller,RB,0.0,2025-11-20 18:01:42,2025-11-20 18:01:42,NYG
20071,fantasypros.com,Week 12,Cam,Akers,RB,0.0,2025-11-20 18:01:42,2025-11-20 18:01:42,MIN
20072,fantasypros.com,Week 12,Sincere,McCormick,RB,0.0,2025-11-20 18:01:42,2025-11-20 18:01:42,FA
20204,fantasypros.com,Week 12,Jordan,Watkins,WR,0.0,2025-11-20 18:01:42,2025-11-20 18:01:42,SF
20205,fantasypros.com,Week 12,Cody,White,WR,0.0,2025-11-20 18:01:42,2025-11-20 18:01:42,SEA
20206,fantasypros.com,Week 12,Jermaine,Burton,WR,0.0,2025-11-20 18:01:42,2025-11-20 18:01:42,CIN
20207,fantasypros.com,Week 12,Austin,Trammell,WR,0.0,2025-11-20 18:01:42,2025-11-20 18:02:59,JAX
20208,fantasypros.com,Week 12,Ricky,White III,WR,0.0,2025-11-20 18:01:42,2025-11-20 18:01:42,SEA
20209,fantasypros.com,Week 12,Ashton,Dulin,WR,0.0,2025-11-20 18:01:42,2025-11-20 18:01:42,IND
20210,fantasypros.com,Week 12,Andre,Baccellia,WR,0.0,2025-11-20 18:01:42,2025-11-20 18:01:42,ARI
20211,fantasypros.com,Week 12,Jamari,Thrash,WR,0.0,2025-11-20 18:01:42,2025-11-20 18:01:42,CLE
20212,fantasypros.com,Week 12,Xavier,Smith,WR,0.0,2025-11-20 18:01:42,2025-11-20 18:01:42,LAR
25535,fanduel.com,Week 13,Noah,Gray,TE,0.0,2025-11-26 18:38:36,2025-11-26 18:38:36,KC
25536,fanduel.com,Week 13,Jason,Brownlee,WR,0.0,2025-11-26 18:38:36,2025-11-26 18:38:36,KC
25537,fanduel.com,Week 13,Jared,Wiley,TE,0.0,2025-11-26 18:38:36,2025-11-26 18:38:36,KC
25538,fanduel.com,Week 13,Nikko,Remigio,WR,0.0,2025-11-26 18:38:36,2025-11-26 18:38:36,KC
25539,fanduel.com,Week 13,Jalen,Cropper,WR,0.0,2025-11-26 18:38:36,2025-11-26 18:38:36,DAL
25540,fanduel.com,Week 13,Jalen,Royals,WR,0.0,2025-11-26 18:38:36,2025-11-26 18:38:36,KC
25541,fanduel.com,Week 13,Case,Keenum,QB,0.0,2025-11-26 18:38:36,2025-11-26 18:38:36,CHI
25542,fanduel.com,Week 13,A.J.,Dillon,RB,0.0,2025-11-26 18:38:36,2025-11-26 18:38:36,PHI
25543,fanduel.com,Week 13,Sam,Howell,QB,0.0,2025-11-26 18:38:36,2025-11-26 18:38:36,PHI
25544,fanduel.com,Week 13,Roschon,Johnson,RB,0.0,2025-11-26 18:38:36,2025-11-26 18:38:36,CHI
25545,fanduel.com,Week 13,Darius,Cooper,WR,0.0,2025-11-26 18:38:36,2025-11-26 18:38:36,PHI
25546,fanduel.com,Week 13,Jahdae,Walker,WR,0.0,2025-11-26 18:38:36,2025-11-26 18:38:36,CHI
25547,fanduel.com,Week 13,Cameron,Latu,TE,0.0,2025-11-26 18:38:36,2025-11-26 18:38:36,PHI
25548,fanduel.com,Week 13,Kalif,Raymond,WR,0.0,2025-11-26 18:38:36,2025-11-26 18:38:36,DET
25549,fanduel.com,Week 13,Shane,Zylstra,TE,0.0,2025-11-26 18:38:36,2025-11-26 18:38:36,DET
25550,fanduel.com,Week 13,Sam,LaPorta,TE,0.0,2025-11-26 18:38:36,2025-11-26 18:38:36,DET
25551,fanduel.com,Week 13,Malik,Heath,WR,0.0,2025-11-26 18:38:36,2025-11-26 18:38:36,GB
25552,fanduel.com,Week 13,Ben,Sims,TE,0.0,2025-11-26 18:38:36,2025-11-26 18:38:36,GB
25553,fanduel.com,Week 13,MarShawn,Lloyd,RB,0.0,2025-11-26 18:38:36,2025-11-26 18:38:36,GB
25554,fanduel.com,Week 13,Dominic,Lovett,WR,0.0,2025-11-26 18:38:36,2025-11-26 18:38:36,DET
25555,fanduel.com,Week 13,Jackson,Meeks,WR,0.0,2025-11-26 18:38:36,2025-11-26 18:38:36,DET
25556,fanduel.com,Week 13,Cooper,Rush,QB,0.0,2025-11-26 18:38:36,2025-11-26 18:38:36,BAL
25557,fanduel.com,Week 13,Tee,Higgins,WR,0.0,2025-11-26 18:38:36,2025-11-26 18:38:36,CIN
25558,fanduel.com,Week 13,Jake,Browning,QB,0.0,2025-11-26 18:38:36,2025-11-26 18:38:36,CIN
25559,fanduel.com,Week 13,Jermaine,Burton,WR,0.0,2025-11-26 18:38:36,2025-11-26 18:38:36,CIN
25560,fanduel.com,Week 13,Rasheen,Ali,RB,0.0,2025-11-26 18:38:36,2025-11-26 18:38:36,BAL
25561,fanduel.com,Week 13,Tahj,Brooks,RB,0.0,2025-11-26 18:38:36,2025-11-26 18:38:36,CIN
25562,fanduel.com,Week 13,LaJohntay,Wester,WR,0.0,2025-11-26 18:38:36,2025-11-26 18:38:36,BAL
25563,fanduel.com,Week 13,David,Moore,WR,0.0,2025-11-26 18:38:36,2025-11-26 18:38:36,CAR
25564,fanduel.com,Week 13,Hunter,Renfrow,WR,0.0,2025-11-26 18:38:36,2025-11-26 18:38:36,CAR
25565,fanduel.com,Week 13,Xavier,Smith,WR,0.0,2025-11-26 18:38:36,2025-11-26 18:38:36,LAR
25566,fanduel.com,Week 13,Jarquez,Hunter,RB,0.0,2025-11-26 18:38:36,2025-11-26 18:38:36,LAR
25567,fanduel.com,Week 13,Dalevon,Campbell,WR,0.0,2025-11-26 18:38:36,2025-11-26 18:38:36,CAR
25568,fanduel.com,Week 13,Stetson,Bennett,QB,0.0,2025-11-26 18:38:36,2025-11-26 18:38:36,LAR
25569,fanduel.com,Week 13,Brennan,Presley,WR,0.0,2025-11-26 18:38:36,2025-11-26 18:38:36,LAR
25570,fanduel.com,Week 13,Alvin,Kamara,RB,0.0,2025-11-26 18:38:36,2025-11-26 18:38:36,NO
25571,fanduel.com,Week 13,Zach,Wilson,QB,0.0,2025-11-26 18:38:36,2025-11-26 18:38:36,MIA
25572,fanduel.com,Week 13,Jack,Stoll,TE,0.0,2025-11-26 18:38:36,2025-11-26 18:38:36,NO
25573,fanduel.com,Week 13,Trey,Palmer,WR,0.0,2025-11-26 18:38:36,2025-11-26 18:38:36,NO
25574,fanduel.com,Week 13,Moliki,Matavao,TE,0.0,2025-11-26 18:38:36,2025-11-26 18:38:36,NO
25575,fanduel.com,Week 13,Hayden,Rucci,TE,0.0,2025-11-26 18:38:36,2025-11-26 18:38:36,MIA
25576,fanduel.com,Week 13,Brandon,Aiyuk,WR,0.0,2025-11-26 18:38:36,2025-11-26 18:38:36,SF
25577,fanduel.com,Week 13,Bailey,Zappe,QB,0.0,2025-11-26 18:38:36,2025-11-26 18:38:36,CLE
25578,fanduel.com,Week 13,Jacob,Cowing,WR,0.0,2025-11-26 18:38:36,2025-11-26 18:38:36,SF
25579,fanduel.com,Week 13,Adrian,Martinez,QB,0.0,2025-11-26 18:38:36,2025-11-26 18:38:36,SF
25580,fanduel.com,Week 13,Jordan,James,RB,0.0,2025-11-26 18:38:36,2025-11-26 18:38:36,SF
25581,fanduel.com,Week 13,Cade,McDonald,WR,0.0,2025-11-26 18:38:36,2025-11-26 18:38:36,CLE
25582,fanduel.com,Week 13,Joe,Mixon,RB,0.0,2025-11-26 18:38:36,2025-11-26 18:38:36,HOU
25583,fanduel.com,Week 13,Justin,Watson,WR,0.0,2025-11-26 18:38:36,2025-11-26 18:38:36,HOU
25584,fanduel.com,Week 13,Irv,Smith Jr.,TE,0.0,2025-11-26 18:38:36,2025-11-26 18:38:36,HOU
25585,fanduel.com,Week 13,Ashton,Dulin,WR,0.0,2025-11-26 18:38:36,2025-11-26 18:38:36,IND
25586,fanduel.com,Week 13,Jakob,Johnson,RB,0.0,2025-11-26 18:38:36,2025-11-26 18:38:36,HOU
25587,fanduel.com,Week 13,Harrison,Bryant,TE,0.0,2025-11-26 18:38:36,2025-11-26 18:38:36,HOU
25588,fanduel.com,Week 13,Anthony,Richardson,QB,0.0,2025-11-26 18:38:36,2025-11-26 18:38:36,IND
25589,fanduel.com,Week 13,Tank,Dell,WR,0.0,2025-11-26 18:38:36,2025-11-26 18:38:36,HOU
25590,fanduel.com,Week 13,Jared,Wayne,WR,0.0,2025-11-26 18:38:36,2025-11-26 18:38:36,HOU
25591,fanduel.com,Week 13,Bryce,Oliver,WR,0.0,2025-11-26 18:38:36,2025-11-26 18:38:36,TEN
25592,fanduel.com,Week 13,Kalel,Mullings,RB,0.0,2025-11-26 18:38:36,2025-11-26 18:38:36,TEN
25593,fanduel.com,Week 13,Josh,Reynolds,WR,0.0,2025-11-26 18:38:36,2025-11-26 18:38:36,NYJ
25594,fanduel.com,Week 13,Feleipe,Franks,TE,0.0,2025-11-26 18:38:36,2025-11-26 18:38:36,ATL
25595,fanduel.com,Week 13,Garrett,Wilson,WR,0.0,2025-11-26 18:38:36,2025-11-26 18:38:36,NYJ
25596,fanduel.com,Week 13,Stone,Smartt,TE,0.0,2025-11-26 18:38:36,2025-11-26 18:38:36,NYJ
25597,fanduel.com,Week 13,Irvin,Charles,WR,0.0,2025-11-26 18:38:36,2025-11-26 18:38:36,NYJ
25598,fanduel.com,Week 13,Braelon,Allen,RB,0.0,2025-11-26 18:38:36,2025-11-26 18:38:36,NYJ
25599,fanduel.com,Week 13,Brady,Cook,QB,0.0,2025-11-26 18:38:36,2025-11-26 18:38:36,NYJ
25600,fanduel.com,Week 13,Mike,Evans,WR,0.0,2025-11-26 18:38:36,2025-11-26 18:38:36,TB
25601,fanduel.com,Week 13,Kyler,Murray,QB,0.0,2025-11-26 18:38:36,2025-11-26 18:38:36,ARI
25602,fanduel.com,Week 13,Simi,Fehoko,WR,0.0,2025-11-26 18:38:36,2025-11-26 18:38:36,ARI
25603,fanduel.com,Week 13,Trishton,Jackson,WR,0.0,2025-11-26 18:38:36,2025-11-26 18:38:36,ARI
25604,fanduel.com,Week 13,Jalen,McMillan,WR,0.0,2025-11-26 18:38:36,2025-11-26 18:38:36,TB
25605,fanduel.com,Week 13,Devin,Culp,TE,0.0,2025-11-26 18:38:36,2025-11-26 18:38:36,TB
25606,fanduel.com,Week 13,Travis,Vokolek,TE,0.0,2025-11-26 18:38:36,2025-11-26 18:38:36,ARI
25607,fanduel.com,Week 13,Josh,Williams,RB,0.0,2025-11-26 18:38:36,2025-11-26 18:38:36,TB
25608,fanduel.com,Week 13,Owen,Wright,RB,0.0,2025-11-26 18:38:36,2025-11-26 18:38:36,TB
25609,fanduel.com,Week 13,C.J.,Ham,RB,0.0,2025-11-26 18:38:36,2025-11-26 18:38:36,MIN
25610,fanduel.com,Week 13,Josh,Oliver,TE,0.0,2025-11-26 18:38:36,2025-11-26 18:38:36,MIN
25611,fanduel.com,Week 13,Cody,White,WR,0.0,2025-11-26 18:38:36,2025-11-26 18:38:36,SEA
25612,fanduel.com,Week 13,Ty,Chandler,RB,0.0,2025-11-26 18:38:36,2025-11-26 18:38:36,MIN
25613,fanduel.com,Week 13,Brady,Russell,RB,0.0,2025-11-26 18:38:36,2025-11-26 18:38:36,SEA
25614,fanduel.com,Week 13,Tai,Felton,WR,0.0,2025-11-26 18:38:36,2025-11-26 18:38:36,MIN
25615,fanduel.com,Week 13,Tory,Horton,WR,0.0,2025-11-26 18:38:36,2025-11-26 18:38:36,SEA
25616,fanduel.com,Week 13,Robbie,Ouzts,RB,0.0,2025-11-26 18:38:36,2025-11-26 18:38:36,SEA
25617,fanduel.com,Week 13,Jalen,Milroe,QB,0.0,2025-11-26 18:38:36,2025-11-26 18:38:36,SEA
25618,fanduel.com,Week 13,Ben,Yurosek,TE,0.0,2025-11-26 18:38:36,2025-11-26 18:38:36,MIN
25619,fanduel.com,Week 13,Myles,Price,WR,0.0,2025-11-26 18:38:36,2025-11-26 18:38:36,MIN
25620,fanduel.com,Week 13,Nick,Kallerup,TE,0.0,2025-11-26 18:38:36,2025-11-26 18:38:36,SEA
25621,fanduel.com,Week 13,Ricky,White III,WR,0.0,2025-11-26 18:38:36,2025-11-26 18:38:36,SEA
25622,fanduel.com,Week 13,Mecole,Hardman,WR,0.0,2025-11-26 18:38:36,2025-11-26 18:38:36,BUF
25623,fanduel.com,Week 13,Scotty,Miller,WR,0.0,2025-11-26 18:38:36,2025-11-26 18:38:36,PIT
25624,fanduel.com,Week 13,Skylar,Thompson,QB,0.0,2025-11-26 18:38:36,2025-11-26 18:38:36,PIT
25625,fanduel.com,Week 13,Ke'Shawn,Williams,WR,0.0,2025-11-26 18:38:36,2025-11-26 18:38:36,PIT
25626,fanduel.com,Week 13,Will,Dissly,TE,0.0,2025-11-26 18:38:36,2025-11-26 18:38:36,LAC
25627,fanduel.com,Week 13,Zamir,White,RB,0.0,2025-11-26 18:38:36,2025-11-26 18:38:36,LV
25628,fanduel.com,Week 13,Hassan,Haskins,RB,0.0,2025-11-26 18:38:36,2025-11-26 18:38:36,LAC
25629,fanduel.com,Week 13,Derius,Davis,WR,0.0,2025-11-26 18:38:36,2025-11-26 18:38:36,LAC
25630,fanduel.com,Week 13,Aidan,O'Connell,QB,0.0,2025-11-26 18:38:36,2025-11-26 18:38:36,LV
25631,fanduel.com,Week 13,Justin,Shorter,TE,0.0,2025-11-26 18:38:36,2025-11-26 18:38:36,LV
25632,fanduel.com,Week 13,KeAndre,Lambert-Smith,WR,0.0,2025-11-26 18:38:36,2025-11-26 18:38:36,LAC
25633,fanduel.com,Week 13,Amar,Johnson,RB,0.0,2025-11-26 18:38:36,2025-11-26 18:38:36,LAC
25634,fanduel.com,Week 13,Trent,Sherfield,WR,0.0,2025-11-26 18:38:36,2025-11-26 18:38:36,DEN
25635,fanduel.com,Week 13,Treylon,Burks,WR,0.0,2025-11-26 18:38:36,2025-11-26 18:38:36,WAS
25636,fanduel.com,Week 13,Tay,Martin,WR,0.0,2025-11-26 18:38:36,2025-11-26 18:38:36,WAS
25637,fanduel.com,Week 13,Nate,Adkins,TE,0.0,2025-11-26 18:38:36,2025-11-26 18:38:36,DEN
25638,fanduel.com,Week 13,Lucas,Krull,TE,0.0,2025-11-26 18:38:36,2025-11-26 18:38:36,DEN
25639,fanduel.com,Week 13,Ben,Sinnott,TE,0.0,2025-11-26 18:38:36,2025-11-26 18:38:36,WAS
25640,fanduel.com,Week 13,Luke,McCaffrey,WR,0.0,2025-11-26 18:38:36,2025-11-26 18:38:36,WAS
25641,fanduel.com,Week 13,Jayden,Daniels,QB,0.0,2025-11-26 18:38:36,2025-11-26 18:38:36,WAS
25642,fanduel.com,Week 13,Ja'Corey,Brooks,WR,0.0,2025-11-26 18:38:36,2025-11-26 18:38:36,WAS
25643,fanduel.com,Week 13,Russell,Wilson,QB,0.0,2025-11-26 18:38:36,2025-11-26 18:38:36,NYG
25644,fanduel.com,Week 13,Eric,Gray,RB,0.0,2025-11-26 18:38:36,2025-11-26 18:38:36,NYG
25645,fanduel.com,Week 13,Tommy,DeVito,QB,0.0,2025-11-26 18:38:36,2025-11-26 18:38:36,NE
25646,fanduel.com,Week 13,Cam,Skattebo,RB,0.0,2025-11-26 18:38:36,2025-11-26 18:38:36,NYG
25647,fanduel.com,Week 13,Beaux,Collins,WR,0.0,2025-11-26 18:38:36,2025-11-26 18:38:36,NYG
25648,fanduel.com,Week 13,Thomas,Fidone II,TE,0.0,2025-11-26 18:38:36,2025-11-26 18:38:36,NYG
25649,fanduel.com,Week 13,Efton,Chism III,WR,0.0,2025-11-26 18:38:36,2025-11-26 18:38:36,NE
26327,fanduel.com,Week 14,Garrett,Wilson,WR,0.0,2025-12-03 01:55:37,2025-12-03 03:57:34,NYJ
26419,fanduel.com,Week 14,Jayden,Daniels,QB,0.0,2025-12-03 01:55:37,2025-12-03 03:57:34,WAS
26439,fanduel.com,Week 14,Braelon,Allen,RB,0.0,2025-12-03 01:55:37,2025-12-03 03:57:34,NYJ
26464,fanduel.com,Week 14,Tory,Horton,WR,0.0,2025-12-03 01:55:37,2025-12-03 03:57:34,SEA
26618,fanduel.com,Week 14,Kalif,Raymond,WR,0.0,2025-12-03 01:55:37,2025-12-03 03:57:34,DET
26619,fanduel.com,Week 14,Brock,Wright,TE,0.0,2025-12-03 01:55:37,2025-12-03 03:57:34,DET
26620,fanduel.com,Week 14,Shane,Zylstra,TE,0.0,2025-12-03 01:55:37,2025-12-03 03:57:34,DET
26621,fanduel.com,Week 14,Jonathan,Mingo,WR,0.0,2025-12-03 01:55:37,2025-12-03 03:57:34,DAL
26622,fanduel.com,Week 14,Sam,LaPorta,TE,0.0,2025-12-03 01:55:37,2025-12-03 03:57:34,DET
26623,fanduel.com,Week 14,Dominic,Lovett,WR,0.0,2025-12-03 01:55:37,2025-12-03 03:57:34,DET
26624,fanduel.com,Week 14,Jalen,Cropper,WR,0.0,2025-12-03 01:55:37,2025-12-03 03:57:34,DAL
26625,fanduel.com,Week 14,Jackson,Meeks,WR,0.0,2025-12-03 01:55:37,2025-12-03 03:57:34,DET
26626,fanduel.com,Week 14,Cooper,Rush,QB,0.0,2025-12-03 01:55:37,2025-12-03 03:57:34,BAL
26627,fanduel.com,Week 14,Mason,Rudolph,QB,0.0,2025-12-03 01:55:37,2025-12-03 03:57:34,PIT
26628,fanduel.com,Week 14,Skylar,Thompson,QB,0.0,2025-12-03 01:55:37,2025-12-03 03:57:34,PIT
26629,fanduel.com,Week 14,LaJohntay,Wester,WR,0.0,2025-12-03 01:55:37,2025-12-03 03:57:34,BAL
26630,fanduel.com,Week 14,Ke'Shawn,Williams,WR,0.0,2025-12-03 01:55:37,2025-12-03 03:57:34,PIT
26631,fanduel.com,Week 14,Jamal,Agnew,WR,0.0,2025-12-03 01:55:37,2025-12-03 03:57:34,ATL
26633,fanduel.com,Week 14,Feleipe,Franks,TE,0.0,2025-12-03 01:55:37,2025-12-03 03:57:34,ATL
26634,fanduel.com,Week 14,Teagan,Quitoriano,TE,0.0,2025-12-03 01:55:37,2025-12-03 03:57:34,ATL
26635,fanduel.com,Week 14,Brady,Russell,RB,0.0,2025-12-03 01:55:37,2025-12-03 03:57:34,SEA
26636,fanduel.com,Week 14,Robbie,Ouzts,RB,0.0,2025-12-03 01:55:37,2025-12-03 03:57:34,SEA
26637,fanduel.com,Week 14,Jalen,Milroe,QB,0.0,2025-12-03 01:55:37,2025-12-03 03:57:34,SEA
26638,fanduel.com,Week 14,Ricky,White III,WR,0.0,2025-12-03 01:55:37,2025-12-03 03:57:34,SEA
26639,fanduel.com,Week 14,Brandon,Allen,QB,0.0,2025-12-03 01:55:37,2025-12-03 03:57:34,TEN
26640,fanduel.com,Week 14,Bailey,Zappe,QB,0.0,2025-12-03 01:55:37,2025-12-03 03:57:34,CLE
26641,fanduel.com,Week 14,Blake,Whiteheart,TE,0.0,2025-12-03 01:55:37,2025-12-03 03:57:34,CLE
26642,fanduel.com,Week 14,Raheim,Sanders,RB,0.0,2025-12-03 01:55:37,2025-12-03 03:57:34,CLE
26643,fanduel.com,Week 14,Kalel,Mullings,RB,0.0,2025-12-03 01:55:37,2025-12-03 03:57:34,TEN
26644,fanduel.com,Week 14,Cade,McDonald,WR,0.0,2025-12-03 01:55:37,2025-12-03 03:57:34,CLE
26645,fanduel.com,Week 14,Justin,Fields,QB,0.0,2025-12-03 01:55:37,2025-12-03 03:57:34,NYJ
26646,fanduel.com,Week 14,Zach,Wilson,QB,0.0,2025-12-03 01:55:37,2025-12-03 03:57:34,MIA
26647,fanduel.com,Week 14,Brady,Cook,QB,0.0,2025-12-03 01:55:37,2025-12-03 03:57:34,NYJ
26648,fanduel.com,Week 14,Tahj,Washington,WR,0.0,2025-12-03 01:55:37,2025-12-03 03:57:34,MIA
26649,fanduel.com,Week 14,Hayden,Rucci,TE,0.0,2025-12-03 01:55:37,2025-12-03 03:57:34,MIA
26650,fanduel.com,Week 14,Mike,Evans,WR,0.0,2025-12-03 01:55:37,2025-12-03 03:57:34,TB
26651,fanduel.com,Week 14,Teddy,Bridgewater,QB,0.0,2025-12-03 01:55:37,2025-12-03 03:57:34,TB
26652,fanduel.com,Week 14,Alvin,Kamara,RB,0.0,2025-12-03 01:55:37,2025-12-03 03:57:34,NO
26653,fanduel.com,Week 14,Jack,Stoll,TE,0.0,2025-12-03 01:55:37,2025-12-03 03:57:34,NO
26654,fanduel.com,Week 14,Trey,Palmer,WR,0.0,2025-12-03 01:55:37,2025-12-03 03:57:34,NO
26655,fanduel.com,Week 14,Zaire,Mitchell-Paden,TE,0.0,2025-12-03 01:55:37,2025-12-03 03:57:34,NO
26656,fanduel.com,Week 14,Moliki,Matavao,TE,0.0,2025-12-03 01:55:37,2025-12-03 03:57:34,NO
26657,fanduel.com,Week 14,Ashton,Dulin,WR,0.0,2025-12-03 01:55:37,2025-12-03 03:57:34,IND
26658,fanduel.com,Week 14,Hunter,Long,TE,0.0,2025-12-03 01:55:37,2025-12-03 03:57:34,JAX
26659,fanduel.com,Week 14,Anthony,Richardson,QB,0.0,2025-12-03 01:55:37,2025-12-03 03:57:34,IND
26660,fanduel.com,Week 14,Will,Mallory,TE,0.0,2025-12-03 01:55:37,2025-12-03 03:57:34,IND
26661,fanduel.com,Week 14,DJ,Giddens,RB,0.0,2025-12-03 01:55:37,2025-12-03 03:57:34,IND
26662,fanduel.com,Week 14,Case,Keenum,QB,0.0,2025-12-03 01:55:37,2025-12-03 03:57:34,CHI
26663,fanduel.com,Week 14,Devin,Duvernay,WR,0.0,2025-12-03 01:55:37,2025-12-03 03:57:34,CHI
26664,fanduel.com,Week 14,Brittain,Brown,RB,0.0,2025-12-03 01:55:37,2025-12-03 03:57:34,CHI
26665,fanduel.com,Week 14,Jayden,Reed,WR,0.0,2025-12-03 01:55:37,2025-12-03 03:57:34,GB
26666,fanduel.com,Week 14,Roschon,Johnson,RB,0.0,2025-12-03 01:55:37,2025-12-03 03:57:34,CHI
26667,fanduel.com,Week 14,Malik,Heath,WR,0.0,2025-12-03 01:55:37,2025-12-03 03:57:34,GB
26668,fanduel.com,Week 14,Ben,Sims,TE,0.0,2025-12-03 01:55:37,2025-12-03 03:57:34,GB
26669,fanduel.com,Week 14,Tyson,Bagent,QB,0.0,2025-12-03 01:55:37,2025-12-03 03:57:34,CHI
26670,fanduel.com,Week 14,MarShawn,Lloyd,RB,0.0,2025-12-03 01:55:37,2025-12-03 03:57:34,GB
26671,fanduel.com,Week 14,Matthew,Golden,WR,0.0,2025-12-03 01:55:37,2025-12-03 03:57:34,GB
26672,fanduel.com,Week 14,Savion,Williams,WR,0.0,2025-12-03 01:55:37,2025-12-03 03:57:34,GB
26673,fanduel.com,Week 14,Jahdae,Walker,WR,0.0,2025-12-03 01:55:37,2025-12-03 03:57:34,CHI
26674,fanduel.com,Week 14,C.J.,Ham,RB,0.0,2025-12-03 01:55:37,2025-12-03 03:57:34,MIN
26675,fanduel.com,Week 14,Josh,Oliver,TE,0.0,2025-12-03 01:55:37,2025-12-03 03:57:34,MIN
26676,fanduel.com,Week 14,Cam,Akers,RB,0.0,2025-12-03 01:55:37,2025-12-03 03:57:34,MIN
26677,fanduel.com,Week 14,Ty,Chandler,RB,0.0,2025-12-03 01:55:37,2025-12-03 03:57:34,MIN
26678,fanduel.com,Week 14,Tai,Felton,WR,0.0,2025-12-03 01:55:37,2025-12-03 03:57:34,MIN
26679,fanduel.com,Week 14,Ben,Yurosek,TE,0.0,2025-12-03 01:55:37,2025-12-03 03:57:34,MIN
26680,fanduel.com,Week 14,Myles,Price,WR,0.0,2025-12-03 01:55:37,2025-12-03 03:57:34,MIN
26681,fanduel.com,Week 14,Ja'Corey,Brooks,WR,0.0,2025-12-03 01:55:37,2025-12-03 03:57:34,WAS
26682,fanduel.com,Week 14,Trent,Sherfield,WR,0.0,2025-12-03 01:55:37,2025-12-03 03:57:34,DEN
26683,fanduel.com,Week 14,Jarrett,Stidham,QB,0.0,2025-12-03 01:55:37,2025-12-03 03:57:34,DEN
26684,fanduel.com,Week 14,Kenny,Pickett,QB,0.0,2025-12-03 01:55:37,2025-12-03 03:57:34,LV
26685,fanduel.com,Week 14,Nate,Adkins,TE,0.0,2025-12-03 01:55:37,2025-12-03 03:57:34,DEN
26686,fanduel.com,Week 14,Aidan,O'Connell,QB,0.0,2025-12-03 01:55:37,2025-12-03 03:57:34,LV
26687,fanduel.com,Week 14,Lucas,Krull,TE,0.0,2025-12-03 01:55:37,2025-12-03 03:57:34,DEN
26688,fanduel.com,Week 14,Justin,Shorter,TE,0.0,2025-12-03 01:55:37,2025-12-03 03:57:34,LV
26689,fanduel.com,Week 14,Jake,Browning,QB,0.0,2025-12-03 01:55:37,2025-12-03 03:57:34,CIN
26690,fanduel.com,Week 14,Jermaine,Burton,WR,0.0,2025-12-03 01:55:37,2025-12-03 03:57:34,CIN
26691,fanduel.com,Week 14,Erick,All Jr.,TE,0.0,2025-12-03 01:55:37,2025-12-03 03:57:34,CIN
26692,fanduel.com,Week 14,Cam,Grandy,TE,0.0,2025-12-03 01:55:37,2025-12-03 03:57:34,CIN
26693,fanduel.com,Week 14,Jimmy,Garoppolo,QB,0.0,2025-12-03 01:55:37,2025-12-03 03:57:34,LAR
26694,fanduel.com,Week 14,Simi,Fehoko,WR,0.0,2025-12-03 01:55:37,2025-12-03 03:57:34,ARI
26695,fanduel.com,Week 14,Andre,Baccellia,WR,0.0,2025-12-03 01:55:37,2025-12-03 03:57:34,ARI
26696,fanduel.com,Week 14,Trey,Benson,RB,0.0,2025-12-03 01:55:37,2025-12-03 03:57:34,ARI
26697,fanduel.com,Week 14,Travis,Vokolek,TE,0.0,2025-12-03 01:55:37,2025-12-03 03:57:34,ARI
26698,fanduel.com,Week 14,Jarquez,Hunter,RB,0.0,2025-12-03 01:55:37,2025-12-03 03:57:34,LAR
26699,fanduel.com,Week 14,Stetson,Bennett,QB,0.0,2025-12-03 01:55:37,2025-12-03 03:57:34,LAR
26700,fanduel.com,Week 14,Brennan,Presley,WR,0.0,2025-12-03 01:55:37,2025-12-03 03:57:34,LAR
26701,fanduel.com,Week 14,Joe,Mixon,RB,0.0,2025-12-03 01:55:37,2025-12-03 03:57:34,HOU
26702,fanduel.com,Week 14,Justin,Watson,WR,0.0,2025-12-03 01:55:37,2025-12-03 03:57:34,HOU
26703,fanduel.com,Week 14,Irv,Smith Jr.,TE,0.0,2025-12-03 01:55:37,2025-12-03 03:57:34,HOU
26704,fanduel.com,Week 14,Braxton,Berrios,WR,0.0,2025-12-03 01:55:37,2025-12-03 03:57:34,HOU
26705,fanduel.com,Week 14,Jakob,Johnson,RB,0.0,2025-12-03 01:55:37,2025-12-03 03:57:34,HOU
26706,fanduel.com,Week 14,Harrison,Bryant,TE,0.0,2025-12-03 01:55:37,2025-12-03 03:57:34,HOU
26707,fanduel.com,Week 14,Elijah,Mitchell,RB,0.0,2025-12-03 01:55:37,2025-12-03 03:57:34,KC
26708,fanduel.com,Week 14,Noah,Gray,TE,0.0,2025-12-03 01:55:37,2025-12-03 03:57:34,KC
26709,fanduel.com,Week 14,Tank,Dell,WR,0.0,2025-12-03 01:55:37,2025-12-03 03:57:34,HOU
26710,fanduel.com,Week 14,Jason,Brownlee,WR,0.0,2025-12-03 01:55:37,2025-12-03 03:57:34,KC
26711,fanduel.com,Week 14,Jared,Wiley,TE,0.0,2025-12-03 01:55:37,2025-12-03 03:57:34,KC
26712,fanduel.com,Week 14,Nikko,Remigio,WR,0.0,2025-12-03 01:55:37,2025-12-03 03:57:34,KC
26713,fanduel.com,Week 14,Jared,Wayne,WR,0.0,2025-12-03 01:55:37,2025-12-03 03:57:34,HOU
26714,fanduel.com,Week 14,Jalen,Royals,WR,0.0,2025-12-03 01:55:37,2025-12-03 03:57:34,KC
26715,fanduel.com,Week 14,Sam,Howell,QB,0.0,2025-12-03 01:55:37,2025-12-03 03:57:34,PHI
26716,fanduel.com,Week 14,Tanner,McKee,QB,0.0,2025-12-03 01:55:37,2025-12-03 03:57:34,PHI
26717,fanduel.com,Week 14,Cameron,Latu,TE,0.0,2025-12-03 01:55:37,2025-12-03 03:57:34,PHI
29194,espn.com,Week 14,Jayden,Daniels,QB,0.0,2025-12-03 04:47:06,2025-12-03 05:22:56,WAS
29195,espn.com,Week 14,Kyler,Murray,QB,0.0,2025-12-03 04:47:06,2025-12-03 05:22:56,ARI
29196,espn.com,Week 14,Justin,Fields,QB,0.0,2025-12-03 04:47:06,2025-12-03 05:22:56,NYJ
29197,espn.com,Week 14,Joe,Flacco,QB,0.0,2025-12-03 04:47:06,2025-12-03 05:22:56,CIN
29198,espn.com,Week 14,Michael,Penix Jr.,QB,0.0,2025-12-03 04:47:06,2025-12-03 05:22:56,ATL
29199,espn.com,Week 14,Davis,Mills,QB,0.0,2025-12-03 04:47:06,2025-12-03 05:22:56,HOU
29200,espn.com,Week 14,Carson,Wentz,QB,0.0,2025-12-03 04:47:06,2025-12-03 05:22:56,MIN
29201,espn.com,Week 14,Mason,Rudolph,QB,0.0,2025-12-03 04:47:06,2025-12-03 05:22:56,PIT
29202,espn.com,Week 14,Dillon,Gabriel,QB,0.0,2025-12-03 04:47:06,2025-12-03 05:22:56,CLE
29203,espn.com,Week 14,Spencer,Rattler,QB,0.0,2025-12-03 04:47:06,2025-12-03 05:22:56,NO
29204,espn.com,Week 14,Max,Brosmer,QB,0.0,2025-12-03 04:47:06,2025-12-03 05:22:56,MIN
29205,espn.com,Week 14,Anthony,Richardson Sr.,QB,0.0,2025-12-03 04:47:06,2025-12-03 05:22:56,IND
29206,espn.com,Week 14,Jake,Browning,QB,0.0,2025-12-03 04:47:06,2025-12-03 05:22:56,CIN
29207,espn.com,Week 14,Jalen,Milroe,QB,0.0,2025-12-03 04:47:06,2025-12-03 05:22:56,SEA
29285,espn.com,Week 14,Tyler,Bass,K,0.0,2025-12-03 04:47:06,2025-12-03 05:22:56,BUF
29286,espn.com,Week 14,Jason,Sanders,K,0.0,2025-12-03 04:47:06,2025-12-03 05:22:56,MIA
29287,espn.com,Week 14,Spencer,Shrader,K,0.0,2025-12-03 04:47:06,2025-12-03 05:22:56,IND
29288,espn.com,Week 14,Lucas,Havrisik,K,0.0,2025-12-03 04:47:06,2025-12-03 05:22:56,GB
29289,espn.com,Week 14,Blake,Grupe,K,0.0,2025-12-03 04:47:06,2025-12-03 05:22:56,NO
