sleeper_player_id,match_method,source_website,week,player_first_name,player_last_name,position,team,projected_points,created_at
4034,automatic,fanduel.com,Week 12,Christian,McCaffrey,RB,SF,30.34,2025-12-11 04:29:37
9226,automatic,espn.com,Week 11,De'Von,Achane,RB,MIA,27.9,2025-12-11 04:29:37
4984,automatic,sleeper.com,Week 14,Josh,Allen,QB,BUF,27.7,2025-12-11 04:29:37
4034,automatic,fanduel.com,Week 13,Christian,McCaffrey,RB,SF,27.24,2025-12-11 04:29:37
4034,automatic,fanduel.com,Week 15,Christian,McCaffrey,RB,SF,27.18,2025-12-11 04:29:37
4034,automatic,fantasypros.com,Week 15,Christian,McCaffrey,RB,SF,26.9,2025-12-11 04:29:37
4984,automatic,sleeper.com,Week 13,Josh,Allen,QB,BUF,26.7,2025-12-11 04:29:37
4034,automatic,espn.com,Week 15,Christian,McCaffrey,RB,SF,26.7,2025-12-11 04:29:37
4034,automatic,espn.com,Week 11,Christian,McCaffrey,RB,SF,26.6,2025-12-11 04:29:37
4034,automatic,sleeper.com,Week 15,Christian,McCaffrey,RB,SF,26.5,2025-12-11 04:29:37
4046,automatic,sleeper.com,Week 13,Patrick,Mahomes,QB,KC,26.3,2025-12-11 04:29:37
4034,automatic,espn.com,Week 12,Christian,McCaffrey,RB,SF,26.1,2025-12-11 04:29:37
4984,automatic,sleeper.com,Week 15,Josh,Allen,QB,BUF,26.1,2025-12-11 04:29:37
4984,automatic,sleeper.com,Week 11,Josh,Allen,QB,BUF,26.0,2025-12-11 04:29:37
4984,automatic,sleeper.com,Week 12,Josh,Allen,QB,BUF,25.9,2025-12-11 04:29:37
6904,automatic,sleeper.com,Week 12,Jalen,Hurts,QB,PHI,25.7,2025-12-11 04:29:37
4984,automatic,sleeper.com,Week 10,Josh,Allen,QB,BUF,25.6,2025-12-11 04:29:37
11564,automatic,sleeper.com,Week 12,Drake,Maye,QB,NE,25.3,2025-12-11 04:29:37
4034,automatic,sleeper.com,Week 12,Christian,McCaffrey,RB,SF,25.2,2025-12-11 04:29:37
4881,automatic,sleeper.com,Week 10,Lamar,Jackson,QB,BAL,25.1,2025-12-11 04:29:37
4881,automatic,sleeper.com,Week 12,Lamar,Jackson,QB,BAL,25.1,2025-12-11 04:29:37
11564,automatic,espn.com,Week 12,Drake,Maye,QB,NE,25.1,2025-12-11 04:29:37
4034,automatic,fantasypros.com,Week 12,Christian,McCaffrey,RB,SF,25.1,2025-12-11 04:29:37
6904,automatic,sleeper.com,Week 13,Jalen,Hurts,QB,PHI,25.1,2025-12-11 04:29:37
4984,automatic,fantasypros.com,Week 11,Josh,Allen,QB,BUF,25.0,2025-12-11 04:29:37
4046,automatic,fantasypros.com,Week 13,Patrick,Mahomes II,QB,KC,25.0,2025-12-11 04:29:37
4046,automatic,sleeper.com,Week 12,Patrick,Mahomes,QB,KC,24.9,2025-12-11 04:29:37
4881,automatic,sleeper.com,Week 11,Lamar,Jackson,QB,BAL,24.6,2025-12-11 04:29:37
4881,automatic,sleeper.com,Week 13,Lamar,Jackson,QB,BAL,24.6,2025-12-11 04:29:37
4984,automatic,fantasypros.com,Week 14,Josh,Allen,QB,BUF,24.6,2025-12-11 04:29:37
4881,automatic,sleeper.com,Week 15,Lamar,Jackson,QB,BAL,24.6,2025-12-11 04:29:37
11564,automatic,fantasypros.com,Week 11,Drake,Maye,QB,NE,24.5,2025-12-11 04:29:37
9226,automatic,espn.com,Week 13,De'Von,Achane,RB,MIA,24.5,2025-12-11 04:29:37
4984,automatic,fantasypros.com,Week 13,Josh,Allen,QB,BUF,24.5,2025-12-11 04:29:37
4034,automatic,espn.com,Week 10,Christian,McCaffrey,RB,SF,24.4,2025-12-11 04:29:37
3294,automatic,sleeper.com,Week 14,Dak,Prescott,QB,DAL,24.4,2025-12-11 04:29:37
4034,automatic,sleeper.com,Week 10,Christian,McCaffrey,RB,SF,24.2,2025-12-11 04:29:37
12508,automatic,sleeper.com,Week 10,Jaxson,Dart,QB,NYG,24.1,2025-12-11 04:29:37
4984,automatic,fantasypros.com,Week 10,Josh,Allen,QB,BUF,24.1,2025-12-11 04:29:37
6904,automatic,sleeper.com,Week 11,Jalen,Hurts,QB,PHI,24.1,2025-12-11 04:29:37
9221,automatic,sleeper.com,Week 14,Jahmyr,Gibbs,RB,DET,24.1,2025-12-11 04:29:37
6904,automatic,fantasypros.com,Week 11,Jalen,Hurts,QB,PHI,24.0,2025-12-11 04:29:37
11564,automatic,sleeper.com,Week 13,Drake,Maye,QB,NE,24.0,2025-12-11 04:29:37
4881,automatic,fantasypros.com,Week 13,Lamar,Jackson,QB,BAL,24.0,2025-12-11 04:29:37
4984,automatic,espn.com,Week 14,Josh,Allen,QB,BUF,24.0,2025-12-11 04:29:37
4034,automatic,sleeper.com,Week 11,Christian,McCaffrey,RB,SF,23.9,2025-12-11 04:29:37
4034,automatic,firstdown.studio,Week 11,C.,McCaffrey,RB,SF,23.9,2025-12-11 04:29:37
6813,automatic,sleeper.com,Week 12,Jonathan,Taylor,RB,IND,23.9,2025-12-11 04:29:37
4881,automatic,fanduel.com,Week 12,Lamar,Jackson,QB,BAL,23.9,2025-12-11 04:29:37
9493,automatic,sleeper.com,Week 10,Puka,Nacua,WR,LAR,23.7,2025-12-11 04:29:37
4034,automatic,espn.com,Week 13,Christian,McCaffrey,RB,SF,23.7,2025-12-11 04:29:37
9221,automatic,espn.com,Week 14,Jahmyr,Gibbs,RB,DET,23.7,2025-12-11 04:29:37
4881,automatic,espn.com,Week 10,Lamar,Jackson,QB,BAL,23.6,2025-12-11 04:29:37
9226,automatic,sleeper.com,Week 11,De'Von,Achane,RB,MIA,23.5,2025-12-11 04:29:37
4881,automatic,fantasypros.com,Week 11,Lamar,Jackson,QB,BAL,23.5,2025-12-11 04:29:37
11564,automatic,fantasypros.com,Week 12,Drake,Maye,QB,NE,23.5,2025-12-11 04:29:37
6904,automatic,fantasypros.com,Week 13,Jalen,Hurts,QB,PHI,23.5,2025-12-11 04:29:37
9226,automatic,espn.com,Week 14,De'Von,Achane,RB,MIA,23.5,2025-12-11 04:29:37
11564,automatic,sleeper.com,Week 15,Drake,Maye,QB,NE,23.5,2025-12-11 04:29:37
9226,automatic,fanduel.com,Week 11,De'Von,Achane,RB,MIA,23.43,2025-12-11 04:29:37
4034,automatic,fanduel.com,Week 11,Christian,McCaffrey,RB,SF,23.42,2025-12-11 04:29:37
12508,automatic,espn.com,Week 10,Jaxson,Dart,QB,NYG,23.4,2025-12-11 04:29:37
6904,automatic,espn.com,Week 13,Jalen,Hurts,QB,PHI,23.3,2025-12-11 04:29:37
4881,automatic,fanduel.com,Week 10,Lamar,Jackson,QB,BAL,23.28,2025-12-11 04:29:37
4984,automatic,fanduel.com,Week 10,Josh,Allen,QB,BUF,23.16,2025-12-11 04:29:37
9488,automatic,fanduel.com,Week 13,Jaxon,Smith-Njigba,WR,SEA,23.14,2025-12-11 04:29:37
9488,automatic,sleeper.com,Week 10,Jaxon,Smith-Njigba,WR,SEA,23.1,2025-12-11 04:29:37
9493,automatic,espn.com,Week 10,Puka,Nacua,WR,LAR,23.1,2025-12-11 04:29:37
11564,automatic,sleeper.com,Week 11,Drake,Maye,QB,NE,23.1,2025-12-11 04:29:37
3294,automatic,sleeper.com,Week 13,Dak,Prescott,QB,DAL,23.1,2025-12-11 04:29:37
4034,automatic,sleeper.com,Week 13,Christian,McCaffrey,RB,SF,23.1,2025-12-11 04:29:37
9226,automatic,espn.com,Week 15,De'Von,Achane,RB,MIA,23.1,2025-12-11 04:29:37
4034,automatic,fantasypros.com,Week 10,Christian,McCaffrey,RB,SF,23.0,2025-12-11 04:29:37
4984,automatic,firstdown.studio,Week 10,Josh,Allen,QB,BUF,23.0,2025-12-11 04:29:37
6797,automatic,fantasypros.com,Week 11,Justin,Herbert,QB,LAC,23.0,2025-12-11 04:29:37
8183,automatic,sleeper.com,Week 12,Brock,Purdy,QB,SF,23.0,2025-12-11 04:29:37
11564,automatic,fantasypros.com,Week 13,Drake,Maye,QB,NE,23.0,2025-12-11 04:29:37
6904,automatic,sleeper.com,Week 14,Jalen,Hurts,QB,PHI,23.0,2025-12-11 04:29:37
6797,automatic,sleeper.com,Week 11,Justin,Herbert,QB,LAC,22.9,2025-12-11 04:29:37
9488,automatic,espn.com,Week 11,Jaxon,Smith-Njigba,WR,SEA,22.9,2025-12-11 04:29:37
4046,automatic,sleeper.com,Week 14,Patrick,Mahomes,QB,KC,22.9,2025-12-11 04:29:37
4881,automatic,sleeper.com,Week 14,Lamar,Jackson,QB,BAL,22.9,2025-12-11 04:29:37
4046,automatic,sleeper.com,Week 15,Patrick,Mahomes,QB,KC,22.9,2025-12-11 04:29:37
12508,automatic,sleeper.com,Week 15,Jaxson,Dart,QB,NYG,22.9,2025-12-11 04:29:37
8183,automatic,sleeper.com,Week 15,Brock,Purdy,QB,SF,22.9,2025-12-11 04:29:37
9509,automatic,fanduel.com,Week 13,Bijan,Robinson,RB,ATL,22.74,2025-12-11 04:29:37
6813,automatic,sleeper.com,Week 10,Jonathan,Taylor,RB,IND,22.7,2025-12-11 04:29:37
9488,automatic,sleeper.com,Week 15,Jaxon,Smith-Njigba,WR,SEA,22.7,2025-12-11 04:29:37
6904,automatic,sleeper.com,Week 10,Jalen,Hurts,QB,PHI,22.6,2025-12-11 04:29:37
9221,automatic,sleeper.com,Week 13,Jahmyr,Gibbs,RB,DET,22.6,2025-12-11 04:29:37
9226,automatic,sleeper.com,Week 14,De'Von,Achane,RB,MIA,22.6,2025-12-11 04:29:37
9226,automatic,fanduel.com,Week 13,De'Von,Achane,RB,MIA,22.53,2025-12-11 04:29:37
4984,automatic,espn.com,Week 10,Josh,Allen,QB,BUF,22.5,2025-12-11 04:29:37
4034,automatic,firstdown.studio,Week 10,C.,McCaffrey,RB,SF,22.5,2025-12-11 04:29:37
5850,automatic,espn.com,Week 11,Josh,Jacobs,RB,GB,22.5,2025-12-11 04:29:37
3294,automatic,fantasypros.com,Week 11,Dak,Prescott,QB,DAL,22.5,2025-12-11 04:29:37
421,automatic,fantasypros.com,Week 13,Matthew,Stafford,QB,LAR,22.5,2025-12-11 04:29:37
9226,automatic,fantasypros.com,Week 14,De'Von,Achane,RB,MIA,22.5,2025-12-11 04:29:37
9488,automatic,fanduel.com,Week 12,Jaxon,Smith-Njigba,WR,SEA,22.48,2025-12-11 04:29:37
4046,automatic,sleeper.com,Week 11,Patrick,Mahomes,QB,KC,22.4,2025-12-11 04:29:37
11564,automatic,espn.com,Week 11,Drake,Maye,QB,NE,22.4,2025-12-11 04:29:37
9226,automatic,firstdown.studio,Week 11,De'Von,Achane,RB,MIA,22.4,2025-12-11 04:29:37
9221,automatic,sleeper.com,Week 12,Jahmyr,Gibbs,RB,DET,22.4,2025-12-11 04:29:37
6904,automatic,espn.com,Week 12,Jalen,Hurts,QB,PHI,22.4,2025-12-11 04:29:37
9226,automatic,sleeper.com,Week 13,De'Von,Achane,RB,MIA,22.4,2025-12-11 04:29:37
11563,automatic,sleeper.com,Week 13,Bo,Nix,QB,DEN,22.4,2025-12-11 04:29:37
11564,automatic,espn.com,Week 13,Drake,Maye,QB,NE,22.4,2025-12-11 04:29:37
9488,automatic,sleeper.com,Week 14,Jaxon,Smith-Njigba,WR,SEA,22.4,2025-12-11 04:29:37
11564,automatic,fanduel.com,Week 12,Drake,Maye,QB,NE,22.38,2025-12-11 04:29:37
7547,automatic,espn.com,Week 10,Amon-Ra,St. Brown,WR,DET,22.3,2025-12-11 04:29:37
4881,automatic,fantasypros.com,Week 10,Lamar,Jackson,QB,BAL,22.3,2025-12-11 04:29:37
7564,automatic,espn.com,Week 11,Ja'Marr,Chase,WR,CIN,22.3,2025-12-11 04:29:37
6797,automatic,sleeper.com,Week 13,Justin,Herbert,QB,LAC,22.3,2025-12-11 04:29:37
6904,automatic,sleeper.com,Week 15,Jalen,Hurts,QB,PHI,22.3,2025-12-11 04:29:37
9493,automatic,espn.com,Week 15,Puka,Nacua,WR,LAR,22.3,2025-12-11 04:29:37
,,espn.com,Week 15,Puka,Nacua,RB,LAR,22.3,2025-12-11 04:29:37
4881,automatic,fanduel.com,Week 13,Lamar,Jackson,QB,BAL,22.28,2025-12-11 04:29:37
4034,automatic,fanduel.com,Week 10,Christian,McCaffrey,RB,SF,22.27,2025-12-11 04:29:37
4984,automatic,fanduel.com,Week 11,Josh,Allen,QB,BUF,22.25,2025-12-11 04:29:37
11564,automatic,sleeper.com,Week 10,Drake,Maye,QB,NE,22.2,2025-12-11 04:29:37
9493,automatic,sleeper.com,Week 11,Puka,Nacua,WR,LAR,22.2,2025-12-11 04:29:37
6813,automatic,sleeper.com,Week 14,Jonathan,Taylor,RB,IND,22.2,2025-12-11 04:29:37
3294,automatic,sleeper.com,Week 11,Dak,Prescott,QB,DAL,22.1,2025-12-11 04:29:37
4881,automatic,fantasypros.com,Week 12,Lamar,Jackson,QB,BAL,22.1,2025-12-11 04:29:37
6813,automatic,sleeper.com,Week 13,Jonathan,Taylor,RB,IND,22.1,2025-12-11 04:29:37
3294,automatic,sleeper.com,Week 15,Dak,Prescott,QB,DAL,22.1,2025-12-11 04:29:37
9509,automatic,fanduel.com,Week 10,Bijan,Robinson,RB,ATL,22.06,2025-12-11 04:29:37
9493,automatic,fanduel.com,Week 15,Puka,Nacua,WR,LAR,22.06,2025-12-11 04:29:37
9488,automatic,sleeper.com,Week 11,Jaxon,Smith-Njigba,WR,SEA,22.0,2025-12-11 04:29:37
4046,automatic,fantasypros.com,Week 11,Patrick,Mahomes II,QB,KC,22.0,2025-12-11 04:29:37
6797,automatic,fantasypros.com,Week 13,Justin,Herbert,QB,LAC,22.0,2025-12-11 04:29:37
12508,automatic,espn.com,Week 15,Jaxson,Dart,QB,NYG,22.0,2025-12-11 04:29:37
,,espn.com,Week 15,Jaxson,Dart,RB,NYG,22.0,2025-12-11 04:29:37
9509,automatic,fanduel.com,Week 12,Bijan,Robinson,RB,ATL,21.97,2025-12-11 04:29:37
11564,automatic,fanduel.com,Week 11,Drake,Maye,QB,NE,21.95,2025-12-11 04:29:37
4892,automatic,sleeper.com,Week 10,Baker,Mayfield,QB,TB,21.9,2025-12-11 04:29:37
9488,automatic,espn.com,Week 10,Jaxon,Smith-Njigba,WR,SEA,21.9,2025-12-11 04:29:37
7564,automatic,firstdown.studio,Week 11,Ja'Marr,Chase,WR,CIN,21.9,2025-12-11 04:29:37
9488,automatic,sleeper.com,Week 13,Jaxon,Smith-Njigba,WR,SEA,21.9,2025-12-11 04:29:37
9488,automatic,espn.com,Week 13,Jaxon,Smith-Njigba,WR,SEA,21.9,2025-12-11 04:29:37
9509,automatic,sleeper.com,Week 11,Bijan,Robinson,RB,ATL,21.8,2025-12-11 04:29:37
9221,automatic,fantasypros.com,Week 12,Jahmyr,Gibbs,RB,DET,21.8,2025-12-11 04:29:37
3163,automatic,sleeper.com,Week 14,Jared,Goff,QB,DET,21.8,2025-12-11 04:29:37
4892,automatic,sleeper.com,Week 15,Baker,Mayfield,QB,TB,21.8,2025-12-11 04:29:37
11564,automatic,fanduel.com,Week 13,Drake,Maye,QB,NE,21.71,2025-12-11 04:29:37
9493,automatic,firstdown.studio,Week 10,Puka,Nacua,WR,LAR,21.7,2025-12-11 04:29:37
4984,automatic,firstdown.studio,Week 11,Josh,Allen,QB,BUF,21.7,2025-12-11 04:29:37
3294,automatic,sleeper.com,Week 12,Dak,Prescott,QB,DAL,21.7,2025-12-11 04:29:37
9509,automatic,espn.com,Week 12,Bijan,Robinson,RB,ATL,21.7,2025-12-11 04:29:37
4892,automatic,sleeper.com,Week 14,Baker,Mayfield,QB,TB,21.7,2025-12-11 04:29:37
9221,automatic,espn.com,Week 15,Jahmyr,Gibbs,RB,DET,21.7,2025-12-11 04:29:37
7547,automatic,fanduel.com,Week 13,Amon-Ra,St. Brown,WR,DET,21.65,2025-12-11 04:29:37
4881,automatic,fanduel.com,Week 15,Lamar,Jackson,QB,BAL,21.65,2025-12-11 04:29:37
6904,automatic,espn.com,Week 11,Jalen,Hurts,QB,PHI,21.6,2025-12-11 04:29:37
12508,automatic,sleeper.com,Week 12,Jaxson,Dart,QB,NYG,21.6,2025-12-11 04:29:37
4984,automatic,fantasypros.com,Week 12,Josh,Allen,QB,BUF,21.6,2025-12-11 04:29:37
4046,automatic,espn.com,Week 13,Patrick,Mahomes,QB,KC,21.6,2025-12-11 04:29:37
6813,automatic,fanduel.com,Week 10,Jonathan,Taylor,RB,IND,21.59,2025-12-11 04:29:37
4046,automatic,fanduel.com,Week 13,Patrick,Mahomes,QB,KC,21.59,2025-12-11 04:29:37
4984,automatic,fanduel.com,Week 12,Josh,Allen,QB,BUF,21.56,2025-12-11 04:29:37
4984,automatic,fanduel.com,Week 14,Josh,Allen,QB,BUF,21.51,2025-12-11 04:29:37
7547,automatic,sleeper.com,Week 10,Amon-Ra,St. Brown,WR,DET,21.5,2025-12-11 04:29:37
11564,automatic,fantasypros.com,Week 10,Drake,Maye,QB,NE,21.5,2025-12-11 04:29:37
1373,automatic,sleeper.com,Week 11,Geno,Smith,QB,LV,21.5,2025-12-11 04:29:37
4892,automatic,sleeper.com,Week 11,Baker,Mayfield,QB,TB,21.5,2025-12-11 04:29:37
421,automatic,fantasypros.com,Week 11,Matthew,Stafford,QB,LAR,21.5,2025-12-11 04:29:37
7564,automatic,espn.com,Week 13,Ja'Marr,Chase,WR,CIN,21.5,2025-12-11 04:29:37
6770,automatic,fantasypros.com,Week 13,Joe,Burrow,QB,CIN,21.5,2025-12-11 04:29:37
9221,automatic,fanduel.com,Week 14,Jahmyr,Gibbs,RB,DET,21.5,2025-12-11 04:29:37
9509,automatic,espn.com,Week 15,Bijan,Robinson,RB,ATL,21.5,2025-12-11 04:29:37
4984,automatic,fantasypros.com,Week 15,Josh,Allen,QB,BUF,21.5,2025-12-11 04:29:37
4984,automatic,firstdown.studio,Week 15,Josh,Allen,QB,BUF,21.5,2025-12-11 04:29:37
9226,automatic,fanduel.com,Week 14,De'Von,Achane,RB,MIA,21.46,2025-12-11 04:29:37
5870,automatic,sleeper.com,Week 10,Daniel,Jones,QB,IND,21.4,2025-12-11 04:29:37
9221,automatic,sleeper.com,Week 10,Jahmyr,Gibbs,RB,DET,21.4,2025-12-11 04:29:37
6904,automatic,espn.com,Week 10,Jalen,Hurts,QB,PHI,21.4,2025-12-11 04:29:37
9226,automatic,espn.com,Week 10,De'Von,Achane,RB,MIA,21.4,2025-12-11 04:29:37
4046,automatic,espn.com,Week 12,Patrick,Mahomes,QB,KC,21.4,2025-12-11 04:29:37
4892,automatic,sleeper.com,Week 13,Baker,Mayfield,QB,TB,21.4,2025-12-11 04:29:37
421,automatic,sleeper.com,Week 15,Matthew,Stafford,QB,LAR,21.4,2025-12-11 04:29:37
9509,automatic,sleeper.com,Week 15,Bijan,Robinson,RB,ATL,21.4,2025-12-11 04:29:37
11564,automatic,espn.com,Week 15,Drake,Maye,QB,NE,21.4,2025-12-11 04:29:37
,,espn.com,Week 15,Drake,Maye,RB,NE,21.4,2025-12-11 04:29:37
9226,automatic,fanduel.com,Week 10,De'Von,Achane,RB,MIA,21.34,2025-12-11 04:29:37
3163,automatic,sleeper.com,Week 10,Jared,Goff,QB,DET,21.3,2025-12-11 04:29:37
6813,automatic,espn.com,Week 10,Jonathan,Taylor,RB,IND,21.3,2025-12-11 04:29:37
11564,automatic,firstdown.studio,Week 11,Drake,Maye,QB,NE,21.3,2025-12-11 04:29:37
9488,automatic,espn.com,Week 12,Jaxon,Smith-Njigba,WR,SEA,21.3,2025-12-11 04:29:37
4881,automatic,espn.com,Week 13,Lamar,Jackson,QB,BAL,21.3,2025-12-11 04:29:37
3294,automatic,fantasypros.com,Week 14,Dak,Prescott,QB,DAL,21.3,2025-12-11 04:29:37
5850,automatic,espn.com,Week 14,Josh,Jacobs,RB,GB,21.3,2025-12-11 04:29:37
8138,automatic,espn.com,Week 14,James,Cook,RB,BUF,21.3,2025-12-11 04:29:37
421,automatic,fantasypros.com,Week 15,Matthew,Stafford,QB,LAR,21.3,2025-12-11 04:29:37
9493,automatic,fanduel.com,Week 10,Puka,Nacua,WR,LAR,21.28,2025-12-11 04:29:37
4881,automatic,fanduel.com,Week 11,Lamar,Jackson,QB,BAL,21.24,2025-12-11 04:29:37
7564,automatic,fanduel.com,Week 15,Ja'Marr,Chase,WR,CIN,21.21,2025-12-11 04:29:37
4881,automatic,firstdown.studio,Week 10,Lamar,Jackson,QB,BAL,21.2,2025-12-11 04:29:37
8183,automatic,sleeper.com,Week 11,Brock,Purdy,QB,SF,21.2,2025-12-11 04:29:37
4881,automatic,espn.com,Week 12,Lamar,Jackson,QB,BAL,21.2,2025-12-11 04:29:37
4984,automatic,fanduel.com,Week 13,Josh,Allen,QB,BUF,21.2,2025-12-11 04:29:37
9221,automatic,sleeper.com,Week 15,Jahmyr,Gibbs,RB,DET,21.2,2025-12-11 04:29:37
9488,automatic,fanduel.com,Week 15,Jaxon,Smith-Njigba,WR,SEA,21.15,2025-12-11 04:29:37
11563,automatic,sleeper.com,Week 10,Bo,Nix,QB,DEN,21.1,2025-12-11 04:29:37
9488,automatic,fantasypros.com,Week 10,Jaxon,Smith-Njigba,WR,SEA,21.1,2025-12-11 04:29:37
9221,automatic,fantasypros.com,Week 14,Jahmyr,Gibbs,RB,DET,21.1,2025-12-11 04:29:37
11564,automatic,fantasypros.com,Week 15,Drake,Maye,QB,NE,21.1,2025-12-11 04:29:37
9226,automatic,fanduel.com,Week 15,De'Von,Achane,RB,MIA,21.09,2025-12-11 04:29:37
3294,automatic,fanduel.com,Week 14,Dak,Prescott,QB,DAL,21.04,2025-12-11 04:29:37
8138,automatic,espn.com,Week 10,James,Cook,RB,BUF,21.0,2025-12-11 04:29:37
4892,automatic,fantasypros.com,Week 11,Baker,Mayfield,QB,TB,21.0,2025-12-11 04:29:37
9221,automatic,espn.com,Week 12,Jahmyr,Gibbs,RB,DET,21.0,2025-12-11 04:29:37
6813,automatic,fantasypros.com,Week 12,Jonathan,Taylor,RB,IND,21.0,2025-12-11 04:29:37
9493,automatic,fantasypros.com,Week 12,Puka,Nacua,WR,LAR,21.0,2025-12-11 04:29:37
12508,automatic,sleeper.com,Week 13,Jaxson,Dart,QB,NYG,21.0,2025-12-11 04:29:37
3294,automatic,fantasypros.com,Week 13,Dak,Prescott,QB,DAL,21.0,2025-12-11 04:29:37
6797,automatic,sleeper.com,Week 14,Justin,Herbert,QB,LAC,21.0,2025-12-11 04:29:37
9488,automatic,fantasypros.com,Week 15,Jaxon,Smith-Njigba,WR,SEA,21.0,2025-12-11 04:29:37
9493,automatic,fantasypros.com,Week 15,Puka,Nacua,WR,LAR,21.0,2025-12-11 04:29:37
4034,automatic,firstdown.studio,Week 15,C.,McCaffrey,RB,SF,21.0,2025-12-11 04:29:37
6797,automatic,sleeper.com,Week 10,Justin,Herbert,QB,LAC,20.9,2025-12-11 04:29:37
9221,automatic,sleeper.com,Week 11,Jahmyr,Gibbs,RB,DET,20.9,2025-12-11 04:29:37
9493,automatic,firstdown.studio,Week 11,Puka,Nacua,WR,LAR,20.9,2025-12-11 04:29:37
9493,automatic,fanduel.com,Week 11,Puka,Nacua,WR,LAR,20.9,2025-12-11 04:29:37
9509,automatic,sleeper.com,Week 12,Bijan,Robinson,RB,ATL,20.9,2025-12-11 04:29:37
8183,automatic,sleeper.com,Week 13,Brock,Purdy,QB,SF,20.9,2025-12-11 04:29:37
9488,automatic,espn.com,Week 14,Jaxon,Smith-Njigba,WR,SEA,20.9,2025-12-11 04:29:37
9493,automatic,espn.com,Week 14,Puka,Nacua,WR,LAR,20.9,2025-12-11 04:29:37
6813,automatic,espn.com,Week 14,Jonathan,Taylor,RB,IND,20.9,2025-12-11 04:29:37
9493,automatic,sleeper.com,Week 15,Puka,Nacua,WR,LAR,20.9,2025-12-11 04:29:37
7547,automatic,espn.com,Week 15,Amon-Ra,St. Brown,WR,DET,20.9,2025-12-11 04:29:37
6770,automatic,fantasypros.com,Week 15,Joe,Burrow,QB,CIN,20.9,2025-12-11 04:29:37
9221,automatic,fantasypros.com,Week 15,Jahmyr,Gibbs,RB,DET,20.9,2025-12-11 04:29:37
,,espn.com,Week 15,Amon-Ra,St. Brown,RB,DET,20.9,2025-12-11 04:29:37
3294,automatic,fanduel.com,Week 15,Dak,Prescott,QB,DAL,20.88,2025-12-11 04:29:37
11564,automatic,espn.com,Week 10,Drake,Maye,QB,NE,20.8,2025-12-11 04:29:37
96,automatic,sleeper.com,Week 11,Aaron,Rodgers,QB,PIT,20.8,2025-12-11 04:29:37
2307,automatic,sleeper.com,Week 11,Marcus,Mariota,QB,WAS,20.8,2025-12-11 04:29:37
9493,automatic,espn.com,Week 12,Puka,Nacua,WR,LAR,20.8,2025-12-11 04:29:37
6904,automatic,fantasypros.com,Week 12,Jalen,Hurts,QB,PHI,20.8,2025-12-11 04:29:37
9509,automatic,fantasypros.com,Week 12,Bijan,Robinson,RB,ATL,20.8,2025-12-11 04:29:37
7523,automatic,sleeper.com,Week 13,Trevor,Lawrence,QB,JAX,20.8,2025-12-11 04:29:37
9509,automatic,sleeper.com,Week 13,Bijan,Robinson,RB,ATL,20.8,2025-12-11 04:29:37
4984,automatic,espn.com,Week 13,Josh,Allen,QB,BUF,20.8,2025-12-11 04:29:37
6813,automatic,fantasypros.com,Week 14,Jonathan,Taylor,RB,IND,20.8,2025-12-11 04:29:37
9488,automatic,espn.com,Week 15,Jaxon,Smith-Njigba,WR,SEA,20.8,2025-12-11 04:29:37
,,espn.com,Week 15,Jaxon,Smith-Njigba,RB,SEA,20.8,2025-12-11 04:29:37
6797,automatic,fantasypros.com,Week 10,Justin,Herbert,QB,LAC,20.7,2025-12-11 04:29:37
9493,automatic,fantasypros.com,Week 10,Puka,Nacua,WR,LAR,20.7,2025-12-11 04:29:37
6786,automatic,sleeper.com,Week 11,CeeDee,Lamb,WR,DAL,20.7,2025-12-11 04:29:37
4984,automatic,espn.com,Week 11,Josh,Allen,QB,BUF,20.7,2025-12-11 04:29:37
421,automatic,sleeper.com,Week 12,Matthew,Stafford,QB,LAR,20.7,2025-12-11 04:29:37
96,automatic,sleeper.com,Week 12,Aaron,Rodgers,QB,PIT,20.7,2025-12-11 04:29:37
421,automatic,sleeper.com,Week 13,Matthew,Stafford,QB,LAR,20.7,2025-12-11 04:29:37
9509,automatic,espn.com,Week 13,Bijan,Robinson,RB,ATL,20.7,2025-12-11 04:29:37
421,automatic,fanduel.com,Week 15,Matthew,Stafford,QB,LAR,20.7,2025-12-11 04:29:37
6904,automatic,fanduel.com,Week 11,Jalen,Hurts,QB,PHI,20.64,2025-12-11 04:29:37
9509,automatic,fanduel.com,Week 11,Bijan,Robinson,RB,ATL,20.61,2025-12-11 04:29:37
9509,automatic,espn.com,Week 10,Bijan,Robinson,RB,ATL,20.6,2025-12-11 04:29:37
9509,automatic,fantasypros.com,Week 10,Bijan,Robinson,RB,ATL,20.6,2025-12-11 04:29:37
7547,automatic,fantasypros.com,Week 10,Amon-Ra,St. Brown,WR,DET,20.6,2025-12-11 04:29:37
9488,automatic,firstdown.studio,Week 10,J.,Smith-Njigba,WR,SEA,20.6,2025-12-11 04:29:37
9509,automatic,espn.com,Week 11,Bijan,Robinson,RB,ATL,20.6,2025-12-11 04:29:37
7547,automatic,espn.com,Week 13,Amon-Ra,St. Brown,WR,DET,20.6,2025-12-11 04:29:37
11563,automatic,sleeper.com,Week 14,Bo,Nix,QB,DEN,20.6,2025-12-11 04:29:37
9488,automatic,fantasypros.com,Week 14,Jaxon,Smith-Njigba,WR,SEA,20.6,2025-12-11 04:29:37
6797,automatic,sleeper.com,Week 15,Justin,Herbert,QB,LAC,20.6,2025-12-11 04:29:37
6904,automatic,fantasypros.com,Week 15,Jalen,Hurts,QB,PHI,20.6,2025-12-11 04:29:37
9509,automatic,fantasypros.com,Week 15,Bijan,Robinson,RB,ATL,20.6,2025-12-11 04:29:37
3294,automatic,fanduel.com,Week 13,Dak,Prescott,QB,DAL,20.53,2025-12-11 04:29:37
6904,automatic,fantasypros.com,Week 10,Jalen,Hurts,QB,PHI,20.5,2025-12-11 04:29:37
6813,automatic,firstdown.studio,Week 10,Jonathan,Taylor,RB,IND,20.5,2025-12-11 04:29:37
11565,automatic,sleeper.com,Week 11,J.J.,McCarthy,QB,MIN,20.5,2025-12-11 04:29:37
11563,automatic,sleeper.com,Week 11,Bo,Nix,QB,DEN,20.5,2025-12-11 04:29:37
9493,automatic,espn.com,Week 11,Puka,Nacua,WR,LAR,20.5,2025-12-11 04:29:37
19,automatic,fantasypros.com,Week 11,Joe,Flacco,QB,CIN,20.5,2025-12-11 04:29:37
9488,automatic,sleeper.com,Week 12,Jaxon,Smith-Njigba,WR,SEA,20.5,2025-12-11 04:29:37
6813,automatic,espn.com,Week 12,Jonathan,Taylor,RB,IND,20.5,2025-12-11 04:29:37
3257,automatic,fantasypros.com,Week 13,Jacoby,Brissett,QB,ARI,20.5,2025-12-11 04:29:37
11566,automatic,sleeper.com,Week 15,Jayden,Daniels,QB,WAS,20.5,2025-12-11 04:29:37
7564,automatic,fanduel.com,Week 13,Ja'Marr,Chase,WR,CIN,20.44,2025-12-11 04:29:37
6813,automatic,fanduel.com,Week 13,Jonathan,Taylor,RB,IND,20.42,2025-12-11 04:29:37
9509,automatic,firstdown.studio,Week 10,Bijan,Robinson,RB,ATL,20.4,2025-12-11 04:29:37
4881,automatic,espn.com,Week 11,Lamar,Jackson,QB,BAL,20.4,2025-12-11 04:29:37
6904,automatic,firstdown.studio,Week 11,Jalen,Hurts,QB,PHI,20.4,2025-12-11 04:29:37
4892,automatic,sleeper.com,Week 12,Baker,Mayfield,QB,TB,20.4,2025-12-11 04:29:37
4046,automatic,fantasypros.com,Week 12,Patrick,Mahomes II,QB,KC,20.4,2025-12-11 04:29:37
5870,automatic,sleeper.com,Week 13,Daniel,Jones,QB,IND,20.4,2025-12-11 04:29:37
9221,automatic,espn.com,Week 13,Jahmyr,Gibbs,RB,DET,20.4,2025-12-11 04:29:37
421,automatic,sleeper.com,Week 14,Matthew,Stafford,QB,LAR,20.4,2025-12-11 04:29:37
7523,automatic,sleeper.com,Week 14,Trevor,Lawrence,QB,JAX,20.4,2025-12-11 04:29:37
7564,automatic,espn.com,Week 15,Ja'Marr,Chase,WR,CIN,20.4,2025-12-11 04:29:37
421,automatic,firstdown.studio,Week 15,Matthew,Stafford,QB,LAR,20.4,2025-12-11 04:29:37
4881,automatic,firstdown.studio,Week 15,Lamar,Jackson,QB,BAL,20.4,2025-12-11 04:29:37
,,espn.com,Week 15,Ja'Marr,Chase,RB,CIN,20.4,2025-12-11 04:29:37
8183,automatic,fanduel.com,Week 12,Brock,Purdy,QB,SF,20.34,2025-12-11 04:29:37
9488,automatic,firstdown.studio,Week 11,J.,Smith-Njigba,WR,SEA,20.3,2025-12-11 04:29:37
3163,automatic,sleeper.com,Week 12,Jared,Goff,QB,DET,20.3,2025-12-11 04:29:37
8183,automatic,espn.com,Week 12,Brock,Purdy,QB,SF,20.3,2025-12-11 04:29:37
3257,automatic,sleeper.com,Week 13,Jacoby,Brissett,QB,ARI,20.3,2025-12-11 04:29:37
11563,automatic,espn.com,Week 13,Bo,Nix,QB,DEN,20.3,2025-12-11 04:29:37
6813,automatic,espn.com,Week 13,Jonathan,Taylor,RB,IND,20.3,2025-12-11 04:29:37
9493,automatic,espn.com,Week 13,Puka,Nacua,WR,LAR,20.3,2025-12-11 04:29:37
6904,automatic,fantasypros.com,Week 14,Jalen,Hurts,QB,PHI,20.3,2025-12-11 04:29:37
3294,automatic,espn.com,Week 14,Dak,Prescott,QB,DAL,20.3,2025-12-11 04:29:37
12545,automatic,sleeper.com,Week 15,Tyler,Shough,QB,NO,20.3,2025-12-11 04:29:37
6904,automatic,fanduel.com,Week 15,Jalen,Hurts,QB,PHI,20.28,2025-12-11 04:29:37
4046,automatic,fanduel.com,Week 12,Patrick,Mahomes,QB,KC,20.26,2025-12-11 04:29:37
11564,automatic,fanduel.com,Week 15,Drake,Maye,QB,NE,20.21,2025-12-11 04:29:37
12508,automatic,fantasypros.com,Week 10,Jaxson,Dart,QB,NYG,20.2,2025-12-11 04:29:37
7547,automatic,espn.com,Week 11,Amon-Ra,St. Brown,WR,DET,20.2,2025-12-11 04:29:37
7547,automatic,espn.com,Week 12,Amon-Ra,St. Brown,WR,DET,20.2,2025-12-11 04:29:37
7564,automatic,sleeper.com,Week 13,Ja'Marr,Chase,WR,CIN,20.2,2025-12-11 04:29:37
9493,automatic,sleeper.com,Week 13,Puka,Nacua,WR,LAR,20.2,2025-12-11 04:29:37
3198,automatic,espn.com,Week 13,Derrick,Henry,RB,BAL,20.2,2025-12-11 04:29:37
5870,automatic,sleeper.com,Week 14,Daniel,Jones,QB,IND,20.2,2025-12-11 04:29:37
6904,automatic,espn.com,Week 15,Jalen,Hurts,QB,PHI,20.2,2025-12-11 04:29:37
4881,automatic,fantasypros.com,Week 15,Lamar,Jackson,QB,BAL,20.2,2025-12-11 04:29:37
,,espn.com,Week 15,Jalen,Hurts,RB,PHI,20.2,2025-12-11 04:29:37
6797,automatic,fanduel.com,Week 11,Justin,Herbert,QB,LAC,20.11,2025-12-11 04:29:37
8183,automatic,sleeper.com,Week 10,Brock,Purdy,QB,SF,20.1,2025-12-11 04:29:37
6797,automatic,espn.com,Week 10,Justin,Herbert,QB,LAC,20.1,2025-12-11 04:29:37
5850,automatic,sleeper.com,Week 11,Josh,Jacobs,RB,GB,20.1,2025-12-11 04:29:37
5870,automatic,sleeper.com,Week 12,Daniel,Jones,QB,IND,20.1,2025-12-11 04:29:37
6770,automatic,sleeper.com,Week 15,Joe,Burrow,QB,CIN,20.1,2025-12-11 04:29:37
7547,automatic,fanduel.com,Week 15,Amon-Ra,St. Brown,WR,DET,20.1,2025-12-11 04:29:37
4984,automatic,fanduel.com,Week 15,Josh,Allen,QB,BUF,20.05,2025-12-11 04:29:37
5870,automatic,espn.com,Week 10,Daniel,Jones,QB,IND,20.0,2025-12-11 04:29:37
6813,automatic,fantasypros.com,Week 10,Jonathan,Taylor,RB,IND,20.0,2025-12-11 04:29:37
11564,automatic,firstdown.studio,Week 10,Drake,Maye,QB,NE,20.0,2025-12-11 04:29:37
11560,automatic,fantasypros.com,Week 11,Caleb,Williams,QB,CHI,20.0,2025-12-11 04:29:37
4034,automatic,fantasypros.com,Week 11,Christian,McCaffrey,RB,SF,20.0,2025-12-11 04:29:37
4046,automatic,firstdown.studio,Week 11,Patrick,Mahomes,QB,KC,20.0,2025-12-11 04:29:37
9509,automatic,firstdown.studio,Week 11,Bijan,Robinson,RB,ATL,20.0,2025-12-11 04:29:37
6786,automatic,espn.com,Week 13,CeeDee,Lamb,WR,DAL,20.0,2025-12-11 04:29:37
11563,automatic,fantasypros.com,Week 13,Bo,Nix,QB,DEN,20.0,2025-12-11 04:29:37
9221,automatic,fantasypros.com,Week 13,Jahmyr,Gibbs,RB,DET,20.0,2025-12-11 04:29:37
6804,automatic,sleeper.com,Week 14,Jordan,Love,QB,GB,20.0,2025-12-11 04:29:37
9493,automatic,sleeper.com,Week 14,Puka,Nacua,WR,LAR,20.0,2025-12-11 04:29:37
9488,automatic,fanduel.com,Week 14,Jaxon,Smith-Njigba,WR,SEA,20.0,2025-12-11 04:29:37
9509,automatic,espn.com,Week 14,Bijan,Robinson,RB,ATL,20.0,2025-12-11 04:29:37
7591,automatic,sleeper.com,Week 10,Justin,Fields,QB,NYJ,19.9,2025-12-11 04:29:37
6794,automatic,espn.com,Week 10,Justin,Jefferson,WR,MIN,19.9,2025-12-11 04:29:37
11563,automatic,fantasypros.com,Week 10,Bo,Nix,QB,DEN,19.9,2025-12-11 04:29:37
3163,automatic,sleeper.com,Week 11,Jared,Goff,QB,DET,19.9,2025-12-11 04:29:37
6797,automatic,firstdown.studio,Week 11,Justin,Herbert,QB,LAC,19.9,2025-12-11 04:29:37
5870,automatic,espn.com,Week 12,Daniel,Jones,QB,IND,19.9,2025-12-11 04:29:37
421,automatic,fantasypros.com,Week 12,Matthew,Stafford,QB,LAR,19.9,2025-12-11 04:29:37
9488,automatic,fantasypros.com,Week 12,Jaxon,Smith-Njigba,WR,SEA,19.9,2025-12-11 04:29:37
7547,automatic,fantasypros.com,Week 12,Amon-Ra,St. Brown,WR,DET,19.9,2025-12-11 04:29:37
6786,automatic,fantasypros.com,Week 14,CeeDee,Lamb,WR,DAL,19.9,2025-12-11 04:29:37
4943,automatic,sleeper.com,Week 15,Sam,Darnold,QB,SEA,19.9,2025-12-11 04:29:37
11565,automatic,sleeper.com,Week 15,J.J.,McCarthy,QB,MIN,19.9,2025-12-11 04:29:37
421,automatic,espn.com,Week 15,Matthew,Stafford,QB,LAR,19.9,2025-12-11 04:29:37
3294,automatic,fantasypros.com,Week 15,Dak,Prescott,QB,DAL,19.9,2025-12-11 04:29:37
3294,automatic,firstdown.studio,Week 15,Dak,Prescott,QB,DAL,19.9,2025-12-11 04:29:37
,,espn.com,Week 15,Matthew,Stafford,RB,LAR,19.9,2025-12-11 04:29:37
6904,automatic,fanduel.com,Week 13,Jalen,Hurts,QB,PHI,19.88,2025-12-11 04:29:37
7564,automatic,fanduel.com,Week 14,Ja'Marr,Chase,WR,CIN,19.87,2025-12-11 04:29:37
9221,automatic,fanduel.com,Week 12,Jahmyr,Gibbs,RB,DET,19.81,2025-12-11 04:29:37
8138,automatic,fanduel.com,Week 10,James,Cook,RB,BUF,19.8,2025-12-11 04:29:37
9226,automatic,sleeper.com,Week 10,De'Von,Achane,RB,MIA,19.8,2025-12-11 04:29:37
9509,automatic,sleeper.com,Week 10,Bijan,Robinson,RB,ATL,19.8,2025-12-11 04:29:37
2307,automatic,sleeper.com,Week 10,Marcus,Mariota,QB,WAS,19.8,2025-12-11 04:29:37
8112,automatic,espn.com,Week 10,Drake,London,WR,ATL,19.8,2025-12-11 04:29:37
4943,automatic,sleeper.com,Week 12,Sam,Darnold,QB,SEA,19.8,2025-12-11 04:29:37
9493,automatic,sleeper.com,Week 12,Puka,Nacua,WR,LAR,19.8,2025-12-11 04:29:37
7523,automatic,sleeper.com,Week 12,Trevor,Lawrence,QB,JAX,19.8,2025-12-11 04:29:37
3257,automatic,sleeper.com,Week 12,Jacoby,Brissett,QB,ARI,19.8,2025-12-11 04:29:37
2307,automatic,sleeper.com,Week 13,Marcus,Mariota,QB,WAS,19.8,2025-12-11 04:29:37
4943,automatic,sleeper.com,Week 14,Sam,Darnold,QB,SEA,19.8,2025-12-11 04:29:37
4984,automatic,espn.com,Week 15,Josh,Allen,QB,BUF,19.8,2025-12-11 04:29:37
,,espn.com,Week 15,Josh,Allen,RB,BUF,19.8,2025-12-11 04:29:37
9493,automatic,fanduel.com,Week 13,Puka,Nacua,WR,LAR,19.75,2025-12-11 04:29:37
6797,automatic,fanduel.com,Week 13,Justin,Herbert,QB,LAC,19.75,2025-12-11 04:29:37
9509,automatic,sleeper.com,Week 14,Bijan,Robinson,RB,ATL,19.7,2025-12-11 04:29:37
9226,automatic,fantasypros.com,Week 15,De'Von,Achane,RB,MIA,19.7,2025-12-11 04:29:37
8138,automatic,fanduel.com,Week 11,James,Cook,RB,BUF,19.65,2025-12-11 04:29:37
5850,automatic,fanduel.com,Week 14,Josh,Jacobs,RB,GB,19.65,2025-12-11 04:29:37
421,automatic,sleeper.com,Week 10,Matthew,Stafford,QB,LAR,19.6,2025-12-11 04:29:37
421,automatic,espn.com,Week 10,Matthew,Stafford,QB,LAR,19.6,2025-12-11 04:29:37
4892,automatic,fantasypros.com,Week 10,Baker,Mayfield,QB,TB,19.6,2025-12-11 04:29:37
6768,automatic,sleeper.com,Week 11,Tua,Tagovailoa,QB,MIA,19.6,2025-12-11 04:29:37
6797,automatic,espn.com,Week 11,Justin,Herbert,QB,LAC,19.6,2025-12-11 04:29:37
9226,automatic,fantasypros.com,Week 11,De'Von,Achane,RB,MIA,19.6,2025-12-11 04:29:37
421,automatic,espn.com,Week 12,Matthew,Stafford,QB,LAR,19.6,2025-12-11 04:29:37
8130,automatic,sleeper.com,Week 13,Trey,McBride,TE,ARI,19.6,2025-12-11 04:29:37
6770,automatic,sleeper.com,Week 13,Joe,Burrow,QB,CIN,19.6,2025-12-11 04:29:37
4034,automatic,fantasypros.com,Week 13,Christian,McCaffrey,RB,SF,19.6,2025-12-11 04:29:37
5850,automatic,sleeper.com,Week 14,Josh,Jacobs,RB,GB,19.6,2025-12-11 04:29:37
8138,automatic,fantasypros.com,Week 14,James,Cook III,RB,BUF,19.6,2025-12-11 04:29:37
9509,automatic,fantasypros.com,Week 14,Bijan,Robinson,RB,ATL,19.6,2025-12-11 04:29:37
12524,automatic,sleeper.com,Week 15,Shedeur,Sanders,QB,CLE,19.6,2025-12-11 04:29:37
9493,automatic,fanduel.com,Week 12,Puka,Nacua,WR,LAR,19.53,2025-12-11 04:29:37
11560,automatic,espn.com,Week 10,Caleb,Williams,QB,CHI,19.5,2025-12-11 04:29:37
9226,automatic,fantasypros.com,Week 10,De'Von,Achane,RB,MIA,19.5,2025-12-11 04:29:37
6797,automatic,firstdown.studio,Week 10,Justin,Herbert,QB,LAC,19.5,2025-12-11 04:29:37
11560,automatic,espn.com,Week 11,Caleb,Williams,QB,CHI,19.5,2025-12-11 04:29:37
6794,automatic,espn.com,Week 11,Justin,Jefferson,WR,MIN,19.5,2025-12-11 04:29:37
6804,automatic,fantasypros.com,Week 11,Jordan,Love,QB,GB,19.5,2025-12-11 04:29:37
12508,automatic,espn.com,Week 12,Jaxson,Dart,QB,NYG,19.5,2025-12-11 04:29:37
3163,automatic,fantasypros.com,Week 13,Jared,Goff,QB,DET,19.5,2025-12-11 04:29:37
6786,automatic,espn.com,Week 14,CeeDee,Lamb,WR,DAL,19.5,2025-12-11 04:29:37
12508,automatic,fantasypros.com,Week 15,Jaxson,Dart,QB,NYG,19.5,2025-12-11 04:29:37
11564,automatic,fanduel.com,Week 10,Drake,Maye,QB,NE,19.49,2025-12-11 04:29:37
9221,automatic,fanduel.com,Week 10,Jahmyr,Gibbs,RB,DET,19.47,2025-12-11 04:29:37
8138,automatic,fanduel.com,Week 12,James,Cook,RB,BUF,19.46,2025-12-11 04:29:37
4943,automatic,sleeper.com,Week 10,Sam,Darnold,QB,SEA,19.4,2025-12-11 04:29:37
9758,automatic,sleeper.com,Week 11,C.J.,Stroud,QB,HOU,19.4,2025-12-11 04:29:37
7021,automatic,espn.com,Week 11,Rico,Dowdle,RB,CAR,19.4,2025-12-11 04:29:37
6786,automatic,espn.com,Week 11,CeeDee,Lamb,WR,DAL,19.4,2025-12-11 04:29:37
7547,automatic,sleeper.com,Week 12,Amon-Ra,St. Brown,WR,DET,19.4,2025-12-11 04:29:37
3163,automatic,fantasypros.com,Week 12,Jared,Goff,QB,DET,19.4,2025-12-11 04:29:37
3294,automatic,espn.com,Week 13,Dak,Prescott,QB,DAL,19.4,2025-12-11 04:29:37
12545,automatic,sleeper.com,Week 14,Tyler,Shough,QB,NO,19.4,2025-12-11 04:29:37
11566,automatic,sleeper.com,Week 14,Jayden,Daniels,QB,WAS,19.4,2025-12-11 04:29:37
6904,automatic,espn.com,Week 14,Jalen,Hurts,QB,PHI,19.4,2025-12-11 04:29:37
9758,automatic,sleeper.com,Week 15,C.J.,Stroud,QB,HOU,19.4,2025-12-11 04:29:37
4881,automatic,espn.com,Week 15,Lamar,Jackson,QB,BAL,19.4,2025-12-11 04:29:37
,,espn.com,Week 15,Lamar,Jackson,RB,BAL,19.4,2025-12-11 04:29:37
7547,automatic,firstdown.studio,Week 10,A.,St. Brown,WR,DET,19.3,2025-12-11 04:29:37
421,automatic,sleeper.com,Week 11,Matthew,Stafford,QB,LAR,19.3,2025-12-11 04:29:37
7547,automatic,sleeper.com,Week 11,Amon-Ra,St. Brown,WR,DET,19.3,2025-12-11 04:29:37
6770,automatic,sleeper.com,Week 14,Joe,Burrow,QB,CIN,19.3,2025-12-11 04:29:37
6813,automatic,fanduel.com,Week 14,Jonathan,Taylor,RB,IND,19.27,2025-12-11 04:29:37
6786,automatic,fanduel.com,Week 14,CeeDee,Lamb,WR,DAL,19.26,2025-12-11 04:29:37
9509,automatic,fanduel.com,Week 14,Bijan,Robinson,RB,ATL,19.25,2025-12-11 04:29:37
6904,automatic,fanduel.com,Week 12,Jalen,Hurts,QB,PHI,19.21,2025-12-11 04:29:37
11560,automatic,fantasypros.com,Week 10,Caleb,Williams,QB,CHI,19.2,2025-12-11 04:29:37
9509,automatic,fantasypros.com,Week 11,Bijan,Robinson,RB,ATL,19.2,2025-12-11 04:29:37
421,automatic,firstdown.studio,Week 11,Matthew,Stafford,QB,LAR,19.2,2025-12-11 04:29:37
4943,automatic,sleeper.com,Week 13,Sam,Darnold,QB,SEA,19.2,2025-12-11 04:29:37
7547,automatic,sleeper.com,Week 13,Amon-Ra,St. Brown,WR,DET,19.2,2025-12-11 04:29:37
6813,automatic,fantasypros.com,Week 13,Jonathan,Taylor,RB,IND,19.2,2025-12-11 04:29:37
9224,automatic,fantasypros.com,Week 14,Chase,Brown,RB,CIN,19.2,2025-12-11 04:29:37
8183,automatic,espn.com,Week 15,Brock,Purdy,QB,SF,19.2,2025-12-11 04:29:37
4046,automatic,fantasypros.com,Week 15,Patrick,Mahomes II,QB,KC,19.2,2025-12-11 04:29:37
6904,automatic,firstdown.studio,Week 15,Jalen,Hurts,QB,PHI,19.2,2025-12-11 04:29:37
,,espn.com,Week 15,Brock,Purdy,RB,SF,19.2,2025-12-11 04:29:37
11563,automatic,espn.com,Week 10,Bo,Nix,QB,DEN,19.1,2025-12-11 04:29:37
4943,automatic,sleeper.com,Week 11,Sam,Darnold,QB,SEA,19.1,2025-12-11 04:29:37
4984,automatic,espn.com,Week 12,Josh,Allen,QB,BUF,19.1,2025-12-11 04:29:37
6804,automatic,sleeper.com,Week 13,Jordan,Love,QB,GB,19.1,2025-12-11 04:29:37
5850,automatic,espn.com,Week 13,Josh,Jacobs,RB,GB,19.1,2025-12-11 04:29:37
7564,automatic,espn.com,Week 14,Ja'Marr,Chase,WR,CIN,19.1,2025-12-11 04:29:37
7564,automatic,fantasypros.com,Week 15,Ja'Marr,Chase,WR,CIN,19.1,2025-12-11 04:29:37
6770,automatic,firstdown.studio,Week 15,Joe,Burrow,QB,CIN,19.1,2025-12-11 04:29:37
7564,automatic,fanduel.com,Week 11,Ja'Marr,Chase,WR,CIN,19.08,2025-12-11 04:29:37
9493,automatic,fanduel.com,Week 14,Puka,Nacua,WR,LAR,19.08,2025-12-11 04:29:37
3163,automatic,fanduel.com,Week 12,Jared,Goff,QB,DET,19.05,2025-12-11 04:29:37
8183,automatic,fanduel.com,Week 15,Brock,Purdy,QB,SF,19.05,2025-12-11 04:29:37
421,automatic,fanduel.com,Week 14,Matthew,Stafford,QB,LAR,19.02,2025-12-11 04:29:37
7591,automatic,sleeper.com,Week 11,Justin,Fields,QB,NYJ,19.0,2025-12-11 04:29:37
8228,automatic,espn.com,Week 11,Jaylen,Warren,RB,PIT,19.0,2025-12-11 04:29:37
2307,automatic,fantasypros.com,Week 11,Marcus,Mariota,QB,WAS,19.0,2025-12-11 04:29:37
3294,automatic,firstdown.studio,Week 11,Dak,Prescott,QB,DAL,19.0,2025-12-11 04:29:37
6786,automatic,firstdown.studio,Week 11,CeeDee,Lamb,WR,DAL,19.0,2025-12-11 04:29:37
8137,automatic,espn.com,Week 13,George,Pickens,WR,DAL,19.0,2025-12-11 04:29:37
11560,automatic,fantasypros.com,Week 13,Caleb,Williams,QB,CHI,19.0,2025-12-11 04:29:37
421,automatic,fantasypros.com,Week 14,Matthew,Stafford,QB,LAR,19.0,2025-12-11 04:29:37
3163,automatic,sleeper.com,Week 15,Jared,Goff,QB,DET,19.0,2025-12-11 04:29:37
4046,automatic,fanduel.com,Week 15,Patrick,Mahomes,QB,KC,18.95,2025-12-11 04:29:37
4892,automatic,fanduel.com,Week 10,Baker,Mayfield,QB,TB,18.94,2025-12-11 04:29:37
6904,automatic,fanduel.com,Week 10,Jalen,Hurts,QB,PHI,18.94,2025-12-11 04:29:37
421,automatic,firstdown.studio,Week 10,Matthew,Stafford,QB,LAR,18.9,2025-12-11 04:29:37
96,automatic,espn.com,Week 11,Aaron,Rodgers,QB,PIT,18.9,2025-12-11 04:29:37
8130,automatic,espn.com,Week 11,Trey,McBride,TE,ARI,18.9,2025-12-11 04:29:37
12545,automatic,sleeper.com,Week 12,Tyler,Shough,QB,NO,18.9,2025-12-11 04:29:37
8183,automatic,fantasypros.com,Week 12,Brock,Purdy,QB,SF,18.9,2025-12-11 04:29:37
421,automatic,espn.com,Week 13,Matthew,Stafford,QB,LAR,18.9,2025-12-11 04:29:37
8137,automatic,espn.com,Week 14,George,Pickens,WR,DAL,18.9,2025-12-11 04:29:37
96,automatic,sleeper.com,Week 15,Aaron,Rodgers,QB,PIT,18.9,2025-12-11 04:29:37
4046,automatic,firstdown.studio,Week 15,Patrick,Mahomes,QB,KC,18.9,2025-12-11 04:29:37
4046,automatic,fanduel.com,Week 11,Patrick,Mahomes,QB,KC,18.89,2025-12-11 04:29:37
1373,automatic,sleeper.com,Week 10,Geno,Smith,QB,LV,18.8,2025-12-11 04:29:37
3163,automatic,firstdown.studio,Week 10,Jared,Goff,QB,DET,18.8,2025-12-11 04:29:37
12508,automatic,firstdown.studio,Week 10,Jaxson,Dart,QB,NYG,18.8,2025-12-11 04:29:37
7564,automatic,sleeper.com,Week 11,Ja'Marr,Chase,WR,CIN,18.8,2025-12-11 04:29:37
7523,automatic,sleeper.com,Week 11,Trevor,Lawrence,QB,JAX,18.8,2025-12-11 04:29:37
12527,automatic,espn.com,Week 11,Ashton,Jeanty,RB,LV,18.8,2025-12-11 04:29:37
8112,automatic,espn.com,Week 11,Drake,London,WR,ATL,18.8,2025-12-11 04:29:37
5850,automatic,fantasypros.com,Week 11,Josh,Jacobs,RB,GB,18.8,2025-12-11 04:29:37
12508,automatic,espn.com,Week 13,Jaxson,Dart,QB,NYG,18.8,2025-12-11 04:29:37
9226,automatic,fantasypros.com,Week 13,De'Von,Achane,RB,MIA,18.8,2025-12-11 04:29:37
7564,automatic,sleeper.com,Week 15,Ja'Marr,Chase,WR,CIN,18.8,2025-12-11 04:29:37
11563,automatic,sleeper.com,Week 15,Bo,Nix,QB,DEN,18.8,2025-12-11 04:29:37
3257,automatic,sleeper.com,Week 15,Jacoby,Brissett,QB,ARI,18.8,2025-12-11 04:29:37
6770,automatic,espn.com,Week 15,Joe,Burrow,QB,CIN,18.8,2025-12-11 04:29:37
8183,automatic,fantasypros.com,Week 15,Brock,Purdy,QB,SF,18.8,2025-12-11 04:29:37
,,espn.com,Week 15,Joe,Burrow,RB,CIN,18.8,2025-12-11 04:29:37
12508,automatic,fanduel.com,Week 15,Jaxson,Dart,QB,NYG,18.74,2025-12-11 04:29:37
8183,automatic,fanduel.com,Week 11,Brock,Purdy,QB,SF,18.73,2025-12-11 04:29:37
421,automatic,fanduel.com,Week 12,Matthew,Stafford,QB,LAR,18.73,2025-12-11 04:29:37
6904,automatic,fanduel.com,Week 14,Jalen,Hurts,QB,PHI,18.73,2025-12-11 04:29:37
11560,automatic,fanduel.com,Week 10,Caleb,Williams,QB,CHI,18.72,2025-12-11 04:29:37
421,automatic,fanduel.com,Week 10,Matthew,Stafford,QB,LAR,18.7,2025-12-11 04:29:37
7523,automatic,sleeper.com,Week 10,Trevor,Lawrence,QB,JAX,18.7,2025-12-11 04:29:37
3163,automatic,espn.com,Week 10,Jared,Goff,QB,DET,18.7,2025-12-11 04:29:37
5870,automatic,fantasypros.com,Week 10,Daniel,Jones,QB,IND,18.7,2025-12-11 04:29:37
4892,automatic,firstdown.studio,Week 10,Baker,Mayfield,QB,TB,18.7,2025-12-11 04:29:37
6804,automatic,sleeper.com,Week 11,Jordan,Love,QB,GB,18.7,2025-12-11 04:29:37
7021,automatic,espn.com,Week 12,Rico,Dowdle,RB,CAR,18.7,2025-12-11 04:29:37
96,automatic,sleeper.com,Week 13,Aaron,Rodgers,QB,PIT,18.7,2025-12-11 04:29:37
3163,automatic,sleeper.com,Week 13,Jared,Goff,QB,DET,18.7,2025-12-11 04:29:37
6786,automatic,sleeper.com,Week 14,CeeDee,Lamb,WR,DAL,18.7,2025-12-11 04:29:37
3257,automatic,sleeper.com,Week 14,Jacoby,Brissett,QB,ARI,18.7,2025-12-11 04:29:37
3163,automatic,fantasypros.com,Week 14,Jared,Goff,QB,DET,18.7,2025-12-11 04:29:37
7523,automatic,sleeper.com,Week 15,Trevor,Lawrence,QB,JAX,18.7,2025-12-11 04:29:37
7523,automatic,fantasypros.com,Week 15,Trevor,Lawrence,QB,JAX,18.7,2025-12-11 04:29:37
9509,automatic,fanduel.com,Week 15,Bijan,Robinson,RB,ATL,18.7,2025-12-11 04:29:37
6797,automatic,fanduel.com,Week 10,Justin,Herbert,QB,LAC,18.69,2025-12-11 04:29:37
11565,automatic,fanduel.com,Week 11,J.J.,McCarthy,QB,MIN,18.69,2025-12-11 04:29:37
3294,automatic,fanduel.com,Week 11,Dak,Prescott,QB,DAL,18.67,2025-12-11 04:29:37
6786,automatic,fanduel.com,Week 11,CeeDee,Lamb,WR,DAL,18.66,2025-12-11 04:29:37
11563,automatic,fanduel.com,Week 10,Bo,Nix,QB,DEN,18.62,2025-12-11 04:29:37
9221,automatic,fanduel.com,Week 13,Jahmyr,Gibbs,RB,DET,18.62,2025-12-11 04:29:37
8138,automatic,fantasypros.com,Week 10,James,Cook III,RB,BUF,18.6,2025-12-11 04:29:37
2306,automatic,sleeper.com,Week 11,Jameis,Winston,QB,NYG,18.6,2025-12-11 04:29:37
3257,automatic,sleeper.com,Week 11,Jacoby,Brissett,QB,ARI,18.6,2025-12-11 04:29:37
4881,automatic,firstdown.studio,Week 11,Lamar,Jackson,QB,BAL,18.6,2025-12-11 04:29:37
5850,automatic,firstdown.studio,Week 11,Josh,Jacobs,RB,GB,18.6,2025-12-11 04:29:37
6786,automatic,sleeper.com,Week 12,CeeDee,Lamb,WR,DAL,18.6,2025-12-11 04:29:37
9228,automatic,sleeper.com,Week 12,Bryce,Young,QB,CAR,18.6,2025-12-11 04:29:37
3257,automatic,fantasypros.com,Week 12,Jacoby,Brissett,QB,ARI,18.6,2025-12-11 04:29:37
11565,automatic,sleeper.com,Week 14,J.J.,McCarthy,QB,MIN,18.6,2025-12-11 04:29:37
11564,automatic,firstdown.studio,Week 15,Drake,Maye,QB,NE,18.6,2025-12-11 04:29:37
4866,automatic,fanduel.com,Week 13,Saquon,Barkley,RB,PHI,18.59,2025-12-11 04:29:37
6786,automatic,fanduel.com,Week 13,CeeDee,Lamb,WR,DAL,18.57,2025-12-11 04:29:37
7547,automatic,fanduel.com,Week 10,Amon-Ra,St. Brown,WR,DET,18.55,2025-12-11 04:29:37
4046,automatic,fanduel.com,Week 14,Patrick,Mahomes,QB,KC,18.54,2025-12-11 04:29:37
4881,automatic,fanduel.com,Week 14,Lamar,Jackson,QB,BAL,18.53,2025-12-11 04:29:37
8183,automatic,fanduel.com,Week 10,Brock,Purdy,QB,SF,18.52,2025-12-11 04:29:37
6768,automatic,sleeper.com,Week 10,Tua,Tagovailoa,QB,MIA,18.5,2025-12-11 04:29:37
9226,automatic,firstdown.studio,Week 10,De'Von,Achane,RB,MIA,18.5,2025-12-11 04:29:37
7588,automatic,sleeper.com,Week 11,Javonte,Williams,RB,DAL,18.5,2025-12-11 04:29:37
8138,automatic,espn.com,Week 11,James,Cook,RB,BUF,18.5,2025-12-11 04:29:37
4943,automatic,fantasypros.com,Week 11,Sam,Darnold,QB,SEA,18.5,2025-12-11 04:29:37
8130,automatic,firstdown.studio,Week 11,Trey,McBride,TE,ARI,18.5,2025-12-11 04:29:37
8130,automatic,sleeper.com,Week 12,Trey,McBride,TE,ARI,18.5,2025-12-11 04:29:37
10229,automatic,sleeper.com,Week 13,Rashee,Rice,WR,KC,18.5,2025-12-11 04:29:37
4943,automatic,fantasypros.com,Week 13,Sam,Darnold,QB,SEA,18.5,2025-12-11 04:29:37
6770,automatic,fantasypros.com,Week 14,Joe,Burrow,QB,CIN,18.5,2025-12-11 04:29:37
3163,automatic,espn.com,Week 14,Jared,Goff,QB,DET,18.5,2025-12-11 04:29:37
421,automatic,espn.com,Week 14,Matthew,Stafford,QB,LAR,18.5,2025-12-11 04:29:37
10229,automatic,fantasypros.com,Week 15,Rashee,Rice,WR,KC,18.5,2025-12-11 04:29:37
12508,automatic,firstdown.studio,Week 15,Jaxson,Dart,QB,NYG,18.5,2025-12-11 04:29:37
5870,automatic,fanduel.com,Week 10,Daniel,Jones,QB,IND,18.49,2025-12-11 04:29:37
9221,automatic,fanduel.com,Week 15,Jahmyr,Gibbs,RB,DET,18.43,2025-12-11 04:29:37
6794,automatic,fanduel.com,Week 10,Justin,Jefferson,WR,MIN,18.41,2025-12-11 04:29:37
6804,automatic,sleeper.com,Week 10,Jordan,Love,QB,GB,18.4,2025-12-11 04:29:37
9228,automatic,sleeper.com,Week 11,Bryce,Young,QB,CAR,18.4,2025-12-11 04:29:37
11560,automatic,sleeper.com,Week 11,Caleb,Williams,QB,CHI,18.4,2025-12-11 04:29:37
11565,automatic,espn.com,Week 11,J.J.,McCarthy,QB,MIN,18.4,2025-12-11 04:29:37
9221,automatic,fantasypros.com,Week 11,Jahmyr,Gibbs,RB,DET,18.4,2025-12-11 04:29:37
6786,automatic,sleeper.com,Week 13,CeeDee,Lamb,WR,DAL,18.4,2025-12-11 04:29:37
9758,automatic,sleeper.com,Week 13,C.J.,Stroud,QB,HOU,18.4,2025-12-11 04:29:37
9509,automatic,fantasypros.com,Week 13,Bijan,Robinson,RB,ATL,18.4,2025-12-11 04:29:37
7547,automatic,sleeper.com,Week 15,Amon-Ra,St. Brown,WR,DET,18.4,2025-12-11 04:29:37
6770,automatic,fanduel.com,Week 15,Joe,Burrow,QB,CIN,18.38,2025-12-11 04:29:37
12529,automatic,fanduel.com,Week 11,TreVeyon,Henderson,RB,NE,18.32,2025-12-11 04:29:37
8130,automatic,fantasypros.com,Week 12,Trey,McBride,TE,ARI,18.3,2025-12-11 04:29:37
1373,automatic,sleeper.com,Week 13,Geno,Smith,QB,LV,18.3,2025-12-11 04:29:37
4046,automatic,fantasypros.com,Week 14,Patrick,Mahomes II,QB,KC,18.3,2025-12-11 04:29:37
7564,automatic,fantasypros.com,Week 14,Ja'Marr,Chase,WR,CIN,18.3,2025-12-11 04:29:37
8130,automatic,fanduel.com,Week 11,Trey,McBride,TE,ARI,18.28,2025-12-11 04:29:37
9488,automatic,fanduel.com,Week 11,Jaxon,Smith-Njigba,WR,SEA,18.28,2025-12-11 04:29:37
3163,automatic,fanduel.com,Week 14,Jared,Goff,QB,DET,18.26,2025-12-11 04:29:37
9221,automatic,espn.com,Week 10,Jahmyr,Gibbs,RB,DET,18.2,2025-12-11 04:29:37
7021,automatic,espn.com,Week 10,Rico,Dowdle,RB,CAR,18.2,2025-12-11 04:29:37
2307,automatic,espn.com,Week 11,Marcus,Mariota,QB,WAS,18.2,2025-12-11 04:29:37
6786,automatic,espn.com,Week 12,CeeDee,Lamb,WR,DAL,18.2,2025-12-11 04:29:37
6797,automatic,espn.com,Week 13,Justin,Herbert,QB,LAC,18.2,2025-12-11 04:29:37
12524,automatic,sleeper.com,Week 14,Shedeur,Sanders,QB,CLE,18.2,2025-12-11 04:29:37
4881,automatic,fantasypros.com,Week 14,Lamar,Jackson,QB,BAL,18.2,2025-12-11 04:29:37
10229,automatic,fantasypros.com,Week 14,Rashee,Rice,WR,KC,18.2,2025-12-11 04:29:37
8137,automatic,fantasypros.com,Week 14,George,Pickens,WR,DAL,18.2,2025-12-11 04:29:37
6813,automatic,sleeper.com,Week 15,Jonathan,Taylor,RB,IND,18.2,2025-12-11 04:29:37
3294,automatic,espn.com,Week 15,Dak,Prescott,QB,DAL,18.2,2025-12-11 04:29:37
3163,automatic,fantasypros.com,Week 15,Jared,Goff,QB,DET,18.2,2025-12-11 04:29:37
9488,automatic,firstdown.studio,Week 15,J.,Smith-Njigba,WR,SEA,18.2,2025-12-11 04:29:37
,,espn.com,Week 15,Dak,Prescott,RB,DAL,18.2,2025-12-11 04:29:37
7547,automatic,fanduel.com,Week 12,Amon-Ra,St. Brown,WR,DET,18.18,2025-12-11 04:29:37
421,automatic,fanduel.com,Week 13,Matthew,Stafford,QB,LAR,18.17,2025-12-11 04:29:37
6786,automatic,fanduel.com,Week 12,CeeDee,Lamb,WR,DAL,18.15,2025-12-11 04:29:37
3163,automatic,fanduel.com,Week 10,Jared,Goff,QB,DET,18.12,2025-12-11 04:29:37
11560,automatic,sleeper.com,Week 10,Caleb,Williams,QB,CHI,18.1,2025-12-11 04:29:37
5850,automatic,sleeper.com,Week 10,Josh,Jacobs,RB,GB,18.1,2025-12-11 04:29:37
5850,automatic,espn.com,Week 10,Josh,Jacobs,RB,GB,18.1,2025-12-11 04:29:37
421,automatic,fantasypros.com,Week 10,Matthew,Stafford,QB,LAR,18.1,2025-12-11 04:29:37
5870,automatic,firstdown.studio,Week 10,Daniel,Jones,QB,IND,18.1,2025-12-11 04:29:37
11560,automatic,firstdown.studio,Week 10,Caleb,Williams,QB,CHI,18.1,2025-12-11 04:29:37
11563,automatic,firstdown.studio,Week 10,Bo,Nix,QB,DEN,18.1,2025-12-11 04:29:37
421,automatic,espn.com,Week 11,Matthew,Stafford,QB,LAR,18.1,2025-12-11 04:29:37
7547,automatic,firstdown.studio,Week 11,A.,St. Brown,WR,DET,18.1,2025-12-11 04:29:37
6794,automatic,fanduel.com,Week 11,Justin,Jefferson,WR,MIN,18.1,2025-12-11 04:29:37
1373,automatic,sleeper.com,Week 12,Geno,Smith,QB,LV,18.1,2025-12-11 04:29:37
6804,automatic,sleeper.com,Week 12,Jordan,Love,QB,GB,18.1,2025-12-11 04:29:37
11560,automatic,sleeper.com,Week 12,Caleb,Williams,QB,CHI,18.1,2025-12-11 04:29:37
3294,automatic,fantasypros.com,Week 12,Dak,Prescott,QB,DAL,18.1,2025-12-11 04:29:37
3198,automatic,sleeper.com,Week 13,Derrick,Henry,RB,BAL,18.1,2025-12-11 04:29:37
10229,automatic,espn.com,Week 13,Rashee,Rice,WR,KC,18.1,2025-12-11 04:29:37
2307,automatic,espn.com,Week 15,Marcus,Mariota,QB,WAS,18.1,2025-12-11 04:29:37
,,espn.com,Week 15,Marcus,Mariota,RB,WAS,18.1,2025-12-11 04:29:37
421,automatic,fanduel.com,Week 11,Matthew,Stafford,QB,LAR,18.09,2025-12-11 04:29:37
96,automatic,sleeper.com,Week 10,Aaron,Rodgers,QB,PIT,18.0,2025-12-11 04:29:37
4943,automatic,firstdown.studio,Week 10,Sam,Darnold,QB,SEA,18.0,2025-12-11 04:29:37
4046,automatic,espn.com,Week 11,Patrick,Mahomes,QB,KC,18.0,2025-12-11 04:29:37
96,automatic,fantasypros.com,Week 11,Aaron,Rodgers,QB,PIT,18.0,2025-12-11 04:29:37
7021,automatic,fantasypros.com,Week 11,Rico,Dowdle,RB,CAR,18.0,2025-12-11 04:29:37
7564,automatic,fantasypros.com,Week 11,Ja'Marr,Chase,WR,CIN,18.0,2025-12-11 04:29:37
10229,automatic,firstdown.studio,Week 11,Rashee,Rice,WR,KC,18.0,2025-12-11 04:29:37
12524,automatic,sleeper.com,Week 13,Shedeur,Sanders,QB,CLE,18.0,2025-12-11 04:29:37
8138,automatic,espn.com,Week 13,James,Cook,RB,BUF,18.0,2025-12-11 04:29:37
6804,automatic,fantasypros.com,Week 13,Jordan,Love,QB,GB,18.0,2025-12-11 04:29:37
9224,automatic,fantasypros.com,Week 13,Chase,Brown,RB,CIN,18.0,2025-12-11 04:29:37
9488,automatic,fantasypros.com,Week 13,Jaxon,Smith-Njigba,WR,SEA,18.0,2025-12-11 04:29:37
827,automatic,sleeper.com,Week 14,Tyrod,Taylor,QB,NYJ,18.0,2025-12-11 04:29:37
4892,automatic,fantasypros.com,Week 14,Baker,Mayfield,QB,TB,18.0,2025-12-11 04:29:37
6770,automatic,espn.com,Week 14,Joe,Burrow,QB,CIN,18.0,2025-12-11 04:29:37
7547,automatic,fanduel.com,Week 11,Amon-Ra,St. Brown,WR,DET,17.99,2025-12-11 04:29:37
12508,automatic,fanduel.com,Week 10,Jaxson,Dart,QB,NYG,17.96,2025-12-11 04:29:37
11566,automatic,fanduel.com,Week 15,Jayden,Daniels,QB,WAS,17.93,2025-12-11 04:29:37
8138,automatic,fanduel.com,Week 14,James,Cook,RB,BUF,17.91,2025-12-11 04:29:37
3257,automatic,espn.com,Week 11,Jacoby,Brissett,QB,ARI,17.9,2025-12-11 04:29:37
3294,automatic,espn.com,Week 11,Dak,Prescott,QB,DAL,17.9,2025-12-11 04:29:37
19,automatic,sleeper.com,Week 12,Joe,Flacco,QB,CIN,17.9,2025-12-11 04:29:37
8130,automatic,espn.com,Week 12,Trey,McBride,TE,ARI,17.9,2025-12-11 04:29:37
6770,automatic,espn.com,Week 13,Joe,Burrow,QB,CIN,17.9,2025-12-11 04:29:37
8138,automatic,sleeper.com,Week 14,James,Cook,RB,BUF,17.9,2025-12-11 04:29:37
96,automatic,sleeper.com,Week 14,Aaron,Rodgers,QB,PIT,17.9,2025-12-11 04:29:37
7588,automatic,sleeper.com,Week 14,Javonte,Williams,RB,DAL,17.9,2025-12-11 04:29:37
6770,automatic,fanduel.com,Week 14,Joe,Burrow,QB,CIN,17.9,2025-12-11 04:29:37
4046,automatic,espn.com,Week 14,Patrick,Mahomes,QB,KC,17.9,2025-12-11 04:29:37
1166,automatic,sleeper.com,Week 15,Kirk,Cousins,QB,ATL,17.9,2025-12-11 04:29:37
9509,automatic,firstdown.studio,Week 15,Bijan,Robinson,RB,ATL,17.9,2025-12-11 04:29:37
5850,automatic,fanduel.com,Week 11,Josh,Jacobs,RB,GB,17.87,2025-12-11 04:29:37
2307,automatic,fanduel.com,Week 11,Marcus,Mariota,QB,WAS,17.85,2025-12-11 04:29:37
96,automatic,fanduel.com,Week 11,Aaron,Rodgers,QB,PIT,17.85,2025-12-11 04:29:37
7021,automatic,fantasypros.com,Week 10,Rico,Dowdle,RB,CAR,17.8,2025-12-11 04:29:37
11565,automatic,firstdown.studio,Week 11,J.J.,McCarthy,QB,MIN,17.8,2025-12-11 04:29:37
3163,automatic,espn.com,Week 12,Jared,Goff,QB,DET,17.8,2025-12-11 04:29:37
6768,automatic,sleeper.com,Week 13,Tua,Tagovailoa,QB,MIA,17.8,2025-12-11 04:29:37
11560,automatic,sleeper.com,Week 13,Caleb,Williams,QB,CHI,17.8,2025-12-11 04:29:37
7564,automatic,sleeper.com,Week 14,Ja'Marr,Chase,WR,CIN,17.8,2025-12-11 04:29:37
3257,automatic,fantasypros.com,Week 14,Jacoby,Brissett,QB,ARI,17.8,2025-12-11 04:29:37
11563,automatic,espn.com,Week 14,Bo,Nix,QB,DEN,17.8,2025-12-11 04:29:37
2307,automatic,fantasypros.com,Week 15,Marcus,Mariota,QB,WAS,17.8,2025-12-11 04:29:37
8183,automatic,firstdown.studio,Week 15,Brock,Purdy,QB,SF,17.8,2025-12-11 04:29:37
9758,automatic,fanduel.com,Week 15,C.J.,Stroud,QB,HOU,17.77,2025-12-11 04:29:37
7523,automatic,fanduel.com,Week 15,Trevor,Lawrence,QB,JAX,17.75,2025-12-11 04:29:37
4866,automatic,fanduel.com,Week 11,Saquon,Barkley,RB,PHI,17.72,2025-12-11 04:29:37
11565,automatic,espn.com,Week 10,J.J.,McCarthy,QB,MIN,17.7,2025-12-11 04:29:37
6904,automatic,firstdown.studio,Week 10,Jalen,Hurts,QB,PHI,17.7,2025-12-11 04:29:37
19,automatic,sleeper.com,Week 11,Joe,Flacco,QB,CIN,17.7,2025-12-11 04:29:37
7585,automatic,espn.com,Week 11,Davis,Mills,QB,HOU,17.7,2025-12-11 04:29:37
7021,automatic,firstdown.studio,Week 11,Rico,Dowdle,RB,CAR,17.7,2025-12-11 04:29:37
3294,automatic,espn.com,Week 12,Dak,Prescott,QB,DAL,17.7,2025-12-11 04:29:37
10229,automatic,espn.com,Week 12,Rashee,Rice,WR,KC,17.7,2025-12-11 04:29:37
11560,automatic,fantasypros.com,Week 12,Caleb,Williams,QB,CHI,17.7,2025-12-11 04:29:37
4866,automatic,espn.com,Week 13,Saquon,Barkley,RB,PHI,17.7,2025-12-11 04:29:37
6786,automatic,sleeper.com,Week 15,CeeDee,Lamb,WR,DAL,17.7,2025-12-11 04:29:37
9228,automatic,sleeper.com,Week 15,Bryce,Young,QB,CAR,17.7,2025-12-11 04:29:37
9493,automatic,firstdown.studio,Week 15,Puka,Nacua,WR,LAR,17.7,2025-12-11 04:29:37
11560,automatic,fanduel.com,Week 12,Caleb,Williams,QB,CHI,17.68,2025-12-11 04:29:37
9997,automatic,fanduel.com,Week 10,Zay,Flowers,WR,BAL,17.66,2025-12-11 04:29:37
9228,automatic,sleeper.com,Week 10,Bryce,Young,QB,CAR,17.6,2025-12-11 04:29:37
11565,automatic,sleeper.com,Week 10,J.J.,McCarthy,QB,MIN,17.6,2025-12-11 04:29:37
6768,automatic,espn.com,Week 11,Tua,Tagovailoa,QB,MIA,17.6,2025-12-11 04:29:37
7588,automatic,fantasypros.com,Week 11,Javonte,Williams,RB,DAL,17.6,2025-12-11 04:29:37
9488,automatic,fantasypros.com,Week 11,Jaxon,Smith-Njigba,WR,SEA,17.6,2025-12-11 04:29:37
8138,automatic,fantasypros.com,Week 13,James,Cook III,RB,BUF,17.6,2025-12-11 04:29:37
10229,automatic,fantasypros.com,Week 13,Rashee,Rice,WR,KC,17.6,2025-12-11 04:29:37
8137,automatic,sleeper.com,Week 14,George,Pickens,WR,DAL,17.6,2025-12-11 04:29:37
8130,automatic,sleeper.com,Week 14,Trey,McBride,TE,ARI,17.6,2025-12-11 04:29:37
8112,automatic,sleeper.com,Week 14,Drake,London,WR,ATL,17.6,2025-12-11 04:29:37
6804,automatic,fantasypros.com,Week 14,Jordan,Love,QB,GB,17.6,2025-12-11 04:29:37
11563,automatic,fanduel.com,Week 14,Bo,Nix,QB,DEN,17.6,2025-12-11 04:29:37
6804,automatic,espn.com,Week 14,Jordan,Love,QB,GB,17.6,2025-12-11 04:29:37
1373,automatic,sleeper.com,Week 15,Geno,Smith,QB,LV,17.6,2025-12-11 04:29:37
6768,automatic,sleeper.com,Week 15,Tua,Tagovailoa,QB,MIA,17.6,2025-12-11 04:29:37
9226,automatic,sleeper.com,Week 15,De'Von,Achane,RB,MIA,17.6,2025-12-11 04:29:37
11560,automatic,sleeper.com,Week 15,Caleb,Williams,QB,CHI,17.6,2025-12-11 04:29:37
3198,automatic,espn.com,Week 15,Derrick,Henry,RB,BAL,17.6,2025-12-11 04:29:37
9221,automatic,firstdown.studio,Week 15,Jahmyr,Gibbs,RB,DET,17.6,2025-12-11 04:29:37
11565,automatic,fanduel.com,Week 10,J.J.,McCarthy,QB,MIN,17.57,2025-12-11 04:29:37
8155,automatic,fanduel.com,Week 14,Breece,Hall,RB,NYJ,17.53,2025-12-11 04:29:37
6804,automatic,fanduel.com,Week 11,Jordan,Love,QB,GB,17.51,2025-12-11 04:29:37
3163,automatic,fantasypros.com,Week 10,Jared,Goff,QB,DET,17.5,2025-12-11 04:29:37
11559,automatic,sleeper.com,Week 11,Michael,Penix,QB,ATL,17.5,2025-12-11 04:29:37
11565,automatic,fantasypros.com,Week 11,J.J.,McCarthy,QB,MIN,17.5,2025-12-11 04:29:37
3257,automatic,firstdown.studio,Week 11,Jacoby,Brissett,QB,ARI,17.5,2025-12-11 04:29:37
11560,automatic,firstdown.studio,Week 11,Caleb,Williams,QB,CHI,17.5,2025-12-11 04:29:37
10229,automatic,sleeper.com,Week 12,Rashee,Rice,WR,KC,17.5,2025-12-11 04:29:37
11560,automatic,espn.com,Week 12,Caleb,Williams,QB,CHI,17.5,2025-12-11 04:29:37
6794,automatic,espn.com,Week 12,Justin,Jefferson,WR,MIN,17.5,2025-12-11 04:29:37
10229,automatic,fantasypros.com,Week 12,Rashee,Rice,WR,KC,17.5,2025-12-11 04:29:37
7523,automatic,fantasypros.com,Week 13,Trevor,Lawrence,QB,JAX,17.5,2025-12-11 04:29:37
7523,automatic,espn.com,Week 15,Trevor,Lawrence,QB,JAX,17.5,2025-12-11 04:29:37
4046,automatic,espn.com,Week 15,Patrick,Mahomes,QB,KC,17.5,2025-12-11 04:29:37
,,espn.com,Week 15,Trevor,Lawrence,RB,JAX,17.5,2025-12-11 04:29:37
,,espn.com,Week 15,Patrick,Mahomes,RB,KC,17.5,2025-12-11 04:29:37
8137,automatic,fanduel.com,Week 14,George,Pickens,WR,DAL,17.49,2025-12-11 04:29:37
11435,automatic,fanduel.com,Week 12,Emanuel,Wilson,RB,GB,17.48,2025-12-11 04:29:37
6813,automatic,fanduel.com,Week 12,Jonathan,Taylor,RB,IND,17.48,2025-12-11 04:29:37
9221,automatic,fanduel.com,Week 11,Jahmyr,Gibbs,RB,DET,17.47,2025-12-11 04:29:37
6804,automatic,fanduel.com,Week 10,Jordan,Love,QB,GB,17.43,2025-12-11 04:29:37
9997,automatic,fanduel.com,Week 12,Zay,Flowers,WR,BAL,17.42,2025-12-11 04:29:37
6794,automatic,sleeper.com,Week 11,Justin,Jefferson,WR,MIN,17.4,2025-12-11 04:29:37
4892,automatic,espn.com,Week 11,Baker,Mayfield,QB,TB,17.4,2025-12-11 04:29:37
9221,automatic,espn.com,Week 11,Jahmyr,Gibbs,RB,DET,17.4,2025-12-11 04:29:37
11565,automatic,sleeper.com,Week 12,J.J.,McCarthy,QB,MIN,17.4,2025-12-11 04:29:37
6804,automatic,espn.com,Week 12,Jordan,Love,QB,GB,17.4,2025-12-11 04:29:37
5870,automatic,fantasypros.com,Week 12,Daniel,Jones,QB,IND,17.4,2025-12-11 04:29:37
11560,automatic,espn.com,Week 13,Caleb,Williams,QB,CHI,17.4,2025-12-11 04:29:37
8130,automatic,espn.com,Week 13,Trey,McBride,TE,ARI,17.4,2025-12-11 04:29:37
1373,automatic,sleeper.com,Week 14,Geno,Smith,QB,LV,17.4,2025-12-11 04:29:37
9758,automatic,sleeper.com,Week 14,C.J.,Stroud,QB,HOU,17.4,2025-12-11 04:29:37
6804,automatic,sleeper.com,Week 15,Jordan,Love,QB,GB,17.4,2025-12-11 04:29:37
827,automatic,sleeper.com,Week 15,Tyrod,Taylor,QB,NYJ,17.4,2025-12-11 04:29:37
4892,automatic,fantasypros.com,Week 15,Baker,Mayfield,QB,TB,17.4,2025-12-11 04:29:37
4892,automatic,fanduel.com,Week 15,Baker,Mayfield,QB,TB,17.4,2025-12-11 04:29:37
5870,automatic,fanduel.com,Week 12,Daniel,Jones,QB,IND,17.39,2025-12-11 04:29:37
6770,automatic,fanduel.com,Week 13,Joe,Burrow,QB,CIN,17.37,2025-12-11 04:29:37
6801,automatic,fanduel.com,Week 12,Tee,Higgins,WR,CIN,17.31,2025-12-11 04:29:37
9221,automatic,fantasypros.com,Week 10,Jahmyr,Gibbs,RB,DET,17.3,2025-12-11 04:29:37
8112,automatic,fantasypros.com,Week 10,Drake,London,WR,ATL,17.3,2025-12-11 04:29:37
8130,automatic,sleeper.com,Week 11,Trey,McBride,TE,ARI,17.3,2025-12-11 04:29:37
12527,automatic,sleeper.com,Week 11,Ashton,Jeanty,RB,LV,17.3,2025-12-11 04:29:37
11563,automatic,espn.com,Week 11,Bo,Nix,QB,DEN,17.3,2025-12-11 04:29:37
9493,automatic,fantasypros.com,Week 11,Puka,Nacua,WR,LAR,17.3,2025-12-11 04:29:37
11560,automatic,fanduel.com,Week 11,Caleb,Williams,QB,CHI,17.3,2025-12-11 04:29:37
3257,automatic,espn.com,Week 13,Jacoby,Brissett,QB,ARI,17.3,2025-12-11 04:29:37
7564,automatic,fantasypros.com,Week 13,Ja'Marr,Chase,WR,CIN,17.3,2025-12-11 04:29:37
11560,automatic,sleeper.com,Week 14,Caleb,Williams,QB,CHI,17.3,2025-12-11 04:29:37
11563,automatic,fantasypros.com,Week 14,Bo,Nix,QB,DEN,17.3,2025-12-11 04:29:37
7564,automatic,firstdown.studio,Week 15,Ja'Marr,Chase,WR,CIN,17.3,2025-12-11 04:29:37
4892,automatic,fanduel.com,Week 14,Baker,Mayfield,QB,TB,17.29,2025-12-11 04:29:37
11563,automatic,fanduel.com,Week 13,Bo,Nix,QB,DEN,17.27,2025-12-11 04:29:37
4892,automatic,fanduel.com,Week 11,Baker,Mayfield,QB,TB,17.26,2025-12-11 04:29:37
7523,automatic,fanduel.com,Week 14,Trevor,Lawrence,QB,JAX,17.26,2025-12-11 04:29:37
6813,automatic,fanduel.com,Week 15,Jonathan,Taylor,RB,IND,17.25,2025-12-11 04:29:37
8155,automatic,fanduel.com,Week 13,Breece,Hall,RB,NYJ,17.24,2025-12-11 04:29:37
5859,automatic,espn.com,Week 10,A.J.,Brown,WR,PHI,17.2,2025-12-11 04:29:37
8130,automatic,espn.com,Week 10,Trey,McBride,TE,ARI,17.2,2025-12-11 04:29:37
8112,automatic,sleeper.com,Week 11,Drake,London,WR,ATL,17.2,2025-12-11 04:29:37
11604,automatic,sleeper.com,Week 11,Brock,Bowers,TE,LV,17.2,2025-12-11 04:29:37
11604,automatic,espn.com,Week 11,Brock,Bowers,TE,LV,17.2,2025-12-11 04:29:37
12527,automatic,fantasypros.com,Week 11,Ashton,Jeanty,RB,LV,17.2,2025-12-11 04:29:37
8228,automatic,firstdown.studio,Week 11,Jaylen,Warren,RB,PIT,17.2,2025-12-11 04:29:37
8112,automatic,firstdown.studio,Week 11,Drake,London,WR,ATL,17.2,2025-12-11 04:29:37
8137,automatic,sleeper.com,Week 13,George,Pickens,WR,DAL,17.2,2025-12-11 04:29:37
5870,automatic,espn.com,Week 13,Daniel,Jones,QB,IND,17.2,2025-12-11 04:29:37
9758,automatic,espn.com,Week 13,C.J.,Stroud,QB,HOU,17.2,2025-12-11 04:29:37
3198,automatic,fantasypros.com,Week 13,Derrick,Henry,RB,BAL,17.2,2025-12-11 04:29:37
5870,automatic,espn.com,Week 14,Daniel,Jones,QB,IND,17.2,2025-12-11 04:29:37
3198,automatic,sleeper.com,Week 15,Derrick,Henry,RB,BAL,17.2,2025-12-11 04:29:37
8130,automatic,sleeper.com,Week 15,Trey,McBride,TE,ARI,17.2,2025-12-11 04:29:37
9758,automatic,espn.com,Week 15,C.J.,Stroud,QB,HOU,17.2,2025-12-11 04:29:37
10229,automatic,espn.com,Week 15,Rashee,Rice,WR,KC,17.2,2025-12-11 04:29:37
6786,automatic,espn.com,Week 15,CeeDee,Lamb,WR,DAL,17.2,2025-12-11 04:29:37
,,espn.com,Week 15,Rashee,Rice,RB,KC,17.2,2025-12-11 04:29:37
,,espn.com,Week 15,C.J.,Stroud,RB,HOU,17.2,2025-12-11 04:29:37
,,espn.com,Week 15,CeeDee,Lamb,RB,DAL,17.2,2025-12-11 04:29:37
4943,automatic,fanduel.com,Week 15,Sam,Darnold,QB,SEA,17.18,2025-12-11 04:29:37
2307,automatic,fanduel.com,Week 10,Marcus,Mariota,QB,WAS,17.1,2025-12-11 04:29:37
8183,automatic,espn.com,Week 10,Brock,Purdy,QB,SF,17.1,2025-12-11 04:29:37
4943,automatic,fantasypros.com,Week 10,Sam,Darnold,QB,SEA,17.1,2025-12-11 04:29:37
7021,automatic,firstdown.studio,Week 10,Rico,Dowdle,RB,CAR,17.1,2025-12-11 04:29:37
19,automatic,firstdown.studio,Week 11,Joe,Flacco,QB,CIN,17.1,2025-12-11 04:29:37
12529,automatic,firstdown.studio,Week 11,T.,Henderson,RB,NE,17.1,2025-12-11 04:29:37
7526,automatic,firstdown.studio,Week 11,Jaylen,Waddle,WR,MIA,17.1,2025-12-11 04:29:37
3198,automatic,espn.com,Week 12,Derrick,Henry,RB,BAL,17.1,2025-12-11 04:29:37
12508,automatic,fantasypros.com,Week 12,Jaxson,Dart,QB,NYG,17.1,2025-12-11 04:29:37
827,automatic,sleeper.com,Week 13,Tyrod,Taylor,QB,NYJ,17.1,2025-12-11 04:29:37
10229,automatic,espn.com,Week 14,Rashee,Rice,WR,KC,17.1,2025-12-11 04:29:37
7588,automatic,sleeper.com,Week 15,Javonte,Williams,RB,DAL,17.1,2025-12-11 04:29:37
7547,automatic,fantasypros.com,Week 15,Amon-Ra,St. Brown,WR,DET,17.1,2025-12-11 04:29:37
9758,automatic,firstdown.studio,Week 15,C.J.,Stroud,QB,HOU,17.1,2025-12-11 04:29:37
4892,automatic,firstdown.studio,Week 15,Baker,Mayfield,QB,TB,17.1,2025-12-11 04:29:37
7523,automatic,firstdown.studio,Week 15,Trevor,Lawrence,QB,JAX,17.1,2025-12-11 04:29:37
9488,automatic,fanduel.com,Week 10,Jaxon,Smith-Njigba,WR,SEA,17.07,2025-12-11 04:29:37
7543,automatic,fanduel.com,Week 12,Travis,Etienne,RB,JAX,17.07,2025-12-11 04:29:37
2307,automatic,fanduel.com,Week 14,Marcus,Mariota,QB,WAS,17.02,2025-12-11 04:29:37
4892,automatic,fanduel.com,Week 12,Baker,Mayfield,QB,TB,17.01,2025-12-11 04:29:37
6804,automatic,espn.com,Week 10,Jordan,Love,QB,GB,17.0,2025-12-11 04:29:37
6804,automatic,espn.com,Week 11,Jordan,Love,QB,GB,17.0,2025-12-11 04:29:37
3163,automatic,fantasypros.com,Week 11,Jared,Goff,QB,DET,17.0,2025-12-11 04:29:37
96,automatic,firstdown.studio,Week 11,Aaron,Rodgers,QB,PIT,17.0,2025-12-11 04:29:37
1166,automatic,sleeper.com,Week 12,Kirk,Cousins,QB,ATL,17.0,2025-12-11 04:29:37
8144,automatic,espn.com,Week 12,Chris,Olave,WR,NO,17.0,2025-12-11 04:29:37
12527,automatic,sleeper.com,Week 13,Ashton,Jeanty,RB,LV,17.0,2025-12-11 04:29:37
8112,automatic,sleeper.com,Week 13,Drake,London,WR,ATL,17.0,2025-12-11 04:29:37
8183,automatic,fantasypros.com,Week 13,Brock,Purdy,QB,SF,17.0,2025-12-11 04:29:37
7523,automatic,fanduel.com,Week 13,Trevor,Lawrence,QB,JAX,17.0,2025-12-11 04:29:37
6768,automatic,sleeper.com,Week 14,Tua,Tagovailoa,QB,MIA,17.0,2025-12-11 04:29:37
6797,automatic,fantasypros.com,Week 14,Justin,Herbert,QB,LAC,17.0,2025-12-11 04:29:37
11563,automatic,espn.com,Week 15,Bo,Nix,QB,DEN,17.0,2025-12-11 04:29:37
2133,automatic,fantasypros.com,Week 15,Davante,Adams,WR,LAR,17.0,2025-12-11 04:29:37
,,espn.com,Week 15,Bo,Nix,RB,DEN,17.0,2025-12-11 04:29:37
3163,automatic,fanduel.com,Week 15,Jared,Goff,QB,DET,16.96,2025-12-11 04:29:37
11563,automatic,fanduel.com,Week 11,Bo,Nix,QB,DEN,16.95,2025-12-11 04:29:37
9224,automatic,fanduel.com,Week 12,Chase,Brown,RB,CIN,16.95,2025-12-11 04:29:37
9224,automatic,fanduel.com,Week 15,Chase,Brown,RB,CIN,16.94,2025-12-11 04:29:37
4943,automatic,fanduel.com,Week 10,Sam,Darnold,QB,SEA,16.9,2025-12-11 04:29:37
8138,automatic,sleeper.com,Week 10,James,Cook,RB,BUF,16.9,2025-12-11 04:29:37
6794,automatic,sleeper.com,Week 10,Justin,Jefferson,WR,MIN,16.9,2025-12-11 04:29:37
9221,automatic,firstdown.studio,Week 10,Jahmyr,Gibbs,RB,DET,16.9,2025-12-11 04:29:37
6786,automatic,fantasypros.com,Week 11,CeeDee,Lamb,WR,DAL,16.9,2025-12-11 04:29:37
12527,automatic,firstdown.studio,Week 11,Ashton,Jeanty,RB,LV,16.9,2025-12-11 04:29:37
4866,automatic,sleeper.com,Week 12,Saquon,Barkley,RB,PHI,16.9,2025-12-11 04:29:37
7588,automatic,sleeper.com,Week 12,Javonte,Williams,RB,DAL,16.9,2025-12-11 04:29:37
2133,automatic,espn.com,Week 12,Davante,Adams,WR,LAR,16.9,2025-12-11 04:29:37
9228,automatic,sleeper.com,Week 13,Bryce,Young,QB,CAR,16.9,2025-12-11 04:29:37
7547,automatic,fantasypros.com,Week 13,Amon-Ra,St. Brown,WR,DET,16.9,2025-12-11 04:29:37
12476,automatic,fanduel.com,Week 13,Devin,Neal,RB,NO,16.9,2025-12-11 04:29:37
11560,automatic,espn.com,Week 14,Caleb,Williams,QB,CHI,16.9,2025-12-11 04:29:37
7569,automatic,espn.com,Week 14,Nico,Collins,WR,HOU,16.9,2025-12-11 04:29:37
8138,automatic,sleeper.com,Week 15,James,Cook,RB,BUF,16.9,2025-12-11 04:29:37
8112,automatic,espn.com,Week 15,Drake,London,WR,ATL,16.9,2025-12-11 04:29:37
4943,automatic,fantasypros.com,Week 15,Sam,Darnold,QB,SEA,16.9,2025-12-11 04:29:37
7569,automatic,fantasypros.com,Week 15,Nico,Collins,WR,HOU,16.9,2025-12-11 04:29:37
3163,automatic,firstdown.studio,Week 15,Jared,Goff,QB,DET,16.9,2025-12-11 04:29:37
11559,automatic,sleeper.com,Week 10,Michael,Penix,QB,ATL,16.8,2025-12-11 04:29:37
7526,automatic,espn.com,Week 11,Jaylen,Waddle,WR,MIA,16.8,2025-12-11 04:29:37
8138,automatic,fantasypros.com,Week 11,James,Cook III,RB,BUF,16.8,2025-12-11 04:29:37
9758,automatic,firstdown.studio,Week 11,C.J.,Stroud,QB,HOU,16.8,2025-12-11 04:29:37
3198,automatic,sleeper.com,Week 12,Derrick,Henry,RB,BAL,16.8,2025-12-11 04:29:37
8144,automatic,sleeper.com,Week 12,Chris,Olave,WR,NO,16.8,2025-12-11 04:29:37
3257,automatic,espn.com,Week 12,Jacoby,Brissett,QB,ARI,16.8,2025-12-11 04:29:37
4866,automatic,espn.com,Week 12,Saquon,Barkley,RB,PHI,16.8,2025-12-11 04:29:37
4892,automatic,fantasypros.com,Week 12,Baker,Mayfield,QB,TB,16.8,2025-12-11 04:29:37
5859,automatic,espn.com,Week 13,A.J.,Brown,WR,PHI,16.8,2025-12-11 04:29:37
12529,automatic,fantasypros.com,Week 13,TreVeyon,Henderson,RB,NE,16.8,2025-12-11 04:29:37
3163,automatic,fanduel.com,Week 13,Jared,Goff,QB,DET,16.8,2025-12-11 04:29:37
10229,automatic,sleeper.com,Week 14,Rashee,Rice,WR,KC,16.8,2025-12-11 04:29:37
4881,automatic,espn.com,Week 14,Lamar,Jackson,QB,BAL,16.8,2025-12-11 04:29:37
5859,automatic,espn.com,Week 15,A.J.,Brown,WR,PHI,16.8,2025-12-11 04:29:37
,,espn.com,Week 15,A.J.,Brown,RB,PHI,16.8,2025-12-11 04:29:37
12514,automatic,fanduel.com,Week 11,Emeka,Egbuka,WR,TB,16.75,2025-12-11 04:29:37
5870,automatic,fanduel.com,Week 13,Daniel,Jones,QB,IND,16.74,2025-12-11 04:29:37
5870,automatic,fanduel.com,Week 14,Daniel,Jones,QB,IND,16.74,2025-12-11 04:29:37
7021,automatic,sleeper.com,Week 10,Rico,Dowdle,RB,CAR,16.7,2025-12-11 04:29:37
7591,automatic,espn.com,Week 10,Justin,Fields,QB,NYJ,16.7,2025-12-11 04:29:37
6804,automatic,fantasypros.com,Week 10,Jordan,Love,QB,GB,16.7,2025-12-11 04:29:37
19,automatic,espn.com,Week 11,Joe,Flacco,QB,CIN,16.7,2025-12-11 04:29:37
8138,automatic,sleeper.com,Week 12,James,Cook,RB,BUF,16.7,2025-12-11 04:29:37
7021,automatic,sleeper.com,Week 12,Rico,Dowdle,RB,CAR,16.7,2025-12-11 04:29:37
12514,automatic,espn.com,Week 12,Emeka,Egbuka,WR,TB,16.7,2025-12-11 04:29:37
2449,automatic,espn.com,Week 12,Stefon,Diggs,WR,NE,16.7,2025-12-11 04:29:37
6786,automatic,fantasypros.com,Week 12,CeeDee,Lamb,WR,DAL,16.7,2025-12-11 04:29:37
12545,automatic,sleeper.com,Week 13,Tyler,Shough,QB,NO,16.7,2025-12-11 04:29:37
12529,automatic,espn.com,Week 13,TreVeyon,Henderson,RB,NE,16.7,2025-12-11 04:29:37
9493,automatic,fantasypros.com,Week 14,Puka,Nacua,WR,LAR,16.7,2025-12-11 04:29:37
9758,automatic,espn.com,Week 14,C.J.,Stroud,QB,HOU,16.7,2025-12-11 04:29:37
2133,automatic,espn.com,Week 14,Davante,Adams,WR,LAR,16.7,2025-12-11 04:29:37
5850,automatic,sleeper.com,Week 15,Josh,Jacobs,RB,GB,16.7,2025-12-11 04:29:37
6813,automatic,espn.com,Week 15,Jonathan,Taylor,RB,IND,16.7,2025-12-11 04:29:37
11584,automatic,fantasypros.com,Week 15,Bucky,Irving,RB,TB,16.7,2025-12-11 04:29:37
8137,automatic,fantasypros.com,Week 15,George,Pickens,WR,DAL,16.7,2025-12-11 04:29:37
9226,automatic,firstdown.studio,Week 15,De'Von,Achane,RB,MIA,16.7,2025-12-11 04:29:37
6804,automatic,fanduel.com,Week 12,Jordan,Love,QB,GB,16.69,2025-12-11 04:29:37
6804,automatic,fanduel.com,Week 14,Jordan,Love,QB,GB,16.68,2025-12-11 04:29:37
3163,automatic,fanduel.com,Week 11,Jared,Goff,QB,DET,16.67,2025-12-11 04:29:37
8137,automatic,fanduel.com,Week 15,George,Pickens,WR,DAL,16.66,2025-12-11 04:29:37
10229,automatic,fanduel.com,Week 13,Rashee,Rice,WR,KC,16.63,2025-12-11 04:29:37
4866,automatic,fanduel.com,Week 15,Saquon,Barkley,RB,PHI,16.63,2025-12-11 04:29:37
3198,automatic,fanduel.com,Week 15,Derrick,Henry,RB,BAL,16.63,2025-12-11 04:29:37
2133,automatic,fanduel.com,Week 10,Davante,Adams,WR,LAR,16.61,2025-12-11 04:29:37
8136,automatic,sleeper.com,Week 10,Rachaad,White,RB,TB,16.6,2025-12-11 04:29:37
4943,automatic,espn.com,Week 10,Sam,Darnold,QB,SEA,16.6,2025-12-11 04:29:37
8138,automatic,firstdown.studio,Week 10,James,Cook,RB,BUF,16.6,2025-12-11 04:29:37
6794,automatic,firstdown.studio,Week 10,Justin,Jefferson,WR,MIN,16.6,2025-12-11 04:29:37
10229,automatic,sleeper.com,Week 11,Rashee,Rice,WR,KC,16.6,2025-12-11 04:29:37
1373,automatic,espn.com,Week 11,Geno,Smith,QB,LV,16.6,2025-12-11 04:29:37
7527,automatic,espn.com,Week 11,Mac,Jones,QB,SF,16.6,2025-12-11 04:29:37
12514,automatic,espn.com,Week 11,Emeka,Egbuka,WR,TB,16.6,2025-12-11 04:29:37
7547,automatic,fantasypros.com,Week 11,Amon-Ra,St. Brown,WR,DET,16.6,2025-12-11 04:29:37
4892,automatic,firstdown.studio,Week 11,Baker,Mayfield,QB,TB,16.6,2025-12-11 04:29:37
6804,automatic,firstdown.studio,Week 11,Jordan,Love,QB,GB,16.6,2025-12-11 04:29:37
6801,automatic,espn.com,Week 12,Tee,Higgins,WR,CIN,16.6,2025-12-11 04:29:37
8137,automatic,espn.com,Week 12,George,Pickens,WR,DAL,16.6,2025-12-11 04:29:37
4943,automatic,fantasypros.com,Week 12,Sam,Darnold,QB,SEA,16.6,2025-12-11 04:29:37
1166,automatic,sleeper.com,Week 13,Kirk,Cousins,QB,ATL,16.6,2025-12-11 04:29:37
9493,automatic,fantasypros.com,Week 13,Puka,Nacua,WR,LAR,16.6,2025-12-11 04:29:37
5870,automatic,fantasypros.com,Week 14,Daniel,Jones,QB,IND,16.6,2025-12-11 04:29:37
8155,automatic,espn.com,Week 14,Breece,Hall,RB,NYJ,16.6,2025-12-11 04:29:37
7569,automatic,sleeper.com,Week 15,Nico,Collins,WR,HOU,16.6,2025-12-11 04:29:37
5850,automatic,espn.com,Week 15,Josh,Jacobs,RB,GB,16.6,2025-12-11 04:29:37
4943,automatic,firstdown.studio,Week 15,Sam,Darnold,QB,SEA,16.6,2025-12-11 04:29:37
8112,automatic,fanduel.com,Week 10,Drake,London,WR,ATL,16.58,2025-12-11 04:29:37
7523,automatic,fanduel.com,Week 12,Trevor,Lawrence,QB,JAX,16.58,2025-12-11 04:29:37
9997,automatic,fanduel.com,Week 13,Zay,Flowers,WR,BAL,16.56,2025-12-11 04:29:37
12508,automatic,fanduel.com,Week 13,Jaxson,Dart,QB,NYG,16.52,2025-12-11 04:29:37
12545,automatic,sleeper.com,Week 10,Tyler,Shough,QB,NO,16.5,2025-12-11 04:29:37
2133,automatic,espn.com,Week 10,Davante,Adams,WR,LAR,16.5,2025-12-11 04:29:37
5850,automatic,fantasypros.com,Week 10,Josh,Jacobs,RB,GB,16.5,2025-12-11 04:29:37
7569,automatic,sleeper.com,Week 11,Nico,Collins,WR,HOU,16.5,2025-12-11 04:29:37
3257,automatic,fantasypros.com,Week 11,Jacoby,Brissett,QB,ARI,16.5,2025-12-11 04:29:37
2307,automatic,firstdown.studio,Week 11,Marcus,Mariota,QB,WAS,16.5,2025-12-11 04:29:37
7585,automatic,espn.com,Week 12,Davis,Mills,QB,HOU,16.5,2025-12-11 04:29:37
7021,automatic,fantasypros.com,Week 12,Rico,Dowdle,RB,CAR,16.5,2025-12-11 04:29:37
7523,automatic,espn.com,Week 13,Trevor,Lawrence,QB,JAX,16.5,2025-12-11 04:29:37
2133,automatic,espn.com,Week 13,Davante,Adams,WR,LAR,16.5,2025-12-11 04:29:37
12508,automatic,fantasypros.com,Week 13,Jaxson,Dart,QB,NYG,16.5,2025-12-11 04:29:37
6804,automatic,fantasypros.com,Week 15,Jordan,Love,QB,GB,16.5,2025-12-11 04:29:37
5859,automatic,fantasypros.com,Week 15,A.J.,Brown,WR,PHI,16.5,2025-12-11 04:29:37
10229,automatic,fanduel.com,Week 12,Rashee,Rice,WR,KC,16.49,2025-12-11 04:29:37
4943,automatic,fanduel.com,Week 14,Sam,Darnold,QB,SEA,16.49,2025-12-11 04:29:37
4943,automatic,fanduel.com,Week 11,Sam,Darnold,QB,SEA,16.47,2025-12-11 04:29:37
4943,automatic,fanduel.com,Week 13,Sam,Darnold,QB,SEA,16.47,2025-12-11 04:29:37
2133,automatic,fanduel.com,Week 12,Davante,Adams,WR,LAR,16.46,2025-12-11 04:29:37
8130,automatic,fanduel.com,Week 13,Trey,McBride,TE,ARI,16.46,2025-12-11 04:29:37
2133,automatic,fanduel.com,Week 13,Davante,Adams,WR,LAR,16.45,2025-12-11 04:29:37
8112,automatic,fanduel.com,Week 11,Drake,London,WR,ATL,16.44,2025-12-11 04:29:37
8146,automatic,sleeper.com,Week 10,Garrett,Wilson,WR,NYJ,16.4,2025-12-11 04:29:37
4866,automatic,sleeper.com,Week 10,Saquon,Barkley,RB,PHI,16.4,2025-12-11 04:29:37
2307,automatic,fantasypros.com,Week 10,Marcus,Mariota,QB,WAS,16.4,2025-12-11 04:29:37
7021,automatic,sleeper.com,Week 11,Rico,Dowdle,RB,CAR,16.4,2025-12-11 04:29:37
10229,automatic,espn.com,Week 11,Rashee,Rice,WR,KC,16.4,2025-12-11 04:29:37
8228,automatic,fantasypros.com,Week 11,Jaylen,Warren,RB,PIT,16.4,2025-12-11 04:29:37
7569,automatic,espn.com,Week 12,Nico,Collins,WR,HOU,16.4,2025-12-11 04:29:37
12526,automatic,espn.com,Week 12,Tetairoa,McMillan,WR,CAR,16.4,2025-12-11 04:29:37
12514,automatic,fantasypros.com,Week 12,Emeka,Egbuka,WR,TB,16.4,2025-12-11 04:29:37
7588,automatic,sleeper.com,Week 13,Javonte,Williams,RB,DAL,16.4,2025-12-11 04:29:37
7569,automatic,espn.com,Week 13,Nico,Collins,WR,HOU,16.4,2025-12-11 04:29:37
4866,automatic,fantasypros.com,Week 13,Saquon,Barkley,RB,PHI,16.4,2025-12-11 04:29:37
96,automatic,fanduel.com,Week 13,Aaron,Rodgers,QB,PIT,16.4,2025-12-11 04:29:37
1166,automatic,sleeper.com,Week 14,Kirk,Cousins,QB,ATL,16.4,2025-12-11 04:29:37
2133,automatic,fantasypros.com,Week 14,Davante,Adams,WR,LAR,16.4,2025-12-11 04:29:37
2307,automatic,espn.com,Week 14,Marcus,Mariota,QB,WAS,16.4,2025-12-11 04:29:37
3198,automatic,espn.com,Week 14,Derrick,Henry,RB,BAL,16.4,2025-12-11 04:29:37
11584,automatic,espn.com,Week 14,Bucky,Irving,RB,TB,16.4,2025-12-11 04:29:37
4866,automatic,espn.com,Week 15,Saquon,Barkley,RB,PHI,16.4,2025-12-11 04:29:37
2133,automatic,espn.com,Week 15,Davante,Adams,WR,LAR,16.4,2025-12-11 04:29:37
2307,automatic,firstdown.studio,Week 15,Marcus,Mariota,QB,WAS,16.4,2025-12-11 04:29:37
,,espn.com,Week 15,Davante,Adams,RB,LAR,16.4,2025-12-11 04:29:37
3294,automatic,fanduel.com,Week 12,Dak,Prescott,QB,DAL,16.36,2025-12-11 04:29:37
4943,automatic,fanduel.com,Week 12,Sam,Darnold,QB,SEA,16.35,2025-12-11 04:29:37
8130,automatic,fanduel.com,Week 12,Trey,McBride,TE,ARI,16.34,2025-12-11 04:29:37
5850,automatic,fanduel.com,Week 13,Josh,Jacobs,RB,GB,16.34,2025-12-11 04:29:37
6797,automatic,fanduel.com,Week 15,Justin,Herbert,QB,LAC,16.34,2025-12-11 04:29:37
8148,automatic,fanduel.com,Week 14,Jameson,Williams,WR,DET,16.32,2025-12-11 04:29:37
8112,automatic,sleeper.com,Week 10,Drake,London,WR,ATL,16.3,2025-12-11 04:29:37
8150,automatic,sleeper.com,Week 10,Kyren,Williams,RB,LAR,16.3,2025-12-11 04:29:37
2307,automatic,espn.com,Week 10,Marcus,Mariota,QB,WAS,16.3,2025-12-11 04:29:37
6794,automatic,fantasypros.com,Week 10,Justin,Jefferson,WR,MIN,16.3,2025-12-11 04:29:37
12529,automatic,sleeper.com,Week 11,TreVeyon,Henderson,RB,NE,16.3,2025-12-11 04:29:37
7591,automatic,espn.com,Week 11,Justin,Fields,QB,NYJ,16.3,2025-12-11 04:29:37
7569,automatic,espn.com,Week 11,Nico,Collins,WR,HOU,16.3,2025-12-11 04:29:37
7527,automatic,firstdown.studio,Week 11,Mac,Jones,QB,SF,16.3,2025-12-11 04:29:37
7588,automatic,firstdown.studio,Week 11,Javonte,Williams,RB,DAL,16.3,2025-12-11 04:29:37
6801,automatic,sleeper.com,Week 12,Tee,Higgins,WR,CIN,16.3,2025-12-11 04:29:37
5859,automatic,espn.com,Week 12,A.J.,Brown,WR,PHI,16.3,2025-12-11 04:29:37
6804,automatic,fantasypros.com,Week 12,Jordan,Love,QB,GB,16.3,2025-12-11 04:29:37
4866,automatic,fantasypros.com,Week 12,Saquon,Barkley,RB,PHI,16.3,2025-12-11 04:29:37
8155,automatic,espn.com,Week 13,Breece,Hall,RB,NYJ,16.3,2025-12-11 04:29:37
3198,automatic,sleeper.com,Week 14,Derrick,Henry,RB,BAL,16.3,2025-12-11 04:29:37
4943,automatic,fantasypros.com,Week 14,Sam,Darnold,QB,SEA,16.3,2025-12-11 04:29:37
5859,automatic,espn.com,Week 14,A.J.,Brown,WR,PHI,16.3,2025-12-11 04:29:37
8138,automatic,espn.com,Week 15,James,Cook,RB,BUF,16.3,2025-12-11 04:29:37
7569,automatic,espn.com,Week 15,Nico,Collins,WR,HOU,16.3,2025-12-11 04:29:37
8137,automatic,espn.com,Week 15,George,Pickens,WR,DAL,16.3,2025-12-11 04:29:37
11565,automatic,fantasypros.com,Week 15,J.J.,McCarthy,QB,MIN,16.3,2025-12-11 04:29:37
,,espn.com,Week 15,Nico,Collins,RB,HOU,16.3,2025-12-11 04:29:37
,,espn.com,Week 15,George,Pickens,RB,DAL,16.3,2025-12-11 04:29:37
12527,automatic,fanduel.com,Week 14,Ashton,Jeanty,RB,LV,16.28,2025-12-11 04:29:37
5850,automatic,fanduel.com,Week 10,Josh,Jacobs,RB,GB,16.26,2025-12-11 04:29:37
12529,automatic,fanduel.com,Week 12,TreVeyon,Henderson,RB,NE,16.26,2025-12-11 04:29:37
12514,automatic,fanduel.com,Week 10,Emeka,Egbuka,WR,TB,16.23,2025-12-11 04:29:37
3257,automatic,fanduel.com,Week 11,Jacoby,Brissett,QB,ARI,16.23,2025-12-11 04:29:37
6794,automatic,fanduel.com,Week 14,Justin,Jefferson,WR,MIN,16.22,2025-12-11 04:29:37
8136,automatic,espn.com,Week 10,Rachaad,White,RB,TB,16.2,2025-12-11 04:29:37
3163,automatic,espn.com,Week 11,Jared,Goff,QB,DET,16.2,2025-12-11 04:29:37
8112,automatic,fantasypros.com,Week 11,Drake,London,WR,ATL,16.2,2025-12-11 04:29:37
6768,automatic,firstdown.studio,Week 11,Tua,Tagovailoa,QB,MIA,16.2,2025-12-11 04:29:37
11604,automatic,firstdown.studio,Week 11,Brock,Bowers,TE,LV,16.2,2025-12-11 04:29:37
9997,automatic,fanduel.com,Week 11,Zay,Flowers,WR,BAL,16.2,2025-12-11 04:29:37
7585,automatic,sleeper.com,Week 12,Davis,Mills,QB,HOU,16.2,2025-12-11 04:29:37
827,automatic,sleeper.com,Week 12,Tyrod,Taylor,QB,NYJ,16.2,2025-12-11 04:29:37
9224,automatic,sleeper.com,Week 12,Chase,Brown,RB,CIN,16.2,2025-12-11 04:29:37
2133,automatic,fantasypros.com,Week 12,Davante,Adams,WR,LAR,16.2,2025-12-11 04:29:37
12529,automatic,sleeper.com,Week 13,TreVeyon,Henderson,RB,NE,16.2,2025-12-11 04:29:37
2133,automatic,fantasypros.com,Week 13,Davante,Adams,WR,LAR,16.2,2025-12-11 04:29:37
6797,automatic,espn.com,Week 14,Justin,Herbert,QB,LAC,16.2,2025-12-11 04:29:37
8137,automatic,sleeper.com,Week 15,George,Pickens,WR,DAL,16.2,2025-12-11 04:29:37
10229,automatic,sleeper.com,Week 15,Rashee,Rice,WR,KC,16.2,2025-12-11 04:29:37
4866,automatic,fanduel.com,Week 10,Saquon,Barkley,RB,PHI,16.18,2025-12-11 04:29:37
8138,automatic,fanduel.com,Week 13,James,Cook,RB,BUF,16.15,2025-12-11 04:29:37
7591,automatic,fanduel.com,Week 10,Justin,Fields,QB,NYJ,16.1,2025-12-11 04:29:37
12486,automatic,sleeper.com,Week 10,Dillon,Gabriel,QB,CLE,16.1,2025-12-11 04:29:37
4892,automatic,espn.com,Week 10,Baker,Mayfield,QB,TB,16.1,2025-12-11 04:29:37
4866,automatic,espn.com,Week 10,Saquon,Barkley,RB,PHI,16.1,2025-12-11 04:29:37
11565,automatic,fantasypros.com,Week 10,J.J.,McCarthy,QB,MIN,16.1,2025-12-11 04:29:37
5850,automatic,firstdown.studio,Week 10,Josh,Jacobs,RB,GB,16.1,2025-12-11 04:29:37
7588,automatic,espn.com,Week 11,Javonte,Williams,RB,DAL,16.1,2025-12-11 04:29:37
4943,automatic,firstdown.studio,Week 11,Sam,Darnold,QB,SEA,16.1,2025-12-11 04:29:37
6794,automatic,firstdown.studio,Week 11,Justin,Jefferson,WR,MIN,16.1,2025-12-11 04:29:37
7569,automatic,fantasypros.com,Week 12,Nico,Collins,WR,HOU,16.1,2025-12-11 04:29:37
7569,automatic,sleeper.com,Week 13,Nico,Collins,WR,HOU,16.1,2025-12-11 04:29:37
5850,automatic,sleeper.com,Week 13,Josh,Jacobs,RB,GB,16.1,2025-12-11 04:29:37
7523,automatic,espn.com,Week 14,Trevor,Lawrence,QB,JAX,16.1,2025-12-11 04:29:37
8112,automatic,espn.com,Week 14,Drake,London,WR,ATL,16.1,2025-12-11 04:29:37
11560,automatic,espn.com,Week 15,Caleb,Williams,QB,CHI,16.1,2025-12-11 04:29:37
11563,automatic,fantasypros.com,Week 15,Bo,Nix,QB,DEN,16.1,2025-12-11 04:29:37
,,espn.com,Week 15,Caleb,Williams,RB,CHI,16.1,2025-12-11 04:29:37
11565,automatic,fanduel.com,Week 15,J.J.,McCarthy,QB,MIN,16.09,2025-12-11 04:29:37
8183,automatic,fanduel.com,Week 13,Brock,Purdy,QB,SF,16.05,2025-12-11 04:29:37
12527,automatic,fanduel.com,Week 12,Ashton,Jeanty,RB,LV,16.02,2025-12-11 04:29:37
8138,automatic,fanduel.com,Week 15,James,Cook,RB,BUF,16.02,2025-12-11 04:29:37
8130,automatic,sleeper.com,Week 10,Trey,McBride,TE,ARI,16.0,2025-12-11 04:29:37
11604,automatic,sleeper.com,Week 10,Brock,Bowers,TE,LV,16.0,2025-12-11 04:29:37
11559,automatic,espn.com,Week 10,Michael,Penix Jr.,QB,ATL,16.0,2025-12-11 04:29:37
1373,automatic,fantasypros.com,Week 11,Geno,Smith,QB,LV,16.0,2025-12-11 04:29:37
4866,automatic,fantasypros.com,Week 11,Saquon,Barkley,RB,PHI,16.0,2025-12-11 04:29:37
3163,automatic,firstdown.studio,Week 11,Jared,Goff,QB,DET,16.0,2025-12-11 04:29:37
11563,automatic,firstdown.studio,Week 11,Bo,Nix,QB,DEN,16.0,2025-12-11 04:29:37
12529,automatic,sleeper.com,Week 12,TreVeyon,Henderson,RB,NE,16.0,2025-12-11 04:29:37
2449,automatic,sleeper.com,Week 12,Stefon,Diggs,WR,NE,16.0,2025-12-11 04:29:37
12545,automatic,espn.com,Week 12,Tyler,Shough,QB,NO,16.0,2025-12-11 04:29:37
7523,automatic,fantasypros.com,Week 12,Trevor,Lawrence,QB,JAX,16.0,2025-12-11 04:29:37
5870,automatic,fantasypros.com,Week 13,Daniel,Jones,QB,IND,16.0,2025-12-11 04:29:37
8150,automatic,fantasypros.com,Week 13,Kyren,Williams,RB,LAR,16.0,2025-12-11 04:29:37
8148,automatic,espn.com,Week 14,Jameson,Williams,WR,DET,16.0,2025-12-11 04:29:37
3198,automatic,fantasypros.com,Week 15,Derrick,Henry,RB,BAL,16.0,2025-12-11 04:29:37
8138,automatic,fantasypros.com,Week 15,James,Cook III,RB,BUF,16.0,2025-12-11 04:29:37
8130,automatic,fanduel.com,Week 14,Trey,McBride,TE,ARI,15.98,2025-12-11 04:29:37
12514,automatic,fanduel.com,Week 12,Emeka,Egbuka,WR,TB,15.97,2025-12-11 04:29:37
4866,automatic,fanduel.com,Week 12,Saquon,Barkley,RB,PHI,15.94,2025-12-11 04:29:37
2133,automatic,fanduel.com,Week 15,Davante,Adams,WR,LAR,15.93,2025-12-11 04:29:37
12514,automatic,firstdown.studio,Week 10,Emeka,Egbuka,WR,TB,15.9,2025-12-11 04:29:37
10229,automatic,fantasypros.com,Week 11,Rashee,Rice,WR,KC,15.9,2025-12-11 04:29:37
5859,automatic,sleeper.com,Week 12,A.J.,Brown,WR,PHI,15.9,2025-12-11 04:29:37
7525,automatic,sleeper.com,Week 12,DeVonta,Smith,WR,PHI,15.9,2025-12-11 04:29:37
19,automatic,espn.com,Week 12,Joe,Flacco,QB,CIN,15.9,2025-12-11 04:29:37
7588,automatic,fantasypros.com,Week 12,Javonte,Williams,RB,DAL,15.9,2025-12-11 04:29:37
12529,automatic,fantasypros.com,Week 12,TreVeyon,Henderson,RB,NE,15.9,2025-12-11 04:29:37
8144,automatic,sleeper.com,Week 13,Chris,Olave,WR,NO,15.9,2025-12-11 04:29:37
3163,automatic,espn.com,Week 13,Jared,Goff,QB,DET,15.9,2025-12-11 04:29:37
827,automatic,espn.com,Week 13,Tyrod,Taylor,QB,NYJ,15.9,2025-12-11 04:29:37
8144,automatic,espn.com,Week 13,Chris,Olave,WR,NO,15.9,2025-12-11 04:29:37
6786,automatic,fantasypros.com,Week 13,CeeDee,Lamb,WR,DAL,15.9,2025-12-11 04:29:37
7569,automatic,sleeper.com,Week 14,Nico,Collins,WR,HOU,15.9,2025-12-11 04:29:37
7523,automatic,fantasypros.com,Week 14,Trevor,Lawrence,QB,JAX,15.9,2025-12-11 04:29:37
8148,automatic,fantasypros.com,Week 14,Jameson,Williams,WR,DET,15.9,2025-12-11 04:29:37
827,automatic,espn.com,Week 14,Tyrod,Taylor,QB,NYJ,15.9,2025-12-11 04:29:37
12527,automatic,espn.com,Week 14,Ashton,Jeanty,RB,LV,15.9,2025-12-11 04:29:37
9758,automatic,fantasypros.com,Week 15,C.J.,Stroud,QB,HOU,15.9,2025-12-11 04:29:37
7526,automatic,fantasypros.com,Week 15,Jaylen,Waddle,WR,MIA,15.9,2025-12-11 04:29:37
12527,automatic,fanduel.com,Week 11,Ashton,Jeanty,RB,LV,15.89,2025-12-11 04:29:37
12512,automatic,fanduel.com,Week 12,Quinshon,Judkins,RB,CLE,15.88,2025-12-11 04:29:37
11559,automatic,fanduel.com,Week 10,Michael,Penix Jr.,QB,ATL,15.87,2025-12-11 04:29:37
8137,automatic,fanduel.com,Week 13,George,Pickens,WR,DAL,15.86,2025-12-11 04:29:37
11559,automatic,fanduel.com,Week 11,Michael,Penix Jr.,QB,ATL,15.84,2025-12-11 04:29:37
3257,automatic,fanduel.com,Week 12,Jacoby,Brissett,QB,ARI,15.82,2025-12-11 04:29:37
3198,automatic,sleeper.com,Week 10,Derrick,Henry,RB,BAL,15.8,2025-12-11 04:29:37
3198,automatic,espn.com,Week 10,Derrick,Henry,RB,BAL,15.8,2025-12-11 04:29:37
11604,automatic,espn.com,Week 10,Brock,Bowers,TE,LV,15.8,2025-12-11 04:29:37
7591,automatic,fantasypros.com,Week 10,Justin,Fields,QB,NYJ,15.8,2025-12-11 04:29:37
12514,automatic,fantasypros.com,Week 10,Emeka,Egbuka,WR,TB,15.8,2025-12-11 04:29:37
8112,automatic,firstdown.studio,Week 10,Drake,London,WR,ATL,15.8,2025-12-11 04:29:37
3198,automatic,sleeper.com,Week 11,Derrick,Henry,RB,BAL,15.8,2025-12-11 04:29:37
12486,automatic,sleeper.com,Week 11,Dillon,Gabriel,QB,CLE,15.8,2025-12-11 04:29:37
1373,automatic,firstdown.studio,Week 11,Geno,Smith,QB,LV,15.8,2025-12-11 04:29:37
8138,automatic,firstdown.studio,Week 11,James,Cook,RB,BUF,15.8,2025-12-11 04:29:37
2133,automatic,sleeper.com,Week 12,Davante,Adams,WR,LAR,15.8,2025-12-11 04:29:37
9224,automatic,espn.com,Week 12,Chase,Brown,RB,CIN,15.8,2025-12-11 04:29:37
8138,automatic,espn.com,Week 12,James,Cook,RB,BUF,15.8,2025-12-11 04:29:37
19,automatic,fantasypros.com,Week 12,Joe,Flacco,QB,CIN,15.8,2025-12-11 04:29:37
8138,automatic,sleeper.com,Week 13,James,Cook,RB,BUF,15.8,2025-12-11 04:29:37
2133,automatic,sleeper.com,Week 13,Davante,Adams,WR,LAR,15.8,2025-12-11 04:29:37
4866,automatic,sleeper.com,Week 13,Saquon,Barkley,RB,PHI,15.8,2025-12-11 04:29:37
9997,automatic,sleeper.com,Week 13,Zay,Flowers,WR,BAL,15.8,2025-12-11 04:29:37
8183,automatic,espn.com,Week 13,Brock,Purdy,QB,SF,15.8,2025-12-11 04:29:37
8144,automatic,fantasypros.com,Week 14,Chris,Olave,WR,NO,15.8,2025-12-11 04:29:37
3163,automatic,espn.com,Week 15,Jared,Goff,QB,DET,15.8,2025-12-11 04:29:37
6797,automatic,espn.com,Week 15,Justin,Herbert,QB,LAC,15.8,2025-12-11 04:29:37
10232,automatic,fantasypros.com,Week 15,Michael,Wilson,WR,ARI,15.8,2025-12-11 04:29:37
8144,automatic,fanduel.com,Week 15,Chris,Olave,WR,NO,15.8,2025-12-11 04:29:37
6794,automatic,fanduel.com,Week 15,Justin,Jefferson,WR,MIN,15.8,2025-12-11 04:29:37
,,espn.com,Week 15,Jared,Goff,RB,DET,15.8,2025-12-11 04:29:37
,,espn.com,Week 15,Justin,Herbert,RB,LAC,15.8,2025-12-11 04:29:37
8155,automatic,fanduel.com,Week 12,Breece,Hall,RB,NYJ,15.78,2025-12-11 04:29:37
11560,automatic,fanduel.com,Week 13,Caleb,Williams,QB,CHI,15.75,2025-12-11 04:29:37
7569,automatic,espn.com,Week 10,Nico,Collins,WR,HOU,15.7,2025-12-11 04:29:37
6804,automatic,firstdown.studio,Week 10,Jordan,Love,QB,GB,15.7,2025-12-11 04:29:37
3257,automatic,firstdown.studio,Week 10,Jacoby,Brissett,QB,ARI,15.7,2025-12-11 04:29:37
11565,automatic,firstdown.studio,Week 10,J.J.,McCarthy,QB,MIN,15.7,2025-12-11 04:29:37
11559,automatic,espn.com,Week 11,Michael,Penix Jr.,QB,ATL,15.7,2025-12-11 04:29:37
2133,automatic,espn.com,Week 11,Davante,Adams,WR,LAR,15.7,2025-12-11 04:29:37
5859,automatic,espn.com,Week 11,A.J.,Brown,WR,PHI,15.7,2025-12-11 04:29:37
2449,automatic,fantasypros.com,Week 12,Stefon,Diggs,WR,NE,15.7,2025-12-11 04:29:37
6804,automatic,espn.com,Week 13,Jordan,Love,QB,GB,15.7,2025-12-11 04:29:37
9224,automatic,espn.com,Week 13,Chase,Brown,RB,CIN,15.7,2025-12-11 04:29:37
8148,automatic,sleeper.com,Week 14,Jameson,Williams,WR,DET,15.7,2025-12-11 04:29:37
7547,automatic,sleeper.com,Week 14,Amon-Ra,St. Brown,WR,DET,15.7,2025-12-11 04:29:37
2133,automatic,sleeper.com,Week 15,Davante,Adams,WR,LAR,15.7,2025-12-11 04:29:37
12470,automatic,sleeper.com,Week 15,Riley,Leonard,QB,IND,15.7,2025-12-11 04:29:37
6794,automatic,espn.com,Week 15,Justin,Jefferson,WR,MIN,15.7,2025-12-11 04:29:37
,,espn.com,Week 15,Justin,Jefferson,RB,MIN,15.7,2025-12-11 04:29:37
11560,automatic,fanduel.com,Week 15,Caleb,Williams,QB,CHI,15.68,2025-12-11 04:29:37
11604,automatic,fanduel.com,Week 10,Brock,Bowers,TE,LV,15.65,2025-12-11 04:29:37
3198,automatic,fanduel.com,Week 13,Derrick,Henry,RB,BAL,15.64,2025-12-11 04:29:37
8228,automatic,fanduel.com,Week 11,Jaylen,Warren,RB,PIT,15.63,2025-12-11 04:29:37
3198,automatic,fanduel.com,Week 12,Derrick,Henry,RB,BAL,15.63,2025-12-11 04:29:37
7591,automatic,fanduel.com,Week 11,Justin,Fields,QB,NYJ,15.62,2025-12-11 04:29:37
8150,automatic,espn.com,Week 10,Kyren,Williams,RB,LAR,15.6,2025-12-11 04:29:37
9997,automatic,espn.com,Week 10,Zay,Flowers,WR,BAL,15.6,2025-12-11 04:29:37
12514,automatic,espn.com,Week 10,Emeka,Egbuka,WR,TB,15.6,2025-12-11 04:29:37
8130,automatic,fantasypros.com,Week 10,Trey,McBride,TE,ARI,15.6,2025-12-11 04:29:37
2307,automatic,firstdown.studio,Week 10,Marcus,Mariota,QB,WAS,15.6,2025-12-11 04:29:37
7526,automatic,sleeper.com,Week 11,Jaylen,Waddle,WR,MIA,15.6,2025-12-11 04:29:37
4866,automatic,sleeper.com,Week 11,Saquon,Barkley,RB,PHI,15.6,2025-12-11 04:29:37
9224,automatic,sleeper.com,Week 11,Chase,Brown,RB,CIN,15.6,2025-12-11 04:29:37
9224,automatic,fantasypros.com,Week 11,Chase,Brown,RB,CIN,15.6,2025-12-11 04:29:37
6794,automatic,fantasypros.com,Week 11,Justin,Jefferson,WR,MIN,15.6,2025-12-11 04:29:37
6819,automatic,espn.com,Week 12,Michael,Pittman Jr.,WR,IND,15.6,2025-12-11 04:29:37
6801,automatic,fantasypros.com,Week 12,Tee,Higgins,WR,CIN,15.6,2025-12-11 04:29:37
12775,automatic,sleeper.com,Week 13,Max,Brosmer,QB,MIN,15.6,2025-12-11 04:29:37
7543,automatic,fantasypros.com,Week 13,Travis,Etienne Jr.,RB,JAX,15.6,2025-12-11 04:29:37
8137,automatic,fantasypros.com,Week 13,George,Pickens,WR,DAL,15.6,2025-12-11 04:29:37
9224,automatic,sleeper.com,Week 14,Chase,Brown,RB,CIN,15.6,2025-12-11 04:29:37
8144,automatic,sleeper.com,Week 14,Chris,Olave,WR,NO,15.6,2025-12-11 04:29:37
11560,automatic,fantasypros.com,Week 14,Caleb,Williams,QB,CHI,15.6,2025-12-11 04:29:37
11584,automatic,fantasypros.com,Week 14,Bucky,Irving,RB,TB,15.6,2025-12-11 04:29:37
9997,automatic,sleeper.com,Week 15,Zay,Flowers,WR,BAL,15.6,2025-12-11 04:29:37
11565,automatic,espn.com,Week 15,J.J.,McCarthy,QB,MIN,15.6,2025-12-11 04:29:37
3257,automatic,fantasypros.com,Week 15,Jacoby,Brissett,QB,ARI,15.6,2025-12-11 04:29:37
7543,automatic,fantasypros.com,Week 15,Travis,Etienne Jr.,RB,JAX,15.6,2025-12-11 04:29:37
11563,automatic,firstdown.studio,Week 15,Bo,Nix,QB,DEN,15.6,2025-12-11 04:29:37
11560,automatic,firstdown.studio,Week 15,Caleb,Williams,QB,CHI,15.6,2025-12-11 04:29:37
3198,automatic,firstdown.studio,Week 15,Derrick,Henry,RB,BAL,15.6,2025-12-11 04:29:37
6813,automatic,firstdown.studio,Week 15,Jonathan,Taylor,RB,IND,15.6,2025-12-11 04:29:37
,,espn.com,Week 15,J.J.,McCarthy,RB,MIN,15.6,2025-12-11 04:29:37
6804,automatic,fanduel.com,Week 13,Jordan,Love,QB,GB,15.59,2025-12-11 04:29:37
11563,automatic,fanduel.com,Week 15,Bo,Nix,QB,DEN,15.59,2025-12-11 04:29:37
7588,automatic,fanduel.com,Week 11,Javonte,Williams,RB,DAL,15.55,2025-12-11 04:29:37
8155,automatic,fanduel.com,Week 15,Breece,Hall,RB,NYJ,15.55,2025-12-11 04:29:37
96,automatic,fanduel.com,Week 10,Aaron,Rodgers,QB,PIT,15.52,2025-12-11 04:29:37
8228,automatic,sleeper.com,Week 10,Jaylen,Warren,RB,PIT,15.5,2025-12-11 04:29:37
3257,automatic,fantasypros.com,Week 10,Jacoby,Brissett,QB,ARI,15.5,2025-12-11 04:29:37
11604,automatic,firstdown.studio,Week 10,Brock,Bowers,TE,LV,15.5,2025-12-11 04:29:37
4866,automatic,espn.com,Week 11,Saquon,Barkley,RB,PHI,15.5,2025-12-11 04:29:37
11563,automatic,fantasypros.com,Week 11,Bo,Nix,QB,DEN,15.5,2025-12-11 04:29:37
6794,automatic,sleeper.com,Week 12,Justin,Jefferson,WR,MIN,15.5,2025-12-11 04:29:37
827,automatic,espn.com,Week 12,Tyrod,Taylor,QB,NYJ,15.5,2025-12-11 04:29:37
9228,automatic,fantasypros.com,Week 12,Bryce,Young,QB,CAR,15.5,2025-12-11 04:29:37
8144,automatic,fantasypros.com,Week 12,Chris,Olave,WR,NO,15.5,2025-12-11 04:29:37
4892,automatic,espn.com,Week 13,Baker,Mayfield,QB,TB,15.5,2025-12-11 04:29:37
12527,automatic,espn.com,Week 13,Ashton,Jeanty,RB,LV,15.5,2025-12-11 04:29:37
6768,automatic,fantasypros.com,Week 13,Tua,Tagovailoa,QB,MIA,15.5,2025-12-11 04:29:37
8155,automatic,fantasypros.com,Week 14,Breece,Hall,RB,NYJ,15.5,2025-12-11 04:29:37
8130,automatic,espn.com,Week 14,Trey,McBride,TE,ARI,15.5,2025-12-11 04:29:37
11584,automatic,sleeper.com,Week 15,Bucky,Irving,RB,TB,15.5,2025-12-11 04:29:37
7543,automatic,fanduel.com,Week 11,Travis,Etienne,RB,JAX,15.49,2025-12-11 04:29:37
5859,automatic,fanduel.com,Week 11,A.J.,Brown,WR,PHI,15.49,2025-12-11 04:29:37
8130,automatic,fanduel.com,Week 15,Trey,McBride,TE,ARI,15.48,2025-12-11 04:29:37
9224,automatic,fanduel.com,Week 14,Chase,Brown,RB,CIN,15.47,2025-12-11 04:29:37
10229,automatic,fanduel.com,Week 15,Rashee,Rice,WR,KC,15.47,2025-12-11 04:29:37
4866,automatic,fanduel.com,Week 14,Saquon,Barkley,RB,PHI,15.46,2025-12-11 04:29:37
1373,automatic,fanduel.com,Week 11,Geno,Smith,QB,LV,15.42,2025-12-11 04:29:37
7021,automatic,fanduel.com,Week 10,Rico,Dowdle,RB,CAR,15.41,2025-12-11 04:29:37
12527,automatic,fanduel.com,Week 10,Ashton,Jeanty,RB,LV,15.4,2025-12-11 04:29:37
7585,automatic,espn.com,Week 10,Davis,Mills,QB,HOU,15.4,2025-12-11 04:29:37
2133,automatic,fantasypros.com,Week 10,Davante,Adams,WR,LAR,15.4,2025-12-11 04:29:37
9221,automatic,firstdown.studio,Week 11,Jahmyr,Gibbs,RB,DET,15.4,2025-12-11 04:29:37
2133,automatic,firstdown.studio,Week 11,Davante,Adams,WR,LAR,15.4,2025-12-11 04:29:37
7523,automatic,espn.com,Week 12,Trevor,Lawrence,QB,JAX,15.4,2025-12-11 04:29:37
3198,automatic,fantasypros.com,Week 12,Derrick,Henry,RB,BAL,15.4,2025-12-11 04:29:37
6794,automatic,fantasypros.com,Week 12,Justin,Jefferson,WR,MIN,15.4,2025-12-11 04:29:37
10232,automatic,sleeper.com,Week 13,Michael,Wilson,WR,ARI,15.4,2025-12-11 04:29:37
5859,automatic,sleeper.com,Week 13,A.J.,Brown,WR,PHI,15.4,2025-12-11 04:29:37
7525,automatic,espn.com,Week 13,DeVonta,Smith,WR,PHI,15.4,2025-12-11 04:29:37
2133,automatic,sleeper.com,Week 14,Davante,Adams,WR,LAR,15.4,2025-12-11 04:29:37
11604,automatic,sleeper.com,Week 14,Brock,Bowers,TE,LV,15.4,2025-12-11 04:29:37
4892,automatic,espn.com,Week 14,Baker,Mayfield,QB,TB,15.4,2025-12-11 04:29:37
3257,automatic,espn.com,Week 14,Jacoby,Brissett,QB,ARI,15.4,2025-12-11 04:29:37
11604,automatic,sleeper.com,Week 15,Brock,Bowers,TE,LV,15.4,2025-12-11 04:29:37
4892,automatic,espn.com,Week 15,Baker,Mayfield,QB,TB,15.4,2025-12-11 04:29:37
9224,automatic,fantasypros.com,Week 15,Chase,Brown,RB,CIN,15.4,2025-12-11 04:29:37
4866,automatic,fantasypros.com,Week 15,Saquon,Barkley,RB,PHI,15.4,2025-12-11 04:29:37
8130,automatic,fantasypros.com,Week 15,Trey,McBride,TE,ARI,15.4,2025-12-11 04:29:37
,,espn.com,Week 15,Baker,Mayfield,RB,TB,15.4,2025-12-11 04:29:37
8150,automatic,fanduel.com,Week 10,Kyren,Williams,RB,LAR,15.38,2025-12-11 04:29:37
8150,automatic,fanduel.com,Week 13,Kyren,Williams,RB,LAR,15.35,2025-12-11 04:29:37
2307,automatic,fanduel.com,Week 13,Marcus,Mariota,QB,WAS,15.34,2025-12-11 04:29:37
7543,automatic,fanduel.com,Week 10,Travis,Etienne,RB,JAX,15.31,2025-12-11 04:29:37
9758,automatic,fanduel.com,Week 13,C.J.,Stroud,QB,HOU,15.31,2025-12-11 04:29:37
3257,automatic,sleeper.com,Week 10,Jacoby,Brissett,QB,ARI,15.3,2025-12-11 04:29:37
8228,automatic,espn.com,Week 10,Jaylen,Warren,RB,PIT,15.3,2025-12-11 04:29:37
11635,automatic,espn.com,Week 10,Ladd,McConkey,WR,LAC,15.3,2025-12-11 04:29:37
7569,automatic,fantasypros.com,Week 10,Nico,Collins,WR,HOU,15.3,2025-12-11 04:29:37
4866,automatic,firstdown.studio,Week 10,Saquon,Barkley,RB,PHI,15.3,2025-12-11 04:29:37
11647,automatic,sleeper.com,Week 11,Kimani,Vidal,RB,LAC,15.3,2025-12-11 04:29:37
7523,automatic,espn.com,Week 11,Trevor,Lawrence,QB,JAX,15.3,2025-12-11 04:29:37
7525,automatic,espn.com,Week 11,DeVonta,Smith,WR,PHI,15.3,2025-12-11 04:29:37
12527,automatic,espn.com,Week 12,Ashton,Jeanty,RB,LV,15.3,2025-12-11 04:29:37
9224,automatic,fantasypros.com,Week 12,Chase,Brown,RB,CIN,15.3,2025-12-11 04:29:37
11584,automatic,sleeper.com,Week 14,Bucky,Irving,RB,TB,15.3,2025-12-11 04:29:37
827,automatic,fantasypros.com,Week 14,Tyrod,Taylor,QB,NYJ,15.3,2025-12-11 04:29:37
8144,automatic,sleeper.com,Week 15,Chris,Olave,WR,NO,15.3,2025-12-11 04:29:37
4943,automatic,espn.com,Week 15,Sam,Darnold,QB,SEA,15.3,2025-12-11 04:29:37
12545,automatic,espn.com,Week 15,Tyler,Shough,QB,NO,15.3,2025-12-11 04:29:37
9224,automatic,espn.com,Week 15,Chase,Brown,RB,CIN,15.3,2025-12-11 04:29:37
6797,automatic,fantasypros.com,Week 15,Justin,Herbert,QB,LAC,15.3,2025-12-11 04:29:37
,,espn.com,Week 15,Sam,Darnold,RB,SEA,15.3,2025-12-11 04:29:37
,,espn.com,Week 15,Tyler,Shough,RB,NO,15.3,2025-12-11 04:29:37
12474,automatic,fanduel.com,Week 15,Woody,Marks,RB,HOU,15.29,2025-12-11 04:29:37
8144,automatic,fanduel.com,Week 12,Chris,Olave,WR,NO,15.27,2025-12-11 04:29:37
9224,automatic,fanduel.com,Week 13,Chase,Brown,RB,CIN,15.26,2025-12-11 04:29:37
12527,automatic,fanduel.com,Week 15,Ashton,Jeanty,RB,LV,15.26,2025-12-11 04:29:37
2133,automatic,fanduel.com,Week 14,Davante,Adams,WR,LAR,15.23,2025-12-11 04:29:37
8155,automatic,fanduel.com,Week 10,Breece,Hall,RB,NYJ,15.21,2025-12-11 04:29:37
8144,automatic,sleeper.com,Week 10,Chris,Olave,WR,NO,15.2,2025-12-11 04:29:37
3257,automatic,espn.com,Week 10,Jacoby,Brissett,QB,ARI,15.2,2025-12-11 04:29:37
4866,automatic,fantasypros.com,Week 10,Saquon,Barkley,RB,PHI,15.2,2025-12-11 04:29:37
11604,automatic,fantasypros.com,Week 10,Brock,Bowers,TE,LV,15.2,2025-12-11 04:29:37
7591,automatic,firstdown.studio,Week 10,Justin,Fields,QB,NYJ,15.2,2025-12-11 04:29:37
2133,automatic,sleeper.com,Week 11,Davante,Adams,WR,LAR,15.2,2025-12-11 04:29:37
5859,automatic,sleeper.com,Week 11,A.J.,Brown,WR,PHI,15.2,2025-12-11 04:29:37
11635,automatic,espn.com,Week 11,Ladd,McConkey,WR,LAC,15.2,2025-12-11 04:29:37
8150,automatic,fantasypros.com,Week 11,Kyren,Williams,RB,LAR,15.2,2025-12-11 04:29:37
12514,automatic,fantasypros.com,Week 11,Emeka,Egbuka,WR,TB,15.2,2025-12-11 04:29:37
4866,automatic,firstdown.studio,Week 11,Saquon,Barkley,RB,PHI,15.2,2025-12-11 04:29:37
4943,automatic,espn.com,Week 12,Sam,Darnold,QB,SEA,15.2,2025-12-11 04:29:37
12522,automatic,sleeper.com,Week 13,Cam,Ward,QB,TEN,15.2,2025-12-11 04:29:37
7525,automatic,sleeper.com,Week 13,DeVonta,Smith,WR,PHI,15.2,2025-12-11 04:29:37
4943,automatic,espn.com,Week 13,Sam,Darnold,QB,SEA,15.2,2025-12-11 04:29:37
7021,automatic,espn.com,Week 13,Rico,Dowdle,RB,CAR,15.2,2025-12-11 04:29:37
12527,automatic,fantasypros.com,Week 13,Ashton,Jeanty,RB,LV,15.2,2025-12-11 04:29:37
7526,automatic,fantasypros.com,Week 13,Jaylen,Waddle,WR,MIA,15.2,2025-12-11 04:29:37
4866,automatic,sleeper.com,Week 14,Saquon,Barkley,RB,PHI,15.2,2025-12-11 04:29:37
5850,automatic,fantasypros.com,Week 14,Josh,Jacobs,RB,GB,15.2,2025-12-11 04:29:37
7569,automatic,fantasypros.com,Week 14,Nico,Collins,WR,HOU,15.2,2025-12-11 04:29:37
6794,automatic,espn.com,Week 14,Justin,Jefferson,WR,MIN,15.2,2025-12-11 04:29:37
11584,automatic,espn.com,Week 15,Bucky,Irving,RB,TB,15.2,2025-12-11 04:29:37
12512,automatic,espn.com,Week 15,Quinshon,Judkins,RB,CLE,15.2,2025-12-11 04:29:37
8150,automatic,fanduel.com,Week 14,Kyren,Williams,RB,LAR,15.19,2025-12-11 04:29:37
11560,automatic,fanduel.com,Week 14,Caleb,Williams,QB,CHI,15.17,2025-12-11 04:29:37
19,automatic,fanduel.com,Week 11,Joe,Flacco,QB,CIN,15.15,2025-12-11 04:29:37
12545,automatic,fanduel.com,Week 12,Tyler,Shough,QB,NO,15.14,2025-12-11 04:29:37
2306,automatic,fanduel.com,Week 12,Jameis,Winston,QB,NYG,15.13,2025-12-11 04:29:37
8155,automatic,fanduel.com,Week 11,Breece,Hall,RB,NYJ,15.12,2025-12-11 04:29:37
2133,automatic,sleeper.com,Week 10,Davante,Adams,WR,LAR,15.1,2025-12-11 04:29:37
12512,automatic,espn.com,Week 10,Quinshon,Judkins,RB,CLE,15.1,2025-12-11 04:29:37
96,automatic,fantasypros.com,Week 10,Aaron,Rodgers,QB,PIT,15.1,2025-12-11 04:29:37
8138,automatic,sleeper.com,Week 11,James,Cook,RB,BUF,15.1,2025-12-11 04:29:37
11559,automatic,firstdown.studio,Week 11,Michael,Penix,QB,ATL,15.1,2025-12-11 04:29:37
4217,automatic,sleeper.com,Week 12,George,Kittle,TE,SF,15.1,2025-12-11 04:29:37
11604,automatic,sleeper.com,Week 12,Brock,Bowers,TE,LV,15.1,2025-12-11 04:29:37
11604,automatic,espn.com,Week 12,Brock,Bowers,TE,LV,15.1,2025-12-11 04:29:37
4217,automatic,espn.com,Week 12,George,Kittle,TE,SF,15.1,2025-12-11 04:29:37
7021,automatic,fanduel.com,Week 12,Rico,Dowdle,RB,CAR,15.1,2025-12-11 04:29:37
12545,automatic,fantasypros.com,Week 12,Tyler,Shough,QB,NO,15.1,2025-12-11 04:29:37
4217,automatic,fantasypros.com,Week 12,George,Kittle,TE,SF,15.1,2025-12-11 04:29:37
11604,automatic,fantasypros.com,Week 12,Brock,Bowers,TE,LV,15.1,2025-12-11 04:29:37
11604,automatic,sleeper.com,Week 13,Brock,Bowers,TE,LV,15.1,2025-12-11 04:29:37
7588,automatic,espn.com,Week 13,Javonte,Williams,RB,DAL,15.1,2025-12-11 04:29:37
12527,automatic,sleeper.com,Week 14,Ashton,Jeanty,RB,LV,15.1,2025-12-11 04:29:37
8150,automatic,fantasypros.com,Week 14,Kyren,Williams,RB,LAR,15.1,2025-12-11 04:29:37
7526,automatic,fantasypros.com,Week 14,Jaylen,Waddle,WR,MIA,15.1,2025-12-11 04:29:37
12529,automatic,sleeper.com,Week 15,TreVeyon,Henderson,RB,NE,15.1,2025-12-11 04:29:37
6797,automatic,firstdown.studio,Week 15,Justin,Herbert,QB,LAC,15.1,2025-12-11 04:29:37
19,automatic,fanduel.com,Week 12,Joe,Flacco,QB,CIN,15.06,2025-12-11 04:29:37
2133,automatic,fanduel.com,Week 11,Davante,Adams,WR,LAR,15.05,2025-12-11 04:29:37
8144,automatic,fanduel.com,Week 14,Chris,Olave,WR,NO,15.05,2025-12-11 04:29:37
8150,automatic,fanduel.com,Week 12,Kyren,Williams,RB,LAR,15.04,2025-12-11 04:29:37
9758,automatic,fanduel.com,Week 14,C.J.,Stroud,QB,HOU,15.04,2025-12-11 04:29:37
9224,automatic,fanduel.com,Week 11,Chase,Brown,RB,CIN,15.03,2025-12-11 04:29:37
12514,automatic,fanduel.com,Week 14,Emeka,Egbuka,WR,TB,15.02,2025-12-11 04:29:37
96,automatic,fanduel.com,Week 15,Aaron,Rodgers,QB,PIT,15.02,2025-12-11 04:29:37
10229,automatic,fanduel.com,Week 11,Rashee,Rice,WR,KC,15.01,2025-12-11 04:29:37
5859,automatic,sleeper.com,Week 10,A.J.,Brown,WR,PHI,15.0,2025-12-11 04:29:37
9997,automatic,sleeper.com,Week 10,Zay,Flowers,WR,BAL,15.0,2025-12-11 04:29:37
96,automatic,espn.com,Week 10,Aaron,Rodgers,QB,PIT,15.0,2025-12-11 04:29:37
6819,automatic,espn.com,Week 10,Michael,Pittman Jr.,WR,IND,15.0,2025-12-11 04:29:37
7525,automatic,sleeper.com,Week 11,DeVonta,Smith,WR,PHI,15.0,2025-12-11 04:29:37
4943,automatic,espn.com,Week 11,Sam,Darnold,QB,SEA,15.0,2025-12-11 04:29:37
6768,automatic,fantasypros.com,Week 11,Tua,Tagovailoa,QB,MIA,15.0,2025-12-11 04:29:37
8137,automatic,sleeper.com,Week 12,George,Pickens,WR,DAL,15.0,2025-12-11 04:29:37
9997,automatic,sleeper.com,Week 12,Zay,Flowers,WR,BAL,15.0,2025-12-11 04:29:37
8150,automatic,espn.com,Week 12,Kyren,Williams,RB,LAR,15.0,2025-12-11 04:29:37
11635,automatic,sleeper.com,Week 13,Ladd,McConkey,WR,LAC,15.0,2025-12-11 04:29:37
827,automatic,fantasypros.com,Week 13,Tyrod,Taylor,QB,NYJ,15.0,2025-12-11 04:29:37
8130,automatic,fantasypros.com,Week 14,Trey,McBride,TE,ARI,15.0,2025-12-11 04:29:37
8144,automatic,espn.com,Week 14,Chris,Olave,WR,NO,15.0,2025-12-11 04:29:37
12522,automatic,sleeper.com,Week 15,Cam,Ward,QB,TEN,15.0,2025-12-11 04:29:37
7543,automatic,espn.com,Week 15,Travis,Etienne Jr.,RB,JAX,15.0,2025-12-11 04:29:37
11560,automatic,fantasypros.com,Week 15,Caleb,Williams,QB,CHI,15.0,2025-12-11 04:29:37
6813,automatic,fantasypros.com,Week 15,Jonathan,Taylor,RB,IND,15.0,2025-12-11 04:29:37
7547,automatic,firstdown.studio,Week 15,A.,St. Brown,WR,DET,15.0,2025-12-11 04:29:37
827,automatic,fanduel.com,Week 14,Tyrod,Taylor,QB,NYJ,14.98,2025-12-11 04:29:37
7523,automatic,fanduel.com,Week 11,Trevor,Lawrence,QB,JAX,14.97,2025-12-11 04:29:37
5859,automatic,fanduel.com,Week 10,A.J.,Brown,WR,PHI,14.94,2025-12-11 04:29:37
12526,automatic,fanduel.com,Week 12,Tetairoa,McMillan,WR,CAR,14.94,2025-12-11 04:29:37
9228,automatic,fanduel.com,Week 12,Bryce,Young,QB,CAR,14.92,2025-12-11 04:29:37
5859,automatic,fanduel.com,Week 13,A.J.,Brown,WR,PHI,14.92,2025-12-11 04:29:37
7525,automatic,espn.com,Week 10,DeVonta,Smith,WR,PHI,14.9,2025-12-11 04:29:37
7526,automatic,fantasypros.com,Week 10,Jaylen,Waddle,WR,MIA,14.9,2025-12-11 04:29:37
8136,automatic,sleeper.com,Week 11,Rachaad,White,RB,TB,14.9,2025-12-11 04:29:37
8228,automatic,sleeper.com,Week 11,Jaylen,Warren,RB,PIT,14.9,2025-12-11 04:29:37
7569,automatic,firstdown.studio,Week 11,Nico,Collins,WR,HOU,14.9,2025-12-11 04:29:37
6790,automatic,espn.com,Week 12,D'Andre,Swift,RB,CHI,14.9,2025-12-11 04:29:37
7543,automatic,espn.com,Week 13,Travis,Etienne Jr.,RB,JAX,14.9,2025-12-11 04:29:37
12545,automatic,fantasypros.com,Week 14,Tyler,Shough,QB,NO,14.9,2025-12-11 04:29:37
3198,automatic,fantasypros.com,Week 14,Derrick,Henry,RB,BAL,14.9,2025-12-11 04:29:37
6804,automatic,firstdown.studio,Week 15,Jordan,Love,QB,GB,14.9,2025-12-11 04:29:37
3257,automatic,fanduel.com,Week 13,Jacoby,Brissett,QB,ARI,14.83,2025-12-11 04:29:37
2449,automatic,fanduel.com,Week 12,Stefon,Diggs,WR,NE,14.81,2025-12-11 04:29:37
7585,automatic,sleeper.com,Week 10,Davis,Mills,QB,HOU,14.8,2025-12-11 04:29:37
7526,automatic,sleeper.com,Week 10,Jaylen,Waddle,WR,MIA,14.8,2025-12-11 04:29:37
6790,automatic,espn.com,Week 10,D'Andre,Swift,RB,CHI,14.8,2025-12-11 04:29:37
11559,automatic,fantasypros.com,Week 10,Michael,Penix Jr.,QB,ATL,14.8,2025-12-11 04:29:37
8228,automatic,fantasypros.com,Week 10,Jaylen,Warren,RB,PIT,14.8,2025-12-11 04:29:37
9997,automatic,firstdown.studio,Week 10,Zay,Flowers,WR,BAL,14.8,2025-12-11 04:29:37
12529,automatic,fantasypros.com,Week 11,TreVeyon,Henderson,RB,NE,14.8,2025-12-11 04:29:37
7526,automatic,fantasypros.com,Week 11,Jaylen,Waddle,WR,MIA,14.8,2025-12-11 04:29:37
12526,automatic,sleeper.com,Week 12,Tetairoa,McMillan,WR,CAR,14.8,2025-12-11 04:29:37
4972,automatic,espn.com,Week 12,Mason,Rudolph,QB,PIT,14.8,2025-12-11 04:29:37
7525,automatic,espn.com,Week 12,DeVonta,Smith,WR,PHI,14.8,2025-12-11 04:29:37
12518,automatic,espn.com,Week 12,Tyler,Warren,TE,IND,14.8,2025-12-11 04:29:37
11565,automatic,fantasypros.com,Week 12,J.J.,McCarthy,QB,MIN,14.8,2025-12-11 04:29:37
2307,automatic,espn.com,Week 13,Marcus,Mariota,QB,WAS,14.8,2025-12-11 04:29:37
8155,automatic,fantasypros.com,Week 13,Breece,Hall,RB,NYJ,14.8,2025-12-11 04:29:37
7569,automatic,fantasypros.com,Week 13,Nico,Collins,WR,HOU,14.8,2025-12-11 04:29:37
12512,automatic,espn.com,Week 14,Quinshon,Judkins,RB,CLE,14.8,2025-12-11 04:29:37
12474,automatic,sleeper.com,Week 15,Woody,Marks,RB,HOU,14.8,2025-12-11 04:29:37
6804,automatic,espn.com,Week 15,Jordan,Love,QB,GB,14.8,2025-12-11 04:29:37
12527,automatic,espn.com,Week 15,Ashton,Jeanty,RB,LV,14.8,2025-12-11 04:29:37
4217,automatic,espn.com,Week 15,George,Kittle,TE,SF,14.8,2025-12-11 04:29:37
,,espn.com,Week 15,Jordan,Love,RB,GB,14.8,2025-12-11 04:29:37
,,espn.com,Week 15,George,Kittle,RB,SF,14.8,2025-12-11 04:29:37
8144,automatic,fanduel.com,Week 13,Chris,Olave,WR,NO,14.79,2025-12-11 04:29:37
7569,automatic,fanduel.com,Week 13,Nico,Collins,WR,HOU,14.79,2025-12-11 04:29:37
12486,automatic,fanduel.com,Week 10,Dillon,Gabriel,QB,CLE,14.78,2025-12-11 04:29:37
2449,automatic,fanduel.com,Week 11,Stefon,Diggs,WR,NE,14.76,2025-12-11 04:29:37
12512,automatic,fanduel.com,Week 14,Quinshon,Judkins,RB,CLE,14.76,2025-12-11 04:29:37
1166,automatic,fanduel.com,Week 15,Kirk,Cousins,QB,ATL,14.76,2025-12-11 04:29:37
6804,automatic,fanduel.com,Week 15,Jordan,Love,QB,GB,14.75,2025-12-11 04:29:37
5850,automatic,fanduel.com,Week 15,Josh,Jacobs,RB,GB,14.72,2025-12-11 04:29:37
12514,automatic,sleeper.com,Week 10,Emeka,Egbuka,WR,TB,14.7,2025-12-11 04:29:37
7569,automatic,sleeper.com,Week 10,Nico,Collins,WR,HOU,14.7,2025-12-11 04:29:37
7525,automatic,sleeper.com,Week 10,DeVonta,Smith,WR,PHI,14.7,2025-12-11 04:29:37
2133,automatic,firstdown.studio,Week 10,Davante,Adams,WR,LAR,14.7,2025-12-11 04:29:37
8130,automatic,firstdown.studio,Week 10,Trey,McBride,TE,ARI,14.7,2025-12-11 04:29:37
12522,automatic,sleeper.com,Week 11,Cam,Ward,QB,TEN,14.7,2025-12-11 04:29:37
6790,automatic,espn.com,Week 11,D'Andre,Swift,RB,CHI,14.7,2025-12-11 04:29:37
8137,automatic,espn.com,Week 11,George,Pickens,WR,DAL,14.7,2025-12-11 04:29:37
8137,automatic,firstdown.studio,Week 11,George,Pickens,WR,DAL,14.7,2025-12-11 04:29:37
5850,automatic,sleeper.com,Week 12,Josh,Jacobs,RB,GB,14.7,2025-12-11 04:29:37
4892,automatic,espn.com,Week 12,Baker,Mayfield,QB,TB,14.7,2025-12-11 04:29:37
12512,automatic,fantasypros.com,Week 14,Quinshon,Judkins,RB,CLE,14.7,2025-12-11 04:29:37
12489,automatic,fantasypros.com,Week 14,RJ,Harvey,RB,DEN,14.7,2025-12-11 04:29:37
9224,automatic,sleeper.com,Week 15,Chase,Brown,RB,CIN,14.7,2025-12-11 04:29:37
12474,automatic,espn.com,Week 15,Woody,Marks,RB,HOU,14.7,2025-12-11 04:29:37
9228,automatic,fantasypros.com,Week 15,Bryce,Young,QB,CAR,14.7,2025-12-11 04:29:37
8138,automatic,firstdown.studio,Week 15,James,Cook,RB,BUF,14.7,2025-12-11 04:29:37
11565,automatic,fanduel.com,Week 12,J.J.,McCarthy,QB,MIN,14.67,2025-12-11 04:29:37
6819,automatic,fanduel.com,Week 10,Michael,Pittman Jr.,WR,IND,14.65,2025-12-11 04:29:37
4035,automatic,fanduel.com,Week 10,Alvin,Kamara,RB,NO,14.64,2025-12-11 04:29:37
11635,automatic,fanduel.com,Week 11,Ladd,McConkey,WR,LAC,14.64,2025-12-11 04:29:37
12512,automatic,fanduel.com,Week 10,Quinshon,Judkins,RB,CLE,14.62,2025-12-11 04:29:37
8150,automatic,fanduel.com,Week 11,Kyren,Williams,RB,LAR,14.62,2025-12-11 04:29:37
12518,automatic,fanduel.com,Week 13,Tyler,Warren,TE,IND,14.61,2025-12-11 04:29:37
12529,automatic,fanduel.com,Week 13,TreVeyon,Henderson,RB,NE,14.61,2025-12-11 04:29:37
11584,automatic,fanduel.com,Week 10,Bucky,Irving,RB,TB,14.6,2025-12-11 04:29:37
8144,automatic,espn.com,Week 10,Chris,Olave,WR,NO,14.6,2025-12-11 04:29:37
8150,automatic,fantasypros.com,Week 10,Kyren,Williams,RB,LAR,14.6,2025-12-11 04:29:37
11635,automatic,fantasypros.com,Week 10,Ladd,McConkey,WR,LAC,14.6,2025-12-11 04:29:37
9997,automatic,fantasypros.com,Week 10,Zay,Flowers,WR,BAL,14.6,2025-12-11 04:29:37
12512,automatic,firstdown.studio,Week 10,Quinshon,Judkins,RB,CLE,14.6,2025-12-11 04:29:37
9997,automatic,sleeper.com,Week 11,Zay,Flowers,WR,BAL,14.6,2025-12-11 04:29:37
12512,automatic,espn.com,Week 11,Quinshon,Judkins,RB,CLE,14.6,2025-12-11 04:29:37
11620,automatic,espn.com,Week 11,Rome,Odunze,WR,CHI,14.6,2025-12-11 04:29:37
7569,automatic,sleeper.com,Week 12,Nico,Collins,WR,HOU,14.6,2025-12-11 04:29:37
12522,automatic,sleeper.com,Week 12,Cam,Ward,QB,TEN,14.6,2025-12-11 04:29:37
8228,automatic,espn.com,Week 12,Jaylen,Warren,RB,PIT,14.6,2025-12-11 04:29:37
12526,automatic,fantasypros.com,Week 12,Tetairoa,McMillan,WR,CAR,14.6,2025-12-11 04:29:37
12489,automatic,espn.com,Week 13,RJ,Harvey,RB,DEN,14.6,2025-12-11 04:29:37
11604,automatic,espn.com,Week 13,Brock,Bowers,TE,LV,14.6,2025-12-11 04:29:37
12512,automatic,sleeper.com,Week 14,Quinshon,Judkins,RB,CLE,14.6,2025-12-11 04:29:37
2307,automatic,fantasypros.com,Week 14,Marcus,Mariota,QB,WAS,14.6,2025-12-11 04:29:37
11565,automatic,espn.com,Week 14,J.J.,McCarthy,QB,MIN,14.6,2025-12-11 04:29:37
4217,automatic,sleeper.com,Week 15,George,Kittle,TE,SF,14.6,2025-12-11 04:29:37
12512,automatic,sleeper.com,Week 15,Quinshon,Judkins,RB,CLE,14.6,2025-12-11 04:29:37
8126,automatic,espn.com,Week 15,Wan'Dale,Robinson,WR,NYG,14.6,2025-12-11 04:29:37
12489,automatic,espn.com,Week 15,RJ,Harvey,RB,DEN,14.6,2025-12-11 04:29:37
,,espn.com,Week 15,Wan'Dale,Robinson,RB,NYG,14.6,2025-12-11 04:29:37
7569,automatic,fanduel.com,Week 15,Nico,Collins,WR,HOU,14.59,2025-12-11 04:29:37
12514,automatic,fanduel.com,Week 13,Emeka,Egbuka,WR,TB,14.56,2025-12-11 04:29:37
6768,automatic,fanduel.com,Week 11,Tua,Tagovailoa,QB,MIA,14.55,2025-12-11 04:29:37
6794,automatic,fanduel.com,Week 13,Justin,Jefferson,WR,MIN,14.53,2025-12-11 04:29:37
7523,automatic,fanduel.com,Week 10,Trevor,Lawrence,QB,JAX,14.52,2025-12-11 04:29:37
7021,automatic,fanduel.com,Week 11,Rico,Dowdle,RB,CAR,14.52,2025-12-11 04:29:37
10229,automatic,fanduel.com,Week 14,Rashee,Rice,WR,KC,14.52,2025-12-11 04:29:37
9997,automatic,fanduel.com,Week 15,Zay,Flowers,WR,BAL,14.52,2025-12-11 04:29:37
11655,automatic,fanduel.com,Week 15,Tyrone,Tracy Jr.,RB,NYG,14.51,2025-12-11 04:29:37
12527,automatic,sleeper.com,Week 10,Ashton,Jeanty,RB,LV,14.5,2025-12-11 04:29:37
4217,automatic,sleeper.com,Week 10,George,Kittle,TE,SF,14.5,2025-12-11 04:29:37
8126,automatic,espn.com,Week 10,Wan'Dale,Robinson,WR,NYG,14.5,2025-12-11 04:29:37
7527,automatic,fantasypros.com,Week 10,Mac,Jones,QB,SF,14.5,2025-12-11 04:29:37
11635,automatic,firstdown.studio,Week 10,Ladd,McConkey,WR,LAC,14.5,2025-12-11 04:29:37
11635,automatic,sleeper.com,Week 11,Ladd,McConkey,WR,LAC,14.5,2025-12-11 04:29:37
7543,automatic,espn.com,Week 11,Travis,Etienne Jr.,RB,JAX,14.5,2025-12-11 04:29:37
8126,automatic,espn.com,Week 11,Wan'Dale,Robinson,WR,NYG,14.5,2025-12-11 04:29:37
7527,automatic,fantasypros.com,Week 11,Mac,Jones,QB,SF,14.5,2025-12-11 04:29:37
7569,automatic,fantasypros.com,Week 11,Nico,Collins,WR,HOU,14.5,2025-12-11 04:29:37
7523,automatic,firstdown.studio,Week 11,Trevor,Lawrence,QB,JAX,14.5,2025-12-11 04:29:37
12514,automatic,firstdown.studio,Week 11,Emeka,Egbuka,WR,TB,14.5,2025-12-11 04:29:37
11635,automatic,firstdown.studio,Week 11,Ladd,McConkey,WR,LAC,14.5,2025-12-11 04:29:37
9228,automatic,espn.com,Week 12,Bryce,Young,QB,CAR,14.5,2025-12-11 04:29:37
11435,automatic,espn.com,Week 12,Emanuel,Wilson,RB,GB,14.5,2025-12-11 04:29:37
7525,automatic,fantasypros.com,Week 12,DeVonta,Smith,WR,PHI,14.5,2025-12-11 04:29:37
9224,automatic,sleeper.com,Week 13,Chase,Brown,RB,CIN,14.5,2025-12-11 04:29:37
12545,automatic,fantasypros.com,Week 13,Tyler,Shough,QB,NO,14.5,2025-12-11 04:29:37
8144,automatic,fantasypros.com,Week 13,Chris,Olave,WR,NO,14.5,2025-12-11 04:29:37
5859,automatic,fantasypros.com,Week 14,A.J.,Brown,WR,PHI,14.5,2025-12-11 04:29:37
4866,automatic,espn.com,Week 14,Saquon,Barkley,RB,PHI,14.5,2025-12-11 04:29:37
5859,automatic,sleeper.com,Week 15,A.J.,Brown,WR,PHI,14.5,2025-12-11 04:29:37
8126,automatic,fantasypros.com,Week 15,Wan'Dale,Robinson,WR,NYG,14.5,2025-12-11 04:29:37
8144,automatic,fantasypros.com,Week 15,Chris,Olave,WR,NO,14.5,2025-12-11 04:29:37
3198,automatic,fanduel.com,Week 14,Derrick,Henry,RB,BAL,14.46,2025-12-11 04:29:37
3257,automatic,fanduel.com,Week 14,Jacoby,Brissett,QB,ARI,14.46,2025-12-11 04:29:37
7543,automatic,fanduel.com,Week 13,Travis,Etienne,RB,JAX,14.43,2025-12-11 04:29:37
2449,automatic,sleeper.com,Week 10,Stefon,Diggs,WR,NE,14.4,2025-12-11 04:29:37
8126,automatic,sleeper.com,Week 10,Wan'Dale,Robinson,WR,NYG,14.4,2025-12-11 04:29:37
8155,automatic,espn.com,Week 10,Breece,Hall,RB,NYJ,14.4,2025-12-11 04:29:37
3198,automatic,fantasypros.com,Week 10,Derrick,Henry,RB,BAL,14.4,2025-12-11 04:29:37
96,automatic,firstdown.studio,Week 10,Aaron,Rodgers,QB,PIT,14.4,2025-12-11 04:29:37
12512,automatic,fantasypros.com,Week 11,Quinshon,Judkins,RB,CLE,14.4,2025-12-11 04:29:37
9224,automatic,firstdown.studio,Week 11,Chase,Brown,RB,CIN,14.4,2025-12-11 04:29:37
12474,automatic,sleeper.com,Week 12,Woody,Marks,RB,HOU,14.4,2025-12-11 04:29:37
12529,automatic,espn.com,Week 12,TreVeyon,Henderson,RB,NE,14.4,2025-12-11 04:29:37
7585,automatic,fantasypros.com,Week 12,Davis,Mills,QB,HOU,14.4,2025-12-11 04:29:37
8138,automatic,fantasypros.com,Week 12,James,Cook III,RB,BUF,14.4,2025-12-11 04:29:37
8150,automatic,sleeper.com,Week 13,Kyren,Williams,RB,LAR,14.4,2025-12-11 04:29:37
7526,automatic,espn.com,Week 13,Jaylen,Waddle,WR,MIA,14.4,2025-12-11 04:29:37
7021,automatic,fantasypros.com,Week 13,Rico,Dowdle,RB,CAR,14.4,2025-12-11 04:29:37
8150,automatic,sleeper.com,Week 14,Kyren,Williams,RB,LAR,14.4,2025-12-11 04:29:37
7588,automatic,fantasypros.com,Week 14,Javonte,Williams,RB,DAL,14.4,2025-12-11 04:29:37
6801,automatic,sleeper.com,Week 15,Tee,Higgins,WR,CIN,14.4,2025-12-11 04:29:37
12527,automatic,sleeper.com,Week 15,Ashton,Jeanty,RB,LV,14.4,2025-12-11 04:29:37
8137,automatic,fanduel.com,Week 11,George,Pickens,WR,DAL,14.39,2025-12-11 04:29:37
12476,automatic,fanduel.com,Week 14,Devin,Neal,RB,NO,14.39,2025-12-11 04:29:37
7021,automatic,fanduel.com,Week 15,Rico,Dowdle,RB,CAR,14.37,2025-12-11 04:29:37
7588,automatic,fanduel.com,Week 15,Javonte,Williams,RB,DAL,14.37,2025-12-11 04:29:37
7569,automatic,fanduel.com,Week 14,Nico,Collins,WR,HOU,14.35,2025-12-11 04:29:37
8155,automatic,sleeper.com,Week 10,Breece,Hall,RB,NYJ,14.3,2025-12-11 04:29:37
11559,automatic,firstdown.studio,Week 10,Michael,Penix,QB,ATL,14.3,2025-12-11 04:29:37
12514,automatic,sleeper.com,Week 11,Emeka,Egbuka,WR,TB,14.3,2025-12-11 04:29:37
8137,automatic,sleeper.com,Week 11,George,Pickens,WR,DAL,14.3,2025-12-11 04:29:37
4199,automatic,sleeper.com,Week 11,Aaron,Jones,RB,MIN,14.3,2025-12-11 04:29:37
3198,automatic,espn.com,Week 11,Derrick,Henry,RB,BAL,14.3,2025-12-11 04:29:37
12527,automatic,sleeper.com,Week 12,Ashton,Jeanty,RB,LV,14.3,2025-12-11 04:29:37
8150,automatic,fantasypros.com,Week 12,Kyren,Williams,RB,LAR,14.3,2025-12-11 04:29:37
7543,automatic,sleeper.com,Week 13,Travis,Etienne,RB,JAX,14.3,2025-12-11 04:29:37
96,automatic,espn.com,Week 13,Aaron,Rodgers,QB,PIT,14.3,2025-12-11 04:29:37
5859,automatic,sleeper.com,Week 14,A.J.,Brown,WR,PHI,14.3,2025-12-11 04:29:37
8155,automatic,sleeper.com,Week 14,Breece,Hall,RB,NYJ,14.3,2025-12-11 04:29:37
4943,automatic,espn.com,Week 14,Sam,Darnold,QB,SEA,14.3,2025-12-11 04:29:37
9224,automatic,espn.com,Week 14,Chase,Brown,RB,CIN,14.3,2025-12-11 04:29:37
7543,automatic,sleeper.com,Week 15,Travis,Etienne,RB,JAX,14.3,2025-12-11 04:29:37
12545,automatic,fantasypros.com,Week 15,Tyler,Shough,QB,NO,14.3,2025-12-11 04:29:37
5850,automatic,fantasypros.com,Week 15,Josh,Jacobs,RB,GB,14.3,2025-12-11 04:29:37
12526,automatic,fantasypros.com,Week 15,Tetairoa,McMillan,WR,CAR,14.3,2025-12-11 04:29:37
4866,automatic,firstdown.studio,Week 15,Saquon,Barkley,RB,PHI,14.3,2025-12-11 04:29:37
4217,automatic,fanduel.com,Week 12,George,Kittle,TE,SF,14.28,2025-12-11 04:29:37
12526,automatic,fanduel.com,Week 13,Tetairoa,McMillan,WR,CAR,14.28,2025-12-11 04:29:37
8130,automatic,fanduel.com,Week 10,Trey,McBride,TE,ARI,14.26,2025-12-11 04:29:37
12507,automatic,fanduel.com,Week 10,Omarion,Hampton,RB,LAC,14.26,2025-12-11 04:29:37
12545,automatic,fanduel.com,Week 15,Tyler,Shough,QB,NO,14.25,2025-12-11 04:29:37
6794,automatic,fanduel.com,Week 12,Justin,Jefferson,WR,MIN,14.23,2025-12-11 04:29:37
7588,automatic,fanduel.com,Week 12,Javonte,Williams,RB,DAL,14.23,2025-12-11 04:29:37
9228,automatic,fantasypros.com,Week 10,Bryce,Young,QB,CAR,14.2,2025-12-11 04:29:37
8136,automatic,espn.com,Week 11,Rachaad,White,RB,TB,14.2,2025-12-11 04:29:37
2133,automatic,fantasypros.com,Week 11,Davante,Adams,WR,LAR,14.2,2025-12-11 04:29:37
7585,automatic,firstdown.studio,Week 11,Davis,Mills,QB,HOU,14.2,2025-12-11 04:29:37
11565,automatic,espn.com,Week 12,J.J.,McCarthy,QB,MIN,14.2,2025-12-11 04:29:37
8155,automatic,espn.com,Week 12,Breece,Hall,RB,NYJ,14.2,2025-12-11 04:29:37
7588,automatic,espn.com,Week 12,Javonte,Williams,RB,DAL,14.2,2025-12-11 04:29:37
7569,automatic,fanduel.com,Week 12,Nico,Collins,WR,HOU,14.2,2025-12-11 04:29:37
7543,automatic,fantasypros.com,Week 12,Travis,Etienne Jr.,RB,JAX,14.2,2025-12-11 04:29:37
8137,automatic,fantasypros.com,Week 12,George,Pickens,WR,DAL,14.2,2025-12-11 04:29:37
8126,automatic,fantasypros.com,Week 12,Wan'Dale,Robinson,WR,NYG,14.2,2025-12-11 04:29:37
11584,automatic,sleeper.com,Week 13,Bucky,Irving,RB,TB,14.2,2025-12-11 04:29:37
7021,automatic,sleeper.com,Week 13,Rico,Dowdle,RB,CAR,14.2,2025-12-11 04:29:37
8155,automatic,sleeper.com,Week 13,Breece,Hall,RB,NYJ,14.2,2025-12-11 04:29:37
5859,automatic,fantasypros.com,Week 13,A.J.,Brown,WR,PHI,14.2,2025-12-11 04:29:37
7526,automatic,sleeper.com,Week 15,Jaylen,Waddle,WR,MIA,14.2,2025-12-11 04:29:37
8148,automatic,fantasypros.com,Week 15,Jameson,Williams,WR,DET,14.2,2025-12-11 04:29:37
6790,automatic,fanduel.com,Week 12,D'Andre,Swift,RB,CHI,14.19,2025-12-11 04:29:37
12545,automatic,fanduel.com,Week 13,Tyler,Shough,QB,NO,14.18,2025-12-11 04:29:37
5859,automatic,fanduel.com,Week 12,A.J.,Brown,WR,PHI,14.14,2025-12-11 04:29:37
12545,automatic,fanduel.com,Week 14,Tyler,Shough,QB,NO,14.14,2025-12-11 04:29:37
9997,automatic,fanduel.com,Week 14,Zay,Flowers,WR,BAL,14.14,2025-12-11 04:29:37
8151,automatic,fanduel.com,Week 13,Kenneth,Walker III,RB,SEA,14.12,2025-12-11 04:29:37
3257,automatic,fanduel.com,Week 15,Jacoby,Brissett,QB,ARI,14.11,2025-12-11 04:29:37
7526,automatic,espn.com,Week 10,Jaylen,Waddle,WR,MIA,14.1,2025-12-11 04:29:37
6819,automatic,fantasypros.com,Week 10,Michael,Pittman Jr.,WR,IND,14.1,2025-12-11 04:29:37
8136,automatic,firstdown.studio,Week 10,Rachaad,White,RB,TB,14.1,2025-12-11 04:29:37
5872,automatic,firstdown.studio,Week 10,Deebo,Samuel,WR,WAS,14.1,2025-12-11 04:29:37
4217,automatic,sleeper.com,Week 11,George,Kittle,TE,SF,14.1,2025-12-11 04:29:37
5846,automatic,sleeper.com,Week 11,DK,Metcalf,WR,PIT,14.1,2025-12-11 04:29:37
4199,automatic,espn.com,Week 11,Aaron,Jones Sr.,RB,MIN,14.1,2025-12-11 04:29:37
2306,automatic,fanduel.com,Week 11,Jameis,Winston,QB,NYG,14.1,2025-12-11 04:29:37
12474,automatic,fantasypros.com,Week 12,Woody,Marks,RB,HOU,14.1,2025-12-11 04:29:37
5859,automatic,fantasypros.com,Week 12,A.J.,Brown,WR,PHI,14.1,2025-12-11 04:29:37
12514,automatic,sleeper.com,Week 13,Emeka,Egbuka,WR,TB,14.1,2025-12-11 04:29:37
9997,automatic,espn.com,Week 13,Zay,Flowers,WR,BAL,14.1,2025-12-11 04:29:37
9997,automatic,sleeper.com,Week 14,Zay,Flowers,WR,BAL,14.1,2025-12-11 04:29:37
9758,automatic,fantasypros.com,Week 14,C.J.,Stroud,QB,HOU,14.1,2025-12-11 04:29:37
4866,automatic,fantasypros.com,Week 14,Saquon,Barkley,RB,PHI,14.1,2025-12-11 04:29:37
7588,automatic,espn.com,Week 14,Javonte,Williams,RB,DAL,14.1,2025-12-11 04:29:37
4866,automatic,sleeper.com,Week 15,Saquon,Barkley,RB,PHI,14.1,2025-12-11 04:29:37
8126,automatic,sleeper.com,Week 15,Wan'Dale,Robinson,WR,NYG,14.1,2025-12-11 04:29:37
7588,automatic,fantasypros.com,Week 15,Javonte,Williams,RB,DAL,14.1,2025-12-11 04:29:37
96,automatic,firstdown.studio,Week 15,Aaron,Rodgers,QB,PIT,14.1,2025-12-11 04:29:37
7588,automatic,firstdown.studio,Week 15,Javonte,Williams,RB,DAL,14.1,2025-12-11 04:29:37
8137,automatic,firstdown.studio,Week 15,George,Pickens,WR,DAL,14.1,2025-12-11 04:29:37
827,automatic,fanduel.com,Week 13,Tyrod,Taylor,QB,NYJ,14.08,2025-12-11 04:29:37
12512,automatic,fanduel.com,Week 15,Quinshon,Judkins,RB,CLE,14.08,2025-12-11 04:29:37
1166,automatic,fanduel.com,Week 13,Kirk,Cousins,QB,ATL,14.07,2025-12-11 04:29:37
827,automatic,fanduel.com,Week 12,Tyrod,Taylor,QB,NYJ,14.03,2025-12-11 04:29:37
8148,automatic,fanduel.com,Week 12,Jameson,Williams,WR,DET,14.03,2025-12-11 04:29:37
5859,automatic,fanduel.com,Week 15,A.J.,Brown,WR,PHI,14.02,2025-12-11 04:29:37
7543,automatic,fanduel.com,Week 14,Travis,Etienne,RB,JAX,14.01,2025-12-11 04:29:37
9228,automatic,fanduel.com,Week 10,Bryce,Young,QB,CAR,14.0,2025-12-11 04:29:37
5872,automatic,espn.com,Week 10,Deebo,Samuel,WR,WAS,14.0,2025-12-11 04:29:37
2449,automatic,espn.com,Week 10,Stefon,Diggs,WR,NE,14.0,2025-12-11 04:29:37
11620,automatic,fantasypros.com,Week 10,Rome,Odunze,WR,CHI,14.0,2025-12-11 04:29:37
5859,automatic,fantasypros.com,Week 10,A.J.,Brown,WR,PHI,14.0,2025-12-11 04:29:37
12529,automatic,espn.com,Week 11,TreVeyon,Henderson,RB,NE,14.0,2025-12-11 04:29:37
11559,automatic,fantasypros.com,Week 11,Michael,Penix Jr.,QB,ATL,14.0,2025-12-11 04:29:37
7543,automatic,fantasypros.com,Week 11,Travis,Etienne Jr.,RB,JAX,14.0,2025-12-11 04:29:37
8130,automatic,fantasypros.com,Week 11,Trey,McBride,TE,ARI,14.0,2025-12-11 04:29:37
5872,automatic,fanduel.com,Week 11,Deebo,Samuel,WR,WAS,14.0,2025-12-11 04:29:37
12524,automatic,sleeper.com,Week 12,Shedeur,Sanders,QB,CLE,14.0,2025-12-11 04:29:37
7611,automatic,espn.com,Week 12,Rhamondre,Stevenson,RB,NE,14.0,2025-12-11 04:29:37
7049,automatic,espn.com,Week 12,Jauan,Jennings,WR,SF,14.0,2025-12-11 04:29:37
4972,automatic,fantasypros.com,Week 12,Mason,Rudolph,QB,PIT,14.0,2025-12-11 04:29:37
7526,automatic,sleeper.com,Week 13,Jaylen,Waddle,WR,MIA,14.0,2025-12-11 04:29:37
8228,automatic,sleeper.com,Week 13,Jaylen,Warren,RB,PIT,14.0,2025-12-11 04:29:37
8150,automatic,espn.com,Week 13,Kyren,Williams,RB,LAR,14.0,2025-12-11 04:29:37
12514,automatic,espn.com,Week 13,Emeka,Egbuka,WR,TB,14.0,2025-12-11 04:29:37
6794,automatic,espn.com,Week 13,Justin,Jefferson,WR,MIN,14.0,2025-12-11 04:29:37
4217,automatic,espn.com,Week 13,George,Kittle,TE,SF,14.0,2025-12-11 04:29:37
9758,automatic,fantasypros.com,Week 13,C.J.,Stroud,QB,HOU,14.0,2025-12-11 04:29:37
7588,automatic,fantasypros.com,Week 13,Javonte,Williams,RB,DAL,14.0,2025-12-11 04:29:37
8130,automatic,fantasypros.com,Week 13,Trey,McBride,TE,ARI,14.0,2025-12-11 04:29:37
7526,automatic,sleeper.com,Week 14,Jaylen,Waddle,WR,MIA,14.0,2025-12-11 04:29:37
8228,automatic,fantasypros.com,Week 14,Jaylen,Warren,RB,PIT,14.0,2025-12-11 04:29:37
12545,automatic,espn.com,Week 14,Tyler,Shough,QB,NO,14.0,2025-12-11 04:29:37
7526,automatic,espn.com,Week 14,Jaylen,Waddle,WR,MIA,14.0,2025-12-11 04:29:37
6794,automatic,sleeper.com,Week 15,Justin,Jefferson,WR,MIN,14.0,2025-12-11 04:29:37
12522,automatic,espn.com,Week 15,Cam,Ward,QB,TEN,14.0,2025-12-11 04:29:37
5872,automatic,espn.com,Week 15,Deebo,Samuel,WR,WAS,14.0,2025-12-11 04:29:37
12524,automatic,fantasypros.com,Week 15,Shedeur,Sanders,QB,CLE,14.0,2025-12-11 04:29:37
12529,automatic,fantasypros.com,Week 15,TreVeyon,Henderson,RB,NE,14.0,2025-12-11 04:29:37
3257,automatic,firstdown.studio,Week 15,Jacoby,Brissett,QB,ARI,14.0,2025-12-11 04:29:37
9228,automatic,firstdown.studio,Week 15,Bryce,Young,QB,CAR,14.0,2025-12-11 04:29:37
12518,automatic,fanduel.com,Week 14,Tyler,Warren,TE,IND,13.99,2025-12-11 04:29:37
7021,automatic,fanduel.com,Week 13,Rico,Dowdle,RB,CAR,13.98,2025-12-11 04:29:37
6768,automatic,fanduel.com,Week 13,Tua,Tagovailoa,QB,MIA,13.97,2025-12-11 04:29:37
6806,automatic,fanduel.com,Week 10,J.K.,Dobbins,RB,DEN,13.96,2025-12-11 04:29:37
12518,automatic,fanduel.com,Week 10,Tyler,Warren,TE,IND,13.91,2025-12-11 04:29:37
5872,automatic,sleeper.com,Week 10,Deebo,Samuel,WR,WAS,13.9,2025-12-11 04:29:37
5892,automatic,espn.com,Week 10,David,Montgomery,RB,DET,13.9,2025-12-11 04:29:37
12527,automatic,espn.com,Week 10,Ashton,Jeanty,RB,LV,13.9,2025-12-11 04:29:37
2449,automatic,fantasypros.com,Week 10,Stefon,Diggs,WR,NE,13.9,2025-12-11 04:29:37
7525,automatic,fantasypros.com,Week 10,DeVonta,Smith,WR,PHI,13.9,2025-12-11 04:29:37
7526,automatic,firstdown.studio,Week 10,Jaylen,Waddle,WR,MIA,13.9,2025-12-11 04:29:37
12474,automatic,sleeper.com,Week 11,Woody,Marks,RB,HOU,13.9,2025-12-11 04:29:37
7543,automatic,sleeper.com,Week 11,Travis,Etienne,RB,JAX,13.9,2025-12-11 04:29:37
8150,automatic,espn.com,Week 11,Kyren,Williams,RB,LAR,13.9,2025-12-11 04:29:37
12474,automatic,espn.com,Week 11,Woody,Marks,RB,HOU,13.9,2025-12-11 04:29:37
2449,automatic,espn.com,Week 11,Stefon,Diggs,WR,NE,13.9,2025-12-11 04:29:37
5872,automatic,espn.com,Week 11,Deebo,Samuel,WR,WAS,13.9,2025-12-11 04:29:37
12512,automatic,espn.com,Week 12,Quinshon,Judkins,RB,CLE,13.9,2025-12-11 04:29:37
8151,automatic,espn.com,Week 13,Kenneth,Walker,RB,SEA,13.9,2025-12-11 04:29:37
8126,automatic,espn.com,Week 13,Wan'Dale,Robinson,WR,NYG,13.9,2025-12-11 04:29:37
11635,automatic,sleeper.com,Week 14,Ladd,McConkey,WR,LAC,13.9,2025-12-11 04:29:37
12522,automatic,sleeper.com,Week 14,Cam,Ward,QB,TEN,13.9,2025-12-11 04:29:37
8155,automatic,sleeper.com,Week 15,Breece,Hall,RB,NYJ,13.9,2025-12-11 04:29:37
3257,automatic,espn.com,Week 15,Jacoby,Brissett,QB,ARI,13.9,2025-12-11 04:29:37
7526,automatic,espn.com,Week 15,Jaylen,Waddle,WR,MIA,13.9,2025-12-11 04:29:37
8148,automatic,espn.com,Week 15,Jameson,Williams,WR,DET,13.9,2025-12-11 04:29:37
5846,automatic,espn.com,Week 15,DK,Metcalf,WR,PIT,13.9,2025-12-11 04:29:37
8130,automatic,espn.com,Week 15,Trey,McBride,TE,ARI,13.9,2025-12-11 04:29:37
12545,automatic,firstdown.studio,Week 15,Tyler,Shough,QB,NO,13.9,2025-12-11 04:29:37
7543,automatic,firstdown.studio,Week 15,Travis,Etienne,RB,JAX,13.9,2025-12-11 04:29:37
5872,automatic,fanduel.com,Week 10,Deebo,Samuel,WR,WAS,13.89,2025-12-11 04:29:37
7585,automatic,fanduel.com,Week 12,Davis,Mills,QB,HOU,13.89,2025-12-11 04:29:37
12524,automatic,fanduel.com,Week 15,Shedeur,Sanders,QB,CLE,13.88,2025-12-11 04:29:37
5045,automatic,fanduel.com,Week 10,Courtland,Sutton,WR,DEN,13.86,2025-12-11 04:29:37
7526,automatic,fanduel.com,Week 15,Jaylen,Waddle,WR,MIA,13.81,2025-12-11 04:29:37
12512,automatic,sleeper.com,Week 10,Quinshon,Judkins,RB,CLE,13.8,2025-12-11 04:29:37
6819,automatic,sleeper.com,Week 10,Michael,Pittman,WR,IND,13.8,2025-12-11 04:29:37
6768,automatic,espn.com,Week 10,Tua,Tagovailoa,QB,MIA,13.8,2025-12-11 04:29:37
7523,automatic,fantasypros.com,Week 10,Trevor,Lawrence,QB,JAX,13.8,2025-12-11 04:29:37
12512,automatic,fantasypros.com,Week 10,Quinshon,Judkins,RB,CLE,13.8,2025-12-11 04:29:37
7523,automatic,firstdown.studio,Week 10,Trevor,Lawrence,QB,JAX,13.8,2025-12-11 04:29:37
3198,automatic,firstdown.studio,Week 10,Derrick,Henry,RB,BAL,13.8,2025-12-11 04:29:37
2449,automatic,sleeper.com,Week 11,Stefon,Diggs,WR,NE,13.8,2025-12-11 04:29:37
8155,automatic,espn.com,Week 11,Breece,Hall,RB,NYJ,13.8,2025-12-11 04:29:37
11635,automatic,fantasypros.com,Week 11,Ladd,McConkey,WR,LAC,13.8,2025-12-11 04:29:37
2306,automatic,firstdown.studio,Week 11,Jameis,Winston,QB,NYG,13.8,2025-12-11 04:29:37
12474,automatic,firstdown.studio,Week 11,Woody,Marks,RB,HOU,13.8,2025-12-11 04:29:37
8151,automatic,espn.com,Week 12,Kenneth,Walker,RB,SEA,13.8,2025-12-11 04:29:37
8228,automatic,espn.com,Week 13,Jaylen,Warren,RB,PIT,13.8,2025-12-11 04:29:37
12526,automatic,fantasypros.com,Week 13,Tetairoa,McMillan,WR,CAR,13.8,2025-12-11 04:29:37
11628,automatic,espn.com,Week 14,Marvin,Harrison Jr.,WR,ARI,13.8,2025-12-11 04:29:37
11635,automatic,sleeper.com,Week 15,Ladd,McConkey,WR,LAC,13.8,2025-12-11 04:29:37
12489,automatic,sleeper.com,Week 15,RJ,Harvey,RB,DEN,13.8,2025-12-11 04:29:37
7525,automatic,sleeper.com,Week 15,DeVonta,Smith,WR,PHI,13.8,2025-12-11 04:29:37
96,automatic,espn.com,Week 15,Aaron,Rodgers,QB,PIT,13.8,2025-12-11 04:29:37
96,automatic,fantasypros.com,Week 15,Aaron,Rodgers,QB,PIT,13.8,2025-12-11 04:29:37
12512,automatic,fantasypros.com,Week 15,Quinshon,Judkins,RB,CLE,13.8,2025-12-11 04:29:37
12474,automatic,firstdown.studio,Week 15,Woody,Marks,RB,HOU,13.8,2025-12-11 04:29:37
1166,automatic,fanduel.com,Week 12,Kirk,Cousins,QB,ATL,13.79,2025-12-11 04:29:37
8134,automatic,fanduel.com,Week 11,Khalil,Shakir,WR,BUF,13.78,2025-12-11 04:29:37
7526,automatic,fanduel.com,Week 11,Jaylen,Waddle,WR,MIA,13.77,2025-12-11 04:29:37
7525,automatic,fanduel.com,Week 13,DeVonta,Smith,WR,PHI,13.76,2025-12-11 04:29:37
11635,automatic,fanduel.com,Week 13,Ladd,McConkey,WR,LAC,13.75,2025-12-11 04:29:37
12533,automatic,fanduel.com,Week 11,Jacory,Croskey-Merritt,RB,WAS,13.73,2025-12-11 04:29:37
7569,automatic,fanduel.com,Week 11,Nico,Collins,WR,HOU,13.72,2025-12-11 04:29:37
8151,automatic,fanduel.com,Week 12,Kenneth,Walker III,RB,SEA,13.71,2025-12-11 04:29:37
6768,automatic,fanduel.com,Week 14,Tua,Tagovailoa,QB,MIA,13.71,2025-12-11 04:29:37
11635,automatic,sleeper.com,Week 10,Ladd,McConkey,WR,LAC,13.7,2025-12-11 04:29:37
11620,automatic,espn.com,Week 10,Rome,Odunze,WR,CHI,13.7,2025-12-11 04:29:37
8146,automatic,espn.com,Week 10,Garrett,Wilson,WR,NYJ,13.7,2025-12-11 04:29:37
12527,automatic,fantasypros.com,Week 10,Ashton,Jeanty,RB,LV,13.7,2025-12-11 04:29:37
8150,automatic,firstdown.studio,Week 10,Kyren,Williams,RB,LAR,13.7,2025-12-11 04:29:37
8126,automatic,firstdown.studio,Week 10,W.,Robinson,WR,NYG,13.7,2025-12-11 04:29:37
12512,automatic,sleeper.com,Week 11,Quinshon,Judkins,RB,CLE,13.7,2025-12-11 04:29:37
2306,automatic,espn.com,Week 11,Jameis,Winston,QB,NYG,13.7,2025-12-11 04:29:37
11604,automatic,fantasypros.com,Week 11,Brock,Bowers,TE,LV,13.7,2025-12-11 04:29:37
8148,automatic,sleeper.com,Week 12,Jameson,Williams,WR,DET,13.7,2025-12-11 04:29:37
4035,automatic,espn.com,Week 12,Alvin,Kamara,RB,NO,13.7,2025-12-11 04:29:37
12524,automatic,fanduel.com,Week 12,Shedeur,Sanders,QB,CLE,13.7,2025-12-11 04:29:37
11628,automatic,espn.com,Week 13,Marvin,Harrison Jr.,WR,ARI,13.7,2025-12-11 04:29:37
5045,automatic,espn.com,Week 13,Courtland,Sutton,WR,DEN,13.7,2025-12-11 04:29:37
4217,automatic,fantasypros.com,Week 13,George,Kittle,TE,SF,13.7,2025-12-11 04:29:37
6801,automatic,sleeper.com,Week 14,Tee,Higgins,WR,CIN,13.7,2025-12-11 04:29:37
11635,automatic,fantasypros.com,Week 14,Ladd,McConkey,WR,LAC,13.7,2025-12-11 04:29:37
12526,automatic,sleeper.com,Week 15,Tetairoa,McMillan,WR,CAR,13.7,2025-12-11 04:29:37
5927,automatic,sleeper.com,Week 15,Terry,McLaurin,WR,WAS,13.7,2025-12-11 04:29:37
8150,automatic,fantasypros.com,Week 15,Kyren,Williams,RB,LAR,13.7,2025-12-11 04:29:37
4217,automatic,fantasypros.com,Week 15,George,Kittle,TE,SF,13.7,2025-12-11 04:29:37
11635,automatic,fanduel.com,Week 10,Ladd,McConkey,WR,LAC,13.69,2025-12-11 04:29:37
12527,automatic,fanduel.com,Week 13,Ashton,Jeanty,RB,LV,13.68,2025-12-11 04:29:37
2449,automatic,fanduel.com,Week 13,Stefon,Diggs,WR,NE,13.66,2025-12-11 04:29:37
2449,automatic,fanduel.com,Week 10,Stefon,Diggs,WR,NE,13.65,2025-12-11 04:29:37
96,automatic,fanduel.com,Week 14,Aaron,Rodgers,QB,PIT,13.65,2025-12-11 04:29:37
3257,automatic,fanduel.com,Week 10,Jacoby,Brissett,QB,ARI,13.64,2025-12-11 04:29:37
1166,automatic,fanduel.com,Week 14,Kirk,Cousins,QB,ATL,13.63,2025-12-11 04:29:37
11604,automatic,fanduel.com,Week 11,Brock,Bowers,TE,LV,13.62,2025-12-11 04:29:37
6806,automatic,fantasypros.com,Week 10,J.K.,Dobbins,RB,DEN,13.6,2025-12-11 04:29:37
6768,automatic,firstdown.studio,Week 10,Tua,Tagovailoa,QB,MIA,13.6,2025-12-11 04:29:37
6801,automatic,espn.com,Week 11,Tee,Higgins,WR,CIN,13.6,2025-12-11 04:29:37
4217,automatic,espn.com,Week 11,George,Kittle,TE,SF,13.6,2025-12-11 04:29:37
3198,automatic,fantasypros.com,Week 11,Derrick,Henry,RB,BAL,13.6,2025-12-11 04:29:37
12514,automatic,sleeper.com,Week 12,Emeka,Egbuka,WR,TB,13.6,2025-12-11 04:29:37
12512,automatic,sleeper.com,Week 12,Quinshon,Judkins,RB,CLE,13.6,2025-12-11 04:29:37
12474,automatic,espn.com,Week 12,Woody,Marks,RB,HOU,13.6,2025-12-11 04:29:37
7543,automatic,espn.com,Week 12,Travis,Etienne Jr.,RB,JAX,13.6,2025-12-11 04:29:37
8137,automatic,fanduel.com,Week 12,George,Pickens,WR,DAL,13.6,2025-12-11 04:29:37
4217,automatic,sleeper.com,Week 13,George,Kittle,TE,SF,13.6,2025-12-11 04:29:37
2449,automatic,espn.com,Week 13,Stefon,Diggs,WR,NE,13.6,2025-12-11 04:29:37
8228,automatic,fantasypros.com,Week 13,Jaylen,Warren,RB,PIT,13.6,2025-12-11 04:29:37
6768,automatic,fantasypros.com,Week 14,Tua,Tagovailoa,QB,MIA,13.6,2025-12-11 04:29:37
11604,automatic,fantasypros.com,Week 14,Brock,Bowers,TE,LV,13.6,2025-12-11 04:29:37
12514,automatic,espn.com,Week 14,Emeka,Egbuka,WR,TB,13.6,2025-12-11 04:29:37
8144,automatic,espn.com,Week 15,Chris,Olave,WR,NO,13.6,2025-12-11 04:29:37
11565,automatic,firstdown.studio,Week 15,J.J.,McCarthy,QB,MIN,13.6,2025-12-11 04:29:37
5850,automatic,firstdown.studio,Week 15,Josh,Jacobs,RB,GB,13.6,2025-12-11 04:29:37
11584,automatic,fanduel.com,Week 14,Bucky,Irving,RB,TB,13.58,2025-12-11 04:29:37
8134,automatic,fanduel.com,Week 12,Khalil,Shakir,WR,BUF,13.56,2025-12-11 04:29:37
7526,automatic,fanduel.com,Week 10,Jaylen,Waddle,WR,MIA,13.55,2025-12-11 04:29:37
3198,automatic,fanduel.com,Week 10,Derrick,Henry,RB,BAL,13.55,2025-12-11 04:29:37
1373,automatic,fanduel.com,Week 12,Geno,Smith,QB,LV,13.52,2025-12-11 04:29:37
5045,automatic,fantasypros.com,Week 10,Courtland,Sutton,WR,DEN,13.5,2025-12-11 04:29:37
8144,automatic,fantasypros.com,Week 10,Chris,Olave,WR,NO,13.5,2025-12-11 04:29:37
6790,automatic,firstdown.studio,Week 10,D'Andre,Swift,RB,CHI,13.5,2025-12-11 04:29:37
8150,automatic,sleeper.com,Week 11,Kyren,Williams,RB,LAR,13.5,2025-12-11 04:29:37
12486,automatic,espn.com,Week 11,Dillon,Gabriel,QB,CLE,13.5,2025-12-11 04:29:37
12526,automatic,espn.com,Week 11,Tetairoa,McMillan,WR,CAR,13.5,2025-12-11 04:29:37
7591,automatic,fantasypros.com,Week 11,Justin,Fields,QB,NYJ,13.5,2025-12-11 04:29:37
4199,automatic,firstdown.studio,Week 11,Aaron,Jones,RB,MIN,13.5,2025-12-11 04:29:37
4199,automatic,espn.com,Week 12,Aaron,Jones Sr.,RB,MIN,13.5,2025-12-11 04:29:37
1166,automatic,fantasypros.com,Week 12,Kirk,Cousins,QB,ATL,13.5,2025-12-11 04:29:37
12527,automatic,fantasypros.com,Week 12,Ashton,Jeanty,RB,LV,13.5,2025-12-11 04:29:37
6819,automatic,fantasypros.com,Week 12,Michael,Pittman Jr.,WR,IND,13.5,2025-12-11 04:29:37
12545,automatic,espn.com,Week 13,Tyler,Shough,QB,NO,13.5,2025-12-11 04:29:37
11620,automatic,espn.com,Week 13,Rome,Odunze,WR,CHI,13.5,2025-12-11 04:29:37
12522,automatic,fantasypros.com,Week 13,Cam,Ward,QB,TEN,13.5,2025-12-11 04:29:37
7525,automatic,sleeper.com,Week 14,DeVonta,Smith,WR,PHI,13.5,2025-12-11 04:29:37
6794,automatic,sleeper.com,Week 14,Justin,Jefferson,WR,MIN,13.5,2025-12-11 04:29:37
7525,automatic,espn.com,Week 14,DeVonta,Smith,WR,PHI,13.5,2025-12-11 04:29:37
1166,automatic,fantasypros.com,Week 15,Kirk,Cousins,QB,ATL,13.5,2025-12-11 04:29:37
12474,automatic,fantasypros.com,Week 15,Woody,Marks,RB,HOU,13.5,2025-12-11 04:29:37
5927,automatic,fantasypros.com,Week 15,Terry,McLaurin,WR,WAS,13.5,2025-12-11 04:29:37
2133,automatic,firstdown.studio,Week 15,Davante,Adams,WR,LAR,13.5,2025-12-11 04:29:37
5859,automatic,fanduel.com,Week 14,A.J.,Brown,WR,PHI,13.49,2025-12-11 04:29:37
8121,automatic,fanduel.com,Week 10,Romeo,Doubs,WR,GB,13.48,2025-12-11 04:29:37
6768,automatic,fanduel.com,Week 10,Tua,Tagovailoa,QB,MIA,13.47,2025-12-11 04:29:37
8134,automatic,fanduel.com,Week 10,Khalil,Shakir,WR,BUF,13.44,2025-12-11 04:29:37
5892,automatic,fanduel.com,Week 14,David,Montgomery,RB,DET,13.43,2025-12-11 04:29:37
9228,automatic,fanduel.com,Week 15,Bryce,Young,QB,CAR,13.42,2025-12-11 04:29:37
11604,automatic,fanduel.com,Week 13,Brock,Bowers,TE,LV,13.41,2025-12-11 04:29:37
6768,automatic,fantasypros.com,Week 10,Tua,Tagovailoa,QB,MIA,13.4,2025-12-11 04:29:37
8155,automatic,fantasypros.com,Week 10,Breece,Hall,RB,NYJ,13.4,2025-12-11 04:29:37
8146,automatic,fantasypros.com,Week 10,Garrett,Wilson,WR,NYJ,13.4,2025-12-11 04:29:37
7525,automatic,firstdown.studio,Week 10,DeVonta,Smith,WR,PHI,13.4,2025-12-11 04:29:37
8144,automatic,firstdown.studio,Week 10,Chris,Olave,WR,NO,13.4,2025-12-11 04:29:37
8134,automatic,sleeper.com,Week 11,Khalil,Shakir,WR,BUF,13.4,2025-12-11 04:29:37
5872,automatic,sleeper.com,Week 11,Deebo,Samuel,WR,WAS,13.4,2025-12-11 04:29:37
12526,automatic,sleeper.com,Week 11,Tetairoa,McMillan,WR,CAR,13.4,2025-12-11 04:29:37
8126,automatic,sleeper.com,Week 11,Wan'Dale,Robinson,WR,NYG,13.4,2025-12-11 04:29:37
9997,automatic,espn.com,Week 11,Zay,Flowers,WR,BAL,13.4,2025-12-11 04:29:37
7049,automatic,espn.com,Week 11,Jauan,Jennings,WR,SF,13.4,2025-12-11 04:29:37
8137,automatic,fantasypros.com,Week 11,George,Pickens,WR,DAL,13.4,2025-12-11 04:29:37
4217,automatic,fantasypros.com,Week 11,George,Kittle,TE,SF,13.4,2025-12-11 04:29:37
6801,automatic,firstdown.studio,Week 11,Tee,Higgins,WR,CIN,13.4,2025-12-11 04:29:37
8150,automatic,sleeper.com,Week 12,Kyren,Williams,RB,LAR,13.4,2025-12-11 04:29:37
8126,automatic,espn.com,Week 12,Wan'Dale,Robinson,WR,NYG,13.4,2025-12-11 04:29:37
8148,automatic,fantasypros.com,Week 12,Jameson,Williams,WR,DET,13.4,2025-12-11 04:29:37
12512,automatic,sleeper.com,Week 13,Quinshon,Judkins,RB,CLE,13.4,2025-12-11 04:29:37
12526,automatic,sleeper.com,Week 13,Tetairoa,McMillan,WR,CAR,13.4,2025-12-11 04:29:37
2449,automatic,sleeper.com,Week 13,Stefon,Diggs,WR,NE,13.4,2025-12-11 04:29:37
2449,automatic,fantasypros.com,Week 13,Stefon,Diggs,WR,NE,13.4,2025-12-11 04:29:37
11604,automatic,fantasypros.com,Week 13,Brock,Bowers,TE,LV,13.4,2025-12-11 04:29:37
12514,automatic,fantasypros.com,Week 14,Emeka,Egbuka,WR,TB,13.4,2025-12-11 04:29:37
5872,automatic,sleeper.com,Week 15,Deebo,Samuel,WR,WAS,13.4,2025-12-11 04:29:37
5927,automatic,espn.com,Week 15,Terry,McLaurin,WR,WAS,13.4,2025-12-11 04:29:37
12489,automatic,fantasypros.com,Week 15,RJ,Harvey,RB,DEN,13.4,2025-12-11 04:29:37
12486,automatic,fanduel.com,Week 11,Dillon,Gabriel,QB,CLE,13.38,2025-12-11 04:29:37
12526,automatic,fanduel.com,Week 10,Tetairoa,McMillan,WR,CAR,13.36,2025-12-11 04:29:37
8150,automatic,fanduel.com,Week 15,Kyren,Williams,RB,LAR,13.35,2025-12-11 04:29:37
7525,automatic,fanduel.com,Week 15,DeVonta,Smith,WR,PHI,13.31,2025-12-11 04:29:37
7523,automatic,espn.com,Week 10,Trevor,Lawrence,QB,JAX,13.3,2025-12-11 04:29:37
11628,automatic,espn.com,Week 10,Marvin,Harrison Jr.,WR,ARI,13.3,2025-12-11 04:29:37
5045,automatic,espn.com,Week 10,Courtland,Sutton,WR,DEN,13.3,2025-12-11 04:29:37
5846,automatic,espn.com,Week 10,DK,Metcalf,WR,PIT,13.3,2025-12-11 04:29:37
8126,automatic,fantasypros.com,Week 10,Wan'Dale,Robinson,WR,NYG,13.3,2025-12-11 04:29:37
5846,automatic,sleeper.com,Week 12,DK,Metcalf,WR,PIT,13.3,2025-12-11 04:29:37
12512,automatic,fantasypros.com,Week 12,Quinshon,Judkins,RB,CLE,13.3,2025-12-11 04:29:37
8155,automatic,fantasypros.com,Week 12,Breece,Hall,RB,NYJ,13.3,2025-12-11 04:29:37
11620,automatic,fantasypros.com,Week 12,Rome,Odunze,WR,CHI,13.3,2025-12-11 04:29:37
12522,automatic,espn.com,Week 13,Cam,Ward,QB,TEN,13.3,2025-12-11 04:29:37
6819,automatic,espn.com,Week 13,Michael,Pittman Jr.,WR,IND,13.3,2025-12-11 04:29:37
5846,automatic,espn.com,Week 13,DK,Metcalf,WR,PIT,13.3,2025-12-11 04:29:37
12518,automatic,espn.com,Week 13,Tyler,Warren,TE,IND,13.3,2025-12-11 04:29:37
12524,automatic,fanduel.com,Week 14,Shedeur,Sanders,QB,CLE,13.3,2025-12-11 04:29:37
6801,automatic,espn.com,Week 14,Tee,Higgins,WR,CIN,13.3,2025-12-11 04:29:37
8148,automatic,sleeper.com,Week 15,Jameson,Williams,WR,DET,13.3,2025-12-11 04:29:37
2449,automatic,sleeper.com,Week 15,Stefon,Diggs,WR,NE,13.3,2025-12-11 04:29:37
2449,automatic,espn.com,Week 15,Stefon,Diggs,WR,NE,13.3,2025-12-11 04:29:37
7569,automatic,firstdown.studio,Week 15,Nico,Collins,WR,HOU,13.3,2025-12-11 04:29:37
9758,automatic,fanduel.com,Week 11,C.J.,Stroud,QB,HOU,13.28,2025-12-11 04:29:37
8134,automatic,fanduel.com,Week 14,Khalil,Shakir,WR,BUF,13.27,2025-12-11 04:29:37
7525,automatic,fanduel.com,Week 11,DeVonta,Smith,WR,PHI,13.26,2025-12-11 04:29:37
2449,automatic,fanduel.com,Week 15,Stefon,Diggs,WR,NE,13.25,2025-12-11 04:29:37
12512,automatic,fanduel.com,Week 11,Quinshon,Judkins,RB,CLE,13.22,2025-12-11 04:29:37
1373,automatic,fanduel.com,Week 10,Geno,Smith,QB,LV,13.2,2025-12-11 04:29:37
9228,automatic,espn.com,Week 10,Bryce,Young,QB,CAR,13.2,2025-12-11 04:29:37
6806,automatic,espn.com,Week 10,J.K.,Dobbins,RB,DEN,13.2,2025-12-11 04:29:37
12529,automatic,espn.com,Week 10,TreVeyon,Henderson,RB,NE,13.2,2025-12-11 04:29:37
12526,automatic,fantasypros.com,Week 10,Tetairoa,McMillan,WR,CAR,13.2,2025-12-11 04:29:37
8155,automatic,firstdown.studio,Week 10,Breece,Hall,RB,NYJ,13.2,2025-12-11 04:29:37
12527,automatic,firstdown.studio,Week 10,Ashton,Jeanty,RB,LV,13.2,2025-12-11 04:29:37
6801,automatic,sleeper.com,Week 11,Tee,Higgins,WR,CIN,13.2,2025-12-11 04:29:37
9224,automatic,espn.com,Week 11,Chase,Brown,RB,CIN,13.2,2025-12-11 04:29:37
8155,automatic,fantasypros.com,Week 11,Breece,Hall,RB,NYJ,13.2,2025-12-11 04:29:37
9997,automatic,espn.com,Week 12,Zay,Flowers,WR,BAL,13.2,2025-12-11 04:29:37
8126,automatic,sleeper.com,Week 13,Wan'Dale,Robinson,WR,NYG,13.2,2025-12-11 04:29:37
12526,automatic,espn.com,Week 13,Tetairoa,McMillan,WR,CAR,13.2,2025-12-11 04:29:37
11635,automatic,espn.com,Week 13,Ladd,McConkey,WR,LAC,13.2,2025-12-11 04:29:37
5850,automatic,fantasypros.com,Week 13,Josh,Jacobs,RB,GB,13.2,2025-12-11 04:29:37
11604,automatic,espn.com,Week 14,Brock,Bowers,TE,LV,13.2,2025-12-11 04:29:37
8150,automatic,sleeper.com,Week 15,Kyren,Williams,RB,LAR,13.2,2025-12-11 04:29:37
8228,automatic,sleeper.com,Week 15,Jaylen,Warren,RB,PIT,13.2,2025-12-11 04:29:37
9228,automatic,espn.com,Week 15,Bryce,Young,QB,CAR,13.2,2025-12-11 04:29:37
5045,automatic,espn.com,Week 15,Courtland,Sutton,WR,DEN,13.2,2025-12-11 04:29:37
12526,automatic,espn.com,Week 15,Tetairoa,McMillan,WR,CAR,13.2,2025-12-11 04:29:37
11604,automatic,fantasypros.com,Week 15,Brock,Bowers,TE,LV,13.2,2025-12-11 04:29:37
3198,automatic,fanduel.com,Week 11,Derrick,Henry,RB,BAL,13.16,2025-12-11 04:29:37
11604,automatic,fanduel.com,Week 12,Brock,Bowers,TE,LV,13.14,2025-12-11 04:29:37
8134,automatic,fanduel.com,Week 13,Khalil,Shakir,WR,BUF,13.12,2025-12-11 04:29:37
7049,automatic,espn.com,Week 10,Jauan,Jennings,WR,SF,13.1,2025-12-11 04:29:37
10859,automatic,espn.com,Week 10,Sam,LaPorta,TE,DET,13.1,2025-12-11 04:29:37
1373,automatic,fantasypros.com,Week 10,Geno,Smith,QB,LV,13.1,2025-12-11 04:29:37
8228,automatic,firstdown.studio,Week 10,Jaylen,Warren,RB,PIT,13.1,2025-12-11 04:29:37
2449,automatic,firstdown.studio,Week 10,Stefon,Diggs,WR,NE,13.1,2025-12-11 04:29:37
7569,automatic,firstdown.studio,Week 10,Nico,Collins,WR,HOU,13.1,2025-12-11 04:29:37
12489,automatic,sleeper.com,Week 11,RJ,Harvey,RB,DEN,13.1,2025-12-11 04:29:37
6801,automatic,fantasypros.com,Week 11,Tee,Higgins,WR,CIN,13.1,2025-12-11 04:29:37
8110,automatic,fantasypros.com,Week 11,Jake,Ferguson,TE,DAL,13.1,2025-12-11 04:29:37
7591,automatic,firstdown.studio,Week 11,Justin,Fields,QB,NYJ,13.1,2025-12-11 04:29:37
12512,automatic,firstdown.studio,Week 11,Quinshon,Judkins,RB,CLE,13.1,2025-12-11 04:29:37
8126,automatic,firstdown.studio,Week 11,W.,Robinson,WR,NYG,13.1,2025-12-11 04:29:37
11620,automatic,espn.com,Week 12,Rome,Odunze,WR,CHI,13.1,2025-12-11 04:29:37
6790,automatic,fantasypros.com,Week 12,D'Andre,Swift,RB,CHI,13.1,2025-12-11 04:29:37
4199,automatic,fantasypros.com,Week 12,Aaron,Jones Sr.,RB,MIN,13.1,2025-12-11 04:29:37
7567,automatic,espn.com,Week 13,Kenneth,Gainwell,RB,PIT,13.1,2025-12-11 04:29:37
11635,automatic,fantasypros.com,Week 13,Ladd,McConkey,WR,LAC,13.1,2025-12-11 04:29:37
1466,automatic,fantasypros.com,Week 13,Travis,Kelce,TE,KC,13.1,2025-12-11 04:29:37
5947,automatic,sleeper.com,Week 14,Jakobi,Meyers,WR,JAX,13.1,2025-12-11 04:29:37
96,automatic,fantasypros.com,Week 14,Aaron,Rodgers,QB,PIT,13.1,2025-12-11 04:29:37
8121,automatic,fanduel.com,Week 14,Romeo,Doubs,WR,GB,13.1,2025-12-11 04:29:37
12524,automatic,espn.com,Week 15,Shedeur,Sanders,QB,CLE,13.1,2025-12-11 04:29:37
7049,automatic,espn.com,Week 15,Jauan,Jennings,WR,SF,13.1,2025-12-11 04:29:37
5947,automatic,fantasypros.com,Week 15,Jakobi,Meyers,WR,JAX,13.1,2025-12-11 04:29:37
8144,automatic,fanduel.com,Week 10,Chris,Olave,WR,NO,13.09,2025-12-11 04:29:37
8228,automatic,fanduel.com,Week 12,Jaylen,Warren,RB,PIT,13.09,2025-12-11 04:29:37
12545,automatic,fanduel.com,Week 10,Tyler,Shough,QB,NO,13.07,2025-12-11 04:29:37
6819,automatic,fanduel.com,Week 12,Michael,Pittman Jr.,WR,IND,13.07,2025-12-11 04:29:37
12522,automatic,fanduel.com,Week 13,Cameron,Ward,QB,TEN,13.06,2025-12-11 04:29:37
12529,automatic,fanduel.com,Week 10,TreVeyon,Henderson,RB,NE,13.05,2025-12-11 04:29:37
6790,automatic,fanduel.com,Week 11,D'Andre,Swift,RB,CHI,13.05,2025-12-11 04:29:37
12526,automatic,fanduel.com,Week 11,Tetairoa,McMillan,WR,CAR,13.04,2025-12-11 04:29:37
11655,automatic,fanduel.com,Week 13,Tyrone,Tracy Jr.,RB,NYG,13.04,2025-12-11 04:29:37
7525,automatic,fanduel.com,Week 12,DeVonta,Smith,WR,PHI,13.03,2025-12-11 04:29:37
10859,automatic,sleeper.com,Week 10,Sam,LaPorta,TE,DET,13.0,2025-12-11 04:29:37
5045,automatic,sleeper.com,Week 10,Courtland,Sutton,WR,DEN,13.0,2025-12-11 04:29:37
11628,automatic,fantasypros.com,Week 10,Marvin,Harrison Jr.,WR,ARI,13.0,2025-12-11 04:29:37
6819,automatic,firstdown.studio,Week 10,Michael,Pittman,WR,IND,13.0,2025-12-11 04:29:37
7523,automatic,fantasypros.com,Week 11,Trevor,Lawrence,QB,JAX,13.0,2025-12-11 04:29:37
3198,automatic,firstdown.studio,Week 11,Derrick,Henry,RB,BAL,13.0,2025-12-11 04:29:37
7525,automatic,firstdown.studio,Week 11,DeVonta,Smith,WR,PHI,13.0,2025-12-11 04:29:37
5872,automatic,firstdown.studio,Week 11,Deebo,Samuel,WR,WAS,13.0,2025-12-11 04:29:37
8228,automatic,sleeper.com,Week 12,Jaylen,Warren,RB,PIT,13.0,2025-12-11 04:29:37
5892,automatic,espn.com,Week 12,David,Montgomery,RB,DET,13.0,2025-12-11 04:29:37
10232,automatic,espn.com,Week 12,Michael,Wilson,WR,ARI,13.0,2025-12-11 04:29:37
827,automatic,fantasypros.com,Week 12,Tyrod,Taylor,QB,NYJ,13.0,2025-12-11 04:29:37
12518,automatic,fantasypros.com,Week 12,Tyler,Warren,TE,IND,13.0,2025-12-11 04:29:37
12489,automatic,sleeper.com,Week 13,RJ,Harvey,RB,DEN,13.0,2025-12-11 04:29:37
1166,automatic,fantasypros.com,Week 13,Kirk,Cousins,QB,ATL,13.0,2025-12-11 04:29:37
8134,automatic,sleeper.com,Week 14,Khalil,Shakir,WR,BUF,13.0,2025-12-11 04:29:37
11620,automatic,espn.com,Week 14,Rome,Odunze,WR,CHI,13.0,2025-12-11 04:29:37
11604,automatic,espn.com,Week 15,Brock,Bowers,TE,LV,13.0,2025-12-11 04:29:37
6768,automatic,fantasypros.com,Week 15,Tua,Tagovailoa,QB,MIA,13.0,2025-12-11 04:29:37
8228,automatic,fantasypros.com,Week 15,Jaylen,Warren,RB,PIT,13.0,2025-12-11 04:29:37
8155,automatic,fantasypros.com,Week 15,Breece,Hall,RB,NYJ,13.0,2025-12-11 04:29:37
7525,automatic,fantasypros.com,Week 15,DeVonta,Smith,WR,PHI,13.0,2025-12-11 04:29:37
8136,automatic,fanduel.com,Week 11,Rachaad,White,RB,TB,12.97,2025-12-11 04:29:37
11584,automatic,fanduel.com,Week 15,Bucky,Irving,RB,TB,12.97,2025-12-11 04:29:37
11628,automatic,fanduel.com,Week 10,Marvin,Harrison Jr.,WR,ARI,12.93,2025-12-11 04:29:37
5872,automatic,fanduel.com,Week 15,Deebo,Samuel,WR,WAS,12.93,2025-12-11 04:29:37
8151,automatic,fanduel.com,Week 15,Kenneth,Walker III,RB,SEA,12.92,2025-12-11 04:29:37
12512,automatic,fanduel.com,Week 13,Quinshon,Judkins,RB,CLE,12.91,2025-12-11 04:29:37
6790,automatic,sleeper.com,Week 10,D'Andre,Swift,RB,CHI,12.9,2025-12-11 04:29:37
1479,automatic,sleeper.com,Week 10,Keenan,Allen,WR,LAC,12.9,2025-12-11 04:29:37
9228,automatic,firstdown.studio,Week 10,Bryce,Young,QB,CAR,12.9,2025-12-11 04:29:37
11655,automatic,espn.com,Week 11,Tyrone,Tracy Jr.,RB,NYG,12.9,2025-12-11 04:29:37
5045,automatic,espn.com,Week 11,Courtland,Sutton,WR,DEN,12.9,2025-12-11 04:29:37
8134,automatic,espn.com,Week 11,Khalil,Shakir,WR,BUF,12.9,2025-12-11 04:29:37
8150,automatic,firstdown.studio,Week 11,Kyren,Williams,RB,LAR,12.9,2025-12-11 04:29:37
7543,automatic,firstdown.studio,Week 11,Travis,Etienne,RB,JAX,12.9,2025-12-11 04:29:37
11620,automatic,firstdown.studio,Week 11,Rome,Odunze,WR,CHI,12.9,2025-12-11 04:29:37
7543,automatic,sleeper.com,Week 12,Travis,Etienne,RB,JAX,12.9,2025-12-11 04:29:37
4035,automatic,sleeper.com,Week 12,Alvin,Kamara,RB,NO,12.9,2025-12-11 04:29:37
8148,automatic,espn.com,Week 12,Jameson,Williams,WR,DET,12.9,2025-12-11 04:29:37
7049,automatic,fanduel.com,Week 12,Jauan,Jennings,WR,SF,12.9,2025-12-11 04:29:37
1466,automatic,fantasypros.com,Week 12,Travis,Kelce,TE,KC,12.9,2025-12-11 04:29:37
8134,automatic,sleeper.com,Week 13,Khalil,Shakir,WR,BUF,12.9,2025-12-11 04:29:37
11627,automatic,espn.com,Week 13,Troy,Franklin,WR,DEN,12.9,2025-12-11 04:29:37
12518,automatic,espn.com,Week 14,Tyler,Warren,TE,IND,12.9,2025-12-11 04:29:37
11635,automatic,espn.com,Week 15,Ladd,McConkey,WR,LAC,12.9,2025-12-11 04:29:37
7525,automatic,espn.com,Week 15,DeVonta,Smith,WR,PHI,12.9,2025-12-11 04:29:37
7525,automatic,fanduel.com,Week 10,DeVonta,Smith,WR,PHI,12.89,2025-12-11 04:29:37
7543,automatic,fanduel.com,Week 15,Travis,Etienne,RB,JAX,12.89,2025-12-11 04:29:37
7525,automatic,fanduel.com,Week 14,DeVonta,Smith,WR,PHI,12.88,2025-12-11 04:29:37
7569,automatic,fanduel.com,Week 10,Nico,Collins,WR,HOU,12.83,2025-12-11 04:29:37
12518,automatic,sleeper.com,Week 10,Tyler,Warren,TE,IND,12.8,2025-12-11 04:29:37
12486,automatic,espn.com,Week 10,Dillon,Gabriel,QB,CLE,12.8,2025-12-11 04:29:37
11655,automatic,espn.com,Week 10,Tyrone,Tracy Jr.,RB,NYG,12.8,2025-12-11 04:29:37
8121,automatic,espn.com,Week 10,Romeo,Doubs,WR,GB,12.8,2025-12-11 04:29:37
9756,automatic,espn.com,Week 10,Jordan,Addison,WR,MIN,12.8,2025-12-11 04:29:37
11647,automatic,fantasypros.com,Week 10,Kimani,Vidal,RB,LAC,12.8,2025-12-11 04:29:37
5045,automatic,firstdown.studio,Week 10,Courtland,Sutton,WR,DEN,12.8,2025-12-11 04:29:37
6790,automatic,sleeper.com,Week 11,D'Andre,Swift,RB,CHI,12.8,2025-12-11 04:29:37
11620,automatic,sleeper.com,Week 11,Rome,Odunze,WR,CHI,12.8,2025-12-11 04:29:37
11647,automatic,espn.com,Week 11,Kimani,Vidal,RB,LAC,12.8,2025-12-11 04:29:37
9756,automatic,espn.com,Week 11,Jordan,Addison,WR,MIN,12.8,2025-12-11 04:29:37
4199,automatic,fantasypros.com,Week 11,Aaron,Jones Sr.,RB,MIN,12.8,2025-12-11 04:29:37
11620,automatic,fantasypros.com,Week 11,Rome,Odunze,WR,CHI,12.8,2025-12-11 04:29:37
12493,automatic,fantasypros.com,Week 11,Oronde,Gadsden II,TE,LAC,12.8,2025-12-11 04:29:37
9997,automatic,firstdown.studio,Week 11,Zay,Flowers,WR,BAL,12.8,2025-12-11 04:29:37
2449,automatic,firstdown.studio,Week 11,Stefon,Diggs,WR,NE,12.8,2025-12-11 04:29:37
9228,automatic,fanduel.com,Week 11,Bryce,Young,QB,CAR,12.8,2025-12-11 04:29:37
8126,automatic,sleeper.com,Week 12,Wan'Dale,Robinson,WR,NYG,12.8,2025-12-11 04:29:37
5846,automatic,espn.com,Week 12,DK,Metcalf,WR,PIT,12.8,2025-12-11 04:29:37
9997,automatic,fantasypros.com,Week 12,Zay,Flowers,WR,BAL,12.8,2025-12-11 04:29:37
1466,automatic,sleeper.com,Week 13,Travis,Kelce,TE,KC,12.8,2025-12-11 04:29:37
12489,automatic,fantasypros.com,Week 13,RJ,Harvey,RB,DEN,12.8,2025-12-11 04:29:37
7525,automatic,fantasypros.com,Week 13,DeVonta,Smith,WR,PHI,12.8,2025-12-11 04:29:37
12518,automatic,fantasypros.com,Week 13,Tyler,Warren,TE,IND,12.8,2025-12-11 04:29:37
5872,automatic,sleeper.com,Week 14,Deebo,Samuel,WR,WAS,12.8,2025-12-11 04:29:37
5927,automatic,sleeper.com,Week 14,Terry,McLaurin,WR,WAS,12.8,2025-12-11 04:29:37
9997,automatic,fantasypros.com,Week 14,Zay,Flowers,WR,BAL,12.8,2025-12-11 04:29:37
6794,automatic,fantasypros.com,Week 14,Justin,Jefferson,WR,MIN,12.8,2025-12-11 04:29:37
6819,automatic,espn.com,Week 14,Michael,Pittman Jr.,WR,IND,12.8,2025-12-11 04:29:37
8134,automatic,sleeper.com,Week 15,Khalil,Shakir,WR,BUF,12.8,2025-12-11 04:29:37
9997,automatic,espn.com,Week 15,Zay,Flowers,WR,BAL,12.8,2025-12-11 04:29:37
11628,automatic,espn.com,Week 15,Marvin,Harrison Jr.,WR,ARI,12.8,2025-12-11 04:29:37
12527,automatic,fantasypros.com,Week 15,Ashton,Jeanty,RB,LV,12.8,2025-12-11 04:29:37
6794,automatic,fantasypros.com,Week 15,Justin,Jefferson,WR,MIN,12.8,2025-12-11 04:29:37
2449,automatic,fantasypros.com,Week 15,Stefon,Diggs,WR,NE,12.8,2025-12-11 04:29:37
12507,automatic,fanduel.com,Week 13,Omarion,Hampton,RB,LAC,12.79,2025-12-11 04:29:37
11647,automatic,fanduel.com,Week 11,Kimani,Vidal,RB,LAC,12.77,2025-12-11 04:29:37
5846,automatic,fanduel.com,Week 11,D.K.,Metcalf,WR,PIT,12.74,2025-12-11 04:29:37
8151,automatic,fanduel.com,Week 14,Kenneth,Walker III,RB,SEA,12.73,2025-12-11 04:29:37
12524,automatic,fanduel.com,Week 13,Shedeur,Sanders,QB,CLE,12.72,2025-12-11 04:29:37
11631,automatic,fanduel.com,Week 14,Brian,Thomas Jr.,WR,JAX,12.72,2025-12-11 04:29:37
11647,automatic,sleeper.com,Week 10,Kimani,Vidal,RB,LAC,12.7,2025-12-11 04:29:37
7543,automatic,espn.com,Week 10,Travis,Etienne Jr.,RB,JAX,12.7,2025-12-11 04:29:37
8134,automatic,espn.com,Week 10,Khalil,Shakir,WR,BUF,12.7,2025-12-11 04:29:37
5872,automatic,fantasypros.com,Week 10,Deebo,Samuel Sr.,WR,WAS,12.7,2025-12-11 04:29:37
5846,automatic,fantasypros.com,Week 10,DK,Metcalf,WR,PIT,12.7,2025-12-11 04:29:37
7585,automatic,firstdown.studio,Week 10,Davis,Mills,QB,HOU,12.7,2025-12-11 04:29:37
12486,automatic,firstdown.studio,Week 10,Dillon,Gabriel,QB,CLE,12.7,2025-12-11 04:29:37
6819,automatic,sleeper.com,Week 12,Michael,Pittman,WR,IND,12.7,2025-12-11 04:29:37
12514,automatic,sleeper.com,Week 14,Emeka,Egbuka,WR,TB,12.7,2025-12-11 04:29:37
12489,automatic,sleeper.com,Week 14,RJ,Harvey,RB,DEN,12.7,2025-12-11 04:29:37
7525,automatic,fantasypros.com,Week 14,DeVonta,Smith,WR,PHI,12.7,2025-12-11 04:29:37
6819,automatic,fantasypros.com,Week 14,Michael,Pittman Jr.,WR,IND,12.7,2025-12-11 04:29:37
12507,automatic,sleeper.com,Week 15,Omarion,Hampton,RB,LAC,12.7,2025-12-11 04:29:37
8146,automatic,sleeper.com,Week 15,Garrett,Wilson,WR,NYJ,12.7,2025-12-11 04:29:37
8151,automatic,fantasypros.com,Week 15,Kenneth,Walker III,RB,SEA,12.7,2025-12-11 04:29:37
9997,automatic,fantasypros.com,Week 15,Zay,Flowers,WR,BAL,12.7,2025-12-11 04:29:37
7049,automatic,fanduel.com,Week 15,Jauan,Jennings,WR,SF,12.7,2025-12-11 04:29:37
8155,automatic,firstdown.studio,Week 15,Breece,Hall,RB,NYJ,12.7,2025-12-11 04:29:37
11584,automatic,firstdown.studio,Week 15,Bucky,Irving,RB,TB,12.7,2025-12-11 04:29:37
10229,automatic,firstdown.studio,Week 15,Rashee,Rice,WR,KC,12.7,2025-12-11 04:29:37
7585,automatic,fanduel.com,Week 10,Davis,Mills,QB,HOU,12.69,2025-12-11 04:29:37
8228,automatic,fanduel.com,Week 10,Jaylen,Warren,RB,PIT,12.68,2025-12-11 04:29:37
8142,automatic,fanduel.com,Week 12,Alec,Pierce,WR,IND,12.68,2025-12-11 04:29:37
12522,automatic,fanduel.com,Week 15,Cameron,Ward,QB,TEN,12.68,2025-12-11 04:29:37
5846,automatic,fanduel.com,Week 13,D.K.,Metcalf,WR,PIT,12.65,2025-12-11 04:29:37
9756,automatic,fanduel.com,Week 14,Jordan,Addison,WR,MIN,12.65,2025-12-11 04:29:37
12474,automatic,fanduel.com,Week 14,Woody,Marks,RB,HOU,12.63,2025-12-11 04:29:37
5846,automatic,fanduel.com,Week 15,D.K.,Metcalf,WR,PIT,12.62,2025-12-11 04:29:37
12526,automatic,sleeper.com,Week 10,Tetairoa,McMillan,WR,CAR,12.6,2025-12-11 04:29:37
5846,automatic,sleeper.com,Week 10,DK,Metcalf,WR,PIT,12.6,2025-12-11 04:29:37
7585,automatic,fantasypros.com,Week 10,Davis,Mills,QB,HOU,12.6,2025-12-11 04:29:37
11627,automatic,espn.com,Week 11,Troy,Franklin,WR,DEN,12.6,2025-12-11 04:29:37
5859,automatic,firstdown.studio,Week 11,A.J.,Brown,WR,PHI,12.6,2025-12-11 04:29:37
6790,automatic,sleeper.com,Week 12,D'Andre,Swift,RB,CHI,12.6,2025-12-11 04:29:37
1373,automatic,espn.com,Week 12,Geno,Smith,QB,LV,12.6,2025-12-11 04:29:37
10232,automatic,fantasypros.com,Week 12,Michael,Wilson,WR,ARI,12.6,2025-12-11 04:29:37
7567,automatic,sleeper.com,Week 13,Kenneth,Gainwell,RB,PIT,12.6,2025-12-11 04:29:37
6819,automatic,sleeper.com,Week 13,Michael,Pittman,WR,IND,12.6,2025-12-11 04:29:37
6768,automatic,espn.com,Week 13,Tua,Tagovailoa,QB,MIA,12.6,2025-12-11 04:29:37
5927,automatic,fantasypros.com,Week 14,Terry,McLaurin,WR,WAS,12.6,2025-12-11 04:29:37
7567,automatic,sleeper.com,Week 15,Kenneth,Gainwell,RB,PIT,12.6,2025-12-11 04:29:37
827,automatic,espn.com,Week 15,Tyrod,Taylor,QB,NYJ,12.6,2025-12-11 04:29:37
11635,automatic,fantasypros.com,Week 15,Ladd,McConkey,WR,LAC,12.6,2025-12-11 04:29:37
6768,automatic,firstdown.studio,Week 15,Tua,Tagovailoa,QB,MIA,12.6,2025-12-11 04:29:37
9228,automatic,fanduel.com,Week 13,Bryce,Young,QB,CAR,12.59,2025-12-11 04:29:37
12506,automatic,fanduel.com,Week 10,Harold,Fannin Jr.,TE,CLE,12.58,2025-12-11 04:29:37
8121,automatic,fanduel.com,Week 11,Romeo,Doubs,WR,GB,12.58,2025-12-11 04:29:37
5947,automatic,fanduel.com,Week 15,Jakobi,Meyers,WR,JAX,12.58,2025-12-11 04:29:37
12526,automatic,fanduel.com,Week 15,Tetairoa,McMillan,WR,CAR,12.58,2025-12-11 04:29:37
7526,automatic,fanduel.com,Week 14,Jaylen,Waddle,WR,MIA,12.57,2025-12-11 04:29:37
12506,automatic,fanduel.com,Week 15,Harold,Fannin Jr.,TE,CLE,12.57,2025-12-11 04:29:37
6768,automatic,fanduel.com,Week 15,Tua,Tagovailoa,QB,MIA,12.57,2025-12-11 04:29:37
8142,automatic,fanduel.com,Week 10,Alec,Pierce,WR,IND,12.54,2025-12-11 04:29:37
11620,automatic,fanduel.com,Week 10,Rome,Odunze,WR,CHI,12.54,2025-12-11 04:29:37
4035,automatic,fanduel.com,Week 12,Alvin,Kamara,RB,NO,12.52,2025-12-11 04:29:37
7588,automatic,fanduel.com,Week 14,Javonte,Williams,RB,DAL,12.52,2025-12-11 04:29:37
8151,automatic,espn.com,Week 10,Kenneth,Walker,RB,SEA,12.5,2025-12-11 04:29:37
1479,automatic,espn.com,Week 10,Keenan,Allen,WR,LAC,12.5,2025-12-11 04:29:37
12518,automatic,espn.com,Week 10,Tyler,Warren,TE,IND,12.5,2025-12-11 04:29:37
7543,automatic,fantasypros.com,Week 10,Travis,Etienne Jr.,RB,JAX,12.5,2025-12-11 04:29:37
11638,automatic,sleeper.com,Week 11,Ricky,Pearsall,WR,SF,12.5,2025-12-11 04:29:37
10213,automatic,sleeper.com,Week 11,Tre,Tucker,WR,LV,12.5,2025-12-11 04:29:37
5846,automatic,espn.com,Week 11,DK,Metcalf,WR,PIT,12.5,2025-12-11 04:29:37
9754,automatic,espn.com,Week 11,Quentin,Johnston,WR,LAC,12.5,2025-12-11 04:29:37
9228,automatic,fantasypros.com,Week 11,Bryce,Young,QB,CAR,12.5,2025-12-11 04:29:37
10859,automatic,fantasypros.com,Week 11,Sam,LaPorta,TE,DET,12.5,2025-12-11 04:29:37
8155,automatic,firstdown.studio,Week 11,Breece,Hall,RB,NYJ,12.5,2025-12-11 04:29:37
6790,automatic,firstdown.studio,Week 11,D'Andre,Swift,RB,CHI,12.5,2025-12-11 04:29:37
10232,automatic,sleeper.com,Week 12,Michael,Wilson,WR,ARI,12.5,2025-12-11 04:29:37
5846,automatic,fantasypros.com,Week 12,DK,Metcalf,WR,PIT,12.5,2025-12-11 04:29:37
5872,automatic,sleeper.com,Week 13,Deebo,Samuel,WR,WAS,12.5,2025-12-11 04:29:37
9754,automatic,sleeper.com,Week 13,Quentin,Johnston,WR,LAC,12.5,2025-12-11 04:29:37
5045,automatic,sleeper.com,Week 13,Courtland,Sutton,WR,DEN,12.5,2025-12-11 04:29:37
4199,automatic,espn.com,Week 13,Aaron,Jones Sr.,RB,MIN,12.5,2025-12-11 04:29:37
12512,automatic,espn.com,Week 13,Quinshon,Judkins,RB,CLE,12.5,2025-12-11 04:29:37
11655,automatic,espn.com,Week 13,Tyrone,Tracy Jr.,RB,NYG,12.5,2025-12-11 04:29:37
96,automatic,fantasypros.com,Week 13,Aaron,Rodgers,QB,PIT,12.5,2025-12-11 04:29:37
5012,automatic,fantasypros.com,Week 13,Mark,Andrews,TE,BAL,12.5,2025-12-11 04:29:37
12524,automatic,fantasypros.com,Week 14,Shedeur,Sanders,QB,CLE,12.5,2025-12-11 04:29:37
5846,automatic,sleeper.com,Week 15,DK,Metcalf,WR,PIT,12.5,2025-12-11 04:29:37
12522,automatic,fantasypros.com,Week 15,Cam,Ward,QB,TEN,12.5,2025-12-11 04:29:37
7049,automatic,fantasypros.com,Week 15,Jauan,Jennings,WR,SF,12.5,2025-12-11 04:29:37
5846,automatic,fantasypros.com,Week 15,DK,Metcalf,WR,PIT,12.5,2025-12-11 04:29:37
8130,automatic,firstdown.studio,Week 15,Trey,McBride,TE,ARI,12.5,2025-12-11 04:29:37
7526,automatic,fanduel.com,Week 13,Jaylen,Waddle,WR,MIA,12.49,2025-12-11 04:29:37
8148,automatic,fanduel.com,Week 15,Jameson,Williams,WR,DET,12.47,2025-12-11 04:29:37
4039,automatic,fanduel.com,Week 11,Cooper,Kupp,WR,SEA,12.46,2025-12-11 04:29:37
8126,automatic,fanduel.com,Week 15,Wan'Dale,Robinson,WR,NYG,12.46,2025-12-11 04:29:37
1373,automatic,fanduel.com,Week 14,Geno,Smith,QB,LV,12.45,2025-12-11 04:29:37
6790,automatic,fanduel.com,Week 15,D'Andre,Swift,RB,CHI,12.44,2025-12-11 04:29:37
7002,automatic,fanduel.com,Week 15,Juwan,Johnson,TE,NO,12.42,2025-12-11 04:29:37
8228,automatic,fanduel.com,Week 15,Jaylen,Warren,RB,PIT,12.41,2025-12-11 04:29:37
7543,automatic,sleeper.com,Week 10,Travis,Etienne,RB,JAX,12.4,2025-12-11 04:29:37
9756,automatic,sleeper.com,Week 10,Jordan,Addison,WR,MIN,12.4,2025-12-11 04:29:37
12545,automatic,espn.com,Week 10,Tyler,Shough,QB,NO,12.4,2025-12-11 04:29:37
11627,automatic,espn.com,Week 10,Troy,Franklin,WR,DEN,12.4,2025-12-11 04:29:37
8121,automatic,fantasypros.com,Week 10,Romeo,Doubs,WR,GB,12.4,2025-12-11 04:29:37
11647,automatic,firstdown.studio,Week 10,Kimani,Vidal,RB,LAC,12.4,2025-12-11 04:29:37
8146,automatic,firstdown.studio,Week 10,Garrett,Wilson,WR,NYJ,12.4,2025-12-11 04:29:37
5045,automatic,sleeper.com,Week 11,Courtland,Sutton,WR,DEN,12.4,2025-12-11 04:29:37
11647,automatic,fantasypros.com,Week 11,Kimani,Vidal,RB,LAC,12.4,2025-12-11 04:29:37
5859,automatic,fantasypros.com,Week 11,A.J.,Brown,WR,PHI,12.4,2025-12-11 04:29:37
11584,automatic,sleeper.com,Week 12,Bucky,Irving,RB,TB,12.4,2025-12-11 04:29:37
8155,automatic,sleeper.com,Week 12,Breece,Hall,RB,NYJ,12.4,2025-12-11 04:29:37
1166,automatic,espn.com,Week 12,Kirk,Cousins,QB,ATL,12.4,2025-12-11 04:29:37
12474,automatic,sleeper.com,Week 13,Woody,Marks,RB,HOU,12.4,2025-12-11 04:29:37
11631,automatic,sleeper.com,Week 13,Brian,Thomas,WR,JAX,12.4,2025-12-11 04:29:37
6794,automatic,sleeper.com,Week 13,Justin,Jefferson,WR,MIN,12.4,2025-12-11 04:29:37
1166,automatic,espn.com,Week 13,Kirk,Cousins,QB,ATL,12.4,2025-12-11 04:29:37
11584,automatic,fantasypros.com,Week 13,Bucky,Irving,RB,TB,12.4,2025-12-11 04:29:37
8126,automatic,fantasypros.com,Week 13,Wan'Dale,Robinson,WR,NYG,12.4,2025-12-11 04:29:37
11631,automatic,sleeper.com,Week 14,Brian,Thomas,WR,JAX,12.4,2025-12-11 04:29:37
8134,automatic,fantasypros.com,Week 14,Khalil,Shakir,WR,BUF,12.4,2025-12-11 04:29:37
12518,automatic,fantasypros.com,Week 14,Tyler,Warren,TE,IND,12.4,2025-12-11 04:29:37
10232,automatic,sleeper.com,Week 15,Michael,Wilson,WR,ARI,12.4,2025-12-11 04:29:37
2216,automatic,sleeper.com,Week 15,Mike,Evans,WR,TB,12.4,2025-12-11 04:29:37
12506,automatic,sleeper.com,Week 15,Harold,Fannin,TE,CLE,12.4,2025-12-11 04:29:37
9756,automatic,espn.com,Week 15,Jordan,Addison,WR,MIN,12.4,2025-12-11 04:29:37
4037,automatic,fantasypros.com,Week 15,Chris,Godwin Jr.,WR,TB,12.4,2025-12-11 04:29:37
SEA,dst_team_match,fantasypros.com,Week 15,Seattle Seahawks,Defense,DST,SEA,12.4,2025-12-11 04:29:37
1373,automatic,fanduel.com,Week 13,Geno,Smith,QB,LV,12.38,2025-12-11 04:29:37
12474,automatic,fanduel.com,Week 11,Woody,Marks,RB,HOU,12.35,2025-12-11 04:29:37
7553,automatic,fanduel.com,Week 12,Kyle,Pitts,TE,ATL,12.34,2025-12-11 04:29:37
11655,automatic,fanduel.com,Week 12,Tyrone,Tracy Jr.,RB,NYG,12.33,2025-12-11 04:29:37
7567,automatic,fanduel.com,Week 15,Kenneth,Gainwell,RB,PIT,12.33,2025-12-11 04:29:37
9754,automatic,fanduel.com,Week 11,Quentin,Johnston,WR,LAC,12.31,2025-12-11 04:29:37
8134,automatic,sleeper.com,Week 10,Khalil,Shakir,WR,BUF,12.3,2025-12-11 04:29:37
11620,automatic,sleeper.com,Week 10,Rome,Odunze,WR,CHI,12.3,2025-12-11 04:29:37
4983,automatic,fantasypros.com,Week 10,DJ,Moore,WR,CHI,12.3,2025-12-11 04:29:37
1373,automatic,firstdown.studio,Week 10,Geno,Smith,QB,LV,12.3,2025-12-11 04:29:37
5859,automatic,firstdown.studio,Week 10,A.J.,Brown,WR,PHI,12.3,2025-12-11 04:29:37
10859,automatic,sleeper.com,Week 11,Sam,LaPorta,TE,DET,12.3,2025-12-11 04:29:37
9754,automatic,sleeper.com,Week 11,Quentin,Johnston,WR,LAC,12.3,2025-12-11 04:29:37
8155,automatic,sleeper.com,Week 11,Breece,Hall,RB,NYJ,12.3,2025-12-11 04:29:37
12489,automatic,espn.com,Week 11,RJ,Harvey,RB,DEN,12.3,2025-12-11 04:29:37
8134,automatic,firstdown.studio,Week 11,Khalil,Shakir,WR,BUF,12.3,2025-12-11 04:29:37
8121,automatic,espn.com,Week 12,Romeo,Doubs,WR,GB,12.3,2025-12-11 04:29:37
1373,automatic,fantasypros.com,Week 12,Geno,Smith,QB,LV,12.3,2025-12-11 04:29:37
8151,automatic,fantasypros.com,Week 12,Kenneth,Walker III,RB,SEA,12.3,2025-12-11 04:29:37
12507,automatic,espn.com,Week 13,Omarion,Hampton,RB,LAC,12.3,2025-12-11 04:29:37
12474,automatic,sleeper.com,Week 14,Woody,Marks,RB,HOU,12.3,2025-12-11 04:29:37
8167,automatic,fantasypros.com,Week 14,Christian,Watson,WR,GB,12.3,2025-12-11 04:29:37
9997,automatic,espn.com,Week 14,Zay,Flowers,WR,BAL,12.3,2025-12-11 04:29:37
11635,automatic,espn.com,Week 14,Ladd,McConkey,WR,LAC,12.3,2025-12-11 04:29:37
7049,automatic,sleeper.com,Week 15,Jauan,Jennings,WR,SF,12.3,2025-12-11 04:29:37
1166,automatic,espn.com,Week 15,Kirk,Cousins,QB,ATL,12.3,2025-12-11 04:29:37
12514,automatic,fantasypros.com,Week 15,Emeka,Egbuka,WR,TB,12.3,2025-12-11 04:29:37
12512,automatic,firstdown.studio,Week 15,Quinshon,Judkins,RB,CLE,12.3,2025-12-11 04:29:37
7049,automatic,fanduel.com,Week 11,Jauan,Jennings,WR,SF,12.29,2025-12-11 04:29:37
5892,automatic,fanduel.com,Week 12,David,Montgomery,RB,DET,12.27,2025-12-11 04:29:37
8121,automatic,fanduel.com,Week 13,Romeo,Doubs,WR,GB,12.26,2025-12-11 04:29:37
10232,automatic,fanduel.com,Week 12,Michael,Wilson,WR,ARI,12.24,2025-12-11 04:29:37
10859,automatic,fanduel.com,Week 10,Sam,LaPorta,TE,DET,12.21,2025-12-11 04:29:37
4035,automatic,espn.com,Week 10,Alvin,Kamara,RB,NO,12.2,2025-12-11 04:29:37
12526,automatic,espn.com,Week 10,Tetairoa,McMillan,WR,CAR,12.2,2025-12-11 04:29:37
12529,automatic,fantasypros.com,Week 10,TreVeyon,Henderson,RB,NE,12.2,2025-12-11 04:29:37
9756,automatic,fantasypros.com,Week 10,Jordan,Addison,WR,MIN,12.2,2025-12-11 04:29:37
12493,automatic,fantasypros.com,Week 10,Oronde,Gadsden II,TE,LAC,12.2,2025-12-11 04:29:37
5022,automatic,fantasypros.com,Week 11,Dallas,Goedert,TE,PHI,12.2,2025-12-11 04:29:37
11647,automatic,firstdown.studio,Week 11,Kimani,Vidal,RB,LAC,12.2,2025-12-11 04:29:37
5846,automatic,firstdown.studio,Week 11,DK,Metcalf,WR,PIT,12.2,2025-12-11 04:29:37
1466,automatic,sleeper.com,Week 12,Travis,Kelce,TE,KC,12.2,2025-12-11 04:29:37
11584,automatic,espn.com,Week 12,Bucky,Irving,RB,TB,12.2,2025-12-11 04:29:37
12476,automatic,sleeper.com,Week 13,Devin,Neal,RB,NO,12.2,2025-12-11 04:29:37
5927,automatic,sleeper.com,Week 13,Terry,McLaurin,WR,WAS,12.2,2025-12-11 04:29:37
8134,automatic,espn.com,Week 13,Khalil,Shakir,WR,BUF,12.2,2025-12-11 04:29:37
7049,automatic,espn.com,Week 13,Jauan,Jennings,WR,SF,12.2,2025-12-11 04:29:37
8110,automatic,fantasypros.com,Week 13,Jake,Ferguson,TE,DAL,12.2,2025-12-11 04:29:37
7543,automatic,fantasypros.com,Week 14,Travis,Etienne Jr.,RB,JAX,12.2,2025-12-11 04:29:37
96,automatic,espn.com,Week 14,Aaron,Rodgers,QB,PIT,12.2,2025-12-11 04:29:37
5846,automatic,espn.com,Week 14,DK,Metcalf,WR,PIT,12.2,2025-12-11 04:29:37
12527,automatic,firstdown.studio,Week 15,Ashton,Jeanty,RB,LV,12.2,2025-12-11 04:29:37
5927,automatic,fanduel.com,Week 14,Terry,McLaurin,WR,WAS,12.19,2025-12-11 04:29:37
4217,automatic,fanduel.com,Week 13,George,Kittle,TE,SF,12.18,2025-12-11 04:29:37
11627,automatic,fanduel.com,Week 13,Troy,Franklin,WR,DEN,12.18,2025-12-11 04:29:37
11627,automatic,fanduel.com,Week 10,Troy,Franklin,WR,DEN,12.15,2025-12-11 04:29:37
5846,automatic,fanduel.com,Week 10,D.K.,Metcalf,WR,PIT,12.15,2025-12-11 04:29:37
11631,automatic,fanduel.com,Week 15,Brian,Thomas Jr.,WR,JAX,12.15,2025-12-11 04:29:37
12518,automatic,fanduel.com,Week 15,Tyler,Warren,TE,IND,12.15,2025-12-11 04:29:37
11628,automatic,fanduel.com,Week 14,Marvin,Harrison Jr.,WR,ARI,12.12,2025-12-11 04:29:37
12493,automatic,sleeper.com,Week 10,Oronde,Gadsden,TE,LAC,12.1,2025-12-11 04:29:37
1373,automatic,espn.com,Week 10,Geno,Smith,QB,LV,12.1,2025-12-11 04:29:37
8148,automatic,espn.com,Week 10,Jameson,Williams,WR,DET,12.1,2025-12-11 04:29:37
4217,automatic,espn.com,Week 10,George,Kittle,TE,SF,12.1,2025-12-11 04:29:37
12493,automatic,firstdown.studio,Week 10,Oronde,Gadsden,TE,LAC,12.1,2025-12-11 04:29:37
8121,automatic,espn.com,Week 11,Romeo,Doubs,WR,GB,12.1,2025-12-11 04:29:37
1479,automatic,espn.com,Week 11,Keenan,Allen,WR,LAC,12.1,2025-12-11 04:29:37
7525,automatic,fantasypros.com,Week 11,DeVonta,Smith,WR,PHI,12.1,2025-12-11 04:29:37
12518,automatic,sleeper.com,Week 12,Tyler,Warren,TE,IND,12.1,2025-12-11 04:29:37
7567,automatic,sleeper.com,Week 12,Kenneth,Gainwell,RB,PIT,12.1,2025-12-11 04:29:37
12493,automatic,sleeper.com,Week 13,Oronde,Gadsden,TE,LAC,12.1,2025-12-11 04:29:37
12514,automatic,fantasypros.com,Week 13,Emeka,Egbuka,WR,TB,12.1,2025-12-11 04:29:37
8228,automatic,sleeper.com,Week 14,Jaylen,Warren,RB,PIT,12.1,2025-12-11 04:29:37
5045,automatic,sleeper.com,Week 14,Courtland,Sutton,WR,DEN,12.1,2025-12-11 04:29:37
12527,automatic,fantasypros.com,Week 14,Ashton,Jeanty,RB,LV,12.1,2025-12-11 04:29:37
8151,automatic,fantasypros.com,Week 14,Kenneth,Walker III,RB,SEA,12.1,2025-12-11 04:29:37
12507,automatic,fanduel.com,Week 14,Omarion,Hampton,RB,LAC,12.1,2025-12-11 04:29:37
8134,automatic,espn.com,Week 14,Khalil,Shakir,WR,BUF,12.1,2025-12-11 04:29:37
8160,automatic,espn.com,Week 15,Kenny,Pickett,QB,LV,12.1,2025-12-11 04:29:37
5045,automatic,fantasypros.com,Week 15,Courtland,Sutton,WR,DEN,12.1,2025-12-11 04:29:37
6819,automatic,fantasypros.com,Week 15,Michael,Pittman Jr.,WR,IND,12.1,2025-12-11 04:29:37
12489,automatic,firstdown.studio,Week 15,RJ,Harvey,RB,DEN,12.1,2025-12-11 04:29:37
8160,automatic,fanduel.com,Week 15,Kenny,Pickett,QB,LV,12.09,2025-12-11 04:29:37
12518,automatic,fanduel.com,Week 12,Tyler,Warren,TE,IND,12.07,2025-12-11 04:29:37
1479,automatic,fanduel.com,Week 11,Keenan,Allen,WR,LAC,12.03,2025-12-11 04:29:37
5892,automatic,sleeper.com,Week 10,David,Montgomery,RB,DET,12.0,2025-12-11 04:29:37
12518,automatic,fantasypros.com,Week 10,Tyler,Warren,TE,IND,12.0,2025-12-11 04:29:37
11628,automatic,firstdown.studio,Week 10,Marvin,Harrison,WR,ARI,12.0,2025-12-11 04:29:37
8121,automatic,firstdown.studio,Week 10,Romeo,Doubs,WR,GB,12.0,2025-12-11 04:29:37
9756,automatic,sleeper.com,Week 11,Jordan,Addison,WR,MIN,12.0,2025-12-11 04:29:37
2306,automatic,fantasypros.com,Week 11,Jameis,Winston,QB,NYG,12.0,2025-12-11 04:29:37
6790,automatic,fantasypros.com,Week 11,D'Andre,Swift,RB,CHI,12.0,2025-12-11 04:29:37
12526,automatic,firstdown.studio,Week 11,T.,McMillan,WR,CAR,12.0,2025-12-11 04:29:37
5846,automatic,sleeper.com,Week 13,DK,Metcalf,WR,PIT,12.0,2025-12-11 04:29:37
1479,automatic,espn.com,Week 13,Keenan,Allen,WR,LAC,12.0,2025-12-11 04:29:37
5012,automatic,espn.com,Week 13,Mark,Andrews,TE,BAL,12.0,2025-12-11 04:29:37
9228,automatic,fantasypros.com,Week 13,Bryce,Young,QB,CAR,12.0,2025-12-11 04:29:37
12474,automatic,fantasypros.com,Week 13,Woody,Marks,RB,HOU,12.0,2025-12-11 04:29:37
11565,automatic,fantasypros.com,Week 14,J.J.,McCarthy,QB,MIN,12.0,2025-12-11 04:29:37
DEN,dst_team_match,fantasypros.com,Week 14,Denver Broncos,Defense,DST,DEN,12.0,2025-12-11 04:29:37
12524,automatic,espn.com,Week 14,Shedeur,Sanders,QB,CLE,12.0,2025-12-11 04:29:37
12514,automatic,espn.com,Week 15,Emeka,Egbuka,WR,TB,12.0,2025-12-11 04:29:37
7021,automatic,fantasypros.com,Week 15,Rico,Dowdle,RB,CAR,12.0,2025-12-11 04:29:37
5892,automatic,fanduel.com,Week 15,David,Montgomery,RB,DET,12.0,2025-12-11 04:29:37
8150,automatic,firstdown.studio,Week 15,Kyren,Williams,RB,LAR,12.0,2025-12-11 04:29:37
12522,automatic,fanduel.com,Week 11,Cameron,Ward,QB,TEN,11.97,2025-12-11 04:29:37
1466,automatic,fanduel.com,Week 12,Travis,Kelce,TE,KC,11.97,2025-12-11 04:29:37
7588,automatic,fanduel.com,Week 13,Javonte,Williams,RB,DAL,11.94,2025-12-11 04:29:37
8151,automatic,fanduel.com,Week 10,Kenneth,Walker III,RB,SEA,11.92,2025-12-11 04:29:37
5892,automatic,fanduel.com,Week 13,David,Montgomery,RB,DET,11.92,2025-12-11 04:29:37
11655,automatic,fanduel.com,Week 11,Tyrone,Tracy Jr.,RB,NYG,11.91,2025-12-11 04:29:37
11620,automatic,fanduel.com,Week 11,Rome,Odunze,WR,CHI,11.91,2025-12-11 04:29:37
7049,automatic,sleeper.com,Week 10,Jauan,Jennings,WR,SF,11.9,2025-12-11 04:29:37
11628,automatic,sleeper.com,Week 10,Marvin,Harrison,WR,ARI,11.9,2025-12-11 04:29:37
4035,automatic,sleeper.com,Week 10,Alvin,Kamara,RB,NO,11.9,2025-12-11 04:29:37
4983,automatic,espn.com,Week 10,DJ,Moore,WR,CHI,11.9,2025-12-11 04:29:37
4217,automatic,fantasypros.com,Week 10,George,Kittle,TE,SF,11.9,2025-12-11 04:29:37
8148,automatic,espn.com,Week 11,Jameson,Williams,WR,DET,11.9,2025-12-11 04:29:37
11631,automatic,espn.com,Week 11,Brian,Thomas Jr.,WR,JAX,11.9,2025-12-11 04:29:37
1466,automatic,fantasypros.com,Week 11,Travis,Kelce,TE,KC,11.9,2025-12-11 04:29:37
7049,automatic,sleeper.com,Week 12,Jauan,Jennings,WR,SF,11.9,2025-12-11 04:29:37
9756,automatic,espn.com,Week 12,Jordan,Addison,WR,MIN,11.9,2025-12-11 04:29:37
1466,automatic,espn.com,Week 12,Travis,Kelce,TE,KC,11.9,2025-12-11 04:29:37
7049,automatic,fantasypros.com,Week 12,Jauan,Jennings,WR,SF,11.9,2025-12-11 04:29:37
8148,automatic,sleeper.com,Week 13,Jameson,Williams,WR,DET,11.9,2025-12-11 04:29:37
12493,automatic,fantasypros.com,Week 13,Oronde,Gadsden II,TE,LAC,11.9,2025-12-11 04:29:37
5846,automatic,sleeper.com,Week 14,DK,Metcalf,WR,PIT,11.9,2025-12-11 04:29:37
6768,automatic,espn.com,Week 14,Tua,Tagovailoa,QB,MIA,11.9,2025-12-11 04:29:37
5927,automatic,espn.com,Week 14,Terry,McLaurin,WR,WAS,11.9,2025-12-11 04:29:37
8151,automatic,sleeper.com,Week 15,Kenneth,Walker,RB,SEA,11.9,2025-12-11 04:29:37
5947,automatic,espn.com,Week 15,Jakobi,Meyers,WR,JAX,11.9,2025-12-11 04:29:37
7553,automatic,espn.com,Week 15,Kyle,Pitts Sr.,TE,ATL,11.9,2025-12-11 04:29:37
12522,automatic,firstdown.studio,Week 15,Cam,Ward,QB,TEN,11.9,2025-12-11 04:29:37
9997,automatic,firstdown.studio,Week 15,Zay,Flowers,WR,BAL,11.9,2025-12-11 04:29:37
10859,automatic,fanduel.com,Week 11,Sam,LaPorta,TE,DET,11.89,2025-12-11 04:29:37
5927,automatic,fanduel.com,Week 13,Terry,McLaurin,WR,WAS,11.86,2025-12-11 04:29:37
8134,automatic,fanduel.com,Week 15,Khalil,Shakir,WR,BUF,11.86,2025-12-11 04:29:37
8121,automatic,fanduel.com,Week 12,Romeo,Doubs,WR,GB,11.85,2025-12-11 04:29:37
8148,automatic,fanduel.com,Week 13,Jameson,Williams,WR,DET,11.85,2025-12-11 04:29:37
12474,automatic,fanduel.com,Week 13,Woody,Marks,RB,HOU,11.85,2025-12-11 04:29:37
11584,automatic,fanduel.com,Week 13,Bucky,Irving,RB,TB,11.85,2025-12-11 04:29:37
8126,automatic,fanduel.com,Week 12,Wan'Dale,Robinson,WR,NYG,11.83,2025-12-11 04:29:37
8148,automatic,fanduel.com,Week 10,Jameson,Williams,WR,DET,11.82,2025-12-11 04:29:37
7553,automatic,espn.com,Week 10,Kyle,Pitts Sr.,TE,ATL,11.8,2025-12-11 04:29:37
10859,automatic,fantasypros.com,Week 10,Sam,LaPorta,TE,DET,11.8,2025-12-11 04:29:37
7543,automatic,firstdown.studio,Week 10,Travis,Etienne,RB,JAX,11.8,2025-12-11 04:29:37
8148,automatic,fanduel.com,Week 11,Jameson,Williams,WR,DET,11.8,2025-12-11 04:29:37
8134,automatic,sleeper.com,Week 12,Khalil,Shakir,WR,BUF,11.8,2025-12-11 04:29:37
11620,automatic,sleeper.com,Week 12,Rome,Odunze,WR,CHI,11.8,2025-12-11 04:29:37
12474,automatic,fanduel.com,Week 12,Woody,Marks,RB,HOU,11.8,2025-12-11 04:29:37
11435,automatic,fantasypros.com,Week 12,Emanuel,Wilson,RB,GB,11.8,2025-12-11 04:29:37
8134,automatic,fantasypros.com,Week 12,Khalil,Shakir,WR,BUF,11.8,2025-12-11 04:29:37
12524,automatic,espn.com,Week 13,Shedeur,Sanders,QB,CLE,11.8,2025-12-11 04:29:37
12474,automatic,espn.com,Week 13,Woody,Marks,RB,HOU,11.8,2025-12-11 04:29:37
11584,automatic,espn.com,Week 13,Bucky,Irving,RB,TB,11.8,2025-12-11 04:29:37
11631,automatic,espn.com,Week 13,Brian,Thomas Jr.,WR,JAX,11.8,2025-12-11 04:29:37
8148,automatic,espn.com,Week 13,Jameson,Williams,WR,DET,11.8,2025-12-11 04:29:37
6819,automatic,sleeper.com,Week 14,Michael,Pittman,WR,IND,11.8,2025-12-11 04:29:37
8167,automatic,espn.com,Week 14,Christian,Watson,WR,GB,11.8,2025-12-11 04:29:37
5045,automatic,espn.com,Week 14,Courtland,Sutton,WR,DEN,11.8,2025-12-11 04:29:37
7553,automatic,sleeper.com,Week 15,Kyle,Pitts,TE,ATL,11.8,2025-12-11 04:29:37
11625,automatic,espn.com,Week 15,Adonai,Mitchell,WR,NYJ,11.8,2025-12-11 04:29:37
12470,automatic,fantasypros.com,Week 15,Riley,Leonard,QB,IND,11.8,2025-12-11 04:29:37
8126,automatic,fanduel.com,Week 10,Wan'Dale,Robinson,WR,NYG,11.79,2025-12-11 04:29:37
4217,automatic,fanduel.com,Week 11,George,Kittle,TE,SF,11.79,2025-12-11 04:29:37
12493,automatic,fanduel.com,Week 10,Oronde,Gadsden,TE,LAC,11.75,2025-12-11 04:29:37
8111,automatic,fanduel.com,Week 11,Cade,Otton,TE,TB,11.75,2025-12-11 04:29:37
8676,automatic,fanduel.com,Week 12,Rashid,Shaheed,WR,SEA,11.74,2025-12-11 04:29:37
8146,automatic,fanduel.com,Week 10,Garrett,Wilson,WR,NYJ,11.72,2025-12-11 04:29:37
4217,automatic,fanduel.com,Week 15,George,Kittle,TE,SF,11.72,2025-12-11 04:29:37
11647,automatic,espn.com,Week 10,Kimani,Vidal,RB,LAC,11.7,2025-12-11 04:29:37
9754,automatic,espn.com,Week 10,Quentin,Johnston,WR,LAC,11.7,2025-12-11 04:29:37
8136,automatic,fantasypros.com,Week 10,Rachaad,White,RB,TB,11.7,2025-12-11 04:29:37
8134,automatic,fantasypros.com,Week 10,Khalil,Shakir,WR,BUF,11.7,2025-12-11 04:29:37
11627,automatic,fantasypros.com,Week 10,Troy,Franklin,WR,DEN,11.7,2025-12-11 04:29:37
6806,automatic,firstdown.studio,Week 10,J.K.,Dobbins,RB,DEN,11.7,2025-12-11 04:29:37
11620,automatic,firstdown.studio,Week 10,Rome,Odunze,WR,CHI,11.7,2025-12-11 04:29:37
12526,automatic,firstdown.studio,Week 10,T.,McMillan,WR,CAR,11.7,2025-12-11 04:29:37
8134,automatic,firstdown.studio,Week 10,Khalil,Shakir,WR,BUF,11.7,2025-12-11 04:29:37
2449,automatic,fantasypros.com,Week 11,Stefon,Diggs,WR,NE,11.7,2025-12-11 04:29:37
12489,automatic,firstdown.studio,Week 11,RJ,Harvey,RB,DEN,11.7,2025-12-11 04:29:37
5022,automatic,sleeper.com,Week 12,Dallas,Goedert,TE,PHI,11.7,2025-12-11 04:29:37
5892,automatic,sleeper.com,Week 12,David,Montgomery,RB,DET,11.7,2025-12-11 04:29:37
5892,automatic,fantasypros.com,Week 12,David,Montgomery,RB,DET,11.7,2025-12-11 04:29:37
3214,automatic,fantasypros.com,Week 12,Hunter,Henry,TE,NE,11.7,2025-12-11 04:29:37
12507,automatic,sleeper.com,Week 13,Omarion,Hampton,RB,LAC,11.7,2025-12-11 04:29:37
12518,automatic,sleeper.com,Week 13,Tyler,Warren,TE,IND,11.7,2025-12-11 04:29:37
1479,automatic,sleeper.com,Week 13,Keenan,Allen,WR,LAC,11.7,2025-12-11 04:29:37
7611,automatic,espn.com,Week 13,Rhamondre,Stevenson,RB,NE,11.7,2025-12-11 04:29:37
1466,automatic,espn.com,Week 13,Travis,Kelce,TE,KC,11.7,2025-12-11 04:29:37
6794,automatic,fantasypros.com,Week 13,Justin,Jefferson,WR,MIN,11.7,2025-12-11 04:29:37
8110,automatic,sleeper.com,Week 14,Jake,Ferguson,TE,DAL,11.7,2025-12-11 04:29:37
12518,automatic,sleeper.com,Week 14,Tyler,Warren,TE,IND,11.7,2025-12-11 04:29:37
7543,automatic,sleeper.com,Week 14,Travis,Etienne,RB,JAX,11.7,2025-12-11 04:29:37
5947,automatic,fantasypros.com,Week 14,Jakobi,Meyers,WR,JAX,11.7,2025-12-11 04:29:37
10232,automatic,espn.com,Week 14,Michael,Wilson,WR,ARI,11.7,2025-12-11 04:29:37
4037,automatic,sleeper.com,Week 15,Chris,Godwin,WR,TB,11.7,2025-12-11 04:29:37
12507,automatic,fantasypros.com,Week 15,Omarion,Hampton,RB,LAC,11.7,2025-12-11 04:29:37
12476,automatic,fantasypros.com,Week 15,Devin,Neal,RB,NO,11.7,2025-12-11 04:29:37
1166,automatic,firstdown.studio,Week 15,Kirk,Cousins,QB,ATL,11.7,2025-12-11 04:29:37
1466,automatic,fanduel.com,Week 13,Travis,Kelce,TE,KC,11.65,2025-12-11 04:29:37
8167,automatic,fanduel.com,Week 14,Christian,Watson,WR,GB,11.64,2025-12-11 04:29:37
3214,automatic,fanduel.com,Week 12,Hunter,Henry,TE,NE,11.63,2025-12-11 04:29:37
12474,automatic,sleeper.com,Week 10,Woody,Marks,RB,HOU,11.6,2025-12-11 04:29:37
8148,automatic,fantasypros.com,Week 10,Jameson,Williams,WR,DET,11.6,2025-12-11 04:29:37
9228,automatic,espn.com,Week 11,Bryce,Young,QB,CAR,11.6,2025-12-11 04:29:37
8136,automatic,fantasypros.com,Week 11,Rachaad,White,RB,TB,11.6,2025-12-11 04:29:37
8111,automatic,fantasypros.com,Week 11,Cade,Otton,TE,TB,11.6,2025-12-11 04:29:37
9754,automatic,firstdown.studio,Week 11,Quentin,Johnston,WR,LAC,11.6,2025-12-11 04:29:37
4217,automatic,firstdown.studio,Week 11,George,Kittle,TE,SF,11.6,2025-12-11 04:29:37
8151,automatic,sleeper.com,Week 12,Kenneth,Walker,RB,SEA,11.6,2025-12-11 04:29:37
4199,automatic,sleeper.com,Week 12,Aaron,Jones,RB,MIN,11.6,2025-12-11 04:29:37
5872,automatic,espn.com,Week 13,Deebo,Samuel,WR,WAS,11.6,2025-12-11 04:29:37
12512,automatic,fantasypros.com,Week 13,Quinshon,Judkins,RB,CLE,11.6,2025-12-11 04:29:37
3214,automatic,fantasypros.com,Week 13,Hunter,Henry,TE,NE,11.6,2025-12-11 04:29:37
12506,automatic,sleeper.com,Week 14,Harold,Fannin,TE,CLE,11.6,2025-12-11 04:29:37
11834,automatic,sleeper.com,Week 14,Devaughn,Vele,WR,NO,11.6,2025-12-11 04:29:37
5045,automatic,fantasypros.com,Week 14,Courtland,Sutton,WR,DEN,11.6,2025-12-11 04:29:37
10232,automatic,fantasypros.com,Week 14,Michael,Wilson,WR,ARI,11.6,2025-12-11 04:29:37
6790,automatic,fantasypros.com,Week 15,D'Andre,Swift,RB,CHI,11.6,2025-12-11 04:29:37
8167,automatic,fantasypros.com,Week 15,Christian,Watson,WR,GB,11.6,2025-12-11 04:29:37
12529,automatic,fanduel.com,Week 15,TreVeyon,Henderson,RB,NE,11.6,2025-12-11 04:29:37
8151,automatic,firstdown.studio,Week 15,Kenneth,Walker,RB,SEA,11.6,2025-12-11 04:29:37
7021,automatic,firstdown.studio,Week 15,Rico,Dowdle,RB,CAR,11.6,2025-12-11 04:29:37
8144,automatic,firstdown.studio,Week 15,Chris,Olave,WR,NO,11.6,2025-12-11 04:29:37
11620,automatic,fanduel.com,Week 12,Rome,Odunze,WR,CHI,11.59,2025-12-11 04:29:37
7049,automatic,fanduel.com,Week 10,Jauan,Jennings,WR,SF,11.58,2025-12-11 04:29:37
8126,automatic,fanduel.com,Week 13,Wan'Dale,Robinson,WR,NYG,11.58,2025-12-11 04:29:37
8122,automatic,fanduel.com,Week 14,Zonovan,Knight,RB,ARI,11.53,2025-12-11 04:29:37
11631,automatic,espn.com,Week 10,Brian,Thomas Jr.,WR,JAX,11.5,2025-12-11 04:29:37
12493,automatic,espn.com,Week 10,Oronde,Gadsden,TE,LAC,11.5,2025-12-11 04:29:37
12486,automatic,fantasypros.com,Week 10,Dillon,Gabriel,QB,CLE,11.5,2025-12-11 04:29:37
5846,automatic,firstdown.studio,Week 10,DK,Metcalf,WR,PIT,11.5,2025-12-11 04:29:37
4217,automatic,firstdown.studio,Week 10,George,Kittle,TE,SF,11.5,2025-12-11 04:29:37
11631,automatic,sleeper.com,Week 11,Brian,Thomas,WR,JAX,11.5,2025-12-11 04:29:37
8125,automatic,espn.com,Week 11,Calvin,Austin,WR,PIT,11.5,2025-12-11 04:29:37
12486,automatic,fantasypros.com,Week 11,Dillon,Gabriel,QB,CLE,11.5,2025-12-11 04:29:37
8110,automatic,firstdown.studio,Week 11,Jake,Ferguson,TE,DAL,11.5,2025-12-11 04:29:37
11631,automatic,sleeper.com,Week 12,Brian,Thomas,WR,JAX,11.5,2025-12-11 04:29:37
8134,automatic,espn.com,Week 12,Khalil,Shakir,WR,BUF,11.5,2025-12-11 04:29:37
3214,automatic,espn.com,Week 12,Hunter,Henry,TE,NE,11.5,2025-12-11 04:29:37
8151,automatic,sleeper.com,Week 13,Kenneth,Walker,RB,SEA,11.5,2025-12-11 04:29:37
10232,automatic,espn.com,Week 13,Michael,Wilson,WR,ARI,11.5,2025-12-11 04:29:37
2307,automatic,fantasypros.com,Week 13,Marcus,Mariota,QB,WAS,11.5,2025-12-11 04:29:37
8142,automatic,sleeper.com,Week 14,Alec,Pierce,WR,IND,11.5,2025-12-11 04:29:37
11628,automatic,sleeper.com,Week 14,Marvin,Harrison,WR,ARI,11.5,2025-12-11 04:29:37
7567,automatic,sleeper.com,Week 14,Kenneth,Gainwell,RB,PIT,11.5,2025-12-11 04:29:37
11627,automatic,fantasypros.com,Week 14,Troy,Franklin,WR,DEN,11.5,2025-12-11 04:29:37
5872,automatic,fantasypros.com,Week 14,Deebo,Samuel Sr.,WR,WAS,11.5,2025-12-11 04:29:37
11655,automatic,sleeper.com,Week 15,Tyrone,Tracy,RB,NYG,11.5,2025-12-11 04:29:37
9754,automatic,sleeper.com,Week 15,Quentin,Johnston,WR,LAC,11.5,2025-12-11 04:29:37
11620,automatic,espn.com,Week 15,Rome,Odunze,WR,CHI,11.5,2025-12-11 04:29:37
12507,automatic,fanduel.com,Week 15,Omarion,Hampton,RB,LAC,11.45,2025-12-11 04:29:37
5967,automatic,fanduel.com,Week 15,Tony,Pollard,RB,TEN,11.45,2025-12-11 04:29:37
7049,automatic,fanduel.com,Week 13,Jauan,Jennings,WR,SF,11.44,2025-12-11 04:29:37
7547,automatic,fanduel.com,Week 14,Amon-Ra,St. Brown,WR,DET,11.44,2025-12-11 04:29:37
11635,automatic,fanduel.com,Week 14,Ladd,McConkey,WR,LAC,11.44,2025-12-11 04:29:37
4037,automatic,fanduel.com,Week 10,Chris,Godwin,WR,TB,11.43,2025-12-11 04:29:37
11635,automatic,fanduel.com,Week 15,Ladd,McConkey,WR,LAC,11.43,2025-12-11 04:29:37
3214,automatic,fanduel.com,Week 11,Hunter,Henry,TE,NE,11.42,2025-12-11 04:29:37
11655,automatic,fanduel.com,Week 10,Tyrone,Tracy Jr.,RB,NYG,11.4,2025-12-11 04:29:37
4199,automatic,espn.com,Week 10,Aaron,Jones Sr.,RB,MIN,11.4,2025-12-11 04:29:37
6149,automatic,espn.com,Week 10,Darius,Slayton,WR,NYG,11.4,2025-12-11 04:29:37
9754,automatic,fantasypros.com,Week 10,Quentin,Johnston,WR,LAC,11.4,2025-12-11 04:29:37
11655,automatic,firstdown.studio,Week 10,Tyrone,Tracy,RB,NYG,11.4,2025-12-11 04:29:37
11624,automatic,espn.com,Week 11,Xavier,Worthy,WR,KC,11.4,2025-12-11 04:29:37
9997,automatic,fantasypros.com,Week 11,Zay,Flowers,WR,BAL,11.4,2025-12-11 04:29:37
12486,automatic,firstdown.studio,Week 11,Dillon,Gabriel,QB,CLE,11.4,2025-12-11 04:29:37
11631,automatic,firstdown.studio,Week 11,Brian,Thomas,WR,JAX,11.4,2025-12-11 04:29:37
8142,automatic,espn.com,Week 12,Alec,Pierce,WR,IND,11.4,2025-12-11 04:29:37
11624,automatic,espn.com,Week 12,Xavier,Worthy,WR,KC,11.4,2025-12-11 04:29:37
4035,automatic,fantasypros.com,Week 12,Alvin,Kamara,RB,NO,11.4,2025-12-11 04:29:37
5022,automatic,sleeper.com,Week 13,Dallas,Goedert,TE,PHI,11.4,2025-12-11 04:29:37
6790,automatic,espn.com,Week 13,D'Andre,Swift,RB,CHI,11.4,2025-12-11 04:29:37
7553,automatic,espn.com,Week 13,Kyle,Pitts Sr.,TE,ATL,11.4,2025-12-11 04:29:37
10232,automatic,fantasypros.com,Week 13,Michael,Wilson,WR,ARI,11.4,2025-12-11 04:29:37
8151,automatic,sleeper.com,Week 14,Kenneth,Walker,RB,SEA,11.4,2025-12-11 04:29:37
6790,automatic,fantasypros.com,Week 14,D'Andre,Swift,RB,CHI,11.4,2025-12-11 04:29:37
12522,automatic,fantasypros.com,Week 14,Cam,Ward,QB,TEN,11.4,2025-12-11 04:29:37
11620,automatic,fantasypros.com,Week 14,Rome,Odunze,WR,CHI,11.4,2025-12-11 04:29:37
11834,automatic,sleeper.com,Week 15,Devaughn,Vele,WR,NO,11.4,2025-12-11 04:29:37
4199,automatic,fantasypros.com,Week 15,Aaron,Jones Sr.,RB,MIN,11.4,2025-12-11 04:29:37
10219,automatic,fantasypros.com,Week 15,Chris,Rodriguez Jr.,RB,WAS,11.4,2025-12-11 04:29:37
11631,automatic,fantasypros.com,Week 15,Brian,Thomas Jr.,WR,JAX,11.4,2025-12-11 04:29:37
12522,automatic,fanduel.com,Week 14,Cameron,Ward,QB,TEN,11.36,2025-12-11 04:29:37
9756,automatic,fanduel.com,Week 10,Jordan,Addison,WR,MIN,11.34,2025-12-11 04:29:37
11624,automatic,fanduel.com,Week 13,Xavier,Worthy,WR,KC,11.34,2025-12-11 04:29:37
12489,automatic,fanduel.com,Week 15,RJ,Harvey,RB,DEN,11.34,2025-12-11 04:29:37
12489,automatic,fanduel.com,Week 14,RJ,Harvey,RB,DEN,11.33,2025-12-11 04:29:37
2216,automatic,fanduel.com,Week 15,Mike,Evans,WR,TB,11.33,2025-12-11 04:29:37
9753,automatic,fanduel.com,Week 13,Zach,Charbonnet,RB,SEA,11.31,2025-12-11 04:29:37
12533,automatic,fanduel.com,Week 10,Jacory,Croskey-Merritt,RB,WAS,11.3,2025-12-11 04:29:37
11655,automatic,sleeper.com,Week 10,Tyrone,Tracy,RB,NYG,11.3,2025-12-11 04:29:37
6806,automatic,sleeper.com,Week 10,J.K.,Dobbins,RB,DEN,11.3,2025-12-11 04:29:37
12545,automatic,firstdown.studio,Week 10,Tyler,Shough,QB,NO,11.3,2025-12-11 04:29:37
12493,automatic,sleeper.com,Week 11,Oronde,Gadsden,TE,LAC,11.3,2025-12-11 04:29:37
10859,automatic,espn.com,Week 11,Sam,LaPorta,TE,DET,11.3,2025-12-11 04:29:37
7553,automatic,fantasypros.com,Week 11,Kyle,Pitts Sr.,TE,ATL,11.3,2025-12-11 04:29:37
11638,automatic,sleeper.com,Week 12,Ricky,Pearsall,WR,SF,11.3,2025-12-11 04:29:37
8167,automatic,espn.com,Week 12,Christian,Watson,WR,GB,11.3,2025-12-11 04:29:37
5022,automatic,espn.com,Week 12,Dallas,Goedert,TE,PHI,11.3,2025-12-11 04:29:37
8110,automatic,sleeper.com,Week 13,Jake,Ferguson,TE,DAL,11.3,2025-12-11 04:29:37
11624,automatic,sleeper.com,Week 13,Xavier,Worthy,WR,KC,11.3,2025-12-11 04:29:37
5022,automatic,fantasypros.com,Week 13,Dallas,Goedert,TE,PHI,11.3,2025-12-11 04:29:37
9754,automatic,sleeper.com,Week 14,Quentin,Johnston,WR,LAC,11.3,2025-12-11 04:29:37
8228,automatic,fanduel.com,Week 14,Jaylen,Warren,RB,PIT,11.3,2025-12-11 04:29:37
5846,automatic,fantasypros.com,Week 14,DK,Metcalf,WR,PIT,11.3,2025-12-11 04:29:37
11628,automatic,fantasypros.com,Week 14,Marvin,Harrison Jr.,WR,ARI,11.3,2025-12-11 04:29:37
10219,automatic,sleeper.com,Week 15,Chris,Rodriguez,RB,WAS,11.3,2025-12-11 04:29:37
8147,automatic,espn.com,Week 15,John,Metchie,WR,NYJ,11.3,2025-12-11 04:29:37
8167,automatic,espn.com,Week 15,Christian,Watson,WR,GB,11.3,2025-12-11 04:29:37
12534,automatic,fantasypros.com,Week 15,Kyle,Monangai,RB,CHI,11.3,2025-12-11 04:29:37
9224,automatic,firstdown.studio,Week 15,Chase,Brown,RB,CIN,11.3,2025-12-11 04:29:37
12529,automatic,firstdown.studio,Week 15,T.,Henderson,RB,NE,11.3,2025-12-11 04:29:37
6801,automatic,fanduel.com,Week 11,Tee,Higgins,WR,CIN,11.28,2025-12-11 04:29:37
10236,automatic,fanduel.com,Week 10,Dalton,Kincaid,TE,BUF,11.27,2025-12-11 04:29:37
5045,automatic,fanduel.com,Week 13,Courtland,Sutton,WR,DEN,11.27,2025-12-11 04:29:37
10213,automatic,fanduel.com,Week 10,Tre,Tucker,WR,LV,11.26,2025-12-11 04:29:37
12489,automatic,fanduel.com,Week 13,RJ,Harvey,RB,DEN,11.23,2025-12-11 04:29:37
8126,automatic,fanduel.com,Week 11,Wan'Dale,Robinson,WR,NYG,11.21,2025-12-11 04:29:37
9500,automatic,espn.com,Week 10,Josh,Downs,WR,IND,11.2,2025-12-11 04:29:37
12534,automatic,fantasypros.com,Week 10,Kyle,Monangai,RB,CHI,11.2,2025-12-11 04:29:37
10236,automatic,fantasypros.com,Week 10,Dalton,Kincaid,TE,BUF,11.2,2025-12-11 04:29:37
12529,automatic,firstdown.studio,Week 10,T.,Henderson,RB,NE,11.2,2025-12-11 04:29:37
4983,automatic,firstdown.studio,Week 10,DJ,Moore,WR,CHI,11.2,2025-12-11 04:29:37
11627,automatic,firstdown.studio,Week 10,Troy,Franklin,WR,DEN,11.2,2025-12-11 04:29:37
8110,automatic,sleeper.com,Week 11,Jake,Ferguson,TE,DAL,11.2,2025-12-11 04:29:37
1479,automatic,sleeper.com,Week 11,Keenan,Allen,WR,LAC,11.2,2025-12-11 04:29:37
6945,hardcoded,espn.com,Week 11,Bam,Knight,RB,ARI,11.2,2025-12-11 04:29:37
12474,automatic,fantasypros.com,Week 11,Woody,Marks,RB,HOU,11.2,2025-12-11 04:29:37
10232,automatic,fanduel.com,Week 11,Michael,Wilson,WR,ARI,11.2,2025-12-11 04:29:37
7090,automatic,espn.com,Week 12,Darnell,Mooney,WR,ATL,11.2,2025-12-11 04:29:37
11631,automatic,espn.com,Week 12,Brian,Thomas Jr.,WR,JAX,11.2,2025-12-11 04:29:37
12524,automatic,fantasypros.com,Week 12,Shedeur,Sanders,QB,CLE,11.2,2025-12-11 04:29:37
4098,automatic,fantasypros.com,Week 12,Kareem,Hunt,RB,KC,11.2,2025-12-11 04:29:37
8121,automatic,fantasypros.com,Week 12,Romeo,Doubs,WR,GB,11.2,2025-12-11 04:29:37
5022,automatic,fantasypros.com,Week 12,Dallas,Goedert,TE,PHI,11.2,2025-12-11 04:29:37
1373,automatic,espn.com,Week 13,Geno,Smith,QB,LV,11.2,2025-12-11 04:29:37
3214,automatic,espn.com,Week 13,Hunter,Henry,TE,NE,11.2,2025-12-11 04:29:37
8151,automatic,fantasypros.com,Week 13,Kenneth,Walker III,RB,SEA,11.2,2025-12-11 04:29:37
1466,automatic,sleeper.com,Week 14,Travis,Kelce,TE,KC,11.2,2025-12-11 04:29:37
4037,automatic,fantasypros.com,Week 14,Chris,Godwin Jr.,WR,TB,11.2,2025-12-11 04:29:37
5872,automatic,espn.com,Week 14,Deebo,Samuel,WR,WAS,11.2,2025-12-11 04:29:37
12514,automatic,sleeper.com,Week 15,Emeka,Egbuka,WR,TB,11.2,2025-12-11 04:29:37
1479,automatic,sleeper.com,Week 15,Keenan,Allen,WR,LAC,11.2,2025-12-11 04:29:37
5045,automatic,sleeper.com,Week 15,Courtland,Sutton,WR,DEN,11.2,2025-12-11 04:29:37
5927,automatic,fanduel.com,Week 15,Terry,McLaurin,WR,WAS,11.2,2025-12-11 04:29:37
12524,automatic,firstdown.studio,Week 15,Shedeur,Sanders,QB,CLE,11.2,2025-12-11 04:29:37
8148,automatic,firstdown.studio,Week 15,Jameson,Williams,WR,DET,11.2,2025-12-11 04:29:37
8136,automatic,fanduel.com,Week 12,Rachaad,White,RB,TB,11.16,2025-12-11 04:29:37
4037,automatic,fanduel.com,Week 14,Chris,Godwin,WR,TB,11.16,2025-12-11 04:29:37
7567,automatic,fanduel.com,Week 14,Kenneth,Gainwell,RB,PIT,11.15,2025-12-11 04:29:37
9756,automatic,fanduel.com,Week 11,Jordan,Addison,WR,MIN,11.13,2025-12-11 04:29:37
5022,automatic,sleeper.com,Week 10,Dallas,Goedert,TE,PHI,11.1,2025-12-11 04:29:37
12534,automatic,espn.com,Week 10,Kyle,Monangai,RB,CHI,11.1,2025-12-11 04:29:37
5022,automatic,fantasypros.com,Week 10,Dallas,Goedert,TE,PHI,11.1,2025-12-11 04:29:37
5892,automatic,firstdown.studio,Week 10,David,Montgomery,RB,DET,11.1,2025-12-11 04:29:37
10859,automatic,firstdown.studio,Week 10,Sam,LaPorta,TE,DET,11.1,2025-12-11 04:29:37
8111,automatic,firstdown.studio,Week 10,Cade,Otton,TE,TB,11.1,2025-12-11 04:29:37
5022,automatic,espn.com,Week 11,Dallas,Goedert,TE,PHI,11.1,2025-12-11 04:29:37
9228,automatic,firstdown.studio,Week 11,Bryce,Young,QB,CAR,11.1,2025-12-11 04:29:37
7049,automatic,firstdown.studio,Week 11,Jauan,Jennings,WR,SF,11.1,2025-12-11 04:29:37
5045,automatic,firstdown.studio,Week 11,Courtland,Sutton,WR,DEN,11.1,2025-12-11 04:29:37
11655,automatic,espn.com,Week 12,Tyrone,Tracy Jr.,RB,NYG,11.1,2025-12-11 04:29:37
11589,automatic,espn.com,Week 12,Trey,Benson,RB,ARI,11.1,2025-12-11 04:29:37
7049,automatic,sleeper.com,Week 13,Jauan,Jennings,WR,SF,11.1,2025-12-11 04:29:37
5970,automatic,sleeper.com,Week 13,Greg,Dortch,WR,ARI,11.1,2025-12-11 04:29:37
12476,automatic,espn.com,Week 13,Devin,Neal,RB,NO,11.1,2025-12-11 04:29:37
8228,automatic,fanduel.com,Week 13,Jaylen,Warren,RB,PIT,11.1,2025-12-11 04:29:37
12493,automatic,sleeper.com,Week 14,Oronde,Gadsden,TE,LAC,11.1,2025-12-11 04:29:37
4037,automatic,espn.com,Week 15,Chris,Godwin Jr.,WR,TB,11.1,2025-12-11 04:29:37
12540,automatic,espn.com,Week 15,Chimere,Dike,WR,TEN,11.1,2025-12-11 04:29:37
12506,automatic,espn.com,Week 15,Harold,Fannin Jr.,TE,CLE,11.1,2025-12-11 04:29:37
8160,automatic,fantasypros.com,Week 15,Kenny,Pickett,QB,LV,11.1,2025-12-11 04:29:37
8134,automatic,fantasypros.com,Week 15,Khalil,Shakir,WR,BUF,11.1,2025-12-11 04:29:37
11624,automatic,fanduel.com,Week 12,Xavier,Worthy,WR,KC,11.09,2025-12-11 04:29:37
12474,automatic,fanduel.com,Week 10,Woody,Marks,RB,HOU,11.08,2025-12-11 04:29:37
5012,automatic,fanduel.com,Week 15,Mark,Andrews,TE,BAL,11.08,2025-12-11 04:29:37
8151,automatic,fanduel.com,Week 11,Kenneth,Walker III,RB,SEA,11.06,2025-12-11 04:29:37
5045,automatic,fanduel.com,Week 11,Courtland,Sutton,WR,DEN,11.06,2025-12-11 04:29:37
9756,automatic,fanduel.com,Week 12,Jordan,Addison,WR,MIN,11.06,2025-12-11 04:29:37
6790,automatic,fanduel.com,Week 14,D'Andre,Swift,RB,CHI,11.06,2025-12-11 04:29:37
5846,automatic,fanduel.com,Week 12,D.K.,Metcalf,WR,PIT,11.05,2025-12-11 04:29:37
9756,automatic,fanduel.com,Week 13,Jordan,Addison,WR,MIN,11.04,2025-12-11 04:29:37
12522,automatic,fanduel.com,Week 12,Cameron,Ward,QB,TEN,11.02,2025-12-11 04:29:37
7611,automatic,sleeper.com,Week 10,Rhamondre,Stevenson,RB,NE,11.0,2025-12-11 04:29:37
8121,automatic,sleeper.com,Week 10,Romeo,Doubs,WR,GB,11.0,2025-12-11 04:29:37
4199,automatic,firstdown.studio,Week 10,Aaron,Jones,RB,MIN,11.0,2025-12-11 04:29:37
12518,automatic,firstdown.studio,Week 10,Tyler,Warren,TE,IND,11.0,2025-12-11 04:29:37
1479,automatic,firstdown.studio,Week 10,Keenan,Allen,WR,LAC,11.0,2025-12-11 04:29:37
8121,automatic,sleeper.com,Week 11,Romeo,Doubs,WR,GB,11.0,2025-12-11 04:29:37
1466,automatic,sleeper.com,Week 11,Travis,Kelce,TE,KC,11.0,2025-12-11 04:29:37
10213,automatic,espn.com,Week 11,Tre,Tucker,WR,LV,11.0,2025-12-11 04:29:37
12522,automatic,fantasypros.com,Week 11,Cam,Ward,QB,TEN,11.0,2025-12-11 04:29:37
5846,automatic,fantasypros.com,Week 11,DK,Metcalf,WR,PIT,11.0,2025-12-11 04:29:37
5001,automatic,fantasypros.com,Week 11,Dalton,Schultz,TE,HOU,11.0,2025-12-11 04:29:37
8111,automatic,firstdown.studio,Week 11,Cade,Otton,TE,TB,11.0,2025-12-11 04:29:37
9753,automatic,sleeper.com,Week 12,Zach,Charbonnet,RB,SEA,11.0,2025-12-11 04:29:37
8228,automatic,fantasypros.com,Week 12,Jaylen,Warren,RB,PIT,11.0,2025-12-11 04:29:37
6790,automatic,sleeper.com,Week 13,D'Andre,Swift,RB,CHI,11.0,2025-12-11 04:29:37
5927,automatic,espn.com,Week 13,Terry,McLaurin,WR,WAS,11.0,2025-12-11 04:29:37
11624,automatic,espn.com,Week 13,Xavier,Worthy,WR,KC,11.0,2025-12-11 04:29:37
12524,automatic,fantasypros.com,Week 13,Shedeur,Sanders,QB,CLE,11.0,2025-12-11 04:29:37
9997,automatic,fantasypros.com,Week 13,Zay,Flowers,WR,BAL,11.0,2025-12-11 04:29:37
7553,automatic,fantasypros.com,Week 13,Kyle,Pitts Sr.,TE,ATL,11.0,2025-12-11 04:29:37
8147,automatic,sleeper.com,Week 14,John,Metchie,WR,NYJ,11.0,2025-12-11 04:29:37
8167,automatic,sleeper.com,Week 14,Christian,Watson,WR,GB,11.0,2025-12-11 04:29:37
10219,automatic,sleeper.com,Week 14,Chris,Rodriguez,RB,WAS,11.0,2025-12-11 04:29:37
5892,automatic,sleeper.com,Week 14,David,Montgomery,RB,DET,11.0,2025-12-11 04:29:37
5846,automatic,fanduel.com,Week 14,D.K.,Metcalf,WR,PIT,11.0,2025-12-11 04:29:37
1479,automatic,espn.com,Week 14,Keenan,Allen,WR,LAC,11.0,2025-12-11 04:29:37
4037,automatic,espn.com,Week 14,Chris,Godwin Jr.,WR,TB,11.0,2025-12-11 04:29:37
8110,automatic,espn.com,Week 14,Jake,Ferguson,TE,DAL,11.0,2025-12-11 04:29:37
4199,automatic,sleeper.com,Week 15,Aaron,Jones,RB,MIN,11.0,2025-12-11 04:29:37
6819,automatic,sleeper.com,Week 15,Michael,Pittman,WR,IND,11.0,2025-12-11 04:29:37
10232,automatic,espn.com,Week 15,Michael,Wilson,WR,ARI,11.0,2025-12-11 04:29:37
5872,automatic,fantasypros.com,Week 15,Deebo,Samuel Sr.,WR,WAS,11.0,2025-12-11 04:29:37
4199,automatic,firstdown.studio,Week 15,Aaron,Jones,RB,MIN,11.0,2025-12-11 04:29:37
9754,automatic,fanduel.com,Week 10,Quentin,Johnston,WR,LAC,10.95,2025-12-11 04:29:37
5012,automatic,fanduel.com,Week 12,Mark,Andrews,TE,BAL,10.94,2025-12-11 04:29:37
11604,automatic,fanduel.com,Week 15,Brock,Bowers,TE,LV,10.94,2025-12-11 04:29:37
8676,automatic,fanduel.com,Week 10,Rashid,Shaheed,WR,SEA,10.9,2025-12-11 04:29:37
10213,automatic,sleeper.com,Week 10,Tre,Tucker,WR,LV,10.9,2025-12-11 04:29:37
9754,automatic,sleeper.com,Week 10,Quentin,Johnston,WR,LAC,10.9,2025-12-11 04:29:37
8676,automatic,espn.com,Week 10,Rashid,Shaheed,WR,SEA,10.9,2025-12-11 04:29:37
7553,automatic,fantasypros.com,Week 10,Kyle,Pitts Sr.,TE,ATL,10.9,2025-12-11 04:29:37
7553,automatic,firstdown.studio,Week 10,Kyle,Pitts,TE,ATL,10.9,2025-12-11 04:29:37
11533,automatic,sleeper.com,Week 11,Brandon,Aubrey,K,DAL,10.9,2025-12-11 04:29:37
8148,automatic,sleeper.com,Week 11,Jameson,Williams,WR,DET,10.9,2025-12-11 04:29:37
4098,automatic,espn.com,Week 11,Kareem,Hunt,RB,KC,10.9,2025-12-11 04:29:37
11655,automatic,firstdown.studio,Week 11,Tyrone,Tracy,RB,NYG,10.9,2025-12-11 04:29:37
10213,automatic,firstdown.studio,Week 11,Tre,Tucker,WR,LV,10.9,2025-12-11 04:29:37
7553,automatic,firstdown.studio,Week 11,Kyle,Pitts,TE,ATL,10.9,2025-12-11 04:29:37
7553,automatic,sleeper.com,Week 12,Kyle,Pitts,TE,ATL,10.9,2025-12-11 04:29:37
8142,automatic,sleeper.com,Week 12,Alec,Pierce,WR,IND,10.9,2025-12-11 04:29:37
7002,automatic,sleeper.com,Week 12,Juwan,Johnson,TE,NO,10.9,2025-12-11 04:29:37
7553,automatic,espn.com,Week 12,Kyle,Pitts Sr.,TE,ATL,10.9,2025-12-11 04:29:37
8142,automatic,fantasypros.com,Week 12,Alec,Pierce,WR,IND,10.9,2025-12-11 04:29:37
11620,automatic,sleeper.com,Week 13,Rome,Odunze,WR,CHI,10.9,2025-12-11 04:29:37
11589,automatic,sleeper.com,Week 13,Trey,Benson,RB,ARI,10.9,2025-12-11 04:29:37
8167,automatic,espn.com,Week 13,Christian,Watson,WR,GB,10.9,2025-12-11 04:29:37
8110,automatic,espn.com,Week 13,Jake,Ferguson,TE,DAL,10.9,2025-12-11 04:29:37
6790,automatic,sleeper.com,Week 14,D'Andre,Swift,RB,CHI,10.9,2025-12-11 04:29:37
1479,automatic,sleeper.com,Week 14,Keenan,Allen,WR,LAC,10.9,2025-12-11 04:29:37
7002,automatic,sleeper.com,Week 14,Juwan,Johnson,TE,NO,10.9,2025-12-11 04:29:37
12522,automatic,espn.com,Week 14,Cam,Ward,QB,TEN,10.9,2025-12-11 04:29:37
11631,automatic,espn.com,Week 14,Brian,Thomas Jr.,WR,JAX,10.9,2025-12-11 04:29:37
5947,automatic,espn.com,Week 14,Jakobi,Meyers,WR,JAX,10.9,2025-12-11 04:29:37
11533,automatic,sleeper.com,Week 15,Brandon,Aubrey,K,DAL,10.9,2025-12-11 04:29:37
5947,automatic,sleeper.com,Week 15,Jakobi,Meyers,WR,JAX,10.9,2025-12-11 04:29:37
1466,automatic,sleeper.com,Week 15,Travis,Kelce,TE,KC,10.9,2025-12-11 04:29:37
5859,automatic,firstdown.studio,Week 15,A.J.,Brown,WR,PHI,10.9,2025-12-11 04:29:37
1479,automatic,fanduel.com,Week 10,Keenan,Allen,WR,LAC,10.88,2025-12-11 04:29:37
5045,automatic,fanduel.com,Week 15,Courtland,Sutton,WR,DEN,10.88,2025-12-11 04:29:37
10213,automatic,fanduel.com,Week 11,Tre,Tucker,WR,LV,10.86,2025-12-11 04:29:37
7567,automatic,fanduel.com,Week 10,Kenneth,Gainwell,RB,PIT,10.84,2025-12-11 04:29:37
5947,automatic,fanduel.com,Week 11,Jakobi,Meyers,WR,JAX,10.84,2025-12-11 04:29:37
9756,automatic,fanduel.com,Week 15,Jordan,Addison,WR,MIN,10.84,2025-12-11 04:29:37
7553,automatic,fanduel.com,Week 14,Kyle,Pitts,TE,ATL,10.83,2025-12-11 04:29:37
5022,automatic,espn.com,Week 10,Dallas,Goedert,TE,PHI,10.8,2025-12-11 04:29:37
8151,automatic,fantasypros.com,Week 10,Kenneth,Walker III,RB,SEA,10.8,2025-12-11 04:29:37
1479,automatic,fantasypros.com,Week 10,Keenan,Allen,WR,LAC,10.8,2025-12-11 04:29:37
8151,automatic,firstdown.studio,Week 10,Kenneth,Walker,RB,SEA,10.8,2025-12-11 04:29:37
6783,automatic,espn.com,Week 11,Jerry,Jeudy,WR,CLE,10.8,2025-12-11 04:29:37
6149,automatic,espn.com,Week 11,Darius,Slayton,WR,NYG,10.8,2025-12-11 04:29:37
8110,automatic,espn.com,Week 11,Jake,Ferguson,TE,DAL,10.8,2025-12-11 04:29:37
5892,automatic,fantasypros.com,Week 11,David,Montgomery,RB,DET,10.8,2025-12-11 04:29:37
8121,automatic,firstdown.studio,Week 11,Romeo,Doubs,WR,GB,10.8,2025-12-11 04:29:37
1466,automatic,firstdown.studio,Week 11,Travis,Kelce,TE,KC,10.8,2025-12-11 04:29:37
8121,automatic,sleeper.com,Week 12,Romeo,Doubs,WR,GB,10.8,2025-12-11 04:29:37
12522,automatic,espn.com,Week 12,Cam,Ward,QB,TEN,10.8,2025-12-11 04:29:37
8110,automatic,fantasypros.com,Week 12,Jake,Ferguson,TE,DAL,10.8,2025-12-11 04:29:37
8142,automatic,sleeper.com,Week 13,Alec,Pierce,WR,IND,10.8,2025-12-11 04:29:37
11589,automatic,espn.com,Week 13,Trey,Benson,RB,ARI,10.8,2025-12-11 04:29:37
5022,automatic,espn.com,Week 13,Dallas,Goedert,TE,PHI,10.8,2025-12-11 04:29:37
4098,automatic,fantasypros.com,Week 13,Kareem,Hunt,RB,KC,10.8,2025-12-11 04:29:37
4037,automatic,sleeper.com,Week 14,Chris,Godwin,WR,TB,10.8,2025-12-11 04:29:37
12474,automatic,fantasypros.com,Week 14,Woody,Marks,RB,HOU,10.8,2025-12-11 04:29:37
1466,automatic,fantasypros.com,Week 14,Travis,Kelce,TE,KC,10.8,2025-12-11 04:29:37
8408,automatic,fanduel.com,Week 14,Jordan,Mason,RB,MIN,10.8,2025-12-11 04:29:37
11625,automatic,espn.com,Week 14,Adonai,Mitchell,WR,NYJ,10.8,2025-12-11 04:29:37
6790,automatic,sleeper.com,Week 15,D'Andre,Swift,RB,CHI,10.8,2025-12-11 04:29:37
11628,automatic,sleeper.com,Week 15,Marvin,Harrison,WR,ARI,10.8,2025-12-11 04:29:37
7002,automatic,sleeper.com,Week 15,Juwan,Johnson,TE,NO,10.8,2025-12-11 04:29:37
12519,automatic,fantasypros.com,Week 15,Luther,Burden III,WR,CHI,10.8,2025-12-11 04:29:37
12526,automatic,firstdown.studio,Week 15,T.,McMillan,WR,CAR,10.8,2025-12-11 04:29:37
4033,automatic,fanduel.com,Week 11,David,Njoku,TE,CLE,10.77,2025-12-11 04:29:37
11597,automatic,fanduel.com,Week 12,Theo,Johnson,TE,NYG,10.72,2025-12-11 04:29:37
7607,automatic,fanduel.com,Week 12,Michael,Carter,RB,ARI,10.72,2025-12-11 04:29:37
8148,automatic,sleeper.com,Week 10,Jameson,Williams,WR,DET,10.7,2025-12-11 04:29:37
6149,automatic,sleeper.com,Week 10,Darius,Slayton,WR,NYG,10.7,2025-12-11 04:29:37
3214,automatic,espn.com,Week 10,Hunter,Henry,TE,NE,10.7,2025-12-11 04:29:37
5892,automatic,fantasypros.com,Week 10,David,Montgomery,RB,DET,10.7,2025-12-11 04:29:37
4035,automatic,firstdown.studio,Week 10,Alvin,Kamara,RB,NO,10.7,2025-12-11 04:29:37
7049,automatic,firstdown.studio,Week 10,Jauan,Jennings,WR,SF,10.7,2025-12-11 04:29:37
7049,automatic,sleeper.com,Week 11,Jauan,Jennings,WR,SF,10.7,2025-12-11 04:29:37
5022,automatic,sleeper.com,Week 11,Dallas,Goedert,TE,PHI,10.7,2025-12-11 04:29:37
8151,automatic,espn.com,Week 11,Kenneth,Walker,RB,SEA,10.7,2025-12-11 04:29:37
7049,automatic,fantasypros.com,Week 11,Jauan,Jennings,WR,SF,10.7,2025-12-11 04:29:37
11597,automatic,fantasypros.com,Week 11,Theo,Johnson,TE,NYG,10.7,2025-12-11 04:29:37
8136,automatic,firstdown.studio,Week 11,Rachaad,White,RB,TB,10.7,2025-12-11 04:29:37
10213,automatic,sleeper.com,Week 12,Tre,Tucker,WR,LV,10.7,2025-12-11 04:29:37
9500,automatic,espn.com,Week 12,Josh,Downs,WR,IND,10.7,2025-12-11 04:29:37
5947,automatic,sleeper.com,Week 13,Jakobi,Meyers,WR,JAX,10.7,2025-12-11 04:29:37
8134,automatic,fantasypros.com,Week 13,Khalil,Shakir,WR,BUF,10.7,2025-12-11 04:29:37
7002,automatic,fantasypros.com,Week 13,Juwan,Johnson,TE,NO,10.7,2025-12-11 04:29:37
11533,automatic,sleeper.com,Week 14,Brandon,Aubrey,K,DAL,10.7,2025-12-11 04:29:37
4098,automatic,fantasypros.com,Week 14,Kareem,Hunt,RB,KC,10.7,2025-12-11 04:29:37
8142,automatic,espn.com,Week 14,Alec,Pierce,WR,IND,10.7,2025-12-11 04:29:37
11638,automatic,sleeper.com,Week 15,Ricky,Pearsall,WR,SF,10.7,2025-12-11 04:29:37
6768,automatic,espn.com,Week 15,Tua,Tagovailoa,QB,MIA,10.7,2025-12-11 04:29:37
1373,automatic,firstdown.studio,Week 15,Geno,Smith,QB,LV,10.7,2025-12-11 04:29:37
8126,automatic,firstdown.studio,Week 15,W.,Robinson,WR,NYG,10.7,2025-12-11 04:29:37
4199,automatic,fanduel.com,Week 15,Aaron,Jones,RB,MIN,10.69,2025-12-11 04:29:37
1466,automatic,fanduel.com,Week 11,Travis,Kelce,TE,KC,10.68,2025-12-11 04:29:37
5892,automatic,fanduel.com,Week 10,David,Montgomery,RB,DET,10.62,2025-12-11 04:29:37
8142,automatic,fanduel.com,Week 13,Alec,Pierce,WR,IND,10.62,2025-12-11 04:29:37
5947,automatic,fanduel.com,Week 13,Jakobi,Meyers,WR,JAX,10.62,2025-12-11 04:29:37
3214,automatic,fanduel.com,Week 10,Hunter,Henry,TE,NE,10.6,2025-12-11 04:29:37
8151,automatic,sleeper.com,Week 10,Kenneth,Walker,RB,SEA,10.6,2025-12-11 04:29:37
11199,automatic,sleeper.com,Week 10,Emari,Demercado,RB,ARI,10.6,2025-12-11 04:29:37
7002,automatic,sleeper.com,Week 10,Juwan,Johnson,TE,NO,10.6,2025-12-11 04:29:37
11597,automatic,espn.com,Week 10,Theo,Johnson,TE,NYG,10.6,2025-12-11 04:29:37
12545,automatic,fantasypros.com,Week 10,Tyler,Shough,QB,NO,10.6,2025-12-11 04:29:37
12517,automatic,fantasypros.com,Week 10,Colston,Loveland,TE,CHI,10.6,2025-12-11 04:29:37
9756,automatic,firstdown.studio,Week 10,Jordan,Addison,WR,MIN,10.6,2025-12-11 04:29:37
5892,automatic,sleeper.com,Week 11,David,Montgomery,RB,DET,10.6,2025-12-11 04:29:37
10232,automatic,espn.com,Week 11,Michael,Wilson,WR,ARI,10.6,2025-12-11 04:29:37
11610,automatic,espn.com,Week 11,Malik,Washington,WR,MIA,10.6,2025-12-11 04:29:37
11597,automatic,espn.com,Week 11,Theo,Johnson,TE,NYG,10.6,2025-12-11 04:29:37
12522,automatic,firstdown.studio,Week 11,Cam,Ward,QB,TEN,10.6,2025-12-11 04:29:37
9487,automatic,firstdown.studio,Week 11,P.,Washington,WR,JAX,10.6,2025-12-11 04:29:37
8676,automatic,fanduel.com,Week 11,Rashid,Shaheed,WR,SEA,10.6,2025-12-11 04:29:37
8110,automatic,fanduel.com,Week 11,Jake,Ferguson,TE,DAL,10.6,2025-12-11 04:29:37
11655,automatic,fantasypros.com,Week 12,Tyrone,Tracy Jr.,RB,NYG,10.6,2025-12-11 04:29:37
9756,automatic,fantasypros.com,Week 12,Jordan,Addison,WR,MIN,10.6,2025-12-11 04:29:37
7553,automatic,fantasypros.com,Week 12,Kyle,Pitts Sr.,TE,ATL,10.6,2025-12-11 04:29:37
5012,automatic,sleeper.com,Week 13,Mark,Andrews,TE,BAL,10.6,2025-12-11 04:29:37
9228,automatic,espn.com,Week 13,Bryce,Young,QB,CAR,10.6,2025-12-11 04:29:37
12484,automatic,espn.com,Week 13,Jayden,Higgins,WR,HOU,10.6,2025-12-11 04:29:37
12493,automatic,espn.com,Week 13,Oronde,Gadsden,TE,LAC,10.6,2025-12-11 04:29:37
11620,automatic,sleeper.com,Week 14,Rome,Odunze,WR,CHI,10.6,2025-12-11 04:29:37
9480,automatic,sleeper.com,Week 14,Brenton,Strange,TE,JAX,10.6,2025-12-11 04:29:37
4098,automatic,sleeper.com,Week 14,Kareem,Hunt,RB,KC,10.6,2025-12-11 04:29:37
8142,automatic,fantasypros.com,Week 14,Alec,Pierce,WR,IND,10.6,2025-12-11 04:29:37
1166,automatic,espn.com,Week 14,Kirk,Cousins,QB,ATL,10.6,2025-12-11 04:29:37
8167,automatic,sleeper.com,Week 15,Christian,Watson,WR,GB,10.6,2025-12-11 04:29:37
5012,automatic,sleeper.com,Week 15,Mark,Andrews,TE,BAL,10.6,2025-12-11 04:29:37
11655,automatic,fantasypros.com,Week 15,Tyrone,Tracy Jr.,RB,NYG,10.6,2025-12-11 04:29:37
5967,automatic,fantasypros.com,Week 15,Tony,Pollard,RB,TEN,10.6,2025-12-11 04:29:37
4983,automatic,fantasypros.com,Week 15,DJ,Moore,WR,CHI,10.6,2025-12-11 04:29:37
6790,automatic,firstdown.studio,Week 15,D'Andre,Swift,RB,CHI,10.6,2025-12-11 04:29:37
11655,automatic,firstdown.studio,Week 15,Tyrone,Tracy,RB,NYG,10.6,2025-12-11 04:29:37
7553,automatic,firstdown.studio,Week 15,Kyle,Pitts,TE,ATL,10.6,2025-12-11 04:29:37
5967,automatic,fanduel.com,Week 13,Tony,Pollard,RB,TEN,10.58,2025-12-11 04:29:37
11620,automatic,fanduel.com,Week 13,Rome,Odunze,WR,CHI,10.57,2025-12-11 04:29:37
5012,automatic,fanduel.com,Week 13,Mark,Andrews,TE,BAL,10.57,2025-12-11 04:29:37
8131,automatic,fanduel.com,Week 12,Isaiah,Likely,TE,BAL,10.56,2025-12-11 04:29:37
5045,automatic,fanduel.com,Week 14,Courtland,Sutton,WR,DEN,10.54,2025-12-11 04:29:37
4037,automatic,fanduel.com,Week 15,Chris,Godwin,WR,TB,10.54,2025-12-11 04:29:37
6819,automatic,fanduel.com,Week 13,Michael,Pittman Jr.,WR,IND,10.52,2025-12-11 04:29:37
7090,automatic,fanduel.com,Week 12,Darnell,Mooney,WR,ATL,10.51,2025-12-11 04:29:37
9508,automatic,fanduel.com,Week 14,Tyjae,Spears,RB,TEN,10.51,2025-12-11 04:29:37
8142,automatic,espn.com,Week 10,Alec,Pierce,WR,IND,10.5,2025-12-11 04:29:37
1339,automatic,sleeper.com,Week 11,Zach,Ertz,TE,WAS,10.5,2025-12-11 04:29:37
7567,automatic,sleeper.com,Week 11,Kenneth,Gainwell,RB,PIT,10.5,2025-12-11 04:29:37
5970,automatic,espn.com,Week 11,Greg,Dortch,WR,ARI,10.5,2025-12-11 04:29:37
12493,automatic,espn.com,Week 11,Oronde,Gadsden,TE,LAC,10.5,2025-12-11 04:29:37
7585,automatic,fantasypros.com,Week 11,Davis,Mills,QB,HOU,10.5,2025-12-11 04:29:37
12489,automatic,fanduel.com,Week 11,RJ,Harvey,RB,DEN,10.5,2025-12-11 04:29:37
8110,automatic,sleeper.com,Week 12,Jake,Ferguson,TE,DAL,10.5,2025-12-11 04:29:37
11624,automatic,sleeper.com,Week 12,Xavier,Worthy,WR,KC,10.5,2025-12-11 04:29:37
12524,automatic,espn.com,Week 12,Shedeur,Sanders,QB,CLE,10.5,2025-12-11 04:29:37
8167,automatic,fantasypros.com,Week 12,Christian,Watson,WR,GB,10.5,2025-12-11 04:29:37
10213,automatic,sleeper.com,Week 13,Tre,Tucker,WR,LV,10.5,2025-12-11 04:29:37
7002,automatic,sleeper.com,Week 13,Juwan,Johnson,TE,NO,10.5,2025-12-11 04:29:37
5892,automatic,espn.com,Week 13,David,Montgomery,RB,DET,10.5,2025-12-11 04:29:37
10213,automatic,espn.com,Week 13,Tre,Tucker,WR,LV,10.5,2025-12-11 04:29:37
1373,automatic,fantasypros.com,Week 13,Geno,Smith,QB,LV,10.5,2025-12-11 04:29:37
1339,automatic,sleeper.com,Week 14,Zach,Ertz,TE,WAS,10.5,2025-12-11 04:29:37
8408,automatic,fantasypros.com,Week 14,Jordan,Mason,RB,MIN,10.5,2025-12-11 04:29:37
12506,automatic,fanduel.com,Week 14,Harold,Fannin Jr.,TE,CLE,10.5,2025-12-11 04:29:37
8147,automatic,espn.com,Week 14,John,Metchie,WR,NYJ,10.5,2025-12-11 04:29:37
8110,automatic,sleeper.com,Week 15,Jake,Ferguson,TE,DAL,10.5,2025-12-11 04:29:37
5022,automatic,sleeper.com,Week 15,Dallas,Goedert,TE,PHI,10.5,2025-12-11 04:29:37
1479,automatic,espn.com,Week 15,Keenan,Allen,WR,LAC,10.5,2025-12-11 04:29:37
8134,automatic,espn.com,Week 15,Khalil,Shakir,WR,BUF,10.5,2025-12-11 04:29:37
9756,automatic,fantasypros.com,Week 15,Jordan,Addison,WR,MIN,10.5,2025-12-11 04:29:37
12506,automatic,fantasypros.com,Week 15,Harold,Fannin Jr.,TE,CLE,10.5,2025-12-11 04:29:37
9480,automatic,fanduel.com,Week 15,Brenton,Strange,TE,JAX,10.5,2025-12-11 04:29:37
12507,automatic,firstdown.studio,Week 15,Omarion,Hampton,RB,LAC,10.5,2025-12-11 04:29:37
5857,automatic,fanduel.com,Week 12,Noah,Fant,TE,CIN,10.48,2025-12-11 04:29:37
11604,automatic,fanduel.com,Week 14,Brock,Bowers,TE,LV,10.44,2025-12-11 04:29:37
7553,automatic,fanduel.com,Week 15,Kyle,Pitts,TE,ATL,10.44,2025-12-11 04:29:37
9500,automatic,fanduel.com,Week 10,Josh,Downs,WR,IND,10.43,2025-12-11 04:29:37
1479,automatic,fanduel.com,Week 13,Keenan,Allen,WR,LAC,10.43,2025-12-11 04:29:37
8110,automatic,fanduel.com,Week 15,Jake,Ferguson,TE,DAL,10.42,2025-12-11 04:29:37
4199,automatic,fanduel.com,Week 11,Aaron,Jones,RB,MIN,10.41,2025-12-11 04:29:37
8142,automatic,sleeper.com,Week 10,Alec,Pierce,WR,IND,10.4,2025-12-11 04:29:37
11627,automatic,sleeper.com,Week 10,Troy,Franklin,WR,DEN,10.4,2025-12-11 04:29:37
6149,automatic,sleeper.com,Week 11,Darius,Slayton,WR,NYG,10.4,2025-12-11 04:29:37
9753,automatic,fantasypros.com,Week 11,Zach,Charbonnet,RB,SEA,10.4,2025-12-11 04:29:37
3214,automatic,fantasypros.com,Week 11,Hunter,Henry,TE,NE,10.4,2025-12-11 04:29:37
9756,automatic,firstdown.studio,Week 11,Jordan,Addison,WR,MIN,10.4,2025-12-11 04:29:37
11627,automatic,firstdown.studio,Week 11,Troy,Franklin,WR,DEN,10.4,2025-12-11 04:29:37
7090,automatic,sleeper.com,Week 12,Darnell,Mooney,WR,ATL,10.4,2025-12-11 04:29:37
9756,automatic,sleeper.com,Week 12,Jordan,Addison,WR,MIN,10.4,2025-12-11 04:29:37
4199,automatic,fanduel.com,Week 12,Aaron,Jones,RB,MIN,10.4,2025-12-11 04:29:37
7002,automatic,fanduel.com,Week 12,Juwan,Johnson,TE,NO,10.4,2025-12-11 04:29:37
9753,automatic,fantasypros.com,Week 12,Zach,Charbonnet,RB,SEA,10.4,2025-12-11 04:29:37
11655,automatic,sleeper.com,Week 13,Tyrone,Tracy,RB,NYG,10.4,2025-12-11 04:29:37
8121,automatic,sleeper.com,Week 13,Romeo,Doubs,WR,GB,10.4,2025-12-11 04:29:37
7090,automatic,espn.com,Week 13,Darnell,Mooney,WR,ATL,10.4,2025-12-11 04:29:37
7567,automatic,fantasypros.com,Week 13,Kenneth,Gainwell,RB,PIT,10.4,2025-12-11 04:29:37
11597,automatic,fantasypros.com,Week 13,Theo,Johnson,TE,NYG,10.4,2025-12-11 04:29:37
9480,automatic,fantasypros.com,Week 14,Brenton,Strange,TE,JAX,10.4,2025-12-11 04:29:37
11631,automatic,fantasypros.com,Week 14,Brian,Thomas Jr.,WR,JAX,10.4,2025-12-11 04:29:37
9756,automatic,espn.com,Week 14,Jordan,Addison,WR,MIN,10.4,2025-12-11 04:29:37
8121,automatic,espn.com,Week 14,Romeo,Doubs,WR,GB,10.4,2025-12-11 04:29:37
12518,automatic,sleeper.com,Week 15,Tyler,Warren,TE,IND,10.4,2025-12-11 04:29:37
11631,automatic,sleeper.com,Week 15,Brian,Thomas,WR,JAX,10.4,2025-12-11 04:29:37
12470,automatic,espn.com,Week 15,Riley,Leonard,QB,IND,10.4,2025-12-11 04:29:37
6819,automatic,espn.com,Week 15,Michael,Pittman Jr.,WR,IND,10.4,2025-12-11 04:29:37
7553,automatic,fantasypros.com,Week 15,Kyle,Pitts Sr.,TE,ATL,10.4,2025-12-11 04:29:37
12518,automatic,fantasypros.com,Week 15,Tyler,Warren,TE,IND,10.4,2025-12-11 04:29:37
1466,automatic,fantasypros.com,Week 15,Travis,Kelce,TE,KC,10.4,2025-12-11 04:29:37
5927,automatic,firstdown.studio,Week 15,Terry,McLaurin,WR,WAS,10.4,2025-12-11 04:29:37
11597,automatic,fanduel.com,Week 10,Theo,Johnson,TE,NYG,10.39,2025-12-11 04:29:37
9754,automatic,fanduel.com,Week 13,Quentin,Johnston,WR,LAC,10.39,2025-12-11 04:29:37
3286,automatic,fanduel.com,Week 10,Demarcus,Robinson,WR,SF,10.38,2025-12-11 04:29:37
12498,automatic,fanduel.com,Week 12,Mason,Taylor,TE,NYJ,10.38,2025-12-11 04:29:37
1339,automatic,fanduel.com,Week 11,Zach,Ertz,TE,WAS,10.32,2025-12-11 04:29:37
6819,automatic,fanduel.com,Week 14,Michael,Pittman Jr.,WR,IND,10.32,2025-12-11 04:29:37
7002,automatic,fanduel.com,Week 13,Juwan,Johnson,TE,NO,10.31,2025-12-11 04:29:37
7553,automatic,fanduel.com,Week 13,Kyle,Pitts,TE,ATL,10.31,2025-12-11 04:29:37
11655,automatic,fantasypros.com,Week 10,Tyrone,Tracy Jr.,RB,NYG,10.3,2025-12-11 04:29:37
9753,automatic,fantasypros.com,Week 10,Zach,Charbonnet,RB,SEA,10.3,2025-12-11 04:29:37
7049,automatic,fantasypros.com,Week 10,Jauan,Jennings,WR,SF,10.3,2025-12-11 04:29:37
12474,automatic,firstdown.studio,Week 10,Woody,Marks,RB,HOU,10.3,2025-12-11 04:29:37
8148,automatic,firstdown.studio,Week 10,Jameson,Williams,WR,DET,10.3,2025-12-11 04:29:37
8142,automatic,firstdown.studio,Week 10,Alec,Pierce,WR,IND,10.3,2025-12-11 04:29:37
9487,automatic,firstdown.studio,Week 10,P.,Washington,WR,JAX,10.3,2025-12-11 04:29:37
7553,automatic,sleeper.com,Week 11,Kyle,Pitts,TE,ATL,10.3,2025-12-11 04:29:37
5892,automatic,espn.com,Week 11,David,Montgomery,RB,DET,10.3,2025-12-11 04:29:37
4177,automatic,espn.com,Week 11,Mack,Hollins,WR,NE,10.3,2025-12-11 04:29:37
7553,automatic,espn.com,Week 11,Kyle,Pitts Sr.,TE,ATL,10.3,2025-12-11 04:29:37
8121,automatic,fantasypros.com,Week 11,Romeo,Doubs,WR,GB,10.3,2025-12-11 04:29:37
8148,automatic,firstdown.studio,Week 11,Jameson,Williams,WR,DET,10.3,2025-12-11 04:29:37
5947,automatic,sleeper.com,Week 12,Jakobi,Meyers,WR,JAX,10.3,2025-12-11 04:29:37
11539,automatic,sleeper.com,Week 12,Jake,Bates,K,DET,10.3,2025-12-11 04:29:37
11638,automatic,espn.com,Week 12,Ricky,Pearsall,WR,SF,10.3,2025-12-11 04:29:37
11638,automatic,fantasypros.com,Week 12,Ricky,Pearsall,WR,SF,10.3,2025-12-11 04:29:37
11627,automatic,sleeper.com,Week 13,Troy,Franklin,WR,DEN,10.3,2025-12-11 04:29:37
5967,automatic,espn.com,Week 13,Tony,Pollard,RB,TEN,10.3,2025-12-11 04:29:37
8121,automatic,espn.com,Week 13,Romeo,Doubs,WR,GB,10.3,2025-12-11 04:29:37
12506,automatic,espn.com,Week 13,Harold,Fannin Jr.,TE,CLE,10.3,2025-12-11 04:29:37
6819,automatic,fantasypros.com,Week 13,Michael,Pittman Jr.,WR,IND,10.3,2025-12-11 04:29:37
10232,automatic,sleeper.com,Week 14,Michael,Wilson,WR,ARI,10.3,2025-12-11 04:29:37
5022,automatic,sleeper.com,Week 14,Dallas,Goedert,TE,PHI,10.3,2025-12-11 04:29:37
3214,automatic,espn.com,Week 15,Hunter,Henry,TE,NE,10.3,2025-12-11 04:29:37
5022,automatic,espn.com,Week 15,Dallas,Goedert,TE,PHI,10.3,2025-12-11 04:29:37
5012,automatic,espn.com,Week 15,Mark,Andrews,TE,BAL,10.3,2025-12-11 04:29:37
9480,automatic,fantasypros.com,Week 15,Brenton,Strange,TE,JAX,10.3,2025-12-11 04:29:37
8110,automatic,fantasypros.com,Week 15,Jake,Ferguson,TE,DAL,10.3,2025-12-11 04:29:37
8228,automatic,firstdown.studio,Week 15,Jaylen,Warren,RB,PIT,10.3,2025-12-11 04:29:37
3214,automatic,fanduel.com,Week 13,Hunter,Henry,TE,NE,10.29,2025-12-11 04:29:37
1339,automatic,fanduel.com,Week 10,Zach,Ertz,TE,WAS,10.25,2025-12-11 04:29:37
12506,automatic,fanduel.com,Week 13,Harold,Fannin Jr.,TE,CLE,10.25,2025-12-11 04:29:37
11637,automatic,fanduel.com,Week 11,Keon,Coleman,WR,BUF,10.24,2025-12-11 04:29:37
8167,automatic,fanduel.com,Week 11,Christian,Watson,WR,GB,10.24,2025-12-11 04:29:37
5947,automatic,fanduel.com,Week 12,Jakobi,Meyers,WR,JAX,10.24,2025-12-11 04:29:37
5844,automatic,fanduel.com,Week 14,T.J.,Hockenson,TE,MIN,10.24,2025-12-11 04:29:37
5022,automatic,fanduel.com,Week 11,Dallas,Goedert,TE,PHI,10.22,2025-12-11 04:29:37
9487,automatic,fanduel.com,Week 10,Parker,Washington,WR,JAX,10.21,2025-12-11 04:29:37
3214,automatic,sleeper.com,Week 10,Hunter,Henry,TE,NE,10.2,2025-12-11 04:29:37
12533,automatic,sleeper.com,Week 10,Jacory,Croskey-Merritt,RB,WAS,10.2,2025-12-11 04:29:37
7567,automatic,sleeper.com,Week 10,Kenneth,Gainwell,RB,PIT,10.2,2025-12-11 04:29:37
4199,automatic,sleeper.com,Week 10,Aaron,Jones,RB,MIN,10.2,2025-12-11 04:29:37
12474,automatic,espn.com,Week 10,Woody,Marks,RB,HOU,10.2,2025-12-11 04:29:37
10213,automatic,espn.com,Week 10,Tre,Tucker,WR,LV,10.2,2025-12-11 04:29:37
4035,automatic,fantasypros.com,Week 10,Alvin,Kamara,RB,NO,10.2,2025-12-11 04:29:37
11624,automatic,sleeper.com,Week 11,Xavier,Worthy,WR,KC,10.2,2025-12-11 04:29:37
9506,automatic,espn.com,Week 11,Sean,Tucker,RB,TB,10.2,2025-12-11 04:29:37
4983,automatic,espn.com,Week 11,DJ,Moore,WR,CHI,10.2,2025-12-11 04:29:37
5001,automatic,espn.com,Week 11,Dalton,Schultz,TE,HOU,10.2,2025-12-11 04:29:37
4983,automatic,firstdown.studio,Week 11,DJ,Moore,WR,CHI,10.2,2025-12-11 04:29:37
5947,automatic,firstdown.studio,Week 11,Jakobi,Meyers,WR,JAX,10.2,2025-12-11 04:29:37
1339,automatic,firstdown.studio,Week 11,Zach,Ertz,TE,WAS,10.2,2025-12-11 04:29:37
3214,automatic,sleeper.com,Week 12,Hunter,Henry,TE,NE,10.2,2025-12-11 04:29:37
7567,automatic,espn.com,Week 12,Kenneth,Gainwell,RB,PIT,10.2,2025-12-11 04:29:37
5001,automatic,espn.com,Week 12,Dalton,Schultz,TE,HOU,10.2,2025-12-11 04:29:37
11624,automatic,fantasypros.com,Week 12,Xavier,Worthy,WR,KC,10.2,2025-12-11 04:29:37
11597,automatic,fantasypros.com,Week 12,Theo,Johnson,TE,NYG,10.2,2025-12-11 04:29:37
5947,automatic,espn.com,Week 13,Jakobi,Meyers,WR,JAX,10.2,2025-12-11 04:29:37
10213,automatic,sleeper.com,Week 14,Tre,Tucker,WR,LV,10.2,2025-12-11 04:29:37
12534,automatic,fantasypros.com,Week 14,Kyle,Monangai,RB,CHI,10.2,2025-12-11 04:29:37
12476,automatic,fantasypros.com,Week 14,Devin,Neal,RB,NO,10.2,2025-12-11 04:29:37
8110,automatic,fantasypros.com,Week 14,Jake,Ferguson,TE,DAL,10.2,2025-12-11 04:29:37
1166,automatic,fantasypros.com,Week 14,Kirk,Cousins,QB,ATL,10.2,2025-12-11 04:29:37
9754,automatic,fantasypros.com,Week 14,Quentin,Johnston,WR,LAC,10.2,2025-12-11 04:29:37
12493,automatic,sleeper.com,Week 15,Oronde,Gadsden,TE,LAC,10.2,2025-12-11 04:29:37
7021,automatic,sleeper.com,Week 15,Rico,Dowdle,RB,CAR,10.2,2025-12-11 04:29:37
4098,automatic,sleeper.com,Week 15,Kareem,Hunt,RB,KC,10.2,2025-12-11 04:29:37
12538,automatic,fantasypros.com,Week 15,Brady,Cook,QB,NYJ,10.2,2025-12-11 04:29:37
7594,automatic,fantasypros.com,Week 15,Chuba,Hubbard,RB,CAR,10.2,2025-12-11 04:29:37
10236,automatic,fantasypros.com,Week 15,Dalton,Kincaid,TE,BUF,10.2,2025-12-11 04:29:37
HOU,dst_team_match,fantasypros.com,Week 15,Houston Texans,Defense,DST,HOU,10.2,2025-12-11 04:29:37
6794,automatic,firstdown.studio,Week 15,Justin,Jefferson,WR,MIN,10.2,2025-12-11 04:29:37
4217,automatic,firstdown.studio,Week 15,George,Kittle,TE,SF,10.2,2025-12-11 04:29:37
11624,automatic,fanduel.com,Week 11,Xavier,Worthy,WR,KC,10.13,2025-12-11 04:29:37
8142,automatic,fanduel.com,Week 14,Alec,Pierce,WR,IND,10.13,2025-12-11 04:29:37
1466,automatic,fanduel.com,Week 14,Travis,Kelce,TE,KC,10.13,2025-12-11 04:29:37
11620,automatic,fanduel.com,Week 14,Rome,Odunze,WR,CHI,10.12,2025-12-11 04:29:37
4983,automatic,sleeper.com,Week 10,DJ,Moore,WR,CHI,10.1,2025-12-11 04:29:37
9753,automatic,sleeper.com,Week 10,Zach,Charbonnet,RB,SEA,10.1,2025-12-11 04:29:37
12506,automatic,espn.com,Week 10,Harold,Fannin Jr.,TE,CLE,10.1,2025-12-11 04:29:37
12489,automatic,fantasypros.com,Week 10,RJ,Harvey,RB,DEN,10.1,2025-12-11 04:29:37
9487,automatic,fantasypros.com,Week 10,Parker,Washington,WR,JAX,10.1,2025-12-11 04:29:37
12485,automatic,fantasypros.com,Week 10,Tez,Johnson,WR,TB,10.1,2025-12-11 04:29:37
3214,automatic,fantasypros.com,Week 10,Hunter,Henry,TE,NE,10.1,2025-12-11 04:29:37
1945,automatic,sleeper.com,Week 11,Chris,Boswell,K,PIT,10.1,2025-12-11 04:29:37
12506,automatic,fantasypros.com,Week 11,Harold,Fannin Jr.,TE,CLE,10.1,2025-12-11 04:29:37
6149,automatic,firstdown.studio,Week 11,Darius,Slayton,WR,NYG,10.1,2025-12-11 04:29:37
5022,automatic,firstdown.studio,Week 11,Dallas,Goedert,TE,PHI,10.1,2025-12-11 04:29:37
11533,automatic,sleeper.com,Week 12,Brandon,Aubrey,K,DAL,10.1,2025-12-11 04:29:37
12485,automatic,fantasypros.com,Week 12,Tez,Johnson,WR,TB,10.1,2025-12-11 04:29:37
11533,automatic,sleeper.com,Week 13,Brandon,Aubrey,K,DAL,10.1,2025-12-11 04:29:37
9480,automatic,sleeper.com,Week 13,Brenton,Strange,TE,JAX,10.1,2025-12-11 04:29:37
12540,automatic,espn.com,Week 13,Chimere,Dike,WR,TEN,10.1,2025-12-11 04:29:37
9480,automatic,fantasypros.com,Week 13,Brenton,Strange,TE,JAX,10.1,2025-12-11 04:29:37
12507,automatic,sleeper.com,Week 14,Omarion,Hampton,RB,LAC,10.1,2025-12-11 04:29:37
11539,automatic,sleeper.com,Week 14,Jake,Bates,K,DET,10.1,2025-12-11 04:29:37
7553,automatic,fantasypros.com,Week 14,Kyle,Pitts Sr.,TE,ATL,10.1,2025-12-11 04:29:37
12484,automatic,espn.com,Week 14,Jayden,Higgins,WR,HOU,10.1,2025-12-11 04:29:37
11624,automatic,espn.com,Week 14,Xavier,Worthy,WR,KC,10.1,2025-12-11 04:29:37
1466,automatic,espn.com,Week 14,Travis,Kelce,TE,KC,10.1,2025-12-11 04:29:37
8142,automatic,sleeper.com,Week 15,Alec,Pierce,WR,IND,10.1,2025-12-11 04:29:37
12484,automatic,sleeper.com,Week 15,Jayden,Higgins,WR,HOU,10.1,2025-12-11 04:29:37
6783,automatic,fantasypros.com,Week 15,Jerry,Jeudy,WR,CLE,10.1,2025-12-11 04:29:37
11625,automatic,fantasypros.com,Week 15,Adonai,Mitchell,WR,NYJ,10.1,2025-12-11 04:29:37
5846,automatic,firstdown.studio,Week 15,DK,Metcalf,WR,PIT,10.1,2025-12-11 04:29:37
11624,automatic,fanduel.com,Week 14,Xavier,Worthy,WR,KC,10.06,2025-12-11 04:29:37
4098,automatic,fanduel.com,Week 15,Kareem,Hunt,RB,KC,10.05,2025-12-11 04:29:37
8167,automatic,fanduel.com,Week 15,Christian,Watson,WR,GB,10.04,2025-12-11 04:29:37
12498,automatic,fanduel.com,Week 11,Mason,Taylor,TE,NYJ,10.03,2025-12-11 04:29:37
5012,automatic,fanduel.com,Week 11,Mark,Andrews,TE,BAL,10.03,2025-12-11 04:29:37
9504,automatic,fanduel.com,Week 13,Kayshon,Boutte,WR,NE,10.03,2025-12-11 04:29:37
7002,automatic,fanduel.com,Week 14,Juwan,Johnson,TE,NO,10.03,2025-12-11 04:29:37
4039,automatic,fanduel.com,Week 13,Cooper,Kupp,WR,SEA,10.01,2025-12-11 04:29:37
9500,automatic,sleeper.com,Week 10,Josh,Downs,WR,IND,10.0,2025-12-11 04:29:37
6130,automatic,espn.com,Week 10,Devin,Singletary,RB,NYG,10.0,2025-12-11 04:29:37
12474,automatic,fantasypros.com,Week 10,Woody,Marks,RB,HOU,10.0,2025-12-11 04:29:37
8259,automatic,fantasypros.com,Week 10,Cameron,Dicker,K,LAC,10.0,2025-12-11 04:29:37
DEN,dst_team_match,fantasypros.com,Week 10,Denver Broncos,Defense,DST,DEN,10.0,2025-12-11 04:29:37
5022,automatic,firstdown.studio,Week 10,Dallas,Goedert,TE,PHI,10.0,2025-12-11 04:29:37
8111,automatic,sleeper.com,Week 11,Cade,Otton,TE,TB,10.0,2025-12-11 04:29:37
11655,automatic,sleeper.com,Week 11,Tyrone,Tracy,RB,NYG,10.0,2025-12-11 04:29:37
5001,automatic,sleeper.com,Week 11,Dalton,Schultz,TE,HOU,10.0,2025-12-11 04:29:37
1466,automatic,espn.com,Week 11,Travis,Kelce,TE,KC,10.0,2025-12-11 04:29:37
3214,automatic,espn.com,Week 11,Hunter,Henry,TE,NE,10.0,2025-12-11 04:29:37
1339,automatic,espn.com,Week 11,Zach,Ertz,TE,WAS,10.0,2025-12-11 04:29:37
9758,automatic,fantasypros.com,Week 11,C.J.,Stroud,QB,HOU,10.0,2025-12-11 04:29:37
12489,automatic,fantasypros.com,Week 11,RJ,Harvey,RB,DEN,10.0,2025-12-11 04:29:37
9756,automatic,fantasypros.com,Week 11,Jordan,Addison,WR,MIN,10.0,2025-12-11 04:29:37
11533,automatic,fantasypros.com,Week 11,Brandon,Aubrey,K,DAL,10.0,2025-12-11 04:29:37
HOU,dst_team_match,fantasypros.com,Week 11,Houston Texans,Defense,DST,HOU,10.0,2025-12-11 04:29:37
11597,automatic,fanduel.com,Week 11,Theo,Johnson,TE,NYG,10.0,2025-12-11 04:29:37
11655,automatic,sleeper.com,Week 12,Tyrone,Tracy,RB,NYG,10.0,2025-12-11 04:29:37
5967,automatic,espn.com,Week 12,Tony,Pollard,RB,TEN,10.0,2025-12-11 04:29:37
5012,automatic,espn.com,Week 12,Mark,Andrews,TE,BAL,10.0,2025-12-11 04:29:37
7090,automatic,fantasypros.com,Week 12,Darnell,Mooney,WR,ATL,10.0,2025-12-11 04:29:37
5947,automatic,fantasypros.com,Week 12,Jakobi,Meyers,WR,JAX,10.0,2025-12-11 04:29:37
5012,automatic,fantasypros.com,Week 12,Mark,Andrews,TE,BAL,10.0,2025-12-11 04:29:37
8111,automatic,fantasypros.com,Week 12,Cade,Otton,TE,TB,10.0,2025-12-11 04:29:37
11533,automatic,fantasypros.com,Week 12,Brandon,Aubrey,K,DAL,10.0,2025-12-11 04:29:37
SEA,dst_team_match,fantasypros.com,Week 12,Seattle Seahawks,Defense,DST,SEA,10.0,2025-12-11 04:29:37
6783,automatic,espn.com,Week 13,Jerry,Jeudy,WR,CLE,10.0,2025-12-11 04:29:37
9754,automatic,espn.com,Week 13,Quentin,Johnston,WR,LAC,10.0,2025-12-11 04:29:37
4892,automatic,fantasypros.com,Week 13,Baker,Mayfield,QB,TB,10.0,2025-12-11 04:29:37
8148,automatic,fantasypros.com,Week 13,Jameson,Williams,WR,DET,10.0,2025-12-11 04:29:37
11533,automatic,fantasypros.com,Week 13,Brandon,Aubrey,K,DAL,10.0,2025-12-11 04:29:37
SEA,dst_team_match,fantasypros.com,Week 13,Seattle Seahawks,Defense,DST,SEA,10.0,2025-12-11 04:29:37
7553,automatic,sleeper.com,Week 14,Kyle,Pitts,TE,ATL,10.0,2025-12-11 04:29:37
8121,automatic,fantasypros.com,Week 14,Romeo,Doubs,WR,GB,10.0,2025-12-11 04:29:37
12484,automatic,fantasypros.com,Week 14,Jayden,Higgins,WR,HOU,10.0,2025-12-11 04:29:37
1479,automatic,fantasypros.com,Week 14,Keenan,Allen,WR,LAC,10.0,2025-12-11 04:29:37
1373,automatic,espn.com,Week 14,Geno,Smith,QB,LV,10.0,2025-12-11 04:29:37
10236,automatic,espn.com,Week 14,Dalton,Kincaid,TE,BUF,10.0,2025-12-11 04:29:37
12469,automatic,sleeper.com,Week 15,Dylan,Sampson,RB,CLE,10.0,2025-12-11 04:29:37
10222,automatic,espn.com,Week 15,Jayden,Reed,WR,GB,10.0,2025-12-11 04:29:37
1466,automatic,espn.com,Week 15,Travis,Kelce,TE,KC,10.0,2025-12-11 04:29:37
8110,automatic,espn.com,Week 15,Jake,Ferguson,TE,DAL,10.0,2025-12-11 04:29:37
8122,automatic,fantasypros.com,Week 15,Zonovan,Knight,RB,ARI,10.0,2025-12-11 04:29:37
8142,automatic,fantasypros.com,Week 15,Alec,Pierce,WR,IND,10.0,2025-12-11 04:29:37
7526,automatic,firstdown.studio,Week 15,Jaylen,Waddle,WR,MIA,10.0,2025-12-11 04:29:37
1466,automatic,fanduel.com,Week 15,Travis,Kelce,TE,KC,9.97,2025-12-11 04:29:37
4037,automatic,fanduel.com,Week 13,Chris,Godwin,WR,TB,9.96,2025-12-11 04:29:37
7567,automatic,fanduel.com,Week 13,Kenneth,Gainwell,RB,PIT,9.96,2025-12-11 04:29:37
8142,automatic,fanduel.com,Week 15,Alec,Pierce,WR,IND,9.95,2025-12-11 04:29:37
4199,automatic,fanduel.com,Week 10,Aaron,Jones,RB,MIN,9.94,2025-12-11 04:29:37
5892,automatic,fanduel.com,Week 11,David,Montgomery,RB,DET,9.94,2025-12-11 04:29:37
11627,automatic,fanduel.com,Week 11,Troy,Franklin,WR,DEN,9.93,2025-12-11 04:29:37
1479,automatic,fanduel.com,Week 14,Keenan,Allen,WR,LAC,9.93,2025-12-11 04:29:37
6790,automatic,fanduel.com,Week 13,D'Andre,Swift,RB,CHI,9.92,2025-12-11 04:29:37
7002,automatic,fanduel.com,Week 10,Juwan,Johnson,TE,NO,9.91,2025-12-11 04:29:37
4199,automatic,fanduel.com,Week 13,Aaron,Jones,RB,MIN,9.91,2025-12-11 04:29:37
12493,automatic,fanduel.com,Week 13,Oronde,Gadsden,TE,LAC,9.91,2025-12-11 04:29:37
9753,automatic,espn.com,Week 10,Zach,Charbonnet,RB,SEA,9.9,2025-12-11 04:29:37
9500,automatic,fantasypros.com,Week 10,Josh,Downs,WR,IND,9.9,2025-12-11 04:29:37
10213,automatic,fantasypros.com,Week 10,Tre,Tucker,WR,LV,9.9,2025-12-11 04:29:37
12506,automatic,fantasypros.com,Week 10,Harold,Fannin Jr.,TE,CLE,9.9,2025-12-11 04:29:37
11627,automatic,sleeper.com,Week 11,Troy,Franklin,WR,DEN,9.9,2025-12-11 04:29:37
12522,automatic,espn.com,Week 11,Cam,Ward,QB,TEN,9.9,2025-12-11 04:29:37
6130,automatic,espn.com,Week 11,Devin,Singletary,RB,NYG,9.9,2025-12-11 04:29:37
11624,automatic,firstdown.studio,Week 11,Xavier,Worthy,WR,KC,9.9,2025-12-11 04:29:37
8131,automatic,fanduel.com,Week 11,Isaiah,Likely,TE,BAL,9.9,2025-12-11 04:29:37
12522,automatic,fantasypros.com,Week 12,Cam,Ward,QB,TEN,9.9,2025-12-11 04:29:37
7567,automatic,fantasypros.com,Week 12,Kenneth,Gainwell,RB,PIT,9.9,2025-12-11 04:29:37
7553,automatic,sleeper.com,Week 13,Kyle,Pitts,TE,ATL,9.9,2025-12-11 04:29:37
11638,automatic,sleeper.com,Week 13,Ricky,Pearsall,WR,SF,9.9,2025-12-11 04:29:37
9508,automatic,espn.com,Week 13,Tyjae,Spears,RB,TEN,9.9,2025-12-11 04:29:37
10236,automatic,sleeper.com,Week 14,Dalton,Kincaid,TE,BUF,9.9,2025-12-11 04:29:37
5012,automatic,sleeper.com,Week 14,Mark,Andrews,TE,BAL,9.9,2025-12-11 04:29:37
10213,automatic,sleeper.com,Week 15,Tre,Tucker,WR,LV,9.9,2025-12-11 04:29:37
12476,automatic,sleeper.com,Week 15,Devin,Neal,RB,NO,9.9,2025-12-11 04:29:37
12484,automatic,espn.com,Week 15,Jayden,Higgins,WR,HOU,9.9,2025-12-11 04:29:37
10236,automatic,espn.com,Week 15,Dalton,Kincaid,TE,BUF,9.9,2025-12-11 04:29:37
6130,automatic,fantasypros.com,Week 15,Devin,Singletary,RB,NYG,9.9,2025-12-11 04:29:37
8167,automatic,firstdown.studio,Week 15,Christian,Watson,WR,GB,9.9,2025-12-11 04:29:37
7525,automatic,firstdown.studio,Week 15,DeVonta,Smith,WR,PHI,9.9,2025-12-11 04:29:37
11635,automatic,firstdown.studio,Week 15,Ladd,McConkey,WR,LAC,9.9,2025-12-11 04:29:37
1479,automatic,fanduel.com,Week 15,Keenan,Allen,WR,LAC,9.87,2025-12-11 04:29:37
12493,automatic,fanduel.com,Week 15,Oronde,Gadsden,TE,LAC,9.84,2025-12-11 04:29:37
10232,automatic,fanduel.com,Week 13,Michael,Wilson,WR,ARI,9.83,2025-12-11 04:29:37
12514,automatic,fanduel.com,Week 15,Emeka,Egbuka,WR,TB,9.83,2025-12-11 04:29:37
6819,automatic,fanduel.com,Week 15,Michael,Pittman Jr.,WR,IND,9.83,2025-12-11 04:29:37
10222,automatic,fanduel.com,Week 15,Jayden,Reed,WR,GB,9.82,2025-12-11 04:29:37
5022,automatic,fanduel.com,Week 10,Dallas,Goedert,TE,PHI,9.81,2025-12-11 04:29:37
7553,automatic,sleeper.com,Week 10,Kyle,Pitts,TE,ATL,9.8,2025-12-11 04:29:37
8125,automatic,espn.com,Week 10,Calvin,Austin,WR,PIT,9.8,2025-12-11 04:29:37
10236,automatic,espn.com,Week 10,Dalton,Kincaid,TE,BUF,9.8,2025-12-11 04:29:37
6650,automatic,fantasypros.com,Week 10,Chase,McLaughlin,K,TB,9.8,2025-12-11 04:29:37
SEA,dst_team_match,fantasypros.com,Week 10,Seattle Seahawks,Defense,DST,SEA,9.8,2025-12-11 04:29:37
10213,automatic,firstdown.studio,Week 10,Tre,Tucker,WR,LV,9.8,2025-12-11 04:29:37
9487,automatic,sleeper.com,Week 11,Parker,Washington,WR,JAX,9.8,2025-12-11 04:29:37
10232,automatic,sleeper.com,Week 11,Michael,Wilson,WR,ARI,9.8,2025-12-11 04:29:37
11199,automatic,espn.com,Week 11,Emari,Demercado,RB,ARI,9.8,2025-12-11 04:29:37
5012,automatic,fantasypros.com,Week 11,Mark,Andrews,TE,BAL,9.8,2025-12-11 04:29:37
1945,automatic,fantasypros.com,Week 11,Chris,Boswell,K,PIT,9.8,2025-12-11 04:29:37
NE,dst_team_match,fantasypros.com,Week 11,New England Patriots,Defense,DST,NE,9.8,2025-12-11 04:29:37
1479,automatic,firstdown.studio,Week 11,Keenan,Allen,WR,LAC,9.8,2025-12-11 04:29:37
9753,automatic,espn.com,Week 12,Zach,Charbonnet,RB,SEA,9.8,2025-12-11 04:29:37
9504,automatic,espn.com,Week 12,Kayshon,Boutte,WR,NE,9.8,2025-12-11 04:29:37
8110,automatic,espn.com,Week 12,Jake,Ferguson,TE,DAL,9.8,2025-12-11 04:29:37
2747,automatic,fantasypros.com,Week 12,Jason,Myers,K,SEA,9.8,2025-12-11 04:29:37
CLE,dst_team_match,fantasypros.com,Week 12,Cleveland Browns,Defense,DST,CLE,9.8,2025-12-11 04:29:37
8259,automatic,sleeper.com,Week 13,Cameron,Dicker,K,LAC,9.8,2025-12-11 04:29:37
8142,automatic,espn.com,Week 13,Alec,Pierce,WR,IND,9.8,2025-12-11 04:29:37
5001,automatic,fantasypros.com,Week 13,Dalton,Schultz,TE,HOU,9.8,2025-12-11 04:29:37
12711,automatic,fantasypros.com,Week 13,Tyler,Loop,K,BAL,9.8,2025-12-11 04:29:37
LAC,dst_team_match,fantasypros.com,Week 13,Los Angeles Chargers,Defense,DST,LAC,9.8,2025-12-11 04:29:37
12484,automatic,sleeper.com,Week 14,Jayden,Higgins,WR,HOU,9.8,2025-12-11 04:29:37
11625,automatic,sleeper.com,Week 14,Adonai,Mitchell,WR,NYJ,9.8,2025-12-11 04:29:37
11624,automatic,fantasypros.com,Week 14,Xavier,Worthy,WR,KC,9.8,2025-12-11 04:29:37
11624,automatic,sleeper.com,Week 15,Xavier,Worthy,WR,KC,9.8,2025-12-11 04:29:37
6149,automatic,espn.com,Week 15,Darius,Slayton,WR,NYG,9.8,2025-12-11 04:29:37
11597,automatic,espn.com,Week 15,Theo,Johnson,TE,NYG,9.8,2025-12-11 04:29:37
12518,automatic,espn.com,Week 15,Tyler,Warren,TE,IND,9.8,2025-12-11 04:29:37
9754,automatic,fantasypros.com,Week 15,Quentin,Johnston,WR,LAC,9.8,2025-12-11 04:29:37
10222,automatic,fantasypros.com,Week 15,Jayden,Reed,WR,GB,9.8,2025-12-11 04:29:37
5012,automatic,fantasypros.com,Week 15,Mark,Andrews,TE,BAL,9.8,2025-12-11 04:29:37
11597,automatic,fantasypros.com,Week 15,Theo,Johnson,TE,NYG,9.8,2025-12-11 04:29:37
5947,automatic,firstdown.studio,Week 15,Jakobi,Meyers,WR,JAX,9.8,2025-12-11 04:29:37
,,espn.com,Week 13,Isaiah,Hodgins,WR,NYG,9.8,2025-12-11 04:29:37
6783,automatic,fanduel.com,Week 10,Jerry,Jeudy,WR,CLE,9.79,2025-12-11 04:29:37
8167,automatic,fanduel.com,Week 12,Christian,Watson,WR,GB,9.76,2025-12-11 04:29:37
8122,automatic,fanduel.com,Week 15,Zonovan,Knight,RB,ARI,9.76,2025-12-11 04:29:37
9753,automatic,fanduel.com,Week 12,Zach,Charbonnet,RB,SEA,9.75,2025-12-11 04:29:37
8110,automatic,fanduel.com,Week 12,Jake,Ferguson,TE,DAL,9.74,2025-12-11 04:29:37
8167,automatic,fanduel.com,Week 13,Christian,Watson,WR,GB,9.74,2025-12-11 04:29:37
12517,automatic,sleeper.com,Week 10,Colston,Loveland,TE,CHI,9.7,2025-12-11 04:29:37
10236,automatic,sleeper.com,Week 10,Dalton,Kincaid,TE,BUF,9.7,2025-12-11 04:29:37
12485,automatic,sleeper.com,Week 10,Tez,Johnson,WR,TB,9.7,2025-12-11 04:29:37
8122,automatic,fantasypros.com,Week 10,Zonovan,Knight,RB,ARI,9.7,2025-12-11 04:29:37
8111,automatic,espn.com,Week 11,Cade,Otton,TE,TB,9.7,2025-12-11 04:29:37
8205,automatic,sleeper.com,Week 13,Isiah,Pacheco,RB,KC,9.7,2025-12-11 04:29:37
3214,automatic,sleeper.com,Week 13,Hunter,Henry,TE,NE,9.7,2025-12-11 04:29:37
12484,automatic,sleeper.com,Week 13,Jayden,Higgins,WR,HOU,9.7,2025-12-11 04:29:37
12506,automatic,sleeper.com,Week 13,Harold,Fannin,TE,CLE,9.7,2025-12-11 04:29:37
8205,automatic,espn.com,Week 13,Isiah,Pacheco,RB,KC,9.7,2025-12-11 04:29:37
CLE,dst_team_match,fantasypros.com,Week 14,Cleveland Browns,Defense,DST,CLE,9.7,2025-12-11 04:29:37
11625,automatic,fantasypros.com,Week 14,Adonai,Mitchell,WR,NYJ,9.7,2025-12-11 04:29:37
11834,automatic,espn.com,Week 14,Devaughn,Vele,WR,NO,9.7,2025-12-11 04:29:37
7002,automatic,espn.com,Week 14,Juwan,Johnson,TE,NO,9.7,2025-12-11 04:29:37
5001,automatic,espn.com,Week 14,Dalton,Schultz,TE,HOU,9.7,2025-12-11 04:29:37
6783,automatic,sleeper.com,Week 15,Jerry,Jeudy,WR,CLE,9.7,2025-12-11 04:29:37
11786,automatic,sleeper.com,Week 15,Cam,Little,K,JAX,9.7,2025-12-11 04:29:37
10236,automatic,sleeper.com,Week 15,Dalton,Kincaid,TE,BUF,9.7,2025-12-11 04:29:37
11631,automatic,espn.com,Week 15,Brian,Thomas Jr.,WR,JAX,9.7,2025-12-11 04:29:37
11834,automatic,espn.com,Week 15,Devaughn,Vele,WR,NO,9.7,2025-12-11 04:29:37
7002,automatic,espn.com,Week 15,Juwan,Johnson,TE,NO,9.7,2025-12-11 04:29:37
4098,automatic,fantasypros.com,Week 15,Kareem,Hunt,RB,KC,9.7,2025-12-11 04:29:37
11586,automatic,fantasypros.com,Week 15,Blake,Corum,RB,LAR,9.7,2025-12-11 04:29:37
12517,automatic,fantasypros.com,Week 15,Colston,Loveland,TE,CHI,9.7,2025-12-11 04:29:37
3214,automatic,fanduel.com,Week 15,Hunter,Henry,TE,NE,9.7,2025-12-11 04:29:37
2216,automatic,firstdown.studio,Week 15,Mike,Evans,WR,TB,9.7,2025-12-11 04:29:37
5872,automatic,fanduel.com,Week 13,Deebo,Samuel,WR,WAS,9.69,2025-12-11 04:29:37
6783,automatic,fanduel.com,Week 15,Jerry,Jeudy,WR,CLE,9.69,2025-12-11 04:29:37
5001,automatic,fanduel.com,Week 15,Dalton,Schultz,TE,HOU,9.67,2025-12-11 04:29:37
4983,automatic,fanduel.com,Week 14,D.J.,Moore,WR,CHI,9.66,2025-12-11 04:29:37
10232,automatic,fanduel.com,Week 15,Michael,Wilson,WR,ARI,9.65,2025-12-11 04:29:37
9508,automatic,fanduel.com,Week 12,Tyjae,Spears,RB,TEN,9.64,2025-12-11 04:29:37
6790,automatic,fanduel.com,Week 10,D'Andre,Swift,RB,CHI,9.63,2025-12-11 04:29:37
8259,automatic,sleeper.com,Week 10,Cameron,Dicker,K,LAC,9.6,2025-12-11 04:29:37
1339,automatic,sleeper.com,Week 10,Zach,Ertz,TE,WAS,9.6,2025-12-11 04:29:37
5012,automatic,sleeper.com,Week 10,Mark,Andrews,TE,BAL,9.6,2025-12-11 04:29:37
11539,automatic,sleeper.com,Week 10,Jake,Bates,K,DET,9.6,2025-12-11 04:29:37
6945,hardcoded,espn.com,Week 10,Bam,Knight,RB,ARI,9.6,2025-12-11 04:29:37
6783,automatic,espn.com,Week 10,Jerry,Jeudy,WR,CLE,9.6,2025-12-11 04:29:37
8167,automatic,espn.com,Week 10,Christian,Watson,WR,GB,9.6,2025-12-11 04:29:37
5012,automatic,espn.com,Week 10,Mark,Andrews,TE,BAL,9.6,2025-12-11 04:29:37
8111,automatic,espn.com,Week 10,Cade,Otton,TE,TB,9.6,2025-12-11 04:29:37
5844,automatic,espn.com,Week 10,T.J.,Hockenson,TE,MIN,9.6,2025-12-11 04:29:37
8142,automatic,fantasypros.com,Week 10,Alec,Pierce,WR,IND,9.6,2025-12-11 04:29:37
6149,automatic,fantasypros.com,Week 10,Darius,Slayton,WR,NYG,9.6,2025-12-11 04:29:37
1945,automatic,fantasypros.com,Week 10,Chris,Boswell,K,PIT,9.6,2025-12-11 04:29:37
11199,automatic,sleeper.com,Week 11,Emari,Demercado,RB,ARI,9.6,2025-12-11 04:29:37
7567,automatic,espn.com,Week 11,Kenneth,Gainwell,RB,PIT,9.6,2025-12-11 04:29:37
11637,automatic,espn.com,Week 11,Keon,Coleman,WR,BUF,9.6,2025-12-11 04:29:37
8151,automatic,fantasypros.com,Week 11,Kenneth,Walker III,RB,SEA,9.6,2025-12-11 04:29:37
8126,automatic,fantasypros.com,Week 11,Wan'Dale,Robinson,WR,NYG,9.6,2025-12-11 04:29:37
8259,automatic,fantasypros.com,Week 11,Cameron,Dicker,K,LAC,9.6,2025-12-11 04:29:37
4098,automatic,firstdown.studio,Week 11,Kareem,Hunt,RB,KC,9.6,2025-12-11 04:29:37
11597,automatic,firstdown.studio,Week 11,Theo,Johnson,TE,NYG,9.6,2025-12-11 04:29:37
5001,automatic,firstdown.studio,Week 11,Dalton,Schultz,TE,HOU,9.6,2025-12-11 04:29:37
9504,automatic,sleeper.com,Week 12,Kayshon,Boutte,WR,NE,9.6,2025-12-11 04:29:37
4227,automatic,sleeper.com,Week 12,Harrison,Butker,K,KC,9.6,2025-12-11 04:29:37
9508,automatic,espn.com,Week 12,Tyjae,Spears,RB,TEN,9.6,2025-12-11 04:29:37
10213,automatic,espn.com,Week 12,Tre,Tucker,WR,LV,9.6,2025-12-11 04:29:37
6783,automatic,espn.com,Week 12,Jerry,Jeudy,WR,CLE,9.6,2025-12-11 04:29:37
9487,automatic,fantasypros.com,Week 12,Parker,Washington,WR,JAX,9.6,2025-12-11 04:29:37
5001,automatic,fantasypros.com,Week 12,Dalton,Schultz,TE,HOU,9.6,2025-12-11 04:29:37
7002,automatic,fantasypros.com,Week 12,Juwan,Johnson,TE,NO,9.6,2025-12-11 04:29:37
12711,automatic,fantasypros.com,Week 12,Tyler,Loop,K,BAL,9.6,2025-12-11 04:29:37
9504,automatic,sleeper.com,Week 13,Kayshon,Boutte,WR,NE,9.6,2025-12-11 04:29:37
4227,automatic,sleeper.com,Week 13,Harrison,Butker,K,KC,9.6,2025-12-11 04:29:37
1339,automatic,sleeper.com,Week 13,Zach,Ertz,TE,WAS,9.6,2025-12-11 04:29:37
8167,automatic,sleeper.com,Week 13,Christian,Watson,WR,GB,9.6,2025-12-11 04:29:37
4983,automatic,espn.com,Week 13,DJ,Moore,WR,CHI,9.6,2025-12-11 04:29:37
10236,automatic,espn.com,Week 13,Dalton,Kincaid,TE,BUF,9.6,2025-12-11 04:29:37
11620,automatic,fantasypros.com,Week 13,Rome,Odunze,WR,CHI,9.6,2025-12-11 04:29:37
2747,automatic,fantasypros.com,Week 13,Jason,Myers,K,SEA,9.6,2025-12-11 04:29:37
8111,automatic,sleeper.com,Week 14,Cade,Otton,TE,TB,9.6,2025-12-11 04:29:37
4983,automatic,sleeper.com,Week 14,DJ,Moore,WR,CHI,9.6,2025-12-11 04:29:37
11624,automatic,sleeper.com,Week 14,Xavier,Worthy,WR,KC,9.6,2025-12-11 04:29:37
SEA,dst_team_match,fantasypros.com,Week 14,Seattle Seahawks,Defense,DST,SEA,9.6,2025-12-11 04:29:37
9486,automatic,fanduel.com,Week 14,Dontayvion,Wicks,WR,GB,9.6,2025-12-11 04:29:37
4983,automatic,fantasypros.com,Week 14,DJ,Moore,WR,CHI,9.6,2025-12-11 04:29:37
7090,automatic,fantasypros.com,Week 14,Darnell,Mooney,WR,ATL,9.6,2025-12-11 04:29:37
7553,automatic,espn.com,Week 14,Kyle,Pitts Sr.,TE,ATL,9.6,2025-12-11 04:29:37
12506,automatic,espn.com,Week 14,Harold,Fannin Jr.,TE,CLE,9.6,2025-12-11 04:29:37
8147,automatic,sleeper.com,Week 15,John,Metchie,WR,NYJ,9.6,2025-12-11 04:29:37
3214,automatic,sleeper.com,Week 15,Hunter,Henry,TE,NE,9.6,2025-12-11 04:29:37
3451,automatic,sleeper.com,Week 15,Ka'imi,Fairbairn,K,HOU,9.6,2025-12-11 04:29:37
2216,automatic,espn.com,Week 15,Mike,Evans,WR,TB,9.6,2025-12-11 04:29:37
12484,automatic,fantasypros.com,Week 15,Jayden,Higgins,WR,HOU,9.6,2025-12-11 04:29:37
11624,automatic,fantasypros.com,Week 15,Xavier,Worthy,WR,KC,9.6,2025-12-11 04:29:37
3214,automatic,fantasypros.com,Week 15,Hunter,Henry,TE,NE,9.6,2025-12-11 04:29:37
5967,automatic,fanduel.com,Week 14,Tony,Pollard,RB,TEN,9.59,2025-12-11 04:29:37
4983,automatic,fanduel.com,Week 12,D.J.,Moore,WR,CHI,9.56,2025-12-11 04:29:37
5967,automatic,fanduel.com,Week 12,Tony,Pollard,RB,TEN,9.56,2025-12-11 04:29:37
11620,automatic,fanduel.com,Week 15,Rome,Odunze,WR,CHI,9.54,2025-12-11 04:29:37
5947,automatic,fanduel.com,Week 10,Jakobi,Meyers,WR,JAX,9.53,2025-12-11 04:29:37
4993,automatic,fanduel.com,Week 13,Mike,Gesicki,TE,CIN,9.52,2025-12-11 04:29:37
8110,automatic,fanduel.com,Week 14,Jake,Ferguson,TE,DAL,9.52,2025-12-11 04:29:37
5947,automatic,sleeper.com,Week 10,Jakobi,Meyers,WR,JAX,9.5,2025-12-11 04:29:37
12485,automatic,espn.com,Week 10,Tez,Johnson,WR,TB,9.5,2025-12-11 04:29:37
1339,automatic,espn.com,Week 10,Zach,Ertz,TE,WAS,9.5,2025-12-11 04:29:37
6271,automatic,fantasypros.com,Week 10,Olamide,Zaccheaus,WR,CHI,9.5,2025-12-11 04:29:37
CLE,dst_team_match,fantasypros.com,Week 10,Cleveland Browns,Defense,DST,CLE,9.5,2025-12-11 04:29:37
9754,automatic,firstdown.studio,Week 10,Quentin,Johnston,WR,LAC,9.5,2025-12-11 04:29:37
8259,automatic,sleeper.com,Week 11,Cameron,Dicker,K,LAC,9.5,2025-12-11 04:29:37
3214,automatic,sleeper.com,Week 11,Hunter,Henry,TE,NE,9.5,2025-12-11 04:29:37
8676,automatic,espn.com,Week 11,Rashid,Shaheed,WR,SEA,9.5,2025-12-11 04:29:37
12508,automatic,fantasypros.com,Week 11,Jaxson,Dart,QB,NYG,9.5,2025-12-11 04:29:37
12517,automatic,fantasypros.com,Week 11,Colston,Loveland,TE,CHI,9.5,2025-12-11 04:29:37
BAL,dst_team_match,fantasypros.com,Week 11,Baltimore Ravens,Defense,DST,BAL,9.5,2025-12-11 04:29:37
10859,automatic,firstdown.studio,Week 11,Sam,LaPorta,TE,DET,9.5,2025-12-11 04:29:37
8122,automatic,sleeper.com,Week 12,Zonovan,Knight,RB,ARI,9.5,2025-12-11 04:29:37
12711,automatic,sleeper.com,Week 12,Tyler,Loop,K,BAL,9.5,2025-12-11 04:29:37
6149,automatic,espn.com,Week 12,Darius,Slayton,WR,NYG,9.5,2025-12-11 04:29:37
10226,automatic,espn.com,Week 12,Andrei,Iosivas,WR,CIN,9.5,2025-12-11 04:29:37
10213,automatic,fantasypros.com,Week 12,Tre,Tucker,WR,LV,9.5,2025-12-11 04:29:37
12517,automatic,fantasypros.com,Week 12,Colston,Loveland,TE,CHI,9.5,2025-12-11 04:29:37
BAL,dst_team_match,fantasypros.com,Week 12,Baltimore Ravens,Defense,DST,BAL,9.5,2025-12-11 04:29:37
10236,automatic,sleeper.com,Week 13,Dalton,Kincaid,TE,BUF,9.5,2025-12-11 04:29:37
12711,automatic,sleeper.com,Week 13,Tyler,Loop,K,BAL,9.5,2025-12-11 04:29:37
11539,automatic,sleeper.com,Week 13,Jake,Bates,K,DET,9.5,2025-12-11 04:29:37
12775,automatic,fantasypros.com,Week 13,Max,Brosmer,QB,MIN,9.5,2025-12-11 04:29:37
12517,automatic,fantasypros.com,Week 13,Colston,Loveland,TE,CHI,9.5,2025-12-11 04:29:37
DEN,dst_team_match,fantasypros.com,Week 13,Denver Broncos,Defense,DST,DEN,9.5,2025-12-11 04:29:37
11647,automatic,sleeper.com,Week 14,Kimani,Vidal,RB,LAC,9.5,2025-12-11 04:29:37
6650,automatic,sleeper.com,Week 14,Chase,McLaughlin,K,TB,9.5,2025-12-11 04:29:37
12493,automatic,fantasypros.com,Week 14,Oronde,Gadsden II,TE,LAC,9.5,2025-12-11 04:29:37
7002,automatic,fantasypros.com,Week 14,Juwan,Johnson,TE,NO,9.5,2025-12-11 04:29:37
12506,automatic,fantasypros.com,Week 14,Harold,Fannin Jr.,TE,CLE,9.5,2025-12-11 04:29:37
11627,automatic,espn.com,Week 14,Troy,Franklin,WR,DEN,9.5,2025-12-11 04:29:37
12540,automatic,espn.com,Week 14,Chimere,Dike,WR,TEN,9.5,2025-12-11 04:29:37
9500,automatic,espn.com,Week 14,Josh,Downs,WR,IND,9.5,2025-12-11 04:29:37
9504,automatic,sleeper.com,Week 15,Kayshon,Boutte,WR,NE,9.5,2025-12-11 04:29:37
11620,automatic,sleeper.com,Week 15,Rome,Odunze,WR,CHI,9.5,2025-12-11 04:29:37
9756,automatic,sleeper.com,Week 15,Jordan,Addison,WR,MIN,9.5,2025-12-11 04:29:37
8121,automatic,espn.com,Week 15,Romeo,Doubs,WR,GB,9.5,2025-12-11 04:29:37
8131,automatic,espn.com,Week 15,Isaiah,Likely,TE,BAL,9.5,2025-12-11 04:29:37
7090,automatic,espn.com,Week 15,Darnell,Mooney,WR,ATL,9.5,2025-12-11 04:29:37
5892,automatic,fantasypros.com,Week 15,David,Montgomery,RB,DET,9.5,2025-12-11 04:29:37
7567,automatic,fantasypros.com,Week 15,Kenneth,Gainwell,RB,PIT,9.5,2025-12-11 04:29:37
12470,automatic,firstdown.studio,Week 15,Riley,Leonard,QB,IND,9.5,2025-12-11 04:29:37
7567,automatic,firstdown.studio,Week 15,Kenneth,Gainwell,RB,PIT,9.5,2025-12-11 04:29:37
11786,automatic,firstdown.studio,Week 15,Cam,Little,K,JAX,9.5,2025-12-11 04:29:37
7553,automatic,fanduel.com,Week 10,Kyle,Pitts,TE,ATL,9.47,2025-12-11 04:29:37
12533,automatic,fanduel.com,Week 13,Jacory,Croskey-Merritt,RB,WAS,9.47,2025-12-11 04:29:37
5022,automatic,fanduel.com,Week 13,Dallas,Goedert,TE,PHI,9.46,2025-12-11 04:29:37
7567,automatic,fanduel.com,Week 11,Kenneth,Gainwell,RB,PIT,9.45,2025-12-11 04:29:37
7553,automatic,fanduel.com,Week 11,Kyle,Pitts,TE,ATL,9.42,2025-12-11 04:29:37
8111,automatic,fanduel.com,Week 12,Cade,Otton,TE,TB,9.42,2025-12-11 04:29:37
9500,automatic,fanduel.com,Week 12,Josh,Downs,WR,IND,9.41,2025-12-11 04:29:37
9487,automatic,sleeper.com,Week 10,Parker,Washington,WR,JAX,9.4,2025-12-11 04:29:37
5844,automatic,sleeper.com,Week 10,T.J.,Hockenson,TE,MIN,9.4,2025-12-11 04:29:37
6130,automatic,sleeper.com,Week 10,Devin,Singletary,RB,NYG,9.4,2025-12-11 04:29:37
12489,automatic,sleeper.com,Week 10,RJ,Harvey,RB,DEN,9.4,2025-12-11 04:29:37
12506,automatic,sleeper.com,Week 10,Harold,Fannin,TE,CLE,9.4,2025-12-11 04:29:37
12533,automatic,espn.com,Week 10,Jacory,Croskey-Merritt,RB,WAS,9.4,2025-12-11 04:29:37
5001,automatic,espn.com,Week 10,Dalton,Schultz,TE,HOU,9.4,2025-12-11 04:29:37
8676,automatic,fantasypros.com,Week 10,Rashid,Shaheed,WR,SEA,9.4,2025-12-11 04:29:37
11597,automatic,fantasypros.com,Week 10,Theo,Johnson,TE,NYG,9.4,2025-12-11 04:29:37
11539,automatic,fantasypros.com,Week 10,Jake,Bates,K,DET,9.4,2025-12-11 04:29:37
6945,hardcoded,firstdown.studio,Week 10,Bam,Knight,RB,ARI,9.4,2025-12-11 04:29:37
9500,automatic,firstdown.studio,Week 10,Josh,Downs,WR,IND,9.4,2025-12-11 04:29:37
8125,automatic,sleeper.com,Week 11,Calvin,Austin,WR,PIT,9.4,2025-12-11 04:29:37
17,automatic,sleeper.com,Week 11,Matt,Prater,K,BUF,9.4,2025-12-11 04:29:37
5095,automatic,sleeper.com,Week 11,Daniel,Carlson,K,LV,9.4,2025-12-11 04:29:37
9487,automatic,espn.com,Week 11,Parker,Washington,WR,JAX,9.4,2025-12-11 04:29:37
5189,automatic,fantasypros.com,Week 11,Eddy,Pineiro,K,SF,9.4,2025-12-11 04:29:37
8167,automatic,sleeper.com,Week 12,Christian,Watson,WR,GB,9.4,2025-12-11 04:29:37
11786,automatic,sleeper.com,Week 12,Cam,Little,K,JAX,9.4,2025-12-11 04:29:37
8111,automatic,espn.com,Week 12,Cade,Otton,TE,TB,9.4,2025-12-11 04:29:37
11597,automatic,espn.com,Week 12,Theo,Johnson,TE,NYG,9.4,2025-12-11 04:29:37
4033,automatic,fanduel.com,Week 12,David,Njoku,TE,CLE,9.4,2025-12-11 04:29:37
4983,automatic,fantasypros.com,Week 12,DJ,Moore,WR,CHI,9.4,2025-12-11 04:29:37
11539,automatic,fantasypros.com,Week 12,Jake,Bates,K,DET,9.4,2025-12-11 04:29:37
8111,automatic,sleeper.com,Week 13,Cade,Otton,TE,TB,9.4,2025-12-11 04:29:37
8147,automatic,sleeper.com,Week 13,John,Metchie,WR,NYJ,9.4,2025-12-11 04:29:37
9508,automatic,sleeper.com,Week 13,Tyjae,Spears,RB,TEN,9.4,2025-12-11 04:29:37
4033,automatic,sleeper.com,Week 13,David,Njoku,TE,CLE,9.4,2025-12-11 04:29:37
11786,automatic,fantasypros.com,Week 13,Cam,Little,K,JAX,9.4,2025-12-11 04:29:37
12534,automatic,sleeper.com,Week 14,Kyle,Monangai,RB,CHI,9.4,2025-12-11 04:29:37
5012,automatic,fantasypros.com,Week 14,Mark,Andrews,TE,BAL,9.4,2025-12-11 04:29:37
1339,automatic,espn.com,Week 14,Zach,Ertz,TE,WAS,9.4,2025-12-11 04:29:37
5022,automatic,espn.com,Week 14,Dallas,Goedert,TE,PHI,9.4,2025-12-11 04:29:37
11597,automatic,sleeper.com,Week 15,Theo,Johnson,TE,NYG,9.4,2025-12-11 04:29:37
4983,automatic,sleeper.com,Week 15,DJ,Moore,WR,CHI,9.4,2025-12-11 04:29:37
11539,automatic,sleeper.com,Week 15,Jake,Bates,K,DET,9.4,2025-12-11 04:29:37
6865,automatic,espn.com,Week 15,Colby,Parkinson,TE,LAR,9.4,2025-12-11 04:29:37
7591,automatic,fantasypros.com,Week 15,Justin,Fields,QB,NYJ,9.4,2025-12-11 04:29:37
9753,automatic,fantasypros.com,Week 15,Zach,Charbonnet,RB,SEA,9.4,2025-12-11 04:29:37
7611,automatic,fantasypros.com,Week 15,Rhamondre,Stevenson,RB,NE,9.4,2025-12-11 04:29:37
7090,automatic,fantasypros.com,Week 15,Darnell,Mooney,WR,ATL,9.4,2025-12-11 04:29:37
2449,automatic,firstdown.studio,Week 15,Stefon,Diggs,WR,NE,9.4,2025-12-11 04:29:37
11604,automatic,firstdown.studio,Week 15,Brock,Bowers,TE,LV,9.4,2025-12-11 04:29:37
,,sleeper.com,Week 12,Matt,Gay,K,SF,9.4,2025-12-11 04:29:37
11610,automatic,fanduel.com,Week 11,Malik,Washington,WR,MIA,9.37,2025-12-11 04:29:37
8121,automatic,fanduel.com,Week 15,Romeo,Doubs,WR,GB,9.35,2025-12-11 04:29:37
12535,automatic,fanduel.com,Week 14,Isaac,TeSlaa,WR,DET,9.33,2025-12-11 04:29:37
5947,automatic,fanduel.com,Week 14,Jakobi,Meyers,WR,JAX,9.31,2025-12-11 04:29:37
5001,automatic,fanduel.com,Week 14,Dalton,Schultz,TE,HOU,9.31,2025-12-11 04:29:37
11597,automatic,sleeper.com,Week 10,Theo,Johnson,TE,NYG,9.3,2025-12-11 04:29:37
7090,automatic,sleeper.com,Week 10,Darnell,Mooney,WR,ATL,9.3,2025-12-11 04:29:37
1339,automatic,fantasypros.com,Week 10,Zach,Ertz,TE,WAS,9.3,2025-12-11 04:29:37
8111,automatic,fantasypros.com,Week 10,Cade,Otton,TE,TB,9.3,2025-12-11 04:29:37
10236,automatic,firstdown.studio,Week 10,Dalton,Kincaid,TE,BUF,9.3,2025-12-11 04:29:37
12506,automatic,firstdown.studio,Week 10,Harold,Fannin,TE,CLE,9.3,2025-12-11 04:29:37
5844,automatic,sleeper.com,Week 11,T.J.,Hockenson,TE,MIN,9.3,2025-12-11 04:29:37
11597,automatic,sleeper.com,Week 11,Theo,Johnson,TE,NYG,9.3,2025-12-11 04:29:37
12412,automatic,espn.com,Week 11,Terrell,Jennings,RB,NE,9.3,2025-12-11 04:29:37
5967,automatic,espn.com,Week 11,Tony,Pollard,RB,TEN,9.3,2025-12-11 04:29:37
7090,automatic,espn.com,Week 11,Darnell,Mooney,WR,ATL,9.3,2025-12-11 04:29:37
5012,automatic,espn.com,Week 11,Mark,Andrews,TE,BAL,9.3,2025-12-11 04:29:37
11199,automatic,firstdown.studio,Week 11,Emari,Demercado,RB,ARI,9.3,2025-12-11 04:29:37
12493,automatic,firstdown.studio,Week 11,Oronde,Gadsden,TE,LAC,9.3,2025-12-11 04:29:37
4177,automatic,sleeper.com,Week 12,Mack,Hollins,WR,NE,9.3,2025-12-11 04:29:37
4039,automatic,sleeper.com,Week 12,Cooper,Kupp,WR,SEA,9.3,2025-12-11 04:29:37
9500,automatic,sleeper.com,Week 12,Josh,Downs,WR,IND,9.3,2025-12-11 04:29:37
6783,automatic,fantasypros.com,Week 12,Jerry,Jeudy,WR,CLE,9.3,2025-12-11 04:29:37
10219,automatic,sleeper.com,Week 13,Chris,Rodriguez,RB,WAS,9.3,2025-12-11 04:29:37
1945,automatic,sleeper.com,Week 13,Chris,Boswell,K,PIT,9.3,2025-12-11 04:29:37
9500,automatic,sleeper.com,Week 13,Josh,Downs,WR,IND,9.3,2025-12-11 04:29:37
4098,automatic,espn.com,Week 13,Kareem,Hunt,RB,KC,9.3,2025-12-11 04:29:37
12476,automatic,sleeper.com,Week 14,Devin,Neal,RB,NO,9.3,2025-12-11 04:29:37
8121,automatic,sleeper.com,Week 14,Romeo,Doubs,WR,GB,9.3,2025-12-11 04:29:37
12517,automatic,fantasypros.com,Week 14,Colston,Loveland,TE,CHI,9.3,2025-12-11 04:29:37
1373,automatic,fantasypros.com,Week 14,Geno,Smith,QB,LV,9.3,2025-12-11 04:29:37
11647,automatic,fantasypros.com,Week 14,Kimani,Vidal,RB,LAC,9.3,2025-12-11 04:29:37
9756,automatic,fantasypros.com,Week 14,Jordan,Addison,WR,MIN,9.3,2025-12-11 04:29:37
10213,automatic,espn.com,Week 14,Tre,Tucker,WR,LV,9.3,2025-12-11 04:29:37
12493,automatic,espn.com,Week 14,Oronde,Gadsden,TE,LAC,9.3,2025-12-11 04:29:37
5967,automatic,sleeper.com,Week 15,Tony,Pollard,RB,TEN,9.3,2025-12-11 04:29:37
1945,automatic,sleeper.com,Week 15,Chris,Boswell,K,PIT,9.3,2025-12-11 04:29:37
6149,automatic,sleeper.com,Week 15,Darius,Slayton,WR,NYG,9.3,2025-12-11 04:29:37
11834,automatic,fantasypros.com,Week 15,Devaughn,Vele,WR,NO,9.3,2025-12-11 04:29:37
7002,automatic,fantasypros.com,Week 15,Juwan,Johnson,TE,NO,9.3,2025-12-11 04:29:37
12534,automatic,firstdown.studio,Week 15,Kyle,Monangai,RB,CHI,9.3,2025-12-11 04:29:37
8167,automatic,fanduel.com,Week 10,Christian,Watson,WR,GB,9.28,2025-12-11 04:29:37
4950,automatic,fanduel.com,Week 11,Christian,Kirk,WR,HOU,9.27,2025-12-11 04:29:37
5012,automatic,fanduel.com,Week 14,Mark,Andrews,TE,BAL,9.25,2025-12-11 04:29:37
12484,automatic,fanduel.com,Week 15,Jayden,Higgins,WR,HOU,9.25,2025-12-11 04:29:37
11631,automatic,fanduel.com,Week 13,Brian,Thomas Jr.,WR,JAX,9.23,2025-12-11 04:29:37
6783,automatic,fanduel.com,Week 14,Jerry,Jeudy,WR,CLE,9.23,2025-12-11 04:29:37
12534,automatic,sleeper.com,Week 10,Kyle,Monangai,RB,CHI,9.2,2025-12-11 04:29:37
4454,automatic,sleeper.com,Week 10,Kendrick,Bourne,WR,SF,9.2,2025-12-11 04:29:37
11610,automatic,espn.com,Week 10,Malik,Washington,WR,MIA,9.2,2025-12-11 04:29:37
4033,automatic,espn.com,Week 10,David,Njoku,TE,CLE,9.2,2025-12-11 04:29:37
5230,automatic,fantasypros.com,Week 10,Michael,Badgley,K,IND,9.2,2025-12-11 04:29:37
HOU,dst_team_match,fantasypros.com,Week 10,Houston Texans,Defense,DST,HOU,9.2,2025-12-11 04:29:37
4227,automatic,sleeper.com,Week 11,Harrison,Butker,K,KC,9.2,2025-12-11 04:29:37
4981,automatic,sleeper.com,Week 11,Calvin,Ridley,WR,TEN,9.2,2025-12-11 04:29:37
11792,automatic,sleeper.com,Week 11,Will,Reichard,K,MIN,9.2,2025-12-11 04:29:37
9508,automatic,sleeper.com,Week 11,Tyjae,Spears,RB,TEN,9.2,2025-12-11 04:29:37
11637,automatic,sleeper.com,Week 11,Keon,Coleman,WR,BUF,9.2,2025-12-11 04:29:37
12506,automatic,sleeper.com,Week 11,Harold,Fannin,TE,CLE,9.2,2025-12-11 04:29:37
12485,automatic,espn.com,Week 11,Tez,Johnson,WR,TB,9.2,2025-12-11 04:29:37
12506,automatic,espn.com,Week 11,Harold,Fannin Jr.,TE,CLE,9.2,2025-12-11 04:29:37
11655,automatic,fantasypros.com,Week 11,Tyrone,Tracy Jr.,RB,NYG,9.2,2025-12-11 04:29:37
1339,automatic,fantasypros.com,Week 11,Zach,Ertz,TE,WAS,9.2,2025-12-11 04:29:37
6650,automatic,fantasypros.com,Week 11,Chase,McLaughlin,K,TB,9.2,2025-12-11 04:29:37
GB,dst_team_match,fantasypros.com,Week 11,Green Bay Packers,Defense,DST,GB,9.2,2025-12-11 04:29:37
5892,automatic,firstdown.studio,Week 11,David,Montgomery,RB,DET,9.2,2025-12-11 04:29:37
5967,automatic,firstdown.studio,Week 11,Tony,Pollard,RB,TEN,9.2,2025-12-11 04:29:37
12498,automatic,firstdown.studio,Week 11,Mason,Taylor,TE,NYJ,9.2,2025-12-11 04:29:37
10226,automatic,sleeper.com,Week 12,Andrei,Iosivas,WR,CIN,9.2,2025-12-11 04:29:37
1945,automatic,sleeper.com,Week 12,Chris,Boswell,K,PIT,9.2,2025-12-11 04:29:37
9508,automatic,sleeper.com,Week 12,Tyjae,Spears,RB,TEN,9.2,2025-12-11 04:29:37
12506,automatic,sleeper.com,Week 12,Harold,Fannin,TE,CLE,9.2,2025-12-11 04:29:37
7002,automatic,espn.com,Week 12,Juwan,Johnson,TE,NO,9.2,2025-12-11 04:29:37
4177,automatic,fantasypros.com,Week 12,Mack,Hollins,WR,NE,9.2,2025-12-11 04:29:37
9500,automatic,fantasypros.com,Week 12,Josh,Downs,WR,IND,9.2,2025-12-11 04:29:37
1945,automatic,fantasypros.com,Week 12,Chris,Boswell,K,PIT,9.2,2025-12-11 04:29:37
GB,dst_team_match,fantasypros.com,Week 12,Green Bay Packers,Defense,DST,GB,9.2,2025-12-11 04:29:37
9487,automatic,sleeper.com,Week 13,Parker,Washington,WR,JAX,9.2,2025-12-11 04:29:37
4195,automatic,sleeper.com,Week 13,Jake,Elliott,K,PHI,9.2,2025-12-11 04:29:37
11786,automatic,sleeper.com,Week 13,Cam,Little,K,JAX,9.2,2025-12-11 04:29:37
4199,automatic,sleeper.com,Week 13,Aaron,Jones,RB,MIN,9.2,2025-12-11 04:29:37
LAC,dst_team_match,espn.com,Week 13,Chargers D/ST,Defense,DST,LAC,9.2,2025-12-11 04:29:37
11627,automatic,fantasypros.com,Week 13,Troy,Franklin,WR,DEN,9.2,2025-12-11 04:29:37
12506,automatic,fantasypros.com,Week 13,Harold,Fannin Jr.,TE,CLE,9.2,2025-12-11 04:29:37
8259,automatic,fantasypros.com,Week 13,Cameron,Dicker,K,LAC,9.2,2025-12-11 04:29:37
LAR,dst_team_match,fantasypros.com,Week 13,Los Angeles Rams,Defense,DST,LAR,9.2,2025-12-11 04:29:37
7567,automatic,fantasypros.com,Week 14,Kenneth,Gainwell,RB,PIT,9.2,2025-12-11 04:29:37
3634,automatic,espn.com,Week 14,Kalif,Raymond,WR,DET,9.2,2025-12-11 04:29:37
6650,automatic,sleeper.com,Week 15,Chase,McLaughlin,K,TB,9.2,2025-12-11 04:29:37
12540,automatic,sleeper.com,Week 15,Chimere,Dike,WR,TEN,9.2,2025-12-11 04:29:37
7090,automatic,sleeper.com,Week 15,Darnell,Mooney,WR,ATL,9.2,2025-12-11 04:29:37
12711,automatic,sleeper.com,Week 15,Tyler,Loop,K,BAL,9.2,2025-12-11 04:29:37
6783,automatic,espn.com,Week 15,Jerry,Jeudy,WR,CLE,9.2,2025-12-11 04:29:37
9504,automatic,fantasypros.com,Week 15,Kayshon,Boutte,WR,NE,9.2,2025-12-11 04:29:37
8131,automatic,fantasypros.com,Week 15,Isaiah,Likely,TE,BAL,9.2,2025-12-11 04:29:37
5872,automatic,firstdown.studio,Week 15,Deebo,Samuel,WR,WAS,9.2,2025-12-11 04:29:37
12499,automatic,fanduel.com,Week 12,Elic,Ayomanor,WR,TEN,9.18,2025-12-11 04:29:37
5022,automatic,fanduel.com,Week 12,Dallas,Goedert,TE,PHI,9.18,2025-12-11 04:29:37
10236,automatic,fanduel.com,Week 13,Dalton,Kincaid,TE,BUF,9.18,2025-12-11 04:29:37
11637,automatic,fanduel.com,Week 10,Keon,Coleman,WR,BUF,9.15,2025-12-11 04:29:37
8125,automatic,fanduel.com,Week 11,Calvin,Austin III,WR,PIT,9.14,2025-12-11 04:29:37
12499,automatic,fanduel.com,Week 11,Elic,Ayomanor,WR,TEN,9.13,2025-12-11 04:29:37
4892,automatic,fanduel.com,Week 13,Baker,Mayfield,QB,TB,9.11,2025-12-11 04:29:37
12493,automatic,fanduel.com,Week 14,Oronde,Gadsden,TE,LAC,9.11,2025-12-11 04:29:37
8167,automatic,sleeper.com,Week 10,Christian,Watson,WR,GB,9.1,2025-12-11 04:29:37
1945,automatic,sleeper.com,Week 10,Chris,Boswell,K,PIT,9.1,2025-12-11 04:29:37
6271,automatic,espn.com,Week 10,Olamide,Zaccheaus,WR,CHI,9.1,2025-12-11 04:29:37
4950,automatic,espn.com,Week 10,Christian,Kirk,WR,HOU,9.1,2025-12-11 04:29:37
5947,automatic,fantasypros.com,Week 10,Jakobi,Meyers,WR,JAX,9.1,2025-12-11 04:29:37
11610,automatic,fantasypros.com,Week 10,Malik,Washington,WR,MIA,9.1,2025-12-11 04:29:37
8676,automatic,firstdown.studio,Week 10,Rashid,Shaheed,WR,SEA,9.1,2025-12-11 04:29:37
6149,automatic,firstdown.studio,Week 10,Darius,Slayton,WR,NYG,9.1,2025-12-11 04:29:37
3214,automatic,firstdown.studio,Week 10,Hunter,Henry,TE,NE,9.1,2025-12-11 04:29:37
5001,automatic,firstdown.studio,Week 10,Dalton,Schultz,TE,HOU,9.1,2025-12-11 04:29:37
1339,automatic,firstdown.studio,Week 10,Zach,Ertz,TE,WAS,9.1,2025-12-11 04:29:37
11610,automatic,sleeper.com,Week 11,Malik,Washington,WR,MIA,9.1,2025-12-11 04:29:37
5012,automatic,sleeper.com,Week 11,Mark,Andrews,TE,BAL,9.1,2025-12-11 04:29:37
8167,automatic,espn.com,Week 11,Christian,Watson,WR,GB,9.1,2025-12-11 04:29:37
3214,automatic,firstdown.studio,Week 11,Hunter,Henry,TE,NE,9.1,2025-12-11 04:29:37
4037,automatic,sleeper.com,Week 12,Chris,Godwin,WR,TB,9.1,2025-12-11 04:29:37
4195,automatic,sleeper.com,Week 12,Jake,Elliott,K,PHI,9.1,2025-12-11 04:29:37
5012,automatic,sleeper.com,Week 12,Mark,Andrews,TE,BAL,9.1,2025-12-11 04:29:37
8122,automatic,fantasypros.com,Week 12,Zonovan,Knight,RB,ARI,9.1,2025-12-11 04:29:37
6650,automatic,sleeper.com,Week 13,Chase,McLaughlin,K,TB,9.1,2025-12-11 04:29:37
12540,automatic,sleeper.com,Week 13,Chimere,Dike,WR,TEN,9.1,2025-12-11 04:29:37
7090,automatic,sleeper.com,Week 13,Darnell,Mooney,WR,ATL,9.1,2025-12-11 04:29:37
5892,automatic,sleeper.com,Week 13,David,Montgomery,RB,DET,9.1,2025-12-11 04:29:37
5001,automatic,sleeper.com,Week 13,Dalton,Schultz,TE,HOU,9.1,2025-12-11 04:29:37
12775,automatic,espn.com,Week 13,Max,Brosmer,QB,MIN,9.1,2025-12-11 04:29:37
9508,automatic,sleeper.com,Week 14,Tyjae,Spears,RB,TEN,9.1,2025-12-11 04:29:37
12498,automatic,sleeper.com,Week 14,Mason,Taylor,TE,NYJ,9.1,2025-12-11 04:29:37
9500,automatic,sleeper.com,Week 14,Josh,Downs,WR,IND,9.1,2025-12-11 04:29:37
9756,automatic,sleeper.com,Week 14,Jordan,Addison,WR,MIN,9.1,2025-12-11 04:29:37
4983,automatic,espn.com,Week 14,DJ,Moore,WR,CHI,9.1,2025-12-11 04:29:37
11603,automatic,espn.com,Week 14,AJ,Barner,TE,SEA,9.1,2025-12-11 04:29:37
5012,automatic,espn.com,Week 14,Mark,Andrews,TE,BAL,9.1,2025-12-11 04:29:37
9480,automatic,sleeper.com,Week 15,Brenton,Strange,TE,JAX,9.1,2025-12-11 04:29:37
12492,automatic,sleeper.com,Week 15,Pat,Bryant,WR,DEN,9.1,2025-12-11 04:29:37
12534,automatic,sleeper.com,Week 15,Kyle,Monangai,RB,CHI,9.1,2025-12-11 04:29:37
10226,automatic,espn.com,Week 15,Andrei,Iosivas,WR,CIN,9.1,2025-12-11 04:29:37
11533,automatic,fantasypros.com,Week 15,Brandon,Aubrey,K,DAL,9.1,2025-12-11 04:29:37
,,espn.com,Week 15,Harrison,Mevis,K,LAR,9.1,2025-12-11 04:29:37
6853,automatic,fanduel.com,Week 13,Van,Jefferson,WR,TEN,9.09,2025-12-11 04:29:37
4950,automatic,fanduel.com,Week 10,Christian,Kirk,WR,HOU,9.08,2025-12-11 04:29:37
8408,automatic,fanduel.com,Week 11,Jordan,Mason,RB,MIN,9.08,2025-12-11 04:29:37
9753,automatic,fanduel.com,Week 15,Zach,Charbonnet,RB,SEA,9.08,2025-12-11 04:29:37
4983,automatic,fanduel.com,Week 10,D.J.,Moore,WR,CHI,9.07,2025-12-11 04:29:37
12534,automatic,fanduel.com,Week 10,Kyle,Monangai,RB,CHI,9.07,2025-12-11 04:29:37
10226,automatic,fanduel.com,Week 12,Andrei,Iosivas,WR,CIN,9.06,2025-12-11 04:29:37
8110,automatic,fanduel.com,Week 13,Jake,Ferguson,TE,DAL,9.05,2025-12-11 04:29:37
6797,automatic,fanduel.com,Week 14,Justin,Herbert,QB,LAC,9.04,2025-12-11 04:29:37
12498,automatic,fanduel.com,Week 10,Mason,Taylor,TE,NYJ,9.0,2025-12-11 04:29:37
6650,automatic,sleeper.com,Week 10,Chase,McLaughlin,K,TB,9.0,2025-12-11 04:29:37
17,automatic,sleeper.com,Week 10,Matt,Prater,K,BUF,9.0,2025-12-11 04:29:37
3678,automatic,sleeper.com,Week 10,Wil,Lutz,K,DEN,9.0,2025-12-11 04:29:37
9501,automatic,espn.com,Week 10,DeMario,Douglas,WR,NE,9.0,2025-12-11 04:29:37
8167,automatic,fantasypros.com,Week 10,Christian,Watson,WR,GB,9.0,2025-12-11 04:29:37
5012,automatic,fantasypros.com,Week 10,Mark,Andrews,TE,BAL,9.0,2025-12-11 04:29:37
7002,automatic,fantasypros.com,Week 10,Juwan,Johnson,TE,NO,9.0,2025-12-11 04:29:37
17,automatic,fantasypros.com,Week 10,Matt,Prater,K,BUF,9.0,2025-12-11 04:29:37
DET,dst_team_match,fantasypros.com,Week 10,Detroit Lions,Defense,DST,DET,9.0,2025-12-11 04:29:37
12517,automatic,firstdown.studio,Week 10,Colston,Loveland,TE,CHI,9.0,2025-12-11 04:29:37
8167,automatic,sleeper.com,Week 11,Christian,Watson,WR,GB,9.0,2025-12-11 04:29:37
11539,automatic,sleeper.com,Week 11,Jake,Bates,K,DET,9.0,2025-12-11 04:29:37
9508,automatic,espn.com,Week 11,Tyjae,Spears,RB,TEN,9.0,2025-12-11 04:29:37
1945,automatic,espn.com,Week 11,Chris,Boswell,K,PIT,9.0,2025-12-11 04:29:37
1234,automatic,fantasypros.com,Week 11,Russell,Wilson,QB,NYG,9.0,2025-12-11 04:29:37
12711,automatic,fantasypros.com,Week 11,Tyler,Loop,K,BAL,9.0,2025-12-11 04:29:37
ATL,dst_team_match,fantasypros.com,Week 11,Atlanta Falcons,Defense,DST,ATL,9.0,2025-12-11 04:29:37
11637,automatic,firstdown.studio,Week 11,Keon,Coleman,WR,BUF,9.0,2025-12-11 04:29:37
6783,automatic,firstdown.studio,Week 11,Jerry,Jeudy,WR,CLE,9.0,2025-12-11 04:29:37
9487,automatic,sleeper.com,Week 12,Parker,Washington,WR,JAX,9.0,2025-12-11 04:29:37
11597,automatic,sleeper.com,Week 12,Theo,Johnson,TE,NYG,9.0,2025-12-11 04:29:37
17,automatic,sleeper.com,Week 12,Matt,Prater,K,BUF,9.0,2025-12-11 04:29:37
4983,automatic,sleeper.com,Week 12,DJ,Moore,WR,CHI,9.0,2025-12-11 04:29:37
12498,automatic,sleeper.com,Week 12,Mason,Taylor,TE,NYJ,9.0,2025-12-11 04:29:37
8205,automatic,espn.com,Week 12,Isiah,Pacheco,RB,KC,9.0,2025-12-11 04:29:37
12484,automatic,espn.com,Week 12,Jayden,Higgins,WR,HOU,9.0,2025-12-11 04:29:37
12498,automatic,espn.com,Week 12,Mason,Taylor,TE,NYJ,9.0,2025-12-11 04:29:37
12713,automatic,espn.com,Week 12,Andy,Borregales,K,NE,9.0,2025-12-11 04:29:37
9506,automatic,fantasypros.com,Week 12,Sean,Tucker,RB,TB,9.0,2025-12-11 04:29:37
8676,automatic,fantasypros.com,Week 12,Rashid,Shaheed,WR,SEA,9.0,2025-12-11 04:29:37
12713,automatic,fantasypros.com,Week 12,Andy,Borregales,K,NE,9.0,2025-12-11 04:29:37
DET,dst_team_match,fantasypros.com,Week 12,Detroit Lions,Defense,DST,DET,9.0,2025-12-11 04:29:37
11597,automatic,sleeper.com,Week 13,Theo,Johnson,TE,NYG,9.0,2025-12-11 04:29:37
9487,automatic,espn.com,Week 13,Parker,Washington,WR,JAX,9.0,2025-12-11 04:29:37
10226,automatic,espn.com,Week 13,Andrei,Iosivas,WR,CIN,9.0,2025-12-11 04:29:37
2152,automatic,fantasypros.com,Week 13,Teddy,Bridgewater,QB,TB,9.0,2025-12-11 04:29:37
12713,automatic,fantasypros.com,Week 13,Andy,Borregales,K,NE,9.0,2025-12-11 04:29:37
JAX,dst_team_match,fantasypros.com,Week 13,Jacksonville Jaguars,Defense,DST,JAX,9.0,2025-12-11 04:29:37
4227,automatic,sleeper.com,Week 14,Harrison,Butker,K,KC,9.0,2025-12-11 04:29:37
17,automatic,sleeper.com,Week 14,Matt,Prater,K,BUF,9.0,2025-12-11 04:29:37
11786,automatic,sleeper.com,Week 14,Cam,Little,K,JAX,9.0,2025-12-11 04:29:37
9753,automatic,fantasypros.com,Week 14,Zach,Charbonnet,RB,SEA,9.0,2025-12-11 04:29:37
5892,automatic,fantasypros.com,Week 14,David,Montgomery,RB,DET,9.0,2025-12-11 04:29:37
8147,automatic,fantasypros.com,Week 14,John,Metchie III,WR,NYJ,9.0,2025-12-11 04:29:37
10213,automatic,fantasypros.com,Week 14,Tre,Tucker,WR,LV,9.0,2025-12-11 04:29:37
12519,automatic,fantasypros.com,Week 14,Luther,Burden III,WR,CHI,9.0,2025-12-11 04:29:37
11539,automatic,espn.com,Week 14,Jake,Bates,K,DET,9.0,2025-12-11 04:29:37
9480,automatic,espn.com,Week 14,Brenton,Strange,TE,JAX,9.0,2025-12-11 04:29:37
DEN,dst_team_match,espn.com,Week 14,Broncos,Defense,DST,DEN,9.0,2025-12-11 04:29:37
4227,automatic,sleeper.com,Week 15,Harrison,Butker,K,KC,9.0,2025-12-11 04:29:37
7839,automatic,sleeper.com,Week 15,Evan,McPherson,K,CIN,9.0,2025-12-11 04:29:37
4195,automatic,sleeper.com,Week 15,Jake,Elliott,K,PHI,9.0,2025-12-11 04:29:37
4035,automatic,sleeper.com,Week 15,Alvin,Kamara,RB,NO,9.0,2025-12-11 04:29:37
9504,automatic,espn.com,Week 15,Kayshon,Boutte,WR,NE,9.0,2025-12-11 04:29:37
5844,automatic,espn.com,Week 15,T.J.,Hockenson,TE,MIN,9.0,2025-12-11 04:29:37
6149,automatic,fantasypros.com,Week 15,Darius,Slayton,WR,NYG,9.0,2025-12-11 04:29:37
11638,automatic,fantasypros.com,Week 15,Ricky,Pearsall,WR,SF,9.0,2025-12-11 04:29:37
4098,automatic,firstdown.studio,Week 15,Kareem,Hunt,RB,KC,9.0,2025-12-11 04:29:37
7049,automatic,firstdown.studio,Week 15,Jauan,Jennings,WR,SF,9.0,2025-12-11 04:29:37
11533,automatic,firstdown.studio,Week 15,Brandon,Aubrey,K,DAL,9.0,2025-12-11 04:29:37
10213,automatic,fanduel.com,Week 12,Tre,Tucker,WR,LV,8.98,2025-12-11 04:29:37
8112,automatic,fanduel.com,Week 13,Drake,London,WR,ATL,8.98,2025-12-11 04:29:37
5872,automatic,fanduel.com,Week 14,Deebo,Samuel,WR,WAS,8.98,2025-12-11 04:29:37
7571,automatic,fanduel.com,Week 10,Rashod,Bateman,WR,BAL,8.96,2025-12-11 04:29:37
11610,automatic,fanduel.com,Week 10,Malik,Washington,WR,MIA,8.95,2025-12-11 04:29:37
8205,automatic,fanduel.com,Week 12,Isiah,Pacheco,RB,KC,8.95,2025-12-11 04:29:37
4983,automatic,fanduel.com,Week 13,D.J.,Moore,WR,CHI,8.95,2025-12-11 04:29:37
8125,automatic,fanduel.com,Week 10,Calvin,Austin III,WR,PIT,8.94,2025-12-11 04:29:37
12506,automatic,fanduel.com,Week 11,Harold,Fannin Jr.,TE,CLE,8.93,2025-12-11 04:29:37
7567,automatic,espn.com,Week 10,Kenneth,Gainwell,RB,PIT,8.9,2025-12-11 04:29:37
4988,automatic,espn.com,Week 10,Nick,Chubb,RB,HOU,8.9,2025-12-11 04:29:37
11637,automatic,espn.com,Week 10,Keon,Coleman,WR,BUF,8.9,2025-12-11 04:29:37
7571,automatic,espn.com,Week 10,Rashod,Bateman,WR,BAL,8.9,2025-12-11 04:29:37
7002,automatic,espn.com,Week 10,Juwan,Johnson,TE,NO,8.9,2025-12-11 04:29:37
17,automatic,espn.com,Week 10,Matt,Prater,K,BUF,8.9,2025-12-11 04:29:37
8408,automatic,fantasypros.com,Week 10,Jordan,Mason,RB,MIN,8.9,2025-12-11 04:29:37
12533,automatic,fantasypros.com,Week 10,Jacory,Croskey-Merritt,RB,WAS,8.9,2025-12-11 04:29:37
5001,automatic,fantasypros.com,Week 10,Dalton,Schultz,TE,HOU,8.9,2025-12-11 04:29:37
12533,automatic,firstdown.studio,Week 10,J.,Croskey-Merritt,RB,WAS,8.9,2025-12-11 04:29:37
12485,automatic,firstdown.studio,Week 10,Tez,Johnson,WR,TB,8.9,2025-12-11 04:29:37
4195,automatic,sleeper.com,Week 11,Jake,Elliott,K,PHI,8.9,2025-12-11 04:29:37
4983,automatic,sleeper.com,Week 11,DJ,Moore,WR,CHI,8.9,2025-12-11 04:29:37
2374,automatic,sleeper.com,Week 11,Tyler,Lockett,WR,LV,8.9,2025-12-11 04:29:37
3451,automatic,sleeper.com,Week 11,Ka'imi,Fairbairn,K,HOU,8.9,2025-12-11 04:29:37
1433,automatic,sleeper.com,Week 11,Brandon,McManus,K,GB,8.9,2025-12-11 04:29:37
9753,automatic,sleeper.com,Week 11,Zach,Charbonnet,RB,SEA,8.9,2025-12-11 04:29:37
12485,automatic,sleeper.com,Week 11,Tez,Johnson,WR,TB,8.9,2025-12-11 04:29:37
12534,automatic,espn.com,Week 11,Kyle,Monangai,RB,CHI,8.9,2025-12-11 04:29:37
11533,automatic,espn.com,Week 11,Brandon,Aubrey,K,DAL,8.9,2025-12-11 04:29:37
12713,automatic,espn.com,Week 11,Andy,Borregales,K,NE,8.9,2025-12-11 04:29:37
4033,automatic,fantasypros.com,Week 11,David,Njoku,TE,CLE,8.9,2025-12-11 04:29:37
9508,automatic,firstdown.studio,Week 11,Tyjae,Spears,RB,TEN,8.9,2025-12-11 04:29:37
8676,automatic,sleeper.com,Week 12,Rashid,Shaheed,WR,SEA,8.9,2025-12-11 04:29:37
5095,automatic,sleeper.com,Week 12,Daniel,Carlson,K,LV,8.9,2025-12-11 04:29:37
4033,automatic,sleeper.com,Week 12,David,Njoku,TE,CLE,8.9,2025-12-11 04:29:37
5947,automatic,espn.com,Week 12,Jakobi,Meyers,WR,JAX,8.9,2025-12-11 04:29:37
11539,automatic,espn.com,Week 12,Jake,Bates,K,DET,8.9,2025-12-11 04:29:37
9508,automatic,fantasypros.com,Week 12,Tyjae,Spears,RB,TEN,8.9,2025-12-11 04:29:37
12519,automatic,fantasypros.com,Week 12,Luther,Burden III,WR,CHI,8.9,2025-12-11 04:29:37
17,automatic,sleeper.com,Week 13,Matt,Prater,K,BUF,8.9,2025-12-11 04:29:37
3678,automatic,sleeper.com,Week 13,Wil,Lutz,K,DEN,8.9,2025-12-11 04:29:37
9500,automatic,espn.com,Week 13,Josh,Downs,WR,IND,8.9,2025-12-11 04:29:37
5001,automatic,espn.com,Week 13,Dalton,Schultz,TE,HOU,8.9,2025-12-11 04:29:37
5045,automatic,fantasypros.com,Week 13,Courtland,Sutton,WR,DEN,8.9,2025-12-11 04:29:37
11603,automatic,fantasypros.com,Week 13,AJ,Barner,TE,SEA,8.9,2025-12-11 04:29:37
10444,automatic,sleeper.com,Week 14,Cedric,Tillman,WR,CLE,8.9,2025-12-11 04:29:37
3678,automatic,sleeper.com,Week 14,Wil,Lutz,K,DEN,8.9,2025-12-11 04:29:37
1339,automatic,fantasypros.com,Week 14,Zach,Ertz,TE,WAS,8.9,2025-12-11 04:29:37
2505,automatic,fantasypros.com,Week 14,Darren,Waller,TE,MIA,8.9,2025-12-11 04:29:37
5022,automatic,fantasypros.com,Week 14,Dallas,Goedert,TE,PHI,8.9,2025-12-11 04:29:37
9500,automatic,fantasypros.com,Week 14,Josh,Downs,WR,IND,8.9,2025-12-11 04:29:37
6783,automatic,espn.com,Week 14,Jerry,Jeudy,WR,CLE,8.9,2025-12-11 04:29:37
11533,automatic,espn.com,Week 14,Brandon,Aubrey,K,DAL,8.9,2025-12-11 04:29:37
9508,automatic,sleeper.com,Week 15,Tyjae,Spears,RB,TEN,8.9,2025-12-11 04:29:37
5189,automatic,sleeper.com,Week 15,Eddy,Pineiro,K,SF,8.9,2025-12-11 04:29:37
5892,automatic,sleeper.com,Week 15,David,Montgomery,RB,DET,8.9,2025-12-11 04:29:37
11625,automatic,sleeper.com,Week 15,Adonai,Mitchell,WR,NYJ,8.9,2025-12-11 04:29:37
5001,automatic,sleeper.com,Week 15,Dalton,Schultz,TE,HOU,8.9,2025-12-11 04:29:37
5001,automatic,espn.com,Week 15,Dalton,Schultz,TE,HOU,8.9,2025-12-11 04:29:37
8121,automatic,fantasypros.com,Week 15,Romeo,Doubs,WR,GB,8.9,2025-12-11 04:29:37
11627,automatic,fantasypros.com,Week 15,Troy,Franklin,WR,DEN,8.9,2025-12-11 04:29:37
5001,automatic,fantasypros.com,Week 15,Dalton,Schultz,TE,HOU,8.9,2025-12-11 04:29:37
12476,automatic,firstdown.studio,Week 15,Devin,Neal,RB,NO,8.9,2025-12-11 04:29:37
4217,automatic,fanduel.com,Week 10,George,Kittle,TE,SF,8.86,2025-12-11 04:29:37
4039,automatic,fanduel.com,Week 14,Cooper,Kupp,WR,SEA,8.84,2025-12-11 04:29:37
9487,automatic,fanduel.com,Week 12,Parker,Washington,WR,JAX,8.83,2025-12-11 04:29:37
11638,automatic,fanduel.com,Week 15,Ricky,Pearsall,WR,SF,8.83,2025-12-11 04:29:37
4035,automatic,fanduel.com,Week 15,Alvin,Kamara,RB,NO,8.83,2025-12-11 04:29:37
4177,automatic,fanduel.com,Week 12,Mack,Hollins,WR,NE,8.82,2025-12-11 04:29:37
11627,automatic,fanduel.com,Week 14,Troy,Franklin,WR,DEN,8.82,2025-12-11 04:29:37
10236,automatic,fanduel.com,Week 15,Dalton,Kincaid,TE,BUF,8.82,2025-12-11 04:29:37
12711,automatic,sleeper.com,Week 10,Tyler,Loop,K,BAL,8.8,2025-12-11 04:29:37
11539,automatic,espn.com,Week 10,Jake,Bates,K,DET,8.8,2025-12-11 04:29:37
8259,automatic,espn.com,Week 10,Cameron,Dicker,K,LAC,8.8,2025-12-11 04:29:37
12711,automatic,fantasypros.com,Week 10,Tyler,Loop,K,BAL,8.8,2025-12-11 04:29:37
CAR,dst_team_match,fantasypros.com,Week 10,Carolina Panthers,Defense,DST,CAR,8.8,2025-12-11 04:29:37
12534,automatic,firstdown.studio,Week 10,Kyle,Monangai,RB,CHI,8.8,2025-12-11 04:29:37
11610,automatic,firstdown.studio,Week 10,Malik,Washington,WR,MIA,8.8,2025-12-11 04:29:37
6650,automatic,sleeper.com,Week 11,Chase,McLaughlin,K,TB,8.8,2025-12-11 04:29:37
8151,automatic,sleeper.com,Week 11,Kenneth,Walker,RB,SEA,8.8,2025-12-11 04:29:37
5970,automatic,sleeper.com,Week 11,Greg,Dortch,WR,ARI,8.8,2025-12-11 04:29:37
4033,automatic,sleeper.com,Week 11,David,Njoku,TE,CLE,8.8,2025-12-11 04:29:37
4098,automatic,fantasypros.com,Week 11,Kareem,Hunt,RB,KC,8.8,2025-12-11 04:29:37
11792,automatic,fantasypros.com,Week 11,Will,Reichard,K,MIN,8.8,2025-12-11 04:29:37
CHI,dst_team_match,fantasypros.com,Week 11,Chicago Bears,Defense,DST,CHI,8.8,2025-12-11 04:29:37
8210,automatic,fanduel.com,Week 11,Chigoziem,Okonkwo,TE,TEN,8.8,2025-12-11 04:29:37
6650,automatic,sleeper.com,Week 12,Chase,McLaughlin,K,TB,8.8,2025-12-11 04:29:37
12540,automatic,espn.com,Week 12,Chimere,Dike,WR,TEN,8.8,2025-12-11 04:29:37
12506,automatic,espn.com,Week 12,Harold,Fannin Jr.,TE,CLE,8.8,2025-12-11 04:29:37
2020,automatic,fantasypros.com,Week 12,Cairo,Santos,K,CHI,8.8,2025-12-11 04:29:37
LV,dst_team_match,fantasypros.com,Week 12,Las Vegas Raiders,Defense,DST,LV,8.8,2025-12-11 04:29:37
11597,automatic,espn.com,Week 13,Theo,Johnson,TE,NYG,8.8,2025-12-11 04:29:37
9480,automatic,espn.com,Week 13,Brenton,Strange,TE,JAX,8.8,2025-12-11 04:29:37
12713,automatic,espn.com,Week 13,Andy,Borregales,K,NE,8.8,2025-12-11 04:29:37
11533,automatic,espn.com,Week 13,Brandon,Aubrey,K,DAL,8.8,2025-12-11 04:29:37
3451,automatic,fantasypros.com,Week 13,Ka'imi,Fairbairn,K,HOU,8.8,2025-12-11 04:29:37
ATL,dst_team_match,fantasypros.com,Week 13,Atlanta Falcons,Defense,DST,ATL,8.8,2025-12-11 04:29:37
6783,automatic,sleeper.com,Week 14,Jerry,Jeudy,WR,CLE,8.8,2025-12-11 04:29:37
8259,automatic,sleeper.com,Week 14,Cameron,Dicker,K,LAC,8.8,2025-12-11 04:29:37
12711,automatic,sleeper.com,Week 14,Tyler,Loop,K,BAL,8.8,2025-12-11 04:29:37
8122,automatic,fantasypros.com,Week 14,Zonovan,Knight,RB,ARI,8.8,2025-12-11 04:29:37
11834,automatic,fantasypros.com,Week 14,Devaughn,Vele,WR,NO,8.8,2025-12-11 04:29:37
17,automatic,espn.com,Week 14,Matt,Prater,K,BUF,8.8,2025-12-11 04:29:37
6130,automatic,sleeper.com,Week 15,Devin,Singletary,RB,NYG,8.8,2025-12-11 04:29:37
8408,automatic,sleeper.com,Week 15,Jordan,Mason,RB,MIN,8.8,2025-12-11 04:29:37
5189,automatic,espn.com,Week 15,Eddy,Pineiro,K,SF,8.8,2025-12-11 04:29:37
1479,automatic,fantasypros.com,Week 15,Keenan,Allen,WR,LAC,8.8,2025-12-11 04:29:37
2747,automatic,fantasypros.com,Week 15,Jason,Myers,K,SEA,8.8,2025-12-11 04:29:37
11631,automatic,firstdown.studio,Week 15,Brian,Thomas,WR,JAX,8.8,2025-12-11 04:29:37
10232,automatic,firstdown.studio,Week 15,Michael,Wilson,WR,ARI,8.8,2025-12-11 04:29:37
,,sleeper.com,Week 14,Blake,Grupe,K,IND,8.8,2025-12-11 04:29:37
12506,automatic,fanduel.com,Week 12,Harold,Fannin Jr.,TE,CLE,8.79,2025-12-11 04:29:37
8122,automatic,fanduel.com,Week 12,Zonovan,Knight,RB,ARI,8.78,2025-12-11 04:29:37
12498,automatic,fanduel.com,Week 14,Mason,Taylor,TE,NYJ,8.75,2025-12-11 04:29:37
4098,automatic,fanduel.com,Week 11,Kareem,Hunt,RB,KC,8.74,2025-12-11 04:29:37
4177,automatic,fanduel.com,Week 11,Mack,Hollins,WR,NE,8.73,2025-12-11 04:29:37
11638,automatic,fanduel.com,Week 12,Ricky,Pearsall,WR,SF,8.71,2025-12-11 04:29:37
9504,automatic,sleeper.com,Week 10,Kayshon,Boutte,WR,NE,8.7,2025-12-11 04:29:37
11610,automatic,sleeper.com,Week 10,Malik,Washington,WR,MIA,8.7,2025-12-11 04:29:37
8111,automatic,sleeper.com,Week 10,Cade,Otton,TE,TB,8.7,2025-12-11 04:29:37
8125,automatic,sleeper.com,Week 10,Calvin,Austin,WR,PIT,8.7,2025-12-11 04:29:37
11792,automatic,sleeper.com,Week 10,Will,Reichard,K,MIN,8.7,2025-12-11 04:29:37
7571,automatic,sleeper.com,Week 10,Rashod,Bateman,WR,BAL,8.7,2025-12-11 04:29:37
11637,automatic,sleeper.com,Week 10,Keon,Coleman,WR,BUF,8.7,2025-12-11 04:29:37
5001,automatic,sleeper.com,Week 10,Dalton,Schultz,TE,HOU,8.7,2025-12-11 04:29:37
12501,automatic,espn.com,Week 10,Matthew,Golden,WR,GB,8.7,2025-12-11 04:29:37
5230,automatic,espn.com,Week 10,Michael,Badgley,K,IND,8.7,2025-12-11 04:29:37
7002,automatic,firstdown.studio,Week 10,Juwan,Johnson,TE,NO,8.7,2025-12-11 04:29:37
6083,automatic,sleeper.com,Week 11,Matt,Gay,K,WAS,8.7,2025-12-11 04:29:37
12498,automatic,sleeper.com,Week 11,Mason,Taylor,TE,NYJ,8.7,2025-12-11 04:29:37
4988,automatic,espn.com,Week 11,Nick,Chubb,RB,HOU,8.7,2025-12-11 04:29:37
8259,automatic,espn.com,Week 11,Cameron,Dicker,K,LAC,8.7,2025-12-11 04:29:37
12485,automatic,firstdown.studio,Week 11,Tez,Johnson,WR,TB,8.7,2025-12-11 04:29:37
10232,automatic,firstdown.studio,Week 11,Michael,Wilson,WR,ARI,8.7,2025-12-11 04:29:37
9508,automatic,fanduel.com,Week 11,Tyjae,Spears,RB,TEN,8.7,2025-12-11 04:29:37
7839,automatic,sleeper.com,Week 12,Evan,McPherson,K,CIN,8.7,2025-12-11 04:29:37
7891,automatic,espn.com,Week 12,Brock,Wright,TE,DET,8.7,2025-12-11 04:29:37
5189,automatic,espn.com,Week 12,Eddy,Pineiro,K,SF,8.7,2025-12-11 04:29:37
11533,automatic,espn.com,Week 12,Brandon,Aubrey,K,DAL,8.7,2025-12-11 04:29:37
12711,automatic,espn.com,Week 12,Tyler,Loop,K,BAL,8.7,2025-12-11 04:29:37
5970,automatic,fantasypros.com,Week 12,Greg,Dortch,WR,ARI,8.7,2025-12-11 04:29:37
12484,automatic,fantasypros.com,Week 12,Jayden,Higgins,WR,HOU,8.7,2025-12-11 04:29:37
7839,automatic,sleeper.com,Week 13,Evan,McPherson,K,CIN,8.7,2025-12-11 04:29:37
4983,automatic,sleeper.com,Week 13,DJ,Moore,WR,CHI,8.7,2025-12-11 04:29:37
12498,automatic,sleeper.com,Week 13,Mason,Taylor,TE,NYJ,8.7,2025-12-11 04:29:37
1339,automatic,espn.com,Week 13,Zach,Ertz,TE,WAS,8.7,2025-12-11 04:29:37
7002,automatic,espn.com,Week 13,Juwan,Johnson,TE,NO,8.7,2025-12-11 04:29:37
12711,automatic,espn.com,Week 13,Tyler,Loop,K,BAL,8.7,2025-12-11 04:29:37
4227,automatic,espn.com,Week 13,Harrison,Butker,K,KC,8.7,2025-12-11 04:29:37
8408,automatic,sleeper.com,Week 14,Jordan,Mason,RB,MIN,8.7,2025-12-11 04:29:37
1945,automatic,sleeper.com,Week 14,Chris,Boswell,K,PIT,8.7,2025-12-11 04:29:37
7090,automatic,sleeper.com,Week 14,Darnell,Mooney,WR,ATL,8.7,2025-12-11 04:29:37
2747,automatic,sleeper.com,Week 14,Jason,Myers,K,SEA,8.7,2025-12-11 04:29:37
4033,automatic,sleeper.com,Week 14,David,Njoku,TE,CLE,8.7,2025-12-11 04:29:37
5001,automatic,fantasypros.com,Week 14,Dalton,Schultz,TE,HOU,8.7,2025-12-11 04:29:37
4066,automatic,fantasypros.com,Week 14,Evan,Engram,TE,DEN,8.7,2025-12-11 04:29:37
12498,automatic,fantasypros.com,Week 14,Mason,Taylor,TE,NYJ,8.7,2025-12-11 04:29:37
10219,automatic,fantasypros.com,Week 14,Chris,Rodriguez Jr.,RB,WAS,8.7,2025-12-11 04:29:37
12535,automatic,fantasypros.com,Week 14,Isaac,TeSlaa,WR,DET,8.7,2025-12-11 04:29:37
9754,automatic,espn.com,Week 14,Quentin,Johnston,WR,LAC,8.7,2025-12-11 04:29:37
5844,automatic,espn.com,Week 14,T.J.,Hockenson,TE,MIN,8.7,2025-12-11 04:29:37
4666,automatic,sleeper.com,Week 15,Younghoe,Koo,K,NYG,8.7,2025-12-11 04:29:37
5844,automatic,sleeper.com,Week 15,T.J.,Hockenson,TE,MIN,8.7,2025-12-11 04:29:37
8259,automatic,sleeper.com,Week 15,Cameron,Dicker,K,LAC,8.7,2025-12-11 04:29:37
4039,automatic,sleeper.com,Week 15,Cooper,Kupp,WR,SEA,8.7,2025-12-11 04:29:37
2747,automatic,sleeper.com,Week 15,Jason,Myers,K,SEA,8.7,2025-12-11 04:29:37
11533,automatic,espn.com,Week 15,Brandon,Aubrey,K,DAL,8.7,2025-12-11 04:29:37
12540,automatic,fantasypros.com,Week 15,Chimere,Dike,WR,TEN,8.7,2025-12-11 04:29:37
2505,automatic,fantasypros.com,Week 15,Darren,Waller,TE,MIA,8.7,2025-12-11 04:29:37
3451,automatic,fantasypros.com,Week 15,Ka'imi,Fairbairn,K,HOU,8.7,2025-12-11 04:29:37
11624,automatic,fanduel.com,Week 15,Xavier,Worthy,WR,KC,8.7,2025-12-11 04:29:37
12506,automatic,firstdown.studio,Week 15,Harold,Fannin,TE,CLE,8.7,2025-12-11 04:29:37
,,espn.com,Week 12,Harrison,Mevis,K,LAR,8.7,2025-12-11 04:29:37
9508,automatic,fanduel.com,Week 15,Tyjae,Spears,RB,TEN,8.68,2025-12-11 04:29:37
6786,automatic,fanduel.com,Week 15,CeeDee,Lamb,WR,DAL,8.68,2025-12-11 04:29:37
6130,automatic,fanduel.com,Week 12,Devin,Singletary,RB,NYG,8.64,2025-12-11 04:29:37
9508,automatic,fanduel.com,Week 13,Tyjae,Spears,RB,TEN,8.64,2025-12-11 04:29:37
11597,automatic,fanduel.com,Week 15,Theo,Johnson,TE,NYG,8.64,2025-12-11 04:29:37
10213,automatic,fanduel.com,Week 13,Tre,Tucker,WR,LV,8.63,2025-12-11 04:29:37
12476,automatic,fanduel.com,Week 15,Devin,Neal,RB,NO,8.61,2025-12-11 04:29:37
8408,automatic,sleeper.com,Week 10,Jordan,Mason,RB,MIN,8.6,2025-12-11 04:29:37
6271,automatic,sleeper.com,Week 10,Olamide,Zaccheaus,WR,CHI,8.6,2025-12-11 04:29:37
2020,automatic,sleeper.com,Week 10,Cairo,Santos,K,CHI,8.6,2025-12-11 04:29:37
12711,automatic,espn.com,Week 10,Tyler,Loop,K,BAL,8.6,2025-12-11 04:29:37
2020,automatic,espn.com,Week 10,Cairo,Santos,K,CHI,8.6,2025-12-11 04:29:37
4454,automatic,fantasypros.com,Week 10,Kendrick,Bourne,WR,SF,8.6,2025-12-11 04:29:37
9501,automatic,fantasypros.com,Week 10,DeMario,Douglas,WR,NE,8.6,2025-12-11 04:29:37
5189,automatic,fantasypros.com,Week 10,Eddy,Pineiro,K,SF,8.6,2025-12-11 04:29:37
11597,automatic,firstdown.studio,Week 10,Theo,Johnson,TE,NYG,8.6,2025-12-11 04:29:37
12517,automatic,sleeper.com,Week 11,Colston,Loveland,TE,CHI,8.6,2025-12-11 04:29:37
7839,automatic,sleeper.com,Week 11,Evan,McPherson,K,CIN,8.6,2025-12-11 04:29:37
11786,automatic,sleeper.com,Week 11,Cam,Little,K,JAX,8.6,2025-12-11 04:29:37
12711,automatic,sleeper.com,Week 11,Tyler,Loop,K,BAL,8.6,2025-12-11 04:29:37
9481,automatic,fantasypros.com,Week 11,Luke,Musgrave,TE,GB,8.6,2025-12-11 04:29:37
2020,automatic,fantasypros.com,Week 11,Cairo,Santos,K,CHI,8.6,2025-12-11 04:29:37
4981,automatic,firstdown.studio,Week 11,Calvin,Ridley,WR,TEN,8.6,2025-12-11 04:29:37
4177,automatic,firstdown.studio,Week 11,Mack,Hollins,WR,NE,8.6,2025-12-11 04:29:37
12506,automatic,firstdown.studio,Week 11,Harold,Fannin,TE,CLE,8.6,2025-12-11 04:29:37
5967,automatic,fanduel.com,Week 11,Tony,Pollard,RB,TEN,8.6,2025-12-11 04:29:37
8111,automatic,sleeper.com,Week 12,Cade,Otton,TE,TB,8.6,2025-12-11 04:29:37
5001,automatic,sleeper.com,Week 12,Dalton,Schultz,TE,HOU,8.6,2025-12-11 04:29:37
4227,automatic,espn.com,Week 12,Harrison,Butker,K,KC,8.6,2025-12-11 04:29:37
12506,automatic,fantasypros.com,Week 12,Harold,Fannin Jr.,TE,CLE,8.6,2025-12-11 04:29:37
11786,automatic,fantasypros.com,Week 12,Cam,Little,K,JAX,8.6,2025-12-11 04:29:37
10226,automatic,sleeper.com,Week 13,Andrei,Iosivas,WR,CIN,8.6,2025-12-11 04:29:37
4066,automatic,sleeper.com,Week 13,Evan,Engram,TE,DEN,8.6,2025-12-11 04:29:37
4039,automatic,sleeper.com,Week 13,Cooper,Kupp,WR,SEA,8.6,2025-12-11 04:29:37
3451,automatic,sleeper.com,Week 13,Ka'imi,Fairbairn,K,HOU,8.6,2025-12-11 04:29:37
7891,automatic,espn.com,Week 13,Brock,Wright,TE,DET,8.6,2025-12-11 04:29:37
11539,automatic,espn.com,Week 13,Jake,Bates,K,DET,8.6,2025-12-11 04:29:37
7049,automatic,fantasypros.com,Week 13,Jauan,Jennings,WR,SF,8.6,2025-12-11 04:29:37
8111,automatic,fantasypros.com,Week 13,Cade,Otton,TE,TB,8.6,2025-12-11 04:29:37
1945,automatic,fantasypros.com,Week 13,Chris,Boswell,K,PIT,8.6,2025-12-11 04:29:37
7839,automatic,sleeper.com,Week 14,Evan,McPherson,K,CIN,8.6,2025-12-11 04:29:37
1433,automatic,sleeper.com,Week 14,Brandon,McManus,K,GB,8.6,2025-12-11 04:29:37
5001,automatic,sleeper.com,Week 14,Dalton,Schultz,TE,HOU,8.6,2025-12-11 04:29:37
6783,automatic,fantasypros.com,Week 14,Jerry,Jeudy,WR,CLE,8.6,2025-12-11 04:29:37
4039,automatic,espn.com,Week 14,Cooper,Kupp,WR,SEA,8.6,2025-12-11 04:29:37
8122,automatic,sleeper.com,Week 15,Zonovan,Knight,RB,ARI,8.6,2025-12-11 04:29:37
11786,automatic,espn.com,Week 15,Cam,Little,K,JAX,8.6,2025-12-11 04:29:37
12493,automatic,espn.com,Week 15,Oronde,Gadsden,TE,LAC,8.6,2025-12-11 04:29:37
11603,automatic,espn.com,Week 15,AJ,Barner,TE,SEA,8.6,2025-12-11 04:29:37
12492,automatic,fantasypros.com,Week 15,Pat,Bryant,WR,DEN,8.6,2025-12-11 04:29:37
5022,automatic,fantasypros.com,Week 15,Dallas,Goedert,TE,PHI,8.6,2025-12-11 04:29:37
12514,automatic,firstdown.studio,Week 15,Emeka,Egbuka,WR,TB,8.6,2025-12-11 04:29:37
8110,automatic,firstdown.studio,Week 15,Jake,Ferguson,TE,DAL,8.6,2025-12-11 04:29:37
,,espn.com,Week 13,Harrison,Mevis,K,LAR,8.6,2025-12-11 04:29:37
4066,automatic,fanduel.com,Week 10,Evan,Engram,TE,DEN,8.59,2025-12-11 04:29:37
9754,automatic,fanduel.com,Week 14,Quentin,Johnston,WR,LAC,8.59,2025-12-11 04:29:37
6149,automatic,fanduel.com,Week 15,Darius,Slayton,WR,NYG,8.59,2025-12-11 04:29:37
11565,automatic,fanduel.com,Week 14,J.J.,McCarthy,QB,MIN,8.58,2025-12-11 04:29:37
9487,automatic,fanduel.com,Week 13,Parker,Washington,WR,JAX,8.56,2025-12-11 04:29:37
5285,automatic,fanduel.com,Week 14,Ross,Dwelley,TE,DET,8.55,2025-12-11 04:29:37
12540,automatic,fanduel.com,Week 13,Chimere,Dike,WR,TEN,8.53,2025-12-11 04:29:37
9504,automatic,fanduel.com,Week 15,Kayshon,Boutte,WR,NE,8.53,2025-12-11 04:29:37
5848,automatic,fanduel.com,Week 12,Marquise,Brown,WR,KC,8.52,2025-12-11 04:29:37
3200,automatic,fanduel.com,Week 10,Sterling,Shepard,WR,TB,8.51,2025-12-11 04:29:37
4195,automatic,sleeper.com,Week 10,Jake,Elliott,K,PHI,8.5,2025-12-11 04:29:37
5230,automatic,sleeper.com,Week 10,Michael,Badgley,K,IND,8.5,2025-12-11 04:29:37
12412,automatic,espn.com,Week 10,Terrell,Jennings,RB,NE,8.5,2025-12-11 04:29:37
2747,automatic,espn.com,Week 10,Jason,Myers,K,SEA,8.5,2025-12-11 04:29:37
7090,automatic,fantasypros.com,Week 10,Darnell,Mooney,WR,ATL,8.5,2025-12-11 04:29:37
4066,automatic,fantasypros.com,Week 10,Evan,Engram,TE,DEN,8.5,2025-12-11 04:29:37
BUF,dst_team_match,fantasypros.com,Week 10,Buffalo Bills,Defense,DST,BUF,8.5,2025-12-11 04:29:37
9753,automatic,firstdown.studio,Week 10,Zach,Charbonnet,RB,SEA,8.5,2025-12-11 04:29:37
5012,automatic,firstdown.studio,Week 10,Mark,Andrews,TE,BAL,8.5,2025-12-11 04:29:37
11589,automatic,sleeper.com,Week 11,Trey,Benson,RB,ARI,8.5,2025-12-11 04:29:37
5189,automatic,sleeper.com,Week 11,Eddy,Pineiro,K,SF,8.5,2025-12-11 04:29:37
4144,automatic,sleeper.com,Week 11,Jonnu,Smith,TE,PIT,8.5,2025-12-11 04:29:37
12533,automatic,espn.com,Week 11,Jacory,Croskey-Merritt,RB,WAS,8.5,2025-12-11 04:29:37
9753,automatic,espn.com,Week 11,Zach,Charbonnet,RB,SEA,8.5,2025-12-11 04:29:37
5844,automatic,espn.com,Week 11,T.J.,Hockenson,TE,MIN,8.5,2025-12-11 04:29:37
8183,automatic,fantasypros.com,Week 11,Brock,Purdy,QB,SF,8.5,2025-12-11 04:29:37
KC,dst_team_match,fantasypros.com,Week 11,Kansas City Chiefs,Defense,DST,KC,8.5,2025-12-11 04:29:37
2747,automatic,sleeper.com,Week 12,Jason,Myers,K,SEA,8.5,2025-12-11 04:29:37
2747,automatic,espn.com,Week 12,Jason,Myers,K,SEA,8.5,2025-12-11 04:29:37
8136,automatic,fantasypros.com,Week 12,Rachaad,White,RB,TB,8.5,2025-12-11 04:29:37
NE,dst_team_match,fantasypros.com,Week 12,New England Patriots,Defense,DST,NE,8.5,2025-12-11 04:29:37
5967,automatic,sleeper.com,Week 13,Tony,Pollard,RB,TEN,8.5,2025-12-11 04:29:37
2747,automatic,sleeper.com,Week 13,Jason,Myers,K,SEA,8.5,2025-12-11 04:29:37
1433,automatic,sleeper.com,Week 13,Brandon,McManus,K,GB,8.5,2025-12-11 04:29:37
12498,automatic,espn.com,Week 13,Mason,Taylor,TE,NYJ,8.5,2025-12-11 04:29:37
8259,automatic,espn.com,Week 13,Cameron,Dicker,K,LAC,8.5,2025-12-11 04:29:37
2747,automatic,espn.com,Week 13,Jason,Myers,K,SEA,8.5,2025-12-11 04:29:37
SEA,dst_team_match,espn.com,Week 13,Seahawks D/ST,Defense,DST,SEA,8.5,2025-12-11 04:29:37
2306,automatic,fantasypros.com,Week 13,Jameis,Winston,QB,NYG,8.5,2025-12-11 04:29:37
NE,dst_team_match,fantasypros.com,Week 13,New England Patriots,Defense,DST,NE,8.5,2025-12-11 04:29:37
11610,automatic,sleeper.com,Week 14,Malik,Washington,WR,MIA,8.5,2025-12-11 04:29:37
4195,automatic,sleeper.com,Week 14,Jake,Elliott,K,PHI,8.5,2025-12-11 04:29:37
12540,automatic,sleeper.com,Week 14,Chimere,Dike,WR,TEN,8.5,2025-12-11 04:29:37
11792,automatic,sleeper.com,Week 14,Will,Reichard,K,MIN,8.5,2025-12-11 04:29:37
4039,automatic,sleeper.com,Week 14,Cooper,Kupp,WR,SEA,8.5,2025-12-11 04:29:37
3451,automatic,sleeper.com,Week 14,Ka'imi,Fairbairn,K,HOU,8.5,2025-12-11 04:29:37
12517,automatic,espn.com,Week 14,Colston,Loveland,TE,CHI,8.5,2025-12-11 04:29:37
6865,automatic,espn.com,Week 14,Colby,Parkinson,TE,LAR,8.5,2025-12-11 04:29:37
17,automatic,sleeper.com,Week 15,Matt,Prater,K,BUF,8.5,2025-12-11 04:29:37
1433,automatic,sleeper.com,Week 15,Brandon,McManus,K,GB,8.5,2025-12-11 04:29:37
2747,automatic,espn.com,Week 15,Jason,Myers,K,SEA,8.5,2025-12-11 04:29:37
8147,automatic,fantasypros.com,Week 15,John,Metchie III,WR,NYJ,8.5,2025-12-11 04:29:37
10213,automatic,fantasypros.com,Week 15,Tre,Tucker,WR,LV,8.5,2025-12-11 04:29:37
12711,automatic,fantasypros.com,Week 15,Tyler,Loop,K,BAL,8.5,2025-12-11 04:29:37
9753,automatic,firstdown.studio,Week 15,Zach,Charbonnet,RB,SEA,8.5,2025-12-11 04:29:37
5045,automatic,firstdown.studio,Week 15,Courtland,Sutton,WR,DEN,8.5,2025-12-11 04:29:37
1466,automatic,firstdown.studio,Week 15,Travis,Kelce,TE,KC,8.5,2025-12-11 04:29:37
,,espn.com,Week 11,Harrison,Mevis,K,LAR,8.5,2025-12-11 04:29:37
,,sleeper.com,Week 14,Harrison,Mevis,K,LAR,8.5,2025-12-11 04:29:37
,,espn.com,Week 14,Harrison,Mevis,K,LAR,8.5,2025-12-11 04:29:37
,,sleeper.com,Week 15,Jake,Moody,K,WAS,8.5,2025-12-11 04:29:37
10236,automatic,fanduel.com,Week 14,Dalton,Kincaid,TE,BUF,8.49,2025-12-11 04:29:37
6149,automatic,fanduel.com,Week 10,Darius,Slayton,WR,NYG,8.48,2025-12-11 04:29:37
6783,automatic,fanduel.com,Week 13,Jerry,Jeudy,WR,CLE,8.48,2025-12-11 04:29:37
5970,automatic,fanduel.com,Week 11,Greg,Dortch,WR,ARI,8.47,2025-12-11 04:29:37
3269,automatic,fanduel.com,Week 10,Chris,Moore,WR,WAS,8.45,2025-12-11 04:29:37
9481,automatic,fanduel.com,Week 10,Luke,Musgrave,TE,GB,8.43,2025-12-11 04:29:37
8147,automatic,fanduel.com,Week 14,John,Metchie III,WR,NYJ,8.43,2025-12-11 04:29:37
9487,automatic,fanduel.com,Week 15,Parker,Washington,WR,JAX,8.43,2025-12-11 04:29:37
96,automatic,fanduel.com,Week 12,Aaron,Rodgers,QB,PIT,8.42,2025-12-11 04:29:37
9753,automatic,fanduel.com,Week 14,Zach,Charbonnet,RB,SEA,8.41,2025-12-11 04:29:37
11627,automatic,fanduel.com,Week 15,Troy,Franklin,WR,DEN,8.41,2025-12-11 04:29:37
6783,automatic,sleeper.com,Week 10,Jerry,Jeudy,WR,CLE,8.4,2025-12-11 04:29:37
6083,automatic,sleeper.com,Week 10,Matt,Gay,K,WAS,8.4,2025-12-11 04:29:37
11786,automatic,sleeper.com,Week 10,Cam,Little,K,JAX,8.4,2025-12-11 04:29:37
4950,automatic,sleeper.com,Week 10,Christian,Kirk,WR,HOU,8.4,2025-12-11 04:29:37
12498,automatic,sleeper.com,Week 10,Mason,Taylor,TE,NYJ,8.4,2025-12-11 04:29:37
2747,automatic,sleeper.com,Week 10,Jason,Myers,K,SEA,8.4,2025-12-11 04:29:37
3678,automatic,espn.com,Week 10,Wil,Lutz,K,DEN,8.4,2025-12-11 04:29:37
4195,automatic,espn.com,Week 10,Jake,Elliott,K,PHI,8.4,2025-12-11 04:29:37
6790,automatic,fantasypros.com,Week 10,D'Andre,Swift,RB,CHI,8.4,2025-12-11 04:29:37
2747,automatic,fantasypros.com,Week 10,Jason,Myers,K,SEA,8.4,2025-12-11 04:29:37
8408,automatic,firstdown.studio,Week 10,Jordan,Mason,RB,MIN,8.4,2025-12-11 04:29:37
5947,automatic,firstdown.studio,Week 10,Jakobi,Meyers,WR,JAX,8.4,2025-12-11 04:29:37
4033,automatic,firstdown.studio,Week 10,David,Njoku,TE,CLE,8.4,2025-12-11 04:29:37
4988,automatic,sleeper.com,Week 11,Nick,Chubb,RB,HOU,8.4,2025-12-11 04:29:37
7090,automatic,sleeper.com,Week 11,Darnell,Mooney,WR,ATL,8.4,2025-12-11 04:29:37
4033,automatic,espn.com,Week 11,David,Njoku,TE,CLE,8.4,2025-12-11 04:29:37
12498,automatic,espn.com,Week 11,Mason,Taylor,TE,NYJ,8.4,2025-12-11 04:29:37
8131,automatic,espn.com,Week 11,Isaiah,Likely,TE,BAL,8.4,2025-12-11 04:29:37
4195,automatic,espn.com,Week 11,Jake,Elliott,K,PHI,8.4,2025-12-11 04:29:37
11539,automatic,espn.com,Week 11,Jake,Bates,K,DET,8.4,2025-12-11 04:29:37
5189,automatic,espn.com,Week 11,Eddy,Pineiro,K,SF,8.4,2025-12-11 04:29:37
9508,automatic,fantasypros.com,Week 11,Tyjae,Spears,RB,TEN,8.4,2025-12-11 04:29:37
7839,automatic,fantasypros.com,Week 11,Evan,McPherson,K,CIN,8.4,2025-12-11 04:29:37
8151,automatic,firstdown.studio,Week 11,Kenneth,Walker,RB,SEA,8.4,2025-12-11 04:29:37
8167,automatic,firstdown.studio,Week 11,Christian,Watson,WR,GB,8.4,2025-12-11 04:29:37
6130,automatic,sleeper.com,Week 12,Devin,Singletary,RB,NYG,8.4,2025-12-11 04:29:37
12713,automatic,sleeper.com,Week 12,Andy,Borregales,K,NE,8.4,2025-12-11 04:29:37
2020,automatic,sleeper.com,Week 12,Cairo,Santos,K,CHI,8.4,2025-12-11 04:29:37
11435,automatic,sleeper.com,Week 12,Emanuel,Wilson,RB,GB,8.4,2025-12-11 04:29:37
5970,automatic,sleeper.com,Week 12,Greg,Dortch,WR,ARI,8.4,2025-12-11 04:29:37
4983,automatic,espn.com,Week 12,DJ,Moore,WR,CHI,8.4,2025-12-11 04:29:37
4195,automatic,espn.com,Week 12,Jake,Elliott,K,PHI,8.4,2025-12-11 04:29:37
4039,automatic,fantasypros.com,Week 12,Cooper,Kupp,WR,SEA,8.4,2025-12-11 04:29:37
4227,automatic,fantasypros.com,Week 12,Harrison,Butker,K,KC,8.4,2025-12-11 04:29:37
12517,automatic,sleeper.com,Week 13,Colston,Loveland,TE,CHI,8.4,2025-12-11 04:29:37
11610,automatic,sleeper.com,Week 13,Malik,Washington,WR,MIA,8.4,2025-12-11 04:29:37
9753,automatic,sleeper.com,Week 13,Zach,Charbonnet,RB,SEA,8.4,2025-12-11 04:29:37
9756,automatic,sleeper.com,Week 13,Jordan,Addison,WR,MIN,8.4,2025-12-11 04:29:37
12485,automatic,sleeper.com,Week 13,Tez,Johnson,WR,TB,8.4,2025-12-11 04:29:37
9753,automatic,espn.com,Week 13,Zach,Charbonnet,RB,SEA,8.4,2025-12-11 04:29:37
1945,automatic,espn.com,Week 13,Chris,Boswell,K,PIT,8.4,2025-12-11 04:29:37
4195,automatic,espn.com,Week 13,Jake,Elliott,K,PHI,8.4,2025-12-11 04:29:37
17,automatic,espn.com,Week 13,Matt,Prater,K,BUF,8.4,2025-12-11 04:29:37
11539,automatic,fantasypros.com,Week 13,Jake,Bates,K,DET,8.4,2025-12-11 04:29:37
12517,automatic,sleeper.com,Week 14,Colston,Loveland,TE,CHI,8.4,2025-12-11 04:29:37
12498,automatic,espn.com,Week 14,Mason,Taylor,TE,NYJ,8.4,2025-12-11 04:29:37
12517,automatic,sleeper.com,Week 15,Colston,Loveland,TE,CHI,8.4,2025-12-11 04:29:37
11792,automatic,sleeper.com,Week 15,Will,Reichard,K,MIN,8.4,2025-12-11 04:29:37
12713,automatic,espn.com,Week 15,Andy,Borregales,K,NE,8.4,2025-12-11 04:29:37
JAX,dst_team_match,espn.com,Week 15,Jaguars,Defense,DST,JAX,8.4,2025-12-11 04:29:37
8676,automatic,fantasypros.com,Week 15,Rashid,Shaheed,WR,SEA,8.4,2025-12-11 04:29:37
11603,automatic,fantasypros.com,Week 15,AJ,Barner,TE,SEA,8.4,2025-12-11 04:29:37
6650,automatic,fantasypros.com,Week 15,Chase,McLaughlin,K,TB,8.4,2025-12-11 04:29:37
6130,automatic,firstdown.studio,Week 15,Devin,Singletary,RB,NYG,8.4,2025-12-11 04:29:37
2747,automatic,firstdown.studio,Week 15,Jason,Myers,K,SEA,8.4,2025-12-11 04:29:37
,,sleeper.com,Week 15,Isaiah,Hodgins,WR,NYG,8.4,2025-12-11 04:29:37
4983,automatic,fanduel.com,Week 15,D.J.,Moore,WR,CHI,8.38,2025-12-11 04:29:37
5844,automatic,fanduel.com,Week 10,T.J.,Hockenson,TE,MIN,8.37,2025-12-11 04:29:37
6783,automatic,fanduel.com,Week 11,Jerry,Jeudy,WR,CLE,8.37,2025-12-11 04:29:37
6783,automatic,fanduel.com,Week 12,Jerry,Jeudy,WR,CLE,8.37,2025-12-11 04:29:37
5022,automatic,fanduel.com,Week 15,Dallas,Goedert,TE,PHI,8.37,2025-12-11 04:29:37
5001,automatic,fanduel.com,Week 11,Dalton,Schultz,TE,HOU,8.36,2025-12-11 04:29:37
12775,automatic,fanduel.com,Week 14,Max,Brosmer,QB,MIN,8.35,2025-12-11 04:29:37
5844,automatic,fanduel.com,Week 15,T.J.,Hockenson,TE,MIN,8.35,2025-12-11 04:29:37
5012,automatic,fanduel.com,Week 10,Mark,Andrews,TE,BAL,8.34,2025-12-11 04:29:37
5844,automatic,fanduel.com,Week 11,T.J.,Hockenson,TE,MIN,8.33,2025-12-11 04:29:37
12517,automatic,fanduel.com,Week 13,Colston,Loveland,TE,CHI,8.33,2025-12-11 04:29:37
4039,automatic,fanduel.com,Week 12,Cooper,Kupp,WR,SEA,8.32,2025-12-11 04:29:37
9482,automatic,fanduel.com,Week 10,Michael,Mayer,TE,LV,8.31,2025-12-11 04:29:37
11789,automatic,sleeper.com,Week 10,Joshua,Karty,K,LAR,8.3,2025-12-11 04:29:37
1433,automatic,sleeper.com,Week 10,Brandon,McManus,K,GB,8.3,2025-12-11 04:29:37
1945,automatic,espn.com,Week 10,Chris,Boswell,K,PIT,8.3,2025-12-11 04:29:37
11637,automatic,fantasypros.com,Week 10,Keon,Coleman,WR,BUF,8.3,2025-12-11 04:29:37
6783,automatic,fantasypros.com,Week 10,Jerry,Jeudy,WR,CLE,8.3,2025-12-11 04:29:37
8125,automatic,fantasypros.com,Week 10,Calvin,Austin III,WR,PIT,8.3,2025-12-11 04:29:37
12489,automatic,firstdown.studio,Week 10,RJ,Harvey,RB,DEN,8.3,2025-12-11 04:29:37
6783,automatic,firstdown.studio,Week 10,Jerry,Jeudy,WR,CLE,8.3,2025-12-11 04:29:37
12498,automatic,firstdown.studio,Week 10,Mason,Taylor,TE,NYJ,8.3,2025-12-11 04:29:37
4233,automatic,sleeper.com,Week 11,Zane,Gonzalez,K,ATL,8.3,2025-12-11 04:29:37
4066,automatic,sleeper.com,Week 11,Evan,Engram,TE,DEN,8.3,2025-12-11 04:29:37
9481,automatic,sleeper.com,Week 11,Luke,Musgrave,TE,GB,8.3,2025-12-11 04:29:37
7922,automatic,sleeper.com,Week 11,Riley,Patterson,K,MIA,8.3,2025-12-11 04:29:37
8408,automatic,espn.com,Week 11,Jordan,Mason,RB,MIN,8.3,2025-12-11 04:29:37
4144,automatic,espn.com,Week 11,Jonnu,Smith,TE,PIT,8.3,2025-12-11 04:29:37
17,automatic,espn.com,Week 11,Matt,Prater,K,BUF,8.3,2025-12-11 04:29:37
7922,automatic,espn.com,Week 11,Riley,Patterson,K,MIA,8.3,2025-12-11 04:29:37
2020,automatic,espn.com,Week 11,Cairo,Santos,K,CHI,8.3,2025-12-11 04:29:37
5844,automatic,fantasypros.com,Week 11,T.J.,Hockenson,TE,MIN,8.3,2025-12-11 04:29:37
11610,automatic,firstdown.studio,Week 11,Malik,Washington,WR,MIA,8.3,2025-12-11 04:29:37
6149,automatic,fanduel.com,Week 11,Darius,Slayton,WR,NYG,8.3,2025-12-11 04:29:37
4066,automatic,fanduel.com,Week 11,Evan,Engram,TE,DEN,8.3,2025-12-11 04:29:37
12540,automatic,sleeper.com,Week 12,Chimere,Dike,WR,TEN,8.3,2025-12-11 04:29:37
12490,automatic,sleeper.com,Week 12,Bhayshul,Tuten,RB,JAX,8.3,2025-12-11 04:29:37
11834,automatic,espn.com,Week 12,Devaughn,Vele,WR,NO,8.3,2025-12-11 04:29:37
5230,automatic,espn.com,Week 12,Michael,Badgley,K,IND,8.3,2025-12-11 04:29:37
5967,automatic,fantasypros.com,Week 12,Tony,Pollard,RB,TEN,8.3,2025-12-11 04:29:37
11626,automatic,fantasypros.com,Week 12,Xavier,Legette,WR,CAR,8.3,2025-12-11 04:29:37
2374,automatic,sleeper.com,Week 13,Tyler,Lockett,WR,LV,8.3,2025-12-11 04:29:37
4177,automatic,sleeper.com,Week 13,Mack,Hollins,WR,NE,8.3,2025-12-11 04:29:37
12534,automatic,sleeper.com,Week 13,Kyle,Monangai,RB,CHI,8.3,2025-12-11 04:29:37
1339,automatic,fantasypros.com,Week 13,Zach,Ertz,TE,WAS,8.3,2025-12-11 04:29:37
11603,automatic,sleeper.com,Week 14,AJ,Barner,TE,SEA,8.3,2025-12-11 04:29:37
5095,automatic,sleeper.com,Week 14,Daniel,Carlson,K,LV,8.3,2025-12-11 04:29:37
9753,automatic,sleeper.com,Week 14,Zach,Charbonnet,RB,SEA,8.3,2025-12-11 04:29:37
8131,automatic,fantasypros.com,Week 14,Isaiah,Likely,TE,BAL,8.3,2025-12-11 04:29:37
2747,automatic,fantasypros.com,Week 14,Jason,Myers,K,SEA,8.3,2025-12-11 04:29:37
1433,automatic,espn.com,Week 14,Brandon,McManus,K,GB,8.3,2025-12-11 04:29:37
2747,automatic,espn.com,Week 14,Jason,Myers,K,SEA,8.3,2025-12-11 04:29:37
8259,automatic,espn.com,Week 14,Cameron,Dicker,K,LAC,8.3,2025-12-11 04:29:37
11610,automatic,sleeper.com,Week 15,Malik,Washington,WR,MIA,8.3,2025-12-11 04:29:37
11603,automatic,sleeper.com,Week 15,AJ,Barner,TE,SEA,8.3,2025-12-11 04:29:37
8121,automatic,sleeper.com,Week 15,Romeo,Doubs,WR,GB,8.3,2025-12-11 04:29:37
9500,automatic,sleeper.com,Week 15,Josh,Downs,WR,IND,8.3,2025-12-11 04:29:37
7594,automatic,sleeper.com,Week 15,Chuba,Hubbard,RB,CAR,8.3,2025-12-11 04:29:37
2020,automatic,sleeper.com,Week 15,Cairo,Santos,K,CHI,8.3,2025-12-11 04:29:37
11539,automatic,espn.com,Week 15,Jake,Bates,K,DET,8.3,2025-12-11 04:29:37
1945,automatic,espn.com,Week 15,Chris,Boswell,K,PIT,8.3,2025-12-11 04:29:37
4666,automatic,espn.com,Week 15,Younghoe,Koo,K,NYG,8.3,2025-12-11 04:29:37
9480,automatic,espn.com,Week 15,Brenton,Strange,TE,JAX,8.3,2025-12-11 04:29:37
12493,automatic,fantasypros.com,Week 15,Oronde,Gadsden II,TE,LAC,8.3,2025-12-11 04:29:37
PHI,dst_team_match,fantasypros.com,Week 15,Philadelphia Eagles,Defense,DST,PHI,8.3,2025-12-11 04:29:37
JAX,dst_team_match,fantasypros.com,Week 15,Jacksonville Jaguars,Defense,DST,JAX,8.3,2025-12-11 04:29:37
5892,automatic,firstdown.studio,Week 15,David,Montgomery,RB,DET,8.3,2025-12-11 04:29:37
7002,automatic,firstdown.studio,Week 15,Juwan,Johnson,TE,NO,8.3,2025-12-11 04:29:37
4988,automatic,fanduel.com,Week 11,Nick,Chubb,RB,HOU,8.29,2025-12-11 04:29:37
8112,automatic,fanduel.com,Week 15,Drake,London,WR,ATL,8.29,2025-12-11 04:29:37
7567,automatic,fanduel.com,Week 12,Kenneth,Gainwell,RB,PIT,8.28,2025-12-11 04:29:37
9754,automatic,fanduel.com,Week 15,Quentin,Johnston,WR,LAC,8.26,2025-12-11 04:29:37
7594,automatic,fanduel.com,Week 15,Chuba,Hubbard,RB,CAR,8.26,2025-12-11 04:29:37
8408,automatic,fanduel.com,Week 10,Jordan,Mason,RB,MIN,8.25,2025-12-11 04:29:37
11597,automatic,fanduel.com,Week 13,Theo,Johnson,TE,NYG,8.25,2025-12-11 04:29:37
10226,automatic,fanduel.com,Week 13,Andrei,Iosivas,WR,CIN,8.24,2025-12-11 04:29:37
6130,automatic,fanduel.com,Week 15,Devin,Singletary,RB,NYG,8.23,2025-12-11 04:29:37
12534,automatic,fanduel.com,Week 15,Kyle,Monangai,RB,CHI,8.23,2025-12-11 04:29:37
12499,automatic,fanduel.com,Week 15,Elic,Ayomanor,WR,TEN,8.23,2025-12-11 04:29:37
11638,automatic,fanduel.com,Week 11,Ricky,Pearsall,WR,SF,8.21,2025-12-11 04:29:37
12492,automatic,fanduel.com,Week 14,Pat,Bryant,WR,DEN,8.21,2025-12-11 04:29:37
11625,automatic,fanduel.com,Week 15,Adonai,Mitchell,WR,NYJ,8.21,2025-12-11 04:29:37
12501,automatic,fanduel.com,Week 10,Matthew,Golden,WR,GB,8.2,2025-12-11 04:29:37
12961,automatic,sleeper.com,Week 10,Ryan,Fitzgerald,K,CAR,8.2,2025-12-11 04:29:37
4066,automatic,sleeper.com,Week 10,Evan,Engram,TE,DEN,8.2,2025-12-11 04:29:37
4033,automatic,sleeper.com,Week 10,David,Njoku,TE,CLE,8.2,2025-12-11 04:29:37
12489,automatic,espn.com,Week 10,RJ,Harvey,RB,DEN,8.2,2025-12-11 04:29:37
8408,automatic,espn.com,Week 10,Jordan,Mason,RB,MIN,8.2,2025-12-11 04:29:37
12498,automatic,espn.com,Week 10,Mason,Taylor,TE,NYJ,8.2,2025-12-11 04:29:37
9481,automatic,espn.com,Week 10,Luke,Musgrave,TE,GB,8.2,2025-12-11 04:29:37
8131,automatic,espn.com,Week 10,Isaiah,Likely,TE,BAL,8.2,2025-12-11 04:29:37
11789,automatic,espn.com,Week 10,Joshua,Karty,K,LAR,8.2,2025-12-11 04:29:37
503,automatic,espn.com,Week 10,Graham,Gano,K,NYG,8.2,2025-12-11 04:29:37
12713,automatic,espn.com,Week 10,Andy,Borregales,K,NE,8.2,2025-12-11 04:29:37
6650,automatic,espn.com,Week 10,Chase,McLaughlin,K,TB,8.2,2025-12-11 04:29:37
DEN,dst_team_match,espn.com,Week 10,Broncos D/ST,Defense,DST,DEN,8.2,2025-12-11 04:29:37
6130,automatic,fantasypros.com,Week 10,Devin,Singletary,RB,NYG,8.2,2025-12-11 04:29:37
12497,automatic,fantasypros.com,Week 10,Tory,Horton,WR,SEA,8.2,2025-12-11 04:29:37
2020,automatic,fantasypros.com,Week 10,Cairo,Santos,K,CHI,8.2,2025-12-11 04:29:37
JAX,dst_team_match,fantasypros.com,Week 10,Jacksonville Jaguars,Defense,DST,JAX,8.2,2025-12-11 04:29:37
10955,automatic,sleeper.com,Week 11,Chad,Ryland,K,ARI,8.2,2025-12-11 04:29:37
6130,automatic,sleeper.com,Week 11,Devin,Singletary,RB,NYG,8.2,2025-12-11 04:29:37
5947,automatic,sleeper.com,Week 11,Jakobi,Meyers,WR,JAX,8.2,2025-12-11 04:29:37
12499,automatic,sleeper.com,Week 11,Elic,Ayomanor,WR,TEN,8.2,2025-12-11 04:29:37
3678,automatic,sleeper.com,Week 11,Wil,Lutz,K,DEN,8.2,2025-12-11 04:29:37
4950,automatic,sleeper.com,Week 11,Christian,Kirk,WR,HOU,8.2,2025-12-11 04:29:37
2020,automatic,sleeper.com,Week 11,Cairo,Santos,K,CHI,8.2,2025-12-11 04:29:37
6650,automatic,espn.com,Week 11,Chase,McLaughlin,K,TB,8.2,2025-12-11 04:29:37
3451,automatic,espn.com,Week 11,Ka'imi,Fairbairn,K,HOU,8.2,2025-12-11 04:29:37
12713,automatic,fantasypros.com,Week 11,Andy,Borregales,K,NE,8.2,2025-12-11 04:29:37
DEN,dst_team_match,fantasypros.com,Week 11,Denver Broncos,Defense,DST,DEN,8.2,2025-12-11 04:29:37
5970,automatic,firstdown.studio,Week 11,Greg,Dortch,WR,ARI,8.2,2025-12-11 04:29:37
4033,automatic,firstdown.studio,Week 11,David,Njoku,TE,CLE,8.2,2025-12-11 04:29:37
12517,automatic,sleeper.com,Week 12,Colston,Loveland,TE,CHI,8.2,2025-12-11 04:29:37
8147,automatic,sleeper.com,Week 12,John,Metchie,WR,NYJ,8.2,2025-12-11 04:29:37
8205,automatic,sleeper.com,Week 12,Isiah,Pacheco,RB,KC,8.2,2025-12-11 04:29:37
11370,automatic,espn.com,Week 12,Chris,Brooks,RB,GB,8.2,2025-12-11 04:29:37
5844,automatic,espn.com,Week 12,T.J.,Hockenson,TE,MIN,8.2,2025-12-11 04:29:37
2020,automatic,espn.com,Week 12,Cairo,Santos,K,CHI,8.2,2025-12-11 04:29:37
10226,automatic,fantasypros.com,Week 12,Andrei,Iosivas,WR,CIN,8.2,2025-12-11 04:29:37
6650,automatic,fantasypros.com,Week 12,Chase,McLaughlin,K,TB,8.2,2025-12-11 04:29:37
ATL,dst_team_match,fantasypros.com,Week 12,Atlanta Falcons,Defense,DST,ATL,8.2,2025-12-11 04:29:37
11603,automatic,sleeper.com,Week 13,AJ,Barner,TE,SEA,8.2,2025-12-11 04:29:37
5846,automatic,fantasypros.com,Week 13,DK,Metcalf,WR,PIT,8.2,2025-12-11 04:29:37
4227,automatic,fantasypros.com,Week 13,Harrison,Butker,K,KC,8.2,2025-12-11 04:29:37
HOU,dst_team_match,fantasypros.com,Week 13,Houston Texans,Defense,DST,HOU,8.2,2025-12-11 04:29:37
5967,automatic,sleeper.com,Week 14,Tony,Pollard,RB,TEN,8.2,2025-12-11 04:29:37
2374,automatic,sleeper.com,Week 14,Tyler,Lockett,WR,LV,8.2,2025-12-11 04:29:37
11627,automatic,sleeper.com,Week 14,Troy,Franklin,WR,DEN,8.2,2025-12-11 04:29:37
8111,automatic,fantasypros.com,Week 14,Cade,Otton,TE,TB,8.2,2025-12-11 04:29:37
11533,automatic,fantasypros.com,Week 14,Brandon,Aubrey,K,DAL,8.2,2025-12-11 04:29:37
12711,automatic,fantasypros.com,Week 14,Tyler,Loop,K,BAL,8.2,2025-12-11 04:29:37
11539,automatic,fantasypros.com,Week 14,Jake,Bates,K,DET,8.2,2025-12-11 04:29:37
4227,automatic,espn.com,Week 14,Harrison,Butker,K,KC,8.2,2025-12-11 04:29:37
9487,automatic,sleeper.com,Week 15,Parker,Washington,WR,JAX,8.2,2025-12-11 04:29:37
3678,automatic,sleeper.com,Week 15,Wil,Lutz,K,DEN,8.2,2025-12-11 04:29:37
9753,automatic,sleeper.com,Week 15,Zach,Charbonnet,RB,SEA,8.2,2025-12-11 04:29:37
7839,automatic,espn.com,Week 15,Evan,McPherson,K,CIN,8.2,2025-12-11 04:29:37
12711,automatic,espn.com,Week 15,Tyler,Loop,K,BAL,8.2,2025-12-11 04:29:37
SEA,dst_team_match,espn.com,Week 15,Seahawks,Defense,DST,SEA,8.2,2025-12-11 04:29:37
11647,automatic,fantasypros.com,Week 15,Kimani,Vidal,RB,LAC,8.2,2025-12-11 04:29:37
4039,automatic,fantasypros.com,Week 15,Cooper,Kupp,WR,SEA,8.2,2025-12-11 04:29:37
4993,automatic,fantasypros.com,Week 15,Mike,Gesicki,TE,CIN,8.2,2025-12-11 04:29:37
7090,automatic,fanduel.com,Week 15,Darnell,Mooney,WR,ATL,8.2,2025-12-11 04:29:37
12519,automatic,firstdown.studio,Week 15,Luther,Burden,WR,CHI,8.2,2025-12-11 04:29:37
9756,automatic,firstdown.studio,Week 15,Jordan,Addison,WR,MIN,8.2,2025-12-11 04:29:37
,,sleeper.com,Week 15,Harrison,Mevis,K,LAR,8.2,2025-12-11 04:29:37
4033,automatic,fanduel.com,Week 10,David,Njoku,TE,CLE,8.19,2025-12-11 04:29:37
11626,automatic,fanduel.com,Week 12,Xavier,Legette,WR,CAR,8.19,2025-12-11 04:29:37
,,fanduel.com,Week 12,Isaiah,Hodgins,WR,NYG,8.19,2025-12-11 04:29:37
8180,automatic,fanduel.com,Week 11,Jalen,Nailor,WR,MIN,8.18,2025-12-11 04:29:37
8676,automatic,fanduel.com,Week 14,Rashid,Shaheed,WR,SEA,8.15,2025-12-11 04:29:37
5189,automatic,sleeper.com,Week 10,Eddy,Pineiro,K,SF,8.1,2025-12-11 04:29:37
4144,automatic,sleeper.com,Week 10,Jonnu,Smith,TE,PIT,8.1,2025-12-11 04:29:37
3200,automatic,sleeper.com,Week 10,Sterling,Shepard,WR,TB,8.1,2025-12-11 04:29:37
5095,automatic,sleeper.com,Week 10,Daniel,Carlson,K,LV,8.1,2025-12-11 04:29:37
11571,automatic,espn.com,Week 10,Isaiah,Davis,RB,NYJ,8.1,2025-12-11 04:29:37
5189,automatic,espn.com,Week 10,Eddy,Pineiro,K,SF,8.1,2025-12-11 04:29:37
12498,automatic,fantasypros.com,Week 10,Mason,Taylor,TE,NYJ,8.1,2025-12-11 04:29:37
4066,automatic,firstdown.studio,Week 10,Evan,Engram,TE,DEN,8.1,2025-12-11 04:29:37
8132,automatic,sleeper.com,Week 11,Tyler,Allgeier,RB,ATL,8.1,2025-12-11 04:29:37
5967,automatic,sleeper.com,Week 11,Tony,Pollard,RB,TEN,8.1,2025-12-11 04:29:37
12533,automatic,sleeper.com,Week 11,Jacory,Croskey-Merritt,RB,WAS,8.1,2025-12-11 04:29:37
10219,automatic,espn.com,Week 11,Chris,Rodriguez Jr.,RB,WAS,8.1,2025-12-11 04:29:37
4066,automatic,espn.com,Week 11,Evan,Engram,TE,DEN,8.1,2025-12-11 04:29:37
2747,automatic,espn.com,Week 11,Jason,Myers,K,SEA,8.1,2025-12-11 04:29:37
1433,automatic,espn.com,Week 11,Brandon,McManus,K,GB,8.1,2025-12-11 04:29:37
4227,automatic,espn.com,Week 11,Harrison,Butker,K,KC,8.1,2025-12-11 04:29:37
10955,automatic,espn.com,Week 11,Chad,Ryland,K,ARI,8.1,2025-12-11 04:29:37
5844,automatic,sleeper.com,Week 12,T.J.,Hockenson,TE,MIN,8.1,2025-12-11 04:29:37
10955,automatic,sleeper.com,Week 12,Chad,Ryland,K,ARI,8.1,2025-12-11 04:29:37
5967,automatic,sleeper.com,Week 12,Tony,Pollard,RB,TEN,8.1,2025-12-11 04:29:37
12499,automatic,sleeper.com,Week 12,Elic,Ayomanor,WR,TEN,8.1,2025-12-11 04:29:37
7891,automatic,sleeper.com,Week 12,Brock,Wright,TE,DET,8.1,2025-12-11 04:29:37
11646,automatic,sleeper.com,Week 12,Jalen,Coker,WR,CAR,8.1,2025-12-11 04:29:37
11603,automatic,espn.com,Week 12,AJ,Barner,TE,SEA,8.1,2025-12-11 04:29:37
1945,automatic,espn.com,Week 12,Chris,Boswell,K,PIT,8.1,2025-12-11 04:29:37
17,automatic,espn.com,Week 12,Matt,Prater,K,BUF,8.1,2025-12-11 04:29:37
1433,automatic,espn.com,Week 12,Brandon,McManus,K,GB,8.1,2025-12-11 04:29:37
11646,automatic,fantasypros.com,Week 12,Jalen,Coker,WR,CAR,8.1,2025-12-11 04:29:37
11603,automatic,fantasypros.com,Week 12,AJ,Barner,TE,SEA,8.1,2025-12-11 04:29:37
11834,automatic,sleeper.com,Week 13,Devaughn,Vele,WR,NO,8.1,2025-12-11 04:29:37
5230,automatic,sleeper.com,Week 13,Michael,Badgley,K,IND,8.1,2025-12-11 04:29:37
5095,automatic,sleeper.com,Week 13,Daniel,Carlson,K,LV,8.1,2025-12-11 04:29:37
7922,automatic,sleeper.com,Week 13,Riley,Patterson,K,MIA,8.1,2025-12-11 04:29:37
12534,automatic,espn.com,Week 13,Kyle,Monangai,RB,CHI,8.1,2025-12-11 04:29:37
8111,automatic,espn.com,Week 13,Cade,Otton,TE,TB,8.1,2025-12-11 04:29:37
4066,automatic,espn.com,Week 13,Evan,Engram,TE,DEN,8.1,2025-12-11 04:29:37
5230,automatic,espn.com,Week 13,Michael,Badgley,K,IND,8.1,2025-12-11 04:29:37
11786,automatic,espn.com,Week 13,Cam,Little,K,JAX,8.1,2025-12-11 04:29:37
3678,automatic,espn.com,Week 13,Wil,Lutz,K,DEN,8.1,2025-12-11 04:29:37
5189,automatic,espn.com,Week 13,Eddy,Pineiro,K,SF,8.1,2025-12-11 04:29:37
5844,automatic,sleeper.com,Week 14,T.J.,Hockenson,TE,MIN,8.1,2025-12-11 04:29:37
4035,automatic,sleeper.com,Week 14,Alvin,Kamara,RB,NO,8.1,2025-12-11 04:29:37
5844,automatic,fantasypros.com,Week 14,T.J.,Hockenson,TE,MIN,8.1,2025-12-11 04:29:37
3678,automatic,fantasypros.com,Week 14,Wil,Lutz,K,DEN,8.1,2025-12-11 04:29:37
9486,automatic,fantasypros.com,Week 14,Dontayvion,Wicks,WR,GB,8.1,2025-12-11 04:29:37
12540,automatic,fantasypros.com,Week 14,Chimere,Dike,WR,TEN,8.1,2025-12-11 04:29:37
12711,automatic,espn.com,Week 14,Tyler,Loop,K,BAL,8.1,2025-12-11 04:29:37
3678,automatic,espn.com,Week 14,Wil,Lutz,K,DEN,8.1,2025-12-11 04:29:37
11647,automatic,sleeper.com,Week 15,Kimani,Vidal,RB,LAC,8.1,2025-12-11 04:29:37
8132,automatic,sleeper.com,Week 15,Tyler,Allgeier,RB,ATL,8.1,2025-12-11 04:29:37
2374,automatic,sleeper.com,Week 15,Tyler,Lockett,WR,LV,8.1,2025-12-11 04:29:37
4177,automatic,sleeper.com,Week 15,Mack,Hollins,WR,NE,8.1,2025-12-11 04:29:37
17,automatic,espn.com,Week 15,Matt,Prater,K,BUF,8.1,2025-12-11 04:29:37
2020,automatic,espn.com,Week 15,Cairo,Santos,K,CHI,8.1,2025-12-11 04:29:37
3451,automatic,espn.com,Week 15,Ka'imi,Fairbairn,K,HOU,8.1,2025-12-11 04:29:37
8259,automatic,espn.com,Week 15,Cameron,Dicker,K,LAC,8.1,2025-12-11 04:29:37
6650,automatic,espn.com,Week 15,Chase,McLaughlin,K,TB,8.1,2025-12-11 04:29:37
12517,automatic,espn.com,Week 15,Colston,Loveland,TE,CHI,8.1,2025-12-11 04:29:37
11646,automatic,fantasypros.com,Week 15,Jalen,Coker,WR,CAR,8.1,2025-12-11 04:29:37
SF,dst_team_match,fantasypros.com,Week 15,San Francisco 49ers,Defense,DST,SF,8.1,2025-12-11 04:29:37
7594,automatic,firstdown.studio,Week 15,Chuba,Hubbard,RB,CAR,8.1,2025-12-11 04:29:37
5012,automatic,firstdown.studio,Week 15,Mark,Andrews,TE,BAL,8.1,2025-12-11 04:29:37
,,sleeper.com,Week 12,Isaiah,Hodgins,WR,NYG,8.1,2025-12-11 04:29:37
,,sleeper.com,Week 14,Jake,Moody,K,WAS,8.1,2025-12-11 04:29:37
8408,automatic,fanduel.com,Week 15,Jordan,Mason,RB,MIN,8.09,2025-12-11 04:29:37
2505,automatic,fanduel.com,Week 14,Darren,Waller,TE,MIA,8.05,2025-12-11 04:29:37
10232,automatic,fanduel.com,Week 14,Michael,Wilson,WR,ARI,8.05,2025-12-11 04:29:37
4177,automatic,fanduel.com,Week 15,Mack,Hollins,WR,NE,8.05,2025-12-11 04:29:37
12534,automatic,fanduel.com,Week 14,Kyle,Monangai,RB,CHI,8.03,2025-12-11 04:29:37
5022,automatic,fanduel.com,Week 14,Dallas,Goedert,TE,PHI,8.03,2025-12-11 04:29:37
12498,automatic,fanduel.com,Week 15,Mason,Taylor,TE,NYJ,8.03,2025-12-11 04:29:37
10444,automatic,fanduel.com,Week 13,Cedric,Tillman,WR,CLE,8.02,2025-12-11 04:29:37
4233,automatic,sleeper.com,Week 10,Zane,Gonzalez,K,ATL,8.0,2025-12-11 04:29:37
11199,automatic,espn.com,Week 10,Emari,Demercado,RB,ARI,8.0,2025-12-11 04:29:37
4144,automatic,espn.com,Week 10,Jonnu,Smith,TE,PIT,8.0,2025-12-11 04:29:37
1433,automatic,espn.com,Week 10,Brandon,McManus,K,GB,8.0,2025-12-11 04:29:37
12961,automatic,espn.com,Week 10,Ryan,Fitzgerald,K,CAR,8.0,2025-12-11 04:29:37
11792,automatic,espn.com,Week 10,Will,Reichard,K,MIN,8.0,2025-12-11 04:29:37
3678,automatic,fantasypros.com,Week 10,Wil,Lutz,K,DEN,8.0,2025-12-11 04:29:37
LAR,dst_team_match,fantasypros.com,Week 10,Los Angeles Rams,Defense,DST,LAR,8.0,2025-12-11 04:29:37
9501,automatic,firstdown.studio,Week 10,DeMario,Douglas,WR,NE,8.0,2025-12-11 04:29:37
12501,automatic,firstdown.studio,Week 10,Matthew,Golden,WR,GB,8.0,2025-12-11 04:29:37
5844,automatic,firstdown.studio,Week 10,T.J.,Hockenson,TE,MIN,8.0,2025-12-11 04:29:37
2747,automatic,sleeper.com,Week 11,Jason,Myers,K,SEA,8.0,2025-12-11 04:29:37
9482,automatic,espn.com,Week 11,Michael,Mayer,TE,LV,8.0,2025-12-11 04:29:37
12711,automatic,espn.com,Week 11,Tyler,Loop,K,BAL,8.0,2025-12-11 04:29:37
11792,automatic,espn.com,Week 11,Will,Reichard,K,MIN,8.0,2025-12-11 04:29:37
7839,automatic,espn.com,Week 11,Evan,McPherson,K,CIN,8.0,2025-12-11 04:29:37
12510,automatic,fantasypros.com,Week 11,Jalen,Milroe,QB,SEA,8.0,2025-12-11 04:29:37
12533,automatic,fantasypros.com,Week 11,Jacory,Croskey-Merritt,RB,WAS,8.0,2025-12-11 04:29:37
4066,automatic,fantasypros.com,Week 11,Evan,Engram,TE,DEN,8.0,2025-12-11 04:29:37
11786,automatic,fantasypros.com,Week 11,Cam,Little,K,JAX,8.0,2025-12-11 04:29:37
LAC,dst_team_match,fantasypros.com,Week 11,Los Angeles Chargers,Defense,DST,LAC,8.0,2025-12-11 04:29:37
4988,automatic,firstdown.studio,Week 11,Nick,Chubb,RB,HOU,8.0,2025-12-11 04:29:37
12533,automatic,firstdown.studio,Week 11,J.,Croskey-Merritt,RB,WAS,8.0,2025-12-11 04:29:37
4950,automatic,firstdown.studio,Week 11,Christian,Kirk,WR,HOU,8.0,2025-12-11 04:29:37
5012,automatic,firstdown.studio,Week 11,Mark,Andrews,TE,BAL,8.0,2025-12-11 04:29:37
9753,automatic,fanduel.com,Week 11,Zach,Charbonnet,RB,SEA,8.0,2025-12-11 04:29:37
4666,automatic,sleeper.com,Week 12,Younghoe,Koo,K,NYG,8.0,2025-12-11 04:29:37
10444,automatic,sleeper.com,Week 12,Cedric,Tillman,WR,CLE,8.0,2025-12-11 04:29:37
11626,automatic,sleeper.com,Week 12,Xavier,Legette,WR,CAR,8.0,2025-12-11 04:29:37
6130,automatic,espn.com,Week 12,Devin,Singletary,RB,NYG,8.0,2025-12-11 04:29:37
5970,automatic,espn.com,Week 12,Greg,Dortch,WR,ARI,8.0,2025-12-11 04:29:37
12499,automatic,espn.com,Week 12,Elic,Ayomanor,WR,TEN,8.0,2025-12-11 04:29:37
7839,automatic,espn.com,Week 12,Evan,McPherson,K,CIN,8.0,2025-12-11 04:29:37
11786,automatic,espn.com,Week 12,Cam,Little,K,JAX,8.0,2025-12-11 04:29:37
2374,automatic,fantasypros.com,Week 12,Tyler,Lockett,WR,LV,8.0,2025-12-11 04:29:37
5230,automatic,fantasypros.com,Week 12,Michael,Badgley,K,IND,8.0,2025-12-11 04:29:37
BUF,dst_team_match,fantasypros.com,Week 12,Buffalo Bills,Defense,DST,BUF,8.0,2025-12-11 04:29:37
4666,automatic,sleeper.com,Week 13,Younghoe,Koo,K,NYG,8.0,2025-12-11 04:29:37
4233,automatic,sleeper.com,Week 13,Zane,Gonzalez,K,ATL,8.0,2025-12-11 04:29:37
6149,automatic,sleeper.com,Week 13,Darius,Slayton,WR,NYG,8.0,2025-12-11 04:29:37
8131,automatic,espn.com,Week 13,Isaiah,Likely,TE,BAL,8.0,2025-12-11 04:29:37
6650,automatic,espn.com,Week 13,Chase,McLaughlin,K,TB,8.0,2025-12-11 04:29:37
7585,automatic,fantasypros.com,Week 13,Davis,Mills,QB,HOU,8.0,2025-12-11 04:29:37
4993,automatic,fantasypros.com,Week 13,Mike,Gesicki,TE,CIN,8.0,2025-12-11 04:29:37
7839,automatic,fantasypros.com,Week 13,Evan,McPherson,K,CIN,8.0,2025-12-11 04:29:37
MIA,dst_team_match,fantasypros.com,Week 13,Miami Dolphins,Defense,DST,MIA,8.0,2025-12-11 04:29:37
9500,automatic,fanduel.com,Week 13,Josh,Downs,WR,IND,8.0,2025-12-11 04:29:37
10955,automatic,sleeper.com,Week 14,Chad,Ryland,K,ARI,8.0,2025-12-11 04:29:37
11586,automatic,sleeper.com,Week 14,Blake,Corum,RB,LAR,8.0,2025-12-11 04:29:37
2505,automatic,sleeper.com,Week 14,Darren,Waller,TE,MIA,8.0,2025-12-11 04:29:37
7839,automatic,espn.com,Week 14,Evan,McPherson,K,CIN,8.0,2025-12-11 04:29:37
2020,automatic,espn.com,Week 14,Cairo,Santos,K,CHI,8.0,2025-12-11 04:29:37
6650,automatic,espn.com,Week 14,Chase,McLaughlin,K,TB,8.0,2025-12-11 04:29:37
11786,automatic,espn.com,Week 14,Cam,Little,K,JAX,8.0,2025-12-11 04:29:37
7922,automatic,espn.com,Week 14,Riley,Patterson,K,MIA,8.0,2025-12-11 04:29:37
3678,automatic,espn.com,Week 15,Wil,Lutz,K,DEN,8.0,2025-12-11 04:29:37
4227,automatic,espn.com,Week 15,Harrison,Butker,K,KC,8.0,2025-12-11 04:29:37
4195,automatic,espn.com,Week 15,Jake,Elliott,K,PHI,8.0,2025-12-11 04:29:37
9508,automatic,fantasypros.com,Week 15,Tyjae,Spears,RB,TEN,8.0,2025-12-11 04:29:37
11610,automatic,fantasypros.com,Week 15,Malik,Washington,WR,MIA,8.0,2025-12-11 04:29:37
6865,automatic,fantasypros.com,Week 15,Colby,Parkinson,TE,LAR,8.0,2025-12-11 04:29:37
7839,automatic,fantasypros.com,Week 15,Evan,McPherson,K,CIN,8.0,2025-12-11 04:29:37
11786,automatic,fantasypros.com,Week 15,Cam,Little,K,JAX,8.0,2025-12-11 04:29:37
4037,automatic,firstdown.studio,Week 15,Chris,Godwin,WR,TB,8.0,2025-12-11 04:29:37
,,sleeper.com,Week 13,Matt,Gay,K,SF,8.0,2025-12-11 04:29:37
,,firstdown.studio,Week 15,Harrison,Mevis,K,LAR,8.0,2025-12-11 04:29:37
8676,automatic,fanduel.com,Week 13,Rashid,Shaheed,WR,SEA,7.98,2025-12-11 04:29:37
12489,automatic,fanduel.com,Week 10,RJ,Harvey,RB,DEN,7.96,2025-12-11 04:29:37
8210,automatic,fanduel.com,Week 13,Chigoziem,Okonkwo,TE,TEN,7.96,2025-12-11 04:29:37
5001,automatic,fanduel.com,Week 10,Dalton,Schultz,TE,HOU,7.94,2025-12-11 04:29:37
5848,automatic,fanduel.com,Week 11,Marquise,Brown,WR,KC,7.94,2025-12-11 04:29:37
12485,automatic,fanduel.com,Week 11,Tez,Johnson,WR,TB,7.93,2025-12-11 04:29:37
8180,automatic,fanduel.com,Week 10,Jalen,Nailor,WR,MIN,7.92,2025-12-11 04:29:37
9481,automatic,sleeper.com,Week 10,Luke,Musgrave,TE,GB,7.9,2025-12-11 04:29:37
503,automatic,sleeper.com,Week 10,Graham,Gano,K,NYG,7.9,2025-12-11 04:29:37
11603,automatic,espn.com,Week 10,AJ,Barner,TE,SEA,7.9,2025-12-11 04:29:37
8183,automatic,fantasypros.com,Week 10,Brock,Purdy,QB,SF,7.9,2025-12-11 04:29:37
7571,automatic,fantasypros.com,Week 10,Rashod,Bateman,WR,BAL,7.9,2025-12-11 04:29:37
11637,automatic,firstdown.studio,Week 10,Keon,Coleman,WR,BUF,7.9,2025-12-11 04:29:37
4177,automatic,sleeper.com,Week 11,Mack,Hollins,WR,NE,7.9,2025-12-11 04:29:37
4233,automatic,espn.com,Week 11,Zane,Gonzalez,K,ATL,7.9,2025-12-11 04:29:37
12499,automatic,firstdown.studio,Week 11,Elic,Ayomanor,WR,TEN,7.9,2025-12-11 04:29:37
5844,automatic,firstdown.studio,Week 11,T.J.,Hockenson,TE,MIN,7.9,2025-12-11 04:29:37
5230,automatic,sleeper.com,Week 12,Michael,Badgley,K,IND,7.9,2025-12-11 04:29:37
12534,automatic,espn.com,Week 12,Kyle,Monangai,RB,CHI,7.9,2025-12-11 04:29:37
11586,automatic,espn.com,Week 12,Blake,Corum,RB,LAR,7.9,2025-12-11 04:29:37
9487,automatic,espn.com,Week 12,Parker,Washington,WR,JAX,7.9,2025-12-11 04:29:37
3451,automatic,espn.com,Week 12,Ka'imi,Fairbairn,K,HOU,7.9,2025-12-11 04:29:37
CLE,dst_team_match,espn.com,Week 12,Browns D/ST,Defense,DST,CLE,7.9,2025-12-11 04:29:37
96,automatic,fantasypros.com,Week 12,Aaron,Rodgers,QB,PIT,7.9,2025-12-11 04:29:37
6783,automatic,sleeper.com,Week 13,Jerry,Jeudy,WR,CLE,7.9,2025-12-11 04:29:37
10955,automatic,sleeper.com,Week 13,Chad,Ryland,K,ARI,7.9,2025-12-11 04:29:37
6130,automatic,sleeper.com,Week 13,Devin,Singletary,RB,NYG,7.9,2025-12-11 04:29:37
10444,automatic,sleeper.com,Week 13,Cedric,Tillman,WR,CLE,7.9,2025-12-11 04:29:37
8132,automatic,espn.com,Week 13,Tyler,Allgeier,RB,ATL,7.9,2025-12-11 04:29:37
7922,automatic,espn.com,Week 13,Riley,Patterson,K,MIA,7.9,2025-12-11 04:29:37
7839,automatic,espn.com,Week 13,Evan,McPherson,K,CIN,7.9,2025-12-11 04:29:37
2020,automatic,espn.com,Week 13,Cairo,Santos,K,CHI,7.9,2025-12-11 04:29:37
4233,automatic,espn.com,Week 13,Zane,Gonzalez,K,ATL,7.9,2025-12-11 04:29:37
5872,automatic,fantasypros.com,Week 13,Deebo,Samuel Sr.,WR,WAS,7.9,2025-12-11 04:29:37
12492,automatic,sleeper.com,Week 14,Pat,Bryant,WR,DEN,7.9,2025-12-11 04:29:37
2020,automatic,sleeper.com,Week 14,Cairo,Santos,K,CHI,7.9,2025-12-11 04:29:37
11603,automatic,fantasypros.com,Week 14,AJ,Barner,TE,SEA,7.9,2025-12-11 04:29:37
1945,automatic,fantasypros.com,Week 14,Chris,Boswell,K,PIT,7.9,2025-12-11 04:29:37
6650,automatic,fantasypros.com,Week 14,Chase,McLaughlin,K,TB,7.9,2025-12-11 04:29:37
11586,automatic,fantasypros.com,Week 14,Blake,Corum,RB,LAR,7.9,2025-12-11 04:29:37
12490,automatic,fantasypros.com,Week 14,Bhayshul,Tuten,RB,JAX,7.9,2025-12-11 04:29:37
1945,automatic,espn.com,Week 14,Chris,Boswell,K,PIT,7.9,2025-12-11 04:29:37
8131,automatic,sleeper.com,Week 15,Isaiah,Likely,TE,BAL,7.9,2025-12-11 04:29:37
4233,automatic,sleeper.com,Week 15,Zane,Gonzalez,K,ATL,7.9,2025-12-11 04:29:37
11586,automatic,sleeper.com,Week 15,Blake,Corum,RB,LAR,7.9,2025-12-11 04:29:37
11792,automatic,espn.com,Week 15,Will,Reichard,K,MIN,7.9,2025-12-11 04:29:37
9500,automatic,fantasypros.com,Week 15,Josh,Downs,WR,IND,7.9,2025-12-11 04:29:37
4066,automatic,fantasypros.com,Week 15,Evan,Engram,TE,DEN,7.9,2025-12-11 04:29:37
12498,automatic,fantasypros.com,Week 15,Mason,Taylor,TE,NYJ,7.9,2025-12-11 04:29:37
CHI,dst_team_match,fantasypros.com,Week 15,Chicago Bears,Defense,DST,CHI,7.9,2025-12-11 04:29:37
DAL,dst_team_match,fantasypros.com,Week 15,Dallas Cowboys,Defense,DST,DAL,7.9,2025-12-11 04:29:37
11638,automatic,firstdown.studio,Week 15,Ricky,Pearsall,WR,SF,7.9,2025-12-11 04:29:37
3214,automatic,firstdown.studio,Week 15,Hunter,Henry,TE,NE,7.9,2025-12-11 04:29:37
6650,automatic,firstdown.studio,Week 15,Chase,McLaughlin,K,TB,7.9,2025-12-11 04:29:37
3451,automatic,firstdown.studio,Week 15,Ka'imi,Fairbairn,K,HOU,7.9,2025-12-11 04:29:37
,,sleeper.com,Week 12,Harrison,Mevis,K,LAR,7.9,2025-12-11 04:29:37
,,sleeper.com,Week 13,Jake,Moody,K,WAS,7.9,2025-12-11 04:29:37
,,sleeper.com,Week 13,Isaiah,Hodgins,WR,NYG,7.9,2025-12-11 04:29:37
11586,automatic,fanduel.com,Week 10,Blake,Corum,RB,LAR,7.89,2025-12-11 04:29:37
12492,automatic,fanduel.com,Week 11,Pat,Bryant,WR,DEN,7.86,2025-12-11 04:29:37
11626,automatic,fanduel.com,Week 13,Xavier,Legette,WR,CAR,7.85,2025-12-11 04:29:37
8180,automatic,fanduel.com,Week 14,Jalen,Nailor,WR,MIN,7.85,2025-12-11 04:29:37
9500,automatic,fanduel.com,Week 14,Josh,Downs,WR,IND,7.84,2025-12-11 04:29:37
8676,automatic,fanduel.com,Week 15,Rashid,Shaheed,WR,SEA,7.83,2025-12-11 04:29:37
2505,automatic,fanduel.com,Week 15,Darren,Waller,TE,MIA,7.82,2025-12-11 04:29:37
4950,automatic,fantasypros.com,Week 10,Christian,Kirk,WR,HOU,7.8,2025-12-11 04:29:37
10232,automatic,fantasypros.com,Week 10,Michael,Wilson,WR,ARI,7.8,2025-12-11 04:29:37
11792,automatic,fantasypros.com,Week 10,Will,Reichard,K,MIN,7.8,2025-12-11 04:29:37
BAL,dst_team_match,fantasypros.com,Week 10,Baltimore Ravens,Defense,DST,BAL,7.8,2025-12-11 04:29:37
6130,automatic,firstdown.studio,Week 10,Devin,Singletary,RB,NYG,7.8,2025-12-11 04:29:37
4666,automatic,sleeper.com,Week 11,Younghoe,Koo,K,NYG,7.8,2025-12-11 04:29:37
6271,automatic,sleeper.com,Week 11,Olamide,Zaccheaus,WR,CHI,7.8,2025-12-11 04:29:37
10219,automatic,sleeper.com,Week 11,Chris,Rodriguez,RB,WAS,7.8,2025-12-11 04:29:37
11646,automatic,sleeper.com,Week 11,Jalen,Coker,WR,CAR,7.8,2025-12-11 04:29:37
11786,automatic,espn.com,Week 11,Cam,Little,K,JAX,7.8,2025-12-11 04:29:37
4227,automatic,fantasypros.com,Week 11,Harrison,Butker,K,KC,7.8,2025-12-11 04:29:37
LAR,dst_team_match,fantasypros.com,Week 11,Los Angeles Rams,Defense,DST,LAR,7.8,2025-12-11 04:29:37
8125,automatic,firstdown.studio,Week 11,Calvin,Austin,WR,PIT,7.8,2025-12-11 04:29:37
6783,automatic,sleeper.com,Week 12,Jerry,Jeudy,WR,CLE,7.8,2025-12-11 04:29:37
11792,automatic,sleeper.com,Week 12,Will,Reichard,K,MIN,7.8,2025-12-11 04:29:37
11603,automatic,sleeper.com,Week 12,AJ,Barner,TE,SEA,7.8,2025-12-11 04:29:37
6650,automatic,espn.com,Week 12,Chase,McLaughlin,K,TB,7.8,2025-12-11 04:29:37
5857,automatic,fantasypros.com,Week 12,Noah,Fant,TE,CIN,7.8,2025-12-11 04:29:37
4195,automatic,fantasypros.com,Week 12,Jake,Elliott,K,PHI,7.8,2025-12-11 04:29:37
LAR,dst_team_match,fantasypros.com,Week 12,Los Angeles Rams,Defense,DST,LAR,7.8,2025-12-11 04:29:37
7891,automatic,sleeper.com,Week 13,Brock,Wright,TE,DET,7.8,2025-12-11 04:29:37
2505,automatic,sleeper.com,Week 13,Darren,Waller,TE,MIA,7.8,2025-12-11 04:29:37
6865,automatic,espn.com,Week 13,Colby,Parkinson,TE,LAR,7.8,2025-12-11 04:29:37
1433,automatic,espn.com,Week 13,Brandon,McManus,K,GB,7.8,2025-12-11 04:29:37
6650,automatic,fantasypros.com,Week 13,Chase,McLaughlin,K,TB,7.8,2025-12-11 04:29:37
PHI,dst_team_match,fantasypros.com,Week 13,Philadelphia Eagles,Defense,DST,PHI,7.8,2025-12-11 04:29:37
11589,automatic,sleeper.com,Week 14,Trey,Benson,RB,ARI,7.8,2025-12-11 04:29:37
8122,automatic,sleeper.com,Week 14,Zonovan,Knight,RB,ARI,7.8,2025-12-11 04:29:37
7922,automatic,sleeper.com,Week 14,Riley,Patterson,K,MIA,7.8,2025-12-11 04:29:37
LAR,dst_team_match,fantasypros.com,Week 14,Los Angeles Rams,Defense,DST,LAR,7.8,2025-12-11 04:29:37
12492,automatic,fantasypros.com,Week 14,Pat,Bryant,WR,DEN,7.8,2025-12-11 04:29:37
4066,automatic,espn.com,Week 14,Evan,Engram,TE,DEN,7.8,2025-12-11 04:29:37
8111,automatic,sleeper.com,Week 15,Cade,Otton,TE,TB,7.8,2025-12-11 04:29:37
8676,automatic,sleeper.com,Week 15,Rashid,Shaheed,WR,SEA,7.8,2025-12-11 04:29:37
5095,automatic,sleeper.com,Week 15,Daniel,Carlson,K,LV,7.8,2025-12-11 04:29:37
2505,automatic,sleeper.com,Week 15,Darren,Waller,TE,MIA,7.8,2025-12-11 04:29:37
1433,automatic,espn.com,Week 15,Brandon,McManus,K,GB,7.8,2025-12-11 04:29:37
7922,automatic,espn.com,Week 15,Riley,Patterson,K,MIA,7.8,2025-12-11 04:29:37
4233,automatic,espn.com,Week 15,Zane,Gonzalez,K,ATL,7.8,2025-12-11 04:29:37
4993,automatic,espn.com,Week 15,Mike,Gesicki,TE,CIN,7.8,2025-12-11 04:29:37
HOU,dst_team_match,espn.com,Week 15,Texans,Defense,DST,HOU,7.8,2025-12-11 04:29:37
12499,automatic,fantasypros.com,Week 15,Elic,Ayomanor,WR,TEN,7.8,2025-12-11 04:29:37
10219,automatic,firstdown.studio,Week 15,Chris,Rodriguez,RB,WAS,7.8,2025-12-11 04:29:37
6819,automatic,firstdown.studio,Week 15,Michael,Pittman,WR,IND,7.8,2025-12-11 04:29:37
8134,automatic,firstdown.studio,Week 15,Khalil,Shakir,WR,BUF,7.8,2025-12-11 04:29:37
,,sleeper.com,Week 13,Harrison,Mevis,K,LAR,7.8,2025-12-11 04:29:37
5906,automatic,fanduel.com,Week 11,Dawson,Knox,TE,BUF,7.78,2025-12-11 04:29:37
4098,automatic,fanduel.com,Week 14,Kareem,Hunt,RB,KC,7.78,2025-12-11 04:29:37
7587,automatic,fanduel.com,Week 11,Dyami,Brown,WR,JAX,7.75,2025-12-11 04:29:37
11834,automatic,fanduel.com,Week 15,Devaughn,Vele,WR,NO,7.75,2025-12-11 04:29:37
,,fanduel.com,Week 15,Isaiah,Hodgins,WR,NYG,7.75,2025-12-11 04:29:37
12484,automatic,fanduel.com,Week 14,Jayden,Higgins,WR,HOU,7.73,2025-12-11 04:29:37
5970,automatic,fanduel.com,Week 13,Greg,Dortch,WR,ARI,7.72,2025-12-11 04:29:37
10955,automatic,sleeper.com,Week 10,Chad,Ryland,K,ARI,7.7,2025-12-11 04:29:37
11261,automatic,sleeper.com,Week 10,Andre,Szmyt,K,CLE,7.7,2025-12-11 04:29:37
8122,automatic,sleeper.com,Week 10,Zonovan,Knight,RB,ARI,7.7,2025-12-11 04:29:37
7922,automatic,sleeper.com,Week 10,Riley,Patterson,K,MIA,7.7,2025-12-11 04:29:37
12517,automatic,espn.com,Week 10,Colston,Loveland,TE,CHI,7.7,2025-12-11 04:29:37
4233,automatic,espn.com,Week 10,Zane,Gonzalez,K,ATL,7.7,2025-12-11 04:29:37
5844,automatic,fantasypros.com,Week 10,T.J.,Hockenson,TE,MIN,7.7,2025-12-11 04:29:37
4988,automatic,firstdown.studio,Week 10,Nick,Chubb,RB,HOU,7.7,2025-12-11 04:29:37
12540,automatic,sleeper.com,Week 11,Chimere,Dike,WR,TEN,7.7,2025-12-11 04:29:37
8676,automatic,sleeper.com,Week 11,Rashid,Shaheed,WR,SEA,7.7,2025-12-11 04:29:37
11603,automatic,espn.com,Week 11,AJ,Barner,TE,SEA,7.7,2025-12-11 04:29:37
6083,automatic,espn.com,Week 11,Matt,Gay,K,WAS,7.7,2025-12-11 04:29:37
3678,automatic,espn.com,Week 11,Wil,Lutz,K,DEN,7.7,2025-12-11 04:29:37
GB,dst_team_match,espn.com,Week 11,Packers D/ST,Defense,DST,GB,7.7,2025-12-11 04:29:37
HOU,dst_team_match,espn.com,Week 11,Texans D/ST,Defense,DST,HOU,7.7,2025-12-11 04:29:37
5857,automatic,fantasypros.com,Week 11,Noah,Fant,TE,CIN,7.7,2025-12-11 04:29:37
12534,automatic,firstdown.studio,Week 11,Kyle,Monangai,RB,CHI,7.7,2025-12-11 04:29:37
9753,automatic,firstdown.studio,Week 11,Zach,Charbonnet,RB,SEA,7.7,2025-12-11 04:29:37
12517,automatic,firstdown.studio,Week 11,Colston,Loveland,TE,CHI,7.7,2025-12-11 04:29:37
4233,automatic,sleeper.com,Week 12,Zane,Gonzalez,K,ATL,7.7,2025-12-11 04:29:37
5773,automatic,espn.com,Week 12,KhaDarel,Hodge,WR,ATL,7.7,2025-12-11 04:29:37
9480,automatic,espn.com,Week 12,Brenton,Strange,TE,JAX,7.7,2025-12-11 04:29:37
4666,automatic,espn.com,Week 12,Younghoe,Koo,K,NYG,7.7,2025-12-11 04:29:37
10955,automatic,espn.com,Week 12,Chad,Ryland,K,ARI,7.7,2025-12-11 04:29:37
12961,automatic,espn.com,Week 12,Ryan,Fitzgerald,K,CAR,7.7,2025-12-11 04:29:37
4233,automatic,espn.com,Week 12,Zane,Gonzalez,K,ATL,7.7,2025-12-11 04:29:37
10444,automatic,fantasypros.com,Week 12,Cedric,Tillman,WR,CLE,7.7,2025-12-11 04:29:37
11603,automatic,espn.com,Week 13,AJ,Barner,TE,SEA,7.7,2025-12-11 04:29:37
3451,automatic,espn.com,Week 13,Ka'imi,Fairbairn,K,HOU,7.7,2025-12-11 04:29:37
12498,automatic,fantasypros.com,Week 13,Mason,Taylor,TE,NYJ,7.7,2025-12-11 04:29:37
4233,automatic,sleeper.com,Week 14,Zane,Gonzalez,K,ATL,7.7,2025-12-11 04:29:37
8676,automatic,sleeper.com,Week 14,Rashid,Shaheed,WR,SEA,7.7,2025-12-11 04:29:37
3451,automatic,fantasypros.com,Week 14,Ka'imi,Fairbairn,K,HOU,7.7,2025-12-11 04:29:37
11610,automatic,fantasypros.com,Week 14,Malik,Washington,WR,MIA,7.7,2025-12-11 04:29:37
650,automatic,espn.com,Week 14,Nick,Folk,K,NYJ,7.7,2025-12-11 04:29:37
3451,automatic,espn.com,Week 14,Ka'imi,Fairbairn,K,HOU,7.7,2025-12-11 04:29:37
12502,automatic,espn.com,Week 15,Gunnar,Helm,TE,TEN,7.7,2025-12-11 04:29:37
10226,automatic,fantasypros.com,Week 15,Andrei,Iosivas,WR,CIN,7.7,2025-12-11 04:29:37
11783,automatic,fantasypros.com,Week 15,Ryan,Flournoy,WR,DAL,7.7,2025-12-11 04:29:37
12535,automatic,fantasypros.com,Week 15,Isaac,TeSlaa,WR,DET,7.7,2025-12-11 04:29:37
8259,automatic,fantasypros.com,Week 15,Cameron,Dicker,K,LAC,7.7,2025-12-11 04:29:37
TB,dst_team_match,fantasypros.com,Week 15,Tampa Bay Buccaneers,Defense,DST,TB,7.7,2025-12-11 04:29:37
12484,automatic,firstdown.studio,Week 15,Jayden,Higgins,WR,HOU,7.7,2025-12-11 04:29:37
9480,automatic,firstdown.studio,Week 15,Brenton,Strange,TE,JAX,7.7,2025-12-11 04:29:37
2020,automatic,firstdown.studio,Week 15,Cairo,Santos,K,CHI,7.7,2025-12-11 04:29:37
1945,automatic,firstdown.studio,Week 15,Chris,Boswell,K,PIT,7.7,2025-12-11 04:29:37
4195,automatic,firstdown.studio,Week 15,Jake,Elliott,K,PHI,7.7,2025-12-11 04:29:37
12711,automatic,firstdown.studio,Week 15,Tyler,Loop,K,BAL,7.7,2025-12-11 04:29:37
11792,automatic,firstdown.studio,Week 15,Will,Reichard,K,MIN,7.7,2025-12-11 04:29:37
5001,automatic,fanduel.com,Week 13,Dalton,Schultz,TE,HOU,7.69,2025-12-11 04:29:37
2152,automatic,fanduel.com,Week 13,Teddy,Bridgewater,QB,TB,7.67,2025-12-11 04:29:37
9480,automatic,fanduel.com,Week 14,Brenton,Strange,TE,JAX,7.67,2025-12-11 04:29:37
9500,automatic,fanduel.com,Week 15,Josh,Downs,WR,IND,7.66,2025-12-11 04:29:37
4972,automatic,fanduel.com,Week 12,Mason,Rudolph,QB,PIT,7.65,2025-12-11 04:29:37
8205,automatic,fanduel.com,Week 13,Isiah,Pacheco,RB,KC,7.65,2025-12-11 04:29:37
1339,automatic,fanduel.com,Week 13,Zach,Ertz,TE,WAS,7.64,2025-12-11 04:29:37
9486,automatic,fanduel.com,Week 11,Dontayvion,Wicks,WR,GB,7.63,2025-12-11 04:29:37
6130,automatic,fanduel.com,Week 11,Devin,Singletary,RB,NYG,7.62,2025-12-11 04:29:37
8210,automatic,fanduel.com,Week 14,Chigoziem,Okonkwo,TE,TEN,7.62,2025-12-11 04:29:37
10213,automatic,fanduel.com,Week 14,Tre,Tucker,WR,LV,7.62,2025-12-11 04:29:37
4098,automatic,fanduel.com,Week 13,Kareem,Hunt,RB,KC,7.61,2025-12-11 04:29:37
8136,automatic,fanduel.com,Week 13,Rachaad,White,RB,TB,7.61,2025-12-11 04:29:37
12529,automatic,sleeper.com,Week 10,TreVeyon,Henderson,RB,NE,7.6,2025-12-11 04:29:37
10955,automatic,espn.com,Week 10,Chad,Ryland,K,ARI,7.6,2025-12-11 04:29:37
6083,automatic,espn.com,Week 10,Matt,Gay,K,WAS,7.6,2025-12-11 04:29:37
650,automatic,espn.com,Week 10,Nick,Folk,K,NYJ,7.6,2025-12-11 04:29:37
4033,automatic,fantasypros.com,Week 10,David,Njoku,TE,CLE,7.6,2025-12-11 04:29:37
12713,automatic,fantasypros.com,Week 10,Andy,Borregales,K,NE,7.6,2025-12-11 04:29:37
6271,automatic,firstdown.studio,Week 10,O.,Zaccheaus,WR,CHI,7.6,2025-12-11 04:29:37
6783,automatic,sleeper.com,Week 11,Jerry,Jeudy,WR,CLE,7.6,2025-12-11 04:29:37
10444,automatic,sleeper.com,Week 11,Cedric,Tillman,WR,CLE,7.6,2025-12-11 04:29:37
12534,automatic,sleeper.com,Week 11,Kyle,Monangai,RB,CHI,7.6,2025-12-11 04:29:37
4666,automatic,espn.com,Week 11,Younghoe,Koo,K,NYG,7.6,2025-12-11 04:29:37
650,automatic,espn.com,Week 11,Nick,Folk,K,NYJ,7.6,2025-12-11 04:29:37
12534,automatic,fantasypros.com,Week 11,Kyle,Monangai,RB,CHI,7.6,2025-12-11 04:29:37
11539,automatic,fantasypros.com,Week 11,Jake,Bates,K,DET,7.6,2025-12-11 04:29:37
5773,automatic,sleeper.com,Week 12,KhaDarel,Hodge,WR,ATL,7.6,2025-12-11 04:29:37
8932,automatic,sleeper.com,Week 12,Lucas,Havrisik,K,GB,7.6,2025-12-11 04:29:37
12484,automatic,sleeper.com,Week 12,Jayden,Higgins,WR,HOU,7.6,2025-12-11 04:29:37
4039,automatic,espn.com,Week 12,Cooper,Kupp,WR,SEA,7.6,2025-12-11 04:29:37
11625,automatic,espn.com,Week 12,Adonai,Mitchell,WR,NYJ,7.6,2025-12-11 04:29:37
8131,automatic,espn.com,Week 12,Isaiah,Likely,TE,BAL,7.6,2025-12-11 04:29:37
650,automatic,espn.com,Week 12,Nick,Folk,K,NYJ,7.6,2025-12-11 04:29:37
6130,automatic,fantasypros.com,Week 12,Devin,Singletary,RB,NYG,7.6,2025-12-11 04:29:37
12534,automatic,fantasypros.com,Week 12,Kyle,Monangai,RB,CHI,7.6,2025-12-11 04:29:37
11631,automatic,fantasypros.com,Week 12,Brian,Thomas Jr.,WR,JAX,7.6,2025-12-11 04:29:37
17,automatic,fantasypros.com,Week 12,Matt,Prater,K,BUF,7.6,2025-12-11 04:29:37
8676,automatic,sleeper.com,Week 13,Rashid,Shaheed,WR,SEA,7.6,2025-12-11 04:29:37
11625,automatic,sleeper.com,Week 13,Adonai,Mitchell,WR,NYJ,7.6,2025-12-11 04:29:37
2020,automatic,sleeper.com,Week 13,Cairo,Santos,K,CHI,7.6,2025-12-11 04:29:37
4381,automatic,espn.com,Week 13,Taysom,Hill,TE,NO,7.6,2025-12-11 04:29:37
4993,automatic,espn.com,Week 13,Mike,Gesicki,TE,CIN,7.6,2025-12-11 04:29:37
650,automatic,espn.com,Week 13,Nick,Folk,K,NYJ,7.6,2025-12-11 04:29:37
4666,automatic,espn.com,Week 13,Younghoe,Koo,K,NYG,7.6,2025-12-11 04:29:37
3678,automatic,fantasypros.com,Week 13,Wil,Lutz,K,DEN,7.6,2025-12-11 04:29:37
12519,automatic,sleeper.com,Week 14,Luther,Burden,WR,CHI,7.6,2025-12-11 04:29:37
4993,automatic,fantasypros.com,Week 14,Mike,Gesicki,TE,CIN,7.6,2025-12-11 04:29:37
9508,automatic,fantasypros.com,Week 14,Tyjae,Spears,RB,TEN,7.6,2025-12-11 04:29:37
5967,automatic,fantasypros.com,Week 14,Tony,Pollard,RB,TEN,7.6,2025-12-11 04:29:37
4195,automatic,espn.com,Week 14,Jake,Elliott,K,PHI,7.6,2025-12-11 04:29:37
4233,automatic,espn.com,Week 14,Zane,Gonzalez,K,ATL,7.6,2025-12-11 04:29:37
11792,automatic,espn.com,Week 14,Will,Reichard,K,MIN,7.6,2025-12-11 04:29:37
10222,automatic,sleeper.com,Week 15,Jayden,Reed,WR,GB,7.6,2025-12-11 04:29:37
8125,automatic,sleeper.com,Week 15,Calvin,Austin,WR,PIT,7.6,2025-12-11 04:29:37
12499,automatic,sleeper.com,Week 15,Elic,Ayomanor,WR,TEN,7.6,2025-12-11 04:29:37
5189,automatic,fantasypros.com,Week 15,Eddy,Pineiro,K,SF,7.6,2025-12-11 04:29:37
11539,automatic,fantasypros.com,Week 15,Jake,Bates,K,DET,7.6,2025-12-11 04:29:37
12518,automatic,firstdown.studio,Week 15,Tyler,Warren,TE,IND,7.6,2025-12-11 04:29:37
,,sleeper.com,Week 10,Matthew,Wright,K,HOU,7.6,2025-12-11 04:29:37
,,sleeper.com,Week 11,Harrison,Mevis,K,LAR,7.6,2025-12-11 04:29:37
,,fantasypros.com,Week 14,Harrison,Mevis,K,LAR,7.6,2025-12-11 04:29:37
,,fantasypros.com,Week 15,Harrison,Mevis,K,LAR,7.6,2025-12-11 04:29:37
11628,automatic,fanduel.com,Week 15,Marvin,Harrison Jr.,WR,ARI,7.59,2025-12-11 04:29:37
12484,automatic,fanduel.com,Week 13,Jayden,Higgins,WR,HOU,7.58,2025-12-11 04:29:37
11610,automatic,fanduel.com,Week 15,Malik,Washington,WR,MIA,7.58,2025-12-11 04:29:37
4988,automatic,fanduel.com,Week 10,Nick,Chubb,RB,HOU,7.57,2025-12-11 04:29:37
8131,automatic,fanduel.com,Week 10,Isaiah,Likely,TE,BAL,7.56,2025-12-11 04:29:37
9753,automatic,fanduel.com,Week 10,Zach,Charbonnet,RB,SEA,7.56,2025-12-11 04:29:37
11435,automatic,fanduel.com,Week 13,Emanuel,Wilson,RB,GB,7.56,2025-12-11 04:29:37
7594,automatic,fanduel.com,Week 13,Chuba,Hubbard,RB,CAR,7.55,2025-12-11 04:29:37
8136,automatic,fanduel.com,Week 15,Rachaad,White,RB,TB,7.55,2025-12-11 04:29:37
12519,automatic,fanduel.com,Week 12,Luther,Burden III,WR,CHI,7.54,2025-12-11 04:29:37
8147,automatic,fanduel.com,Week 13,John,Metchie III,WR,NYJ,7.53,2025-12-11 04:29:37
3271,automatic,fanduel.com,Week 10,Tyler,Higbee,TE,LAR,7.51,2025-12-11 04:29:37
11603,automatic,sleeper.com,Week 10,AJ,Barner,TE,SEA,7.5,2025-12-11 04:29:37
7922,automatic,espn.com,Week 10,Riley,Patterson,K,MIA,7.5,2025-12-11 04:29:37
11786,automatic,espn.com,Week 10,Cam,Little,K,JAX,7.5,2025-12-11 04:29:37
4199,automatic,fantasypros.com,Week 10,Aaron,Jones Sr.,RB,MIN,7.5,2025-12-11 04:29:37
11199,automatic,fantasypros.com,Week 10,Emari,Demercado,RB,ARI,7.5,2025-12-11 04:29:37
9481,automatic,fantasypros.com,Week 10,Luke,Musgrave,TE,GB,7.5,2025-12-11 04:29:37
CHI,dst_team_match,fantasypros.com,Week 10,Chicago Bears,Defense,DST,CHI,7.5,2025-12-11 04:29:37
11199,automatic,firstdown.studio,Week 10,Emari,Demercado,RB,ARI,7.5,2025-12-11 04:29:37
3269,automatic,sleeper.com,Week 11,Chris,Moore,WR,WAS,7.5,2025-12-11 04:29:37
11626,automatic,sleeper.com,Week 11,Xavier,Legette,WR,CAR,7.5,2025-12-11 04:29:37
12484,automatic,sleeper.com,Week 11,Jayden,Higgins,WR,HOU,7.5,2025-12-11 04:29:37
12713,automatic,sleeper.com,Week 11,Andy,Borregales,K,NE,7.5,2025-12-11 04:29:37
5095,automatic,espn.com,Week 11,Daniel,Carlson,K,LV,7.5,2025-12-11 04:29:37
827,automatic,fantasypros.com,Week 11,Tyrod,Taylor,QB,NYJ,7.5,2025-12-11 04:29:37
MIN,dst_team_match,fantasypros.com,Week 11,Minnesota Vikings,Defense,DST,MIN,7.5,2025-12-11 04:29:37
6945,hardcoded,firstdown.studio,Week 11,Bam,Knight,RB,ARI,7.5,2025-12-11 04:29:37
7567,automatic,firstdown.studio,Week 11,Kenneth,Gainwell,RB,PIT,7.5,2025-12-11 04:29:37
12961,automatic,sleeper.com,Week 12,Ryan,Fitzgerald,K,CAR,7.5,2025-12-11 04:29:37
2374,automatic,sleeper.com,Week 12,Tyler,Lockett,WR,LV,7.5,2025-12-11 04:29:37
11058,automatic,sleeper.com,Week 12,Blake,Grupe,K,NO,7.5,2025-12-11 04:29:37
11834,automatic,sleeper.com,Week 12,Devaughn,Vele,WR,NO,7.5,2025-12-11 04:29:37
11792,automatic,espn.com,Week 12,Will,Reichard,K,MIN,7.5,2025-12-11 04:29:37
GB,dst_team_match,espn.com,Week 12,Packers D/ST,Defense,DST,GB,7.5,2025-12-11 04:29:37
12499,automatic,fantasypros.com,Week 12,Elic,Ayomanor,WR,TEN,7.5,2025-12-11 04:29:37
CHI,dst_team_match,fantasypros.com,Week 12,Chicago Bears,Defense,DST,CHI,7.5,2025-12-11 04:29:37
11586,automatic,sleeper.com,Week 13,Blake,Corum,RB,LAR,7.5,2025-12-11 04:29:37
11792,automatic,sleeper.com,Week 13,Will,Reichard,K,MIN,7.5,2025-12-11 04:29:37
12490,automatic,sleeper.com,Week 13,Bhayshul,Tuten,RB,JAX,7.5,2025-12-11 04:29:37
6528,automatic,espn.com,Week 13,Joey,Slye,K,TEN,7.5,2025-12-11 04:29:37
LAR,dst_team_match,espn.com,Week 13,Rams D/ST,Defense,DST,LAR,7.5,2025-12-11 04:29:37
4972,automatic,fantasypros.com,Week 13,Mason,Rudolph,QB,PIT,7.5,2025-12-11 04:29:37
8167,automatic,fantasypros.com,Week 13,Christian,Watson,WR,GB,7.5,2025-12-11 04:29:37
SF,dst_team_match,fantasypros.com,Week 13,San Francisco 49ers,Defense,DST,SF,7.5,2025-12-11 04:29:37
4066,automatic,sleeper.com,Week 14,Evan,Engram,TE,DEN,7.5,2025-12-11 04:29:37
4147,automatic,sleeper.com,Week 14,Samaje,Perine,RB,CIN,7.5,2025-12-11 04:29:37
17,automatic,fantasypros.com,Week 14,Matt,Prater,K,BUF,7.5,2025-12-11 04:29:37
TB,dst_team_match,fantasypros.com,Week 14,Tampa Bay Buccaneers,Defense,DST,TB,7.5,2025-12-11 04:29:37
12961,automatic,sleeper.com,Week 15,Ryan,Fitzgerald,K,CAR,7.5,2025-12-11 04:29:37
12519,automatic,sleeper.com,Week 15,Luther,Burden,WR,CHI,7.5,2025-12-11 04:29:37
11646,automatic,sleeper.com,Week 15,Jalen,Coker,WR,CAR,7.5,2025-12-11 04:29:37
7922,automatic,sleeper.com,Week 15,Riley,Patterson,K,MIA,7.5,2025-12-11 04:29:37
4066,automatic,espn.com,Week 15,Evan,Engram,TE,DEN,7.5,2025-12-11 04:29:37
8408,automatic,fantasypros.com,Week 15,Jordan,Mason,RB,MIN,7.5,2025-12-11 04:29:37
6271,automatic,fantasypros.com,Week 15,Olamide,Zaccheaus,WR,CHI,7.5,2025-12-11 04:29:37
11626,automatic,fantasypros.com,Week 15,Xavier,Legette,WR,CAR,7.5,2025-12-11 04:29:37
12713,automatic,fantasypros.com,Week 15,Andy,Borregales,K,NE,7.5,2025-12-11 04:29:37
7611,automatic,firstdown.studio,Week 15,R.,Stevenson,RB,NE,7.5,2025-12-11 04:29:37
11624,automatic,firstdown.studio,Week 15,Xavier,Worthy,WR,KC,7.5,2025-12-11 04:29:37
1479,automatic,firstdown.studio,Week 15,Keenan,Allen,WR,LAC,7.5,2025-12-11 04:29:37
10236,automatic,firstdown.studio,Week 15,Dalton,Kincaid,TE,BUF,7.5,2025-12-11 04:29:37
8259,automatic,firstdown.studio,Week 15,Cameron,Dicker,K,LAC,7.5,2025-12-11 04:29:37
8136,automatic,fanduel.com,Week 10,Rachaad,White,RB,TB,7.49,2025-12-11 04:29:37
12540,automatic,fanduel.com,Week 11,Chimere,Dike,WR,TEN,7.48,2025-12-11 04:29:37
1339,automatic,fanduel.com,Week 14,Zach,Ertz,TE,WAS,7.48,2025-12-11 04:29:37
3271,automatic,fanduel.com,Week 11,Tyler,Higbee,TE,LAR,7.47,2025-12-11 04:29:37
4098,automatic,fanduel.com,Week 12,Kareem,Hunt,RB,KC,7.47,2025-12-11 04:29:37
7891,automatic,fanduel.com,Week 13,Brock,Wright,TE,DET,7.47,2025-12-11 04:29:37
5001,automatic,fanduel.com,Week 12,Dalton,Schultz,TE,HOU,7.45,2025-12-11 04:29:37
12498,automatic,fanduel.com,Week 13,Mason,Taylor,TE,NYJ,7.43,2025-12-11 04:29:37
12517,automatic,fanduel.com,Week 14,Colston,Loveland,TE,CHI,7.42,2025-12-11 04:29:37
4988,automatic,fanduel.com,Week 14,Nick,Chubb,RB,HOU,7.41,2025-12-11 04:29:37
9504,automatic,fanduel.com,Week 10,Kayshon,Boutte,WR,NE,7.4,2025-12-11 04:29:37
11261,automatic,espn.com,Week 10,Andre,Szmyt,K,CLE,7.4,2025-12-11 04:29:37
1433,automatic,fantasypros.com,Week 10,Brandon,McManus,K,GB,7.4,2025-12-11 04:29:37
9481,automatic,firstdown.studio,Week 10,Luke,Musgrave,TE,GB,7.4,2025-12-11 04:29:37
12961,automatic,espn.com,Week 11,Ryan,Fitzgerald,K,CAR,7.4,2025-12-11 04:29:37
11261,automatic,espn.com,Week 11,Andre,Szmyt,K,CLE,7.4,2025-12-11 04:29:37
4144,automatic,fantasypros.com,Week 11,Jonnu,Smith,TE,PIT,7.4,2025-12-11 04:29:37
17,automatic,fantasypros.com,Week 11,Matt,Prater,K,BUF,7.4,2025-12-11 04:29:37
9480,automatic,sleeper.com,Week 12,Brenton,Strange,TE,JAX,7.4,2025-12-11 04:29:37
8132,automatic,sleeper.com,Week 12,Tyler,Allgeier,RB,ATL,7.4,2025-12-11 04:29:37
7571,automatic,sleeper.com,Week 12,Rashod,Bateman,WR,BAL,7.4,2025-12-11 04:29:37
6945,hardcoded,espn.com,Week 12,Bam,Knight,RB,ARI,7.4,2025-12-11 04:29:37
12490,automatic,espn.com,Week 12,Bhayshul,Tuten,RB,JAX,7.4,2025-12-11 04:29:37
12501,automatic,fantasypros.com,Week 12,Matthew,Golden,WR,GB,7.4,2025-12-11 04:29:37
12498,automatic,fantasypros.com,Week 12,Mason,Taylor,TE,NYJ,7.4,2025-12-11 04:29:37
5844,automatic,fantasypros.com,Week 12,T.J.,Hockenson,TE,MIN,7.4,2025-12-11 04:29:37
11647,automatic,sleeper.com,Week 13,Kimani,Vidal,RB,LAC,7.4,2025-12-11 04:29:37
12499,automatic,sleeper.com,Week 13,Elic,Ayomanor,WR,TEN,7.4,2025-12-11 04:29:37
11646,automatic,sleeper.com,Week 13,Jalen,Coker,WR,CAR,7.4,2025-12-11 04:29:37
12713,automatic,sleeper.com,Week 13,Andy,Borregales,K,NE,7.4,2025-12-11 04:29:37
11435,automatic,sleeper.com,Week 13,Emanuel,Wilson,RB,GB,7.4,2025-12-11 04:29:37
12517,automatic,espn.com,Week 13,Colston,Loveland,TE,CHI,7.4,2025-12-11 04:29:37
11261,automatic,espn.com,Week 13,Andre,Szmyt,K,CLE,7.4,2025-12-11 04:29:37
10955,automatic,espn.com,Week 13,Chad,Ryland,K,ARI,7.4,2025-12-11 04:29:37
8131,automatic,fantasypros.com,Week 13,Isaiah,Likely,TE,BAL,7.4,2025-12-11 04:29:37
17,automatic,fantasypros.com,Week 13,Matt,Prater,K,BUF,7.4,2025-12-11 04:29:37
4199,automatic,sleeper.com,Week 14,Aaron,Jones,RB,MIN,7.4,2025-12-11 04:29:37
8259,automatic,fantasypros.com,Week 14,Cameron,Dicker,K,LAC,7.4,2025-12-11 04:29:37
8676,automatic,fantasypros.com,Week 14,Rashid,Shaheed,WR,SEA,7.4,2025-12-11 04:29:37
11261,automatic,espn.com,Week 14,Andre,Szmyt,K,CLE,7.4,2025-12-11 04:29:37
8131,automatic,espn.com,Week 14,Isaiah,Likely,TE,BAL,7.4,2025-12-11 04:29:37
10444,automatic,sleeper.com,Week 15,Cedric,Tillman,WR,CLE,7.4,2025-12-11 04:29:37
6528,automatic,espn.com,Week 15,Joey,Slye,K,TEN,7.4,2025-12-11 04:29:37
12961,automatic,espn.com,Week 15,Ryan,Fitzgerald,K,CAR,7.4,2025-12-11 04:29:37
12498,automatic,espn.com,Week 15,Mason,Taylor,TE,NYJ,7.4,2025-12-11 04:29:37
7607,automatic,fantasypros.com,Week 15,Michael,Carter,RB,ARI,7.4,2025-12-11 04:29:37
8132,automatic,fantasypros.com,Week 15,Tyler,Allgeier,RB,ATL,7.4,2025-12-11 04:29:37
5844,automatic,fantasypros.com,Week 15,T.J.,Hockenson,TE,MIN,7.4,2025-12-11 04:29:37
17,automatic,fantasypros.com,Week 15,Matt,Prater,K,BUF,7.4,2025-12-11 04:29:37
1945,automatic,fantasypros.com,Week 15,Chris,Boswell,K,PIT,7.4,2025-12-11 04:29:37
11625,automatic,firstdown.studio,Week 15,Adonai,Mitchell,WR,NYJ,7.4,2025-12-11 04:29:37
11597,automatic,firstdown.studio,Week 15,Theo,Johnson,TE,NYG,7.4,2025-12-11 04:29:37
5022,automatic,firstdown.studio,Week 15,Dallas,Goedert,TE,PHI,7.4,2025-12-11 04:29:37
12493,automatic,firstdown.studio,Week 15,Oronde,Gadsden,TE,LAC,7.4,2025-12-11 04:29:37
7839,automatic,firstdown.studio,Week 15,Evan,McPherson,K,CIN,7.4,2025-12-11 04:29:37
,,fantasypros.com,Week 12,Harrison,Mevis,K,LAR,7.4,2025-12-11 04:29:37
11626,automatic,fanduel.com,Week 10,Xavier,Legette,WR,CAR,7.39,2025-12-11 04:29:37
10213,automatic,fanduel.com,Week 15,Tre,Tucker,WR,LV,7.39,2025-12-11 04:29:37
6149,automatic,fanduel.com,Week 13,Darius,Slayton,WR,NYG,7.38,2025-12-11 04:29:37
7600,automatic,fanduel.com,Week 11,Pat,Freiermuth,TE,PIT,7.36,2025-12-11 04:29:37
5844,automatic,fanduel.com,Week 13,T.J.,Hockenson,TE,MIN,7.36,2025-12-11 04:29:37
12499,automatic,fanduel.com,Week 14,Elic,Ayomanor,WR,TEN,7.36,2025-12-11 04:29:37
6154,automatic,fanduel.com,Week 15,David,Sills V,WR,ATL,7.36,2025-12-11 04:29:37
8131,automatic,fanduel.com,Week 15,Isaiah,Likely,TE,BAL,7.36,2025-12-11 04:29:37
4988,automatic,fanduel.com,Week 12,Nick,Chubb,RB,HOU,7.35,2025-12-11 04:29:37
10219,automatic,fanduel.com,Week 14,Chris,Rodriguez Jr.,RB,WAS,7.33,2025-12-11 04:29:37
12497,automatic,sleeper.com,Week 10,Tory,Horton,WR,SEA,7.3,2025-12-11 04:29:37
4066,automatic,espn.com,Week 10,Evan,Engram,TE,DEN,7.3,2025-12-11 04:29:37
3271,automatic,espn.com,Week 10,Tyler,Higbee,TE,LAR,7.3,2025-12-11 04:29:37
4988,automatic,fantasypros.com,Week 10,Nick,Chubb,RB,HOU,7.3,2025-12-11 04:29:37
4950,automatic,firstdown.studio,Week 10,Christian,Kirk,WR,HOU,7.3,2025-12-11 04:29:37
9494,automatic,sleeper.com,Week 11,Marvin,Mims,WR,DEN,7.3,2025-12-11 04:29:37
11571,automatic,espn.com,Week 11,Isaiah,Davis,RB,NYJ,7.3,2025-12-11 04:29:37
9480,automatic,espn.com,Week 11,Brenton,Strange,TE,JAX,7.3,2025-12-11 04:29:37
NE,dst_team_match,espn.com,Week 11,Patriots D/ST,Defense,DST,NE,7.3,2025-12-11 04:29:37
5906,automatic,firstdown.studio,Week 11,Dawson,Knox,TE,BUF,7.3,2025-12-11 04:29:37
11571,automatic,sleeper.com,Week 12,Isaiah,Davis,RB,NYJ,7.3,2025-12-11 04:29:37
3451,automatic,sleeper.com,Week 12,Ka'imi,Fairbairn,K,HOU,7.3,2025-12-11 04:29:37
11058,automatic,espn.com,Week 12,Blake,Grupe,K,NO,7.3,2025-12-11 04:29:37
11261,automatic,espn.com,Week 12,Andre,Szmyt,K,CLE,7.3,2025-12-11 04:29:37
9501,automatic,fantasypros.com,Week 12,DeMario,Douglas,WR,NE,7.3,2025-12-11 04:29:37
4033,automatic,fantasypros.com,Week 12,David,Njoku,TE,CLE,7.3,2025-12-11 04:29:37
8125,automatic,sleeper.com,Week 13,Calvin,Austin,WR,PIT,7.3,2025-12-11 04:29:37
12519,automatic,sleeper.com,Week 13,Luther,Burden,WR,CHI,7.3,2025-12-11 04:29:37
DEN,dst_team_match,espn.com,Week 13,Broncos D/ST,Defense,DST,DEN,7.3,2025-12-11 04:29:37
11261,automatic,sleeper.com,Week 14,Andre,Szmyt,K,CLE,7.3,2025-12-11 04:29:37
7839,automatic,fantasypros.com,Week 14,Evan,McPherson,K,CIN,7.3,2025-12-11 04:29:37
11786,automatic,fantasypros.com,Week 14,Cam,Little,K,JAX,7.3,2025-12-11 04:29:37
1433,automatic,fantasypros.com,Week 14,Brandon,McManus,K,GB,7.3,2025-12-11 04:29:37
HOU,dst_team_match,fantasypros.com,Week 14,Houston Texans,Defense,DST,HOU,7.3,2025-12-11 04:29:37
12507,automatic,fantasypros.com,Week 14,Omarion,Hampton,RB,LAC,7.3,2025-12-11 04:29:37
9487,automatic,fantasypros.com,Week 14,Parker,Washington,WR,JAX,7.3,2025-12-11 04:29:37
2505,automatic,espn.com,Week 14,Darren,Waller,TE,MIA,7.3,2025-12-11 04:29:37
10955,automatic,sleeper.com,Week 15,Chad,Ryland,K,ARI,7.3,2025-12-11 04:29:37
9479,automatic,sleeper.com,Week 15,Darnell,Washington,TE,PIT,7.3,2025-12-11 04:29:37
7571,automatic,sleeper.com,Week 15,Rashod,Bateman,WR,BAL,7.3,2025-12-11 04:29:37
650,automatic,espn.com,Week 15,Nick,Folk,K,NYJ,7.3,2025-12-11 04:29:37
11261,automatic,espn.com,Week 15,Andre,Szmyt,K,CLE,7.3,2025-12-11 04:29:37
PHI,dst_team_match,espn.com,Week 15,Eagles,Defense,DST,PHI,7.3,2025-12-11 04:29:37
3678,automatic,fantasypros.com,Week 15,Wil,Lutz,K,DEN,7.3,2025-12-11 04:29:37
DEN,dst_team_match,fantasypros.com,Week 15,Denver Broncos,Defense,DST,DEN,7.3,2025-12-11 04:29:37
12540,automatic,fanduel.com,Week 15,Chimere,Dike,WR,TEN,7.3,2025-12-11 04:29:37
8121,automatic,firstdown.studio,Week 15,Romeo,Doubs,WR,GB,7.3,2025-12-11 04:29:37
11834,automatic,firstdown.studio,Week 15,Devaughn,Vele,WR,NO,7.3,2025-12-11 04:29:37
5001,automatic,firstdown.studio,Week 15,Dalton,Schultz,TE,HOU,7.3,2025-12-11 04:29:37
,,sleeper.com,Week 15,Blake,Grupe,K,IND,7.3,2025-12-11 04:29:37
,,espn.com,Week 15,Jake,Moody,K,WAS,7.3,2025-12-11 04:29:37
8122,automatic,fanduel.com,Week 13,Zonovan,Knight,RB,ARI,7.29,2025-12-11 04:29:37
11638,automatic,fanduel.com,Week 13,Ricky,Pearsall,WR,SF,7.28,2025-12-11 04:29:37
5844,automatic,fanduel.com,Week 12,T.J.,Hockenson,TE,MIN,7.27,2025-12-11 04:29:37
12534,automatic,fanduel.com,Week 13,Kyle,Monangai,RB,CHI,7.27,2025-12-11 04:29:37
11603,automatic,fanduel.com,Week 15,AJ,Barner,TE,SEA,7.27,2025-12-11 04:29:37
5857,automatic,fanduel.com,Week 11,Noah,Fant,TE,CIN,7.26,2025-12-11 04:29:37
12495,automatic,fanduel.com,Week 11,Ollie,Gordon II,RB,MIA,7.25,2025-12-11 04:29:37
8111,automatic,fanduel.com,Week 13,Cade,Otton,TE,TB,7.25,2025-12-11 04:29:37
11610,automatic,fanduel.com,Week 14,Malik,Washington,WR,MIA,7.25,2025-12-11 04:29:37
4314,automatic,fanduel.com,Week 11,Johnny,Mundt,TE,JAX,7.24,2025-12-11 04:29:37
8111,automatic,fanduel.com,Week 14,Cade,Otton,TE,TB,7.23,2025-12-11 04:29:37
8180,automatic,fanduel.com,Week 12,Jalen,Nailor,WR,MIN,7.22,2025-12-11 04:29:37
4066,automatic,fanduel.com,Week 14,Evan,Engram,TE,DEN,7.22,2025-12-11 04:29:37
9482,automatic,fanduel.com,Week 11,Michael,Mayer,TE,LV,7.21,2025-12-11 04:29:37
11834,automatic,sleeper.com,Week 10,Devaughn,Vele,WR,NO,7.2,2025-12-11 04:29:37
3200,automatic,fantasypros.com,Week 10,Sterling,Shepard,WR,TB,7.2,2025-12-11 04:29:37
11603,automatic,fantasypros.com,Week 10,AJ,Barner,TE,SEA,7.2,2025-12-11 04:29:37
11789,automatic,fantasypros.com,Week 10,Joshua,Karty,K,LAR,7.2,2025-12-11 04:29:37
NE,dst_team_match,fantasypros.com,Week 10,New England Patriots,Defense,DST,NE,7.2,2025-12-11 04:29:37
8125,automatic,firstdown.studio,Week 10,Calvin,Austin,WR,PIT,7.2,2025-12-11 04:29:37
4144,automatic,firstdown.studio,Week 10,Jonnu,Smith,TE,PIT,7.2,2025-12-11 04:29:37
12961,automatic,sleeper.com,Week 11,Ryan,Fitzgerald,K,CAR,7.2,2025-12-11 04:29:37
LAC,dst_team_match,espn.com,Week 11,Chargers D/ST,Defense,DST,LAC,7.2,2025-12-11 04:29:37
11199,automatic,fantasypros.com,Week 11,Emari,Demercado,RB,ARI,7.2,2025-12-11 04:29:37
2747,automatic,fantasypros.com,Week 11,Jason,Myers,K,SEA,7.2,2025-12-11 04:29:37
DAL,dst_team_match,fantasypros.com,Week 11,Dallas Cowboys,Defense,DST,DAL,7.2,2025-12-11 04:29:37
6806,automatic,firstdown.studio,Week 11,J.K.,Dobbins,RB,DEN,7.2,2025-12-11 04:29:37
8676,automatic,firstdown.studio,Week 11,Rashid,Shaheed,WR,SEA,7.2,2025-12-11 04:29:37
12540,automatic,firstdown.studio,Week 11,Chimere,Dike,WR,TEN,7.2,2025-12-11 04:29:37
6853,automatic,sleeper.com,Week 12,Van,Jefferson,WR,TEN,7.2,2025-12-11 04:29:37
LV,dst_team_match,espn.com,Week 12,Raiders D/ST,Defense,DST,LV,7.2,2025-12-11 04:29:37
5970,automatic,fanduel.com,Week 12,Greg,Dortch,WR,ARI,7.2,2025-12-11 04:29:37
12490,automatic,fantasypros.com,Week 12,Bhayshul,Tuten,RB,JAX,7.2,2025-12-11 04:29:37
7839,automatic,fantasypros.com,Week 12,Evan,McPherson,K,CIN,7.2,2025-12-11 04:29:37
PIT,dst_team_match,fantasypros.com,Week 12,Pittsburgh Steelers,Defense,DST,PIT,7.2,2025-12-11 04:29:37
5844,automatic,sleeper.com,Week 13,T.J.,Hockenson,TE,MIN,7.2,2025-12-11 04:29:37
11626,automatic,sleeper.com,Week 13,Xavier,Legette,WR,CAR,7.2,2025-12-11 04:29:37
JAX,dst_team_match,espn.com,Week 13,Jaguars D/ST,Defense,DST,JAX,7.2,2025-12-11 04:29:37
7090,automatic,fantasypros.com,Week 13,Darnell,Mooney,WR,ATL,7.2,2025-12-11 04:29:37
BAL,dst_team_match,fantasypros.com,Week 13,Baltimore Ravens,Defense,DST,BAL,7.2,2025-12-11 04:29:37
8131,automatic,sleeper.com,Week 14,Isaiah,Likely,TE,BAL,7.2,2025-12-11 04:29:37
650,automatic,sleeper.com,Week 14,Nick,Folk,K,NYJ,7.2,2025-12-11 04:29:37
7922,automatic,fantasypros.com,Week 14,Riley,Patterson,K,MIA,7.2,2025-12-11 04:29:37
4227,automatic,fantasypros.com,Week 14,Harrison,Butker,K,KC,7.2,2025-12-11 04:29:37
BAL,dst_team_match,fantasypros.com,Week 14,Baltimore Ravens,Defense,DST,BAL,7.2,2025-12-11 04:29:37
8205,automatic,fantasypros.com,Week 14,Isiah,Pacheco,RB,KC,7.2,2025-12-11 04:29:37
4039,automatic,fantasypros.com,Week 14,Cooper,Kupp,WR,SEA,7.2,2025-12-11 04:29:37
12502,automatic,espn.com,Week 14,Gunnar,Helm,TE,TEN,7.2,2025-12-11 04:29:37
12498,automatic,sleeper.com,Week 15,Mason,Taylor,TE,NYJ,7.2,2025-12-11 04:29:37
7611,automatic,sleeper.com,Week 15,Rhamondre,Stevenson,RB,NE,7.2,2025-12-11 04:29:37
11653,automatic,espn.com,Week 15,Charlie,Smyth,K,NO,7.2,2025-12-11 04:29:37
2216,automatic,fantasypros.com,Week 15,Mike,Evans,WR,TB,7.2,2025-12-11 04:29:37
11637,automatic,fantasypros.com,Week 15,Keon,Coleman,WR,BUF,7.2,2025-12-11 04:29:37
6943,automatic,fantasypros.com,Week 15,Gabe,Davis,WR,BUF,7.2,2025-12-11 04:29:37
4227,automatic,fantasypros.com,Week 15,Harrison,Butker,K,KC,7.2,2025-12-11 04:29:37
2020,automatic,fantasypros.com,Week 15,Cairo,Santos,K,CHI,7.2,2025-12-11 04:29:37
9754,automatic,firstdown.studio,Week 15,Quentin,Johnston,WR,LAC,7.2,2025-12-11 04:29:37
,,fantasypros.com,Week 13,Harrison,Mevis,K,LAR,7.2,2025-12-11 04:29:37
7600,automatic,fanduel.com,Week 13,Pat,Freiermuth,TE,PIT,7.19,2025-12-11 04:29:37
9486,automatic,fanduel.com,Week 12,Dontayvion,Wicks,WR,GB,7.18,2025-12-11 04:29:37
6853,automatic,fanduel.com,Week 12,Van,Jefferson,WR,TEN,7.18,2025-12-11 04:29:37
6130,automatic,fanduel.com,Week 13,Devin,Singletary,RB,NYG,7.18,2025-12-11 04:29:37
4144,automatic,fanduel.com,Week 13,Jonnu,Smith,TE,PIT,7.16,2025-12-11 04:29:37
12519,automatic,fanduel.com,Week 15,Luther,Burden III,WR,CHI,7.16,2025-12-11 04:29:37
12485,automatic,fanduel.com,Week 12,Tez,Johnson,WR,TB,7.15,2025-12-11 04:29:37
11435,automatic,fanduel.com,Week 14,Emanuel,Wilson,RB,GB,7.15,2025-12-11 04:29:37
11603,automatic,fanduel.com,Week 10,AJ,Barner,TE,SEA,7.14,2025-12-11 04:29:37
10444,automatic,fanduel.com,Week 12,Cedric,Tillman,WR,CLE,7.11,2025-12-11 04:29:37
11646,automatic,sleeper.com,Week 10,Jalen,Coker,WR,CAR,7.1,2025-12-11 04:29:37
DET,dst_team_match,espn.com,Week 10,Lions D/ST,Defense,DST,DET,7.1,2025-12-11 04:29:37
11586,automatic,fantasypros.com,Week 10,Blake,Corum,RB,LAR,7.1,2025-12-11 04:29:37
11626,automatic,fantasypros.com,Week 10,Xavier,Legette,WR,CAR,7.1,2025-12-11 04:29:37
11646,automatic,fantasypros.com,Week 10,Jalen,Coker,WR,CAR,7.1,2025-12-11 04:29:37
12498,automatic,fantasypros.com,Week 11,Mason,Taylor,TE,NYJ,7.1,2025-12-11 04:29:37
11630,automatic,sleeper.com,Week 12,Roman,Wilson,WR,PIT,7.1,2025-12-11 04:29:37
7611,automatic,sleeper.com,Week 12,Rhamondre,Stevenson,RB,NE,7.1,2025-12-11 04:29:37
11068,automatic,sleeper.com,Week 12,Mitch,Tinsley,WR,CIN,7.1,2025-12-11 04:29:37
4098,automatic,espn.com,Week 12,Kareem,Hunt,RB,KC,7.1,2025-12-11 04:29:37
9482,automatic,espn.com,Week 12,Michael,Mayer,TE,LV,7.1,2025-12-11 04:29:37
4144,automatic,espn.com,Week 12,Jonnu,Smith,TE,PIT,7.1,2025-12-11 04:29:37
6528,automatic,espn.com,Week 12,Joey,Slye,K,TEN,7.1,2025-12-11 04:29:37
SEA,dst_team_match,espn.com,Week 12,Seahawks D/ST,Defense,DST,SEA,7.1,2025-12-11 04:29:37
7891,automatic,fanduel.com,Week 12,Brock,Wright,TE,DET,7.1,2025-12-11 04:29:37
8132,automatic,fantasypros.com,Week 12,Tyler,Allgeier,RB,ATL,7.1,2025-12-11 04:29:37
11586,automatic,fantasypros.com,Week 12,Blake,Corum,RB,LAR,7.1,2025-12-11 04:29:37
7600,automatic,fantasypros.com,Week 12,Pat,Freiermuth,TE,PIT,7.1,2025-12-11 04:29:37
9481,automatic,fantasypros.com,Week 12,Luke,Musgrave,TE,GB,7.1,2025-12-11 04:29:37
9506,automatic,sleeper.com,Week 13,Sean,Tucker,RB,TB,7.1,2025-12-11 04:29:37
7611,automatic,sleeper.com,Week 13,Rhamondre,Stevenson,RB,NE,7.1,2025-12-11 04:29:37
12490,automatic,espn.com,Week 13,Bhayshul,Tuten,RB,JAX,7.1,2025-12-11 04:29:37
8172,automatic,espn.com,Week 13,Greg,Dulcich,TE,MIA,7.1,2025-12-11 04:29:37
SF,dst_team_match,espn.com,Week 13,49ers D/ST,Defense,DST,SF,7.1,2025-12-11 04:29:37
4066,automatic,fantasypros.com,Week 13,Evan,Engram,TE,DEN,7.1,2025-12-11 04:29:37
9486,automatic,sleeper.com,Week 14,Dontayvion,Wicks,WR,GB,7.1,2025-12-11 04:29:37
8132,automatic,fantasypros.com,Week 14,Tyler,Allgeier,RB,ATL,7.1,2025-12-11 04:29:37
12485,automatic,fantasypros.com,Week 14,Tez,Johnson,WR,TB,7.1,2025-12-11 04:29:37
10955,automatic,espn.com,Week 14,Chad,Ryland,K,ARI,7.1,2025-12-11 04:29:37
4147,automatic,sleeper.com,Week 15,Samaje,Perine,RB,CIN,7.1,2025-12-11 04:29:37
11626,automatic,sleeper.com,Week 15,Xavier,Legette,WR,CAR,7.1,2025-12-11 04:29:37
DAL,dst_team_match,espn.com,Week 15,Cowboys,Defense,DST,DAL,7.1,2025-12-11 04:29:37
4195,automatic,fantasypros.com,Week 15,Jake,Elliott,K,PHI,7.1,2025-12-11 04:29:37
5967,automatic,firstdown.studio,Week 15,Tony,Pollard,RB,TEN,7.1,2025-12-11 04:29:37
8142,automatic,firstdown.studio,Week 15,Alec,Pierce,WR,IND,7.1,2025-12-11 04:29:37
,,espn.com,Week 14,Jake,Moody,K,WAS,7.1,2025-12-11 04:29:37
11626,automatic,fanduel.com,Week 11,Xavier,Legette,WR,CAR,7.09,2025-12-11 04:29:37
12519,automatic,fanduel.com,Week 11,Luther,Burden III,WR,CHI,7.09,2025-12-11 04:29:37
7600,automatic,fanduel.com,Week 12,Pat,Freiermuth,TE,PIT,7.09,2025-12-11 04:29:37
4314,automatic,fanduel.com,Week 12,Johnny,Mundt,TE,JAX,7.09,2025-12-11 04:29:37
8122,automatic,fanduel.com,Week 11,Zonovan,Knight,RB,ARI,7.08,2025-12-11 04:29:37
3634,automatic,fanduel.com,Week 12,Kalif,Raymond,WR,DET,7.08,2025-12-11 04:29:37
4144,automatic,fanduel.com,Week 12,Jonnu,Smith,TE,PIT,7.07,2025-12-11 04:29:37
11586,automatic,fanduel.com,Week 15,Blake,Corum,RB,LAR,7.07,2025-12-11 04:29:37
10232,automatic,fanduel.com,Week 10,Michael,Wilson,WR,ARI,7.06,2025-12-11 04:29:37
11603,automatic,fanduel.com,Week 14,AJ,Barner,TE,SEA,7.04,2025-12-11 04:29:37
4177,automatic,fanduel.com,Week 13,Mack,Hollins,WR,NE,7.03,2025-12-11 04:29:37
11199,automatic,fanduel.com,Week 10,Emari,Demercado,RB,ARI,7.02,2025-12-11 04:29:37
3286,automatic,fanduel.com,Week 11,Demarcus,Robinson,WR,SF,7.01,2025-12-11 04:29:37
11603,automatic,fanduel.com,Week 11,AJ,Barner,TE,SEA,7.01,2025-12-11 04:29:37
9486,automatic,fanduel.com,Week 13,Dontayvion,Wicks,WR,GB,7.01,2025-12-11 04:29:37
12483,automatic,sleeper.com,Week 10,Jack,Bech,WR,LV,7.0,2025-12-11 04:29:37
11058,automatic,sleeper.com,Week 10,Blake,Grupe,K,NO,7.0,2025-12-11 04:29:37
11626,automatic,sleeper.com,Week 10,Xavier,Legette,WR,CAR,7.0,2025-12-11 04:29:37
5095,automatic,espn.com,Week 10,Daniel,Carlson,K,LV,7.0,2025-12-11 04:29:37
7600,automatic,fantasypros.com,Week 10,Pat,Freiermuth,TE,PIT,7.0,2025-12-11 04:29:37
11786,automatic,fantasypros.com,Week 10,Cam,Little,K,JAX,7.0,2025-12-11 04:29:37
LAC,dst_team_match,fantasypros.com,Week 10,Los Angeles Chargers,Defense,DST,LAC,7.0,2025-12-11 04:29:37
8167,automatic,firstdown.studio,Week 10,Christian,Watson,WR,GB,7.0,2025-12-11 04:29:37
5906,automatic,sleeper.com,Week 11,Dawson,Knox,TE,BUF,7.0,2025-12-11 04:29:37
7600,automatic,espn.com,Week 11,Pat,Freiermuth,TE,PIT,7.0,2025-12-11 04:29:37
5906,automatic,espn.com,Week 11,Dawson,Knox,TE,BUF,7.0,2025-12-11 04:29:37
7083,automatic,fantasypros.com,Week 11,Tyler,Huntley,QB,BAL,7.0,2025-12-11 04:29:37
1433,automatic,fantasypros.com,Week 11,Brandon,McManus,K,GB,7.0,2025-12-11 04:29:37
SEA,dst_team_match,fantasypros.com,Week 11,Seattle Seahawks,Defense,DST,SEA,7.0,2025-12-11 04:29:37
8408,automatic,firstdown.studio,Week 11,Jordan,Mason,RB,MIN,7.0,2025-12-11 04:29:37
9481,automatic,firstdown.studio,Week 11,Luke,Musgrave,TE,GB,7.0,2025-12-11 04:29:37
12519,automatic,sleeper.com,Week 12,Luther,Burden,WR,CHI,7.0,2025-12-11 04:29:37
7670,automatic,sleeper.com,Week 12,Joshua,Palmer,WR,BUF,7.0,2025-12-11 04:29:37
5857,automatic,espn.com,Week 12,Noah,Fant,TE,CIN,7.0,2025-12-11 04:29:37
11792,automatic,fantasypros.com,Week 12,Will,Reichard,K,MIN,7.0,2025-12-11 04:29:37
JAX,dst_team_match,fantasypros.com,Week 12,Jacksonville Jaguars,Defense,DST,JAX,7.0,2025-12-11 04:29:37
8131,automatic,sleeper.com,Week 13,Isaiah,Likely,TE,BAL,7.0,2025-12-11 04:29:37
8132,automatic,sleeper.com,Week 13,Tyler,Allgeier,RB,ATL,7.0,2025-12-11 04:29:37
10219,automatic,espn.com,Week 13,Chris,Rodriguez Jr.,RB,WAS,7.0,2025-12-11 04:29:37
11792,automatic,espn.com,Week 13,Will,Reichard,K,MIN,7.0,2025-12-11 04:29:37
12961,automatic,espn.com,Week 13,Ryan,Fitzgerald,K,CAR,7.0,2025-12-11 04:29:37
11565,automatic,fantasypros.com,Week 13,J.J.,McCarthy,QB,MIN,7.0,2025-12-11 04:29:37
2020,automatic,fantasypros.com,Week 13,Cairo,Santos,K,CHI,7.0,2025-12-11 04:29:37
TB,dst_team_match,fantasypros.com,Week 13,Tampa Bay Buccaneers,Defense,DST,TB,7.0,2025-12-11 04:29:37
8180,automatic,fanduel.com,Week 13,Jalen,Nailor,WR,MIN,7.0,2025-12-11 04:29:37
4381,automatic,fantasypros.com,Week 14,Taysom,Hill,TE,NO,7.0,2025-12-11 04:29:37
2020,automatic,fantasypros.com,Week 14,Cairo,Santos,K,CHI,7.0,2025-12-11 04:29:37
MIA,dst_team_match,fantasypros.com,Week 14,Miami Dolphins,Defense,DST,MIA,7.0,2025-12-11 04:29:37
4066,automatic,sleeper.com,Week 15,Evan,Engram,TE,DEN,7.0,2025-12-11 04:29:37
6154,automatic,sleeper.com,Week 15,David,Sills,WR,ATL,7.0,2025-12-11 04:29:37
12713,automatic,sleeper.com,Week 15,Andy,Borregales,K,NE,7.0,2025-12-11 04:29:37
2505,automatic,espn.com,Week 15,Darren,Waller,TE,MIA,7.0,2025-12-11 04:29:37
4147,automatic,fantasypros.com,Week 15,Samaje,Perine,RB,CIN,7.0,2025-12-11 04:29:37
7922,automatic,fantasypros.com,Week 15,Riley,Patterson,K,MIA,7.0,2025-12-11 04:29:37
1433,automatic,fantasypros.com,Week 15,Brandon,McManus,K,GB,7.0,2025-12-11 04:29:37
11792,automatic,fantasypros.com,Week 15,Will,Reichard,K,MIN,7.0,2025-12-11 04:29:37
PIT,dst_team_match,fantasypros.com,Week 15,Pittsburgh Steelers,Defense,DST,PIT,7.0,2025-12-11 04:29:37
GB,dst_team_match,fantasypros.com,Week 15,Green Bay Packers,Defense,DST,GB,7.0,2025-12-11 04:29:37
4039,automatic,fanduel.com,Week 15,Cooper,Kupp,WR,SEA,7.0,2025-12-11 04:29:37
6865,automatic,fanduel.com,Week 15,Colby,Parkinson,TE,LAR,7.0,2025-12-11 04:29:37
7600,automatic,fanduel.com,Week 15,Pat,Freiermuth,TE,PIT,7.0,2025-12-11 04:29:37
8408,automatic,firstdown.studio,Week 15,Jordan,Mason,RB,MIN,7.0,2025-12-11 04:29:37
11586,automatic,firstdown.studio,Week 15,Blake,Corum,RB,LAR,7.0,2025-12-11 04:29:37
6801,automatic,firstdown.studio,Week 15,Tee,Higgins,WR,CIN,7.0,2025-12-11 04:29:37
,,fantasypros.com,Week 14,Michael,Badgley,K,FA,7.0,2025-12-11 04:29:37
7607,automatic,fanduel.com,Week 14,Michael,Carter,RB,ARI,6.99,2025-12-11 04:29:37
4066,automatic,fanduel.com,Week 15,Evan,Engram,TE,DEN,6.99,2025-12-11 04:29:37
10444,automatic,fanduel.com,Week 14,Cedric,Tillman,WR,CLE,6.98,2025-12-11 04:29:37
6130,automatic,fanduel.com,Week 10,Devin,Singletary,RB,NYG,6.97,2025-12-11 04:29:37
12641,automatic,fanduel.com,Week 11,Jaylin,Lane,WR,WAS,6.97,2025-12-11 04:29:37
12517,automatic,fanduel.com,Week 15,Colston,Loveland,TE,CHI,6.96,2025-12-11 04:29:37
11626,automatic,fanduel.com,Week 15,Xavier,Legette,WR,CAR,6.96,2025-12-11 04:29:37
11565,automatic,fanduel.com,Week 13,J.J.,McCarthy,QB,MIN,6.95,2025-12-11 04:29:37
4066,automatic,fanduel.com,Week 13,Evan,Engram,TE,DEN,6.95,2025-12-11 04:29:37
12517,automatic,fanduel.com,Week 11,Colston,Loveland,TE,CHI,6.94,2025-12-11 04:29:37
11610,automatic,fanduel.com,Week 13,Malik,Washington,WR,MIA,6.94,2025-12-11 04:29:37
8131,automatic,fanduel.com,Week 14,Isaiah,Likely,TE,BAL,6.94,2025-12-11 04:29:37
7610,automatic,fanduel.com,Week 14,Trey,Lance,QB,LAC,6.94,2025-12-11 04:29:37
7607,automatic,fanduel.com,Week 15,Michael,Carter,RB,ARI,6.94,2025-12-11 04:29:37
12775,automatic,fanduel.com,Week 13,Max,Brosmer,QB,MIN,6.93,2025-12-11 04:29:37
4454,automatic,fanduel.com,Week 10,Kendrick,Bourne,WR,SF,6.92,2025-12-11 04:29:37
11637,automatic,fanduel.com,Week 14,Keon,Coleman,WR,BUF,6.92,2025-12-11 04:29:37
7571,automatic,fanduel.com,Week 15,Rashod,Bateman,WR,BAL,6.91,2025-12-11 04:29:37
12713,automatic,sleeper.com,Week 10,Andy,Borregales,K,NE,6.9,2025-12-11 04:29:37
11058,automatic,espn.com,Week 10,Blake,Grupe,K,NO,6.9,2025-12-11 04:29:37
7594,automatic,fantasypros.com,Week 10,Chuba,Hubbard,RB,CAR,6.9,2025-12-11 04:29:37
4177,automatic,fantasypros.com,Week 10,Mack,Hollins,WR,NE,6.9,2025-12-11 04:29:37
10232,automatic,firstdown.studio,Week 10,Michael,Wilson,WR,ARI,6.9,2025-12-11 04:29:37
3200,automatic,firstdown.studio,Week 10,Sterling,Shepard,WR,TB,6.9,2025-12-11 04:29:37
7090,automatic,firstdown.studio,Week 10,Darnell,Mooney,WR,ATL,6.9,2025-12-11 04:29:37
11603,automatic,sleeper.com,Week 11,AJ,Barner,TE,SEA,6.9,2025-12-11 04:29:37
5857,automatic,sleeper.com,Week 11,Noah,Fant,TE,CIN,6.9,2025-12-11 04:29:37
8132,automatic,espn.com,Week 11,Tyler,Allgeier,RB,ATL,6.9,2025-12-11 04:29:37
6528,automatic,espn.com,Week 11,Joey,Slye,K,TEN,6.9,2025-12-11 04:29:37
9506,automatic,firstdown.studio,Week 11,Sean,Tucker,RB,TB,6.9,2025-12-11 04:29:37
8131,automatic,firstdown.studio,Week 11,Isaiah,Likely,TE,BAL,6.9,2025-12-11 04:29:37
5906,automatic,sleeper.com,Week 12,Dawson,Knox,TE,BUF,6.9,2025-12-11 04:29:37
11625,automatic,sleeper.com,Week 12,Adonai,Mitchell,WR,NYJ,6.9,2025-12-11 04:29:37
8210,automatic,espn.com,Week 12,Chig,Okonkwo,TE,TEN,6.9,2025-12-11 04:29:37
5095,automatic,espn.com,Week 12,Daniel,Carlson,K,LV,6.9,2025-12-11 04:29:37
9481,automatic,fanduel.com,Week 12,Luke,Musgrave,TE,GB,6.9,2025-12-11 04:29:37
5848,automatic,fantasypros.com,Week 12,Marquise,Brown,WR,KC,6.9,2025-12-11 04:29:37
8180,automatic,fantasypros.com,Week 12,Jalen,Nailor,WR,MIN,6.9,2025-12-11 04:29:37
1426,automatic,fantasypros.com,Week 12,DeAndre,Hopkins,WR,BAL,6.9,2025-12-11 04:29:37
12961,automatic,sleeper.com,Week 13,Ryan,Fitzgerald,K,CAR,6.9,2025-12-11 04:29:37
4147,automatic,sleeper.com,Week 13,Samaje,Perine,RB,CIN,6.9,2025-12-11 04:29:37
8125,automatic,sleeper.com,Week 14,Calvin,Austin,WR,PIT,6.9,2025-12-11 04:29:37
9479,automatic,sleeper.com,Week 14,Darnell,Washington,TE,PIT,6.9,2025-12-11 04:29:37
PHI,dst_team_match,fantasypros.com,Week 14,Philadelphia Eagles,Defense,DST,PHI,6.9,2025-12-11 04:29:37
WAS,dst_team_match,fantasypros.com,Week 14,Washington Commanders,Defense,DST,WAS,6.9,2025-12-11 04:29:37
4993,automatic,fanduel.com,Week 14,Mike,Gesicki,TE,CIN,6.9,2025-12-11 04:29:37
12499,automatic,fantasypros.com,Week 14,Elic,Ayomanor,WR,TEN,6.9,2025-12-11 04:29:37
11637,automatic,fantasypros.com,Week 14,Keon,Coleman,WR,BUF,6.9,2025-12-11 04:29:37
11653,automatic,espn.com,Week 14,Charlie,Smyth,K,NO,6.9,2025-12-11 04:29:37
5285,automatic,espn.com,Week 14,Ross,Dwelley,TE,DET,6.9,2025-12-11 04:29:37
11199,automatic,sleeper.com,Week 15,Emari,Demercado,RB,ARI,6.9,2025-12-11 04:29:37
6853,automatic,sleeper.com,Week 15,Van,Jefferson,WR,TEN,6.9,2025-12-11 04:29:37
8136,automatic,fantasypros.com,Week 15,Rachaad,White,RB,TB,6.9,2025-12-11 04:29:37
CAR,dst_team_match,fantasypros.com,Week 15,Carolina Panthers,Defense,DST,CAR,6.9,2025-12-11 04:29:37
9508,automatic,firstdown.studio,Week 15,Tyjae,Spears,RB,TEN,6.9,2025-12-11 04:29:37
12517,automatic,firstdown.studio,Week 15,Colston,Loveland,TE,CHI,6.9,2025-12-11 04:29:37
4227,automatic,firstdown.studio,Week 15,Harrison,Butker,K,KC,6.9,2025-12-11 04:29:37
12713,automatic,firstdown.studio,Week 15,Andy,Borregales,K,NE,6.9,2025-12-11 04:29:37
11539,automatic,firstdown.studio,Week 15,Jake,Bates,K,DET,6.9,2025-12-11 04:29:37
7922,automatic,firstdown.studio,Week 15,Riley,Patterson,K,MIA,6.9,2025-12-11 04:29:37
3678,automatic,firstdown.studio,Week 15,Wil,Lutz,K,DEN,6.9,2025-12-11 04:29:37
1433,automatic,firstdown.studio,Week 15,Brandon,McManus,K,GB,6.9,2025-12-11 04:29:37
,,espn.com,Week 13,Jake,Moody,K,WAS,6.9,2025-12-11 04:29:37
,,fantasypros.com,Week 15,Jake,Moody,K,WAS,6.9,2025-12-11 04:29:37
9479,automatic,fanduel.com,Week 12,Darnell,Washington,TE,PIT,6.88,2025-12-11 04:29:37
6271,automatic,fanduel.com,Week 10,Olamide,Zaccheaus,WR,CHI,6.87,2025-12-11 04:29:37
12484,automatic,fanduel.com,Week 12,Jayden,Higgins,WR,HOU,6.87,2025-12-11 04:29:37
2197,automatic,fanduel.com,Week 10,Brandin,Cooks,WR,NO,6.85,2025-12-11 04:29:37
4144,automatic,fanduel.com,Week 11,Jonnu,Smith,TE,PIT,6.85,2025-12-11 04:29:37
11586,automatic,fanduel.com,Week 11,Blake,Corum,RB,LAR,6.85,2025-12-11 04:29:37
7611,automatic,fanduel.com,Week 15,Rhamondre,Stevenson,RB,NE,6.85,2025-12-11 04:29:37
6154,automatic,fanduel.com,Week 12,David,Sills V,WR,ATL,6.83,2025-12-11 04:29:37
7600,automatic,fanduel.com,Week 10,Pat,Freiermuth,TE,PIT,6.82,2025-12-11 04:29:37
650,automatic,sleeper.com,Week 10,Nick,Folk,K,NYJ,6.8,2025-12-11 04:29:37
HOU,dst_team_match,espn.com,Week 10,Texans D/ST,Defense,DST,HOU,6.8,2025-12-11 04:29:37
11571,automatic,fantasypros.com,Week 10,Isaiah,Davis,RB,NYJ,6.8,2025-12-11 04:29:37
10444,automatic,fantasypros.com,Week 10,Cedric,Tillman,WR,CLE,6.8,2025-12-11 04:29:37
3451,automatic,fantasypros.com,Week 10,Ka'imi,Fairbairn,K,HOU,6.8,2025-12-11 04:29:37
NYJ,dst_team_match,fantasypros.com,Week 10,New York Jets,Defense,DST,NYJ,6.8,2025-12-11 04:29:37
10444,automatic,firstdown.studio,Week 10,Cedric,Tillman,WR,CLE,6.8,2025-12-11 04:29:37
9480,automatic,sleeper.com,Week 11,Brenton,Strange,TE,JAX,6.8,2025-12-11 04:29:37
9506,automatic,sleeper.com,Week 11,Sean,Tucker,RB,TB,6.8,2025-12-11 04:29:37
1426,automatic,sleeper.com,Week 11,DeAndre,Hopkins,WR,BAL,6.8,2025-12-11 04:29:37
5967,automatic,fantasypros.com,Week 11,Tony,Pollard,RB,TEN,6.8,2025-12-11 04:29:37
7600,automatic,fantasypros.com,Week 11,Pat,Freiermuth,TE,PIT,6.8,2025-12-11 04:29:37
5095,automatic,fantasypros.com,Week 11,Daniel,Carlson,K,LV,6.8,2025-12-11 04:29:37
PIT,dst_team_match,fantasypros.com,Week 11,Pittsburgh Steelers,Defense,DST,PIT,6.8,2025-12-11 04:29:37
4039,automatic,firstdown.studio,Week 11,Cooper,Kupp,WR,SEA,6.8,2025-12-11 04:29:37
6271,automatic,firstdown.studio,Week 11,O.,Zaccheaus,WR,CHI,6.8,2025-12-11 04:29:37
8125,automatic,sleeper.com,Week 12,Calvin,Austin,WR,PIT,6.8,2025-12-11 04:29:37
11586,automatic,sleeper.com,Week 12,Blake,Corum,RB,LAR,6.8,2025-12-11 04:29:37
12534,automatic,sleeper.com,Week 12,Kyle,Monangai,RB,CHI,6.8,2025-12-11 04:29:37
8132,automatic,espn.com,Week 12,Tyler,Allgeier,RB,ATL,6.8,2025-12-11 04:29:37
10955,automatic,fantasypros.com,Week 12,Chad,Ryland,K,ARI,6.8,2025-12-11 04:29:37
NO,dst_team_match,fantasypros.com,Week 12,New Orleans Saints,Defense,DST,NO,6.8,2025-12-11 04:29:37
650,automatic,sleeper.com,Week 13,Nick,Folk,K,NYJ,6.8,2025-12-11 04:29:37
6528,automatic,sleeper.com,Week 13,Joey,Slye,K,TEN,6.8,2025-12-11 04:29:37
11068,automatic,sleeper.com,Week 13,Mitch,Tinsley,WR,CIN,6.8,2025-12-11 04:29:37
9506,automatic,espn.com,Week 13,Sean,Tucker,RB,TB,6.8,2025-12-11 04:29:37
11058,automatic,espn.com,Week 13,Blake,Grupe,K,NO,6.8,2025-12-11 04:29:37
5947,automatic,fantasypros.com,Week 13,Jakobi,Meyers,WR,JAX,6.8,2025-12-11 04:29:37
4381,automatic,fantasypros.com,Week 13,Taysom,Hill,TE,NO,6.8,2025-12-11 04:29:37
5230,automatic,fantasypros.com,Week 13,Michael,Badgley,K,IND,6.8,2025-12-11 04:29:37
ARI,dst_team_match,fantasypros.com,Week 13,Arizona Cardinals,Defense,DST,ARI,6.8,2025-12-11 04:29:37
12499,automatic,sleeper.com,Week 14,Elic,Ayomanor,WR,TEN,6.8,2025-12-11 04:29:37
650,automatic,fantasypros.com,Week 14,Nick,Folk,K,NYJ,6.8,2025-12-11 04:29:37
11792,automatic,fantasypros.com,Week 14,Will,Reichard,K,MIN,6.8,2025-12-11 04:29:37
KC,dst_team_match,fantasypros.com,Week 14,Kansas City Chiefs,Defense,DST,KC,6.8,2025-12-11 04:29:37
11474,automatic,fanduel.com,Week 14,Dylan,Drummond,WR,ATL,6.8,2025-12-11 04:29:37
11566,automatic,fantasypros.com,Week 14,Jayden,Daniels,QB,WAS,6.8,2025-12-11 04:29:37
5848,automatic,fantasypros.com,Week 14,Marquise,Brown,WR,KC,6.8,2025-12-11 04:29:37
CLE,dst_team_match,espn.com,Week 14,Browns,Defense,DST,CLE,6.8,2025-12-11 04:29:37
LAR,dst_team_match,espn.com,Week 14,Rams,Defense,DST,LAR,6.8,2025-12-11 04:29:37
12502,automatic,sleeper.com,Week 15,Gunnar,Helm,TE,TEN,6.8,2025-12-11 04:29:37
10955,automatic,espn.com,Week 15,Chad,Ryland,K,ARI,6.8,2025-12-11 04:29:37
PIT,dst_team_match,espn.com,Week 15,Steelers,Defense,DST,PIT,6.8,2025-12-11 04:29:37
5848,automatic,fantasypros.com,Week 15,Marquise,Brown,WR,KC,6.8,2025-12-11 04:29:37
12485,automatic,fantasypros.com,Week 15,Tez,Johnson,WR,TB,6.8,2025-12-11 04:29:37
12961,automatic,fantasypros.com,Week 15,Ryan,Fitzgerald,K,CAR,6.8,2025-12-11 04:29:37
4233,automatic,fantasypros.com,Week 15,Zane,Gonzalez,K,ATL,6.8,2025-12-11 04:29:37
8676,automatic,firstdown.studio,Week 15,Rashid,Shaheed,WR,SEA,6.8,2025-12-11 04:29:37
12492,automatic,fanduel.com,Week 10,Pat,Bryant,WR,DEN,6.79,2025-12-11 04:29:37
11600,automatic,fanduel.com,Week 10,Ja'Tavion,Sanders,TE,CAR,6.79,2025-12-11 04:29:37
9479,automatic,fanduel.com,Week 13,Darnell,Washington,TE,PIT,6.79,2025-12-11 04:29:37
7670,automatic,fanduel.com,Week 10,Josh,Palmer,WR,BUF,6.78,2025-12-11 04:29:37
9494,automatic,fanduel.com,Week 13,Marvin,Mims,WR,DEN,6.78,2025-12-11 04:29:37
12519,automatic,fanduel.com,Week 14,Luther,Burden III,WR,CHI,6.78,2025-12-11 04:29:37
12517,automatic,fanduel.com,Week 12,Colston,Loveland,TE,CHI,6.77,2025-12-11 04:29:37
8180,automatic,fanduel.com,Week 15,Jalen,Nailor,WR,MIN,6.77,2025-12-11 04:29:37
12495,automatic,fanduel.com,Week 10,Ollie,Gordon II,RB,MIA,6.75,2025-12-11 04:29:37
11584,automatic,fanduel.com,Week 12,Bucky,Irving,RB,TB,6.75,2025-12-11 04:29:37
9481,automatic,fanduel.com,Week 11,Luke,Musgrave,TE,GB,6.74,2025-12-11 04:29:37
12519,automatic,fanduel.com,Week 13,Luther,Burden III,WR,CHI,6.72,2025-12-11 04:29:37
12487,automatic,fanduel.com,Week 11,Terrance,Ferguson,TE,LAR,6.71,2025-12-11 04:29:37
11637,automatic,fanduel.com,Week 15,Keon,Coleman,WR,BUF,6.71,2025-12-11 04:29:37
8125,automatic,fanduel.com,Week 15,Calvin,Austin III,WR,PIT,6.71,2025-12-11 04:29:37
11571,automatic,sleeper.com,Week 10,Isaiah,Davis,RB,NYJ,6.7,2025-12-11 04:29:37
4988,automatic,sleeper.com,Week 10,Nick,Chubb,RB,HOU,6.7,2025-12-11 04:29:37
8676,automatic,sleeper.com,Week 10,Rashid,Shaheed,WR,SEA,6.7,2025-12-11 04:29:37
10444,automatic,sleeper.com,Week 10,Cedric,Tillman,WR,CLE,6.7,2025-12-11 04:29:37
SEA,dst_team_match,espn.com,Week 10,Seahawks D/ST,Defense,DST,SEA,6.7,2025-12-11 04:29:37
12641,automatic,fantasypros.com,Week 10,Jaylin,Lane,WR,WAS,6.7,2025-12-11 04:29:37
12641,automatic,firstdown.studio,Week 10,Jaylin,Lane,WR,WAS,6.7,2025-12-11 04:29:37
11603,automatic,firstdown.studio,Week 10,AJ,Barner,TE,SEA,6.7,2025-12-11 04:29:37
11626,automatic,firstdown.studio,Week 10,Xavier,Legette,WR,CAR,6.7,2025-12-11 04:29:37
8205,automatic,sleeper.com,Week 11,Isiah,Pacheco,RB,KC,6.7,2025-12-11 04:29:37
8131,automatic,sleeper.com,Week 11,Isaiah,Likely,TE,BAL,6.7,2025-12-11 04:29:37
8408,automatic,sleeper.com,Week 11,Jordan,Mason,RB,MIN,6.7,2025-12-11 04:29:37
4098,automatic,sleeper.com,Week 11,Kareem,Hunt,RB,KC,6.7,2025-12-11 04:29:37
9481,automatic,espn.com,Week 11,Luke,Musgrave,TE,GB,6.7,2025-12-11 04:29:37
6130,automatic,firstdown.studio,Week 11,Devin,Singletary,RB,NYG,6.7,2025-12-11 04:29:37
9494,automatic,firstdown.studio,Week 11,Marvin,Mims,WR,DEN,6.7,2025-12-11 04:29:37
7090,automatic,firstdown.studio,Week 11,Darnell,Mooney,WR,ATL,6.7,2025-12-11 04:29:37
9482,automatic,firstdown.studio,Week 11,Michael,Mayer,TE,LV,6.7,2025-12-11 04:29:37
5857,automatic,sleeper.com,Week 12,Noah,Fant,TE,CIN,6.7,2025-12-11 04:29:37
3200,automatic,fantasypros.com,Week 12,Sterling,Shepard,WR,TB,6.7,2025-12-11 04:29:37
8125,automatic,fantasypros.com,Week 12,Calvin,Austin III,WR,PIT,6.7,2025-12-11 04:29:37
11571,automatic,sleeper.com,Week 13,Isaiah,Davis,RB,NYJ,6.7,2025-12-11 04:29:37
4993,automatic,sleeper.com,Week 13,Mike,Gesicki,TE,CIN,6.7,2025-12-11 04:29:37
6853,automatic,sleeper.com,Week 13,Van,Jefferson,WR,TEN,6.7,2025-12-11 04:29:37
ATL,dst_team_match,espn.com,Week 13,Falcons D/ST,Defense,DST,ATL,6.7,2025-12-11 04:29:37
7571,automatic,sleeper.com,Week 14,Rashod,Bateman,WR,BAL,6.7,2025-12-11 04:29:37
TEN,dst_team_match,fantasypros.com,Week 14,Tennessee Titans,Defense,DST,TEN,6.7,2025-12-11 04:29:37
10226,automatic,fantasypros.com,Week 14,Andrei,Iosivas,WR,CIN,6.7,2025-12-11 04:29:37
6528,automatic,espn.com,Week 14,Joey,Slye,K,TEN,6.7,2025-12-11 04:29:37
11653,automatic,sleeper.com,Week 15,Charlie,Smyth,K,NO,6.7,2025-12-11 04:29:37
6039,automatic,sleeper.com,Week 15,Ty,Johnson,RB,BUF,6.7,2025-12-11 04:29:37
5095,automatic,espn.com,Week 15,Daniel,Carlson,K,LV,6.7,2025-12-11 04:29:37
CHI,dst_team_match,espn.com,Week 15,Bears,Defense,DST,CHI,6.7,2025-12-11 04:29:37
12502,automatic,fantasypros.com,Week 15,Gunnar,Helm,TE,TEN,6.7,2025-12-11 04:29:37
11653,automatic,fantasypros.com,Week 15,Charlie,Smyth,K,NO,6.7,2025-12-11 04:29:37
10222,automatic,firstdown.studio,Week 15,Jayden,Reed,WR,GB,6.7,2025-12-11 04:29:37
4039,automatic,firstdown.studio,Week 15,Cooper,Kupp,WR,SEA,6.7,2025-12-11 04:29:37
4666,automatic,firstdown.studio,Week 15,Younghoe,Koo,K,NYG,6.7,2025-12-11 04:29:37
,,sleeper.com,Week 13,Cade,York,K,NO,6.7,2025-12-11 04:29:37
,,espn.com,Week 15,Blake,Grupe,K,IND,6.7,2025-12-11 04:29:37
,,firstdown.studio,Week 15,Jake,Moody,K,WAS,6.7,2025-12-11 04:29:37
12534,automatic,fanduel.com,Week 11,Kyle,Monangai,RB,CHI,6.69,2025-12-11 04:29:37
12490,automatic,fanduel.com,Week 15,Bhayshul,Tuten,RB,JAX,6.69,2025-12-11 04:29:37
11586,automatic,fanduel.com,Week 14,Blake,Corum,RB,LAR,6.66,2025-12-11 04:29:37
4993,automatic,fanduel.com,Week 15,Mike,Gesicki,TE,CIN,6.65,2025-12-11 04:29:37
4988,automatic,fanduel.com,Week 13,Nick,Chubb,RB,HOU,6.64,2025-12-11 04:29:37
5848,automatic,fanduel.com,Week 13,Marquise,Brown,WR,KC,6.63,2025-12-11 04:29:37
4080,automatic,fanduel.com,Week 10,Zay,Jones,WR,ARI,6.62,2025-12-11 04:29:37
7090,automatic,fanduel.com,Week 14,Darnell,Mooney,WR,ATL,6.61,2025-12-11 04:29:37
3269,automatic,sleeper.com,Week 10,Chris,Moore,WR,WAS,6.6,2025-12-11 04:29:37
2197,automatic,sleeper.com,Week 10,Brandin,Cooks,WR,NO,6.6,2025-12-11 04:29:37
10232,automatic,sleeper.com,Week 10,Michael,Wilson,WR,ARI,6.6,2025-12-11 04:29:37
9506,automatic,sleeper.com,Week 10,Sean,Tucker,RB,TB,6.6,2025-12-11 04:29:37
8132,automatic,sleeper.com,Week 10,Tyler,Allgeier,RB,ATL,6.6,2025-12-11 04:29:37
6039,automatic,sleeper.com,Week 10,Ty,Johnson,RB,BUF,6.6,2025-12-11 04:29:37
CLE,dst_team_match,espn.com,Week 10,Browns D/ST,Defense,DST,CLE,6.6,2025-12-11 04:29:37
7567,automatic,fantasypros.com,Week 10,Kenneth,Gainwell,RB,PIT,6.6,2025-12-11 04:29:37
12412,automatic,fantasypros.com,Week 10,Terrell,Jennings,RB,NE,6.6,2025-12-11 04:29:37
10218,automatic,fantasypros.com,Week 10,Xavier,Hutchinson,WR,HOU,6.6,2025-12-11 04:29:37
12492,automatic,fantasypros.com,Week 10,Pat,Bryant,WR,DEN,6.6,2025-12-11 04:29:37
4195,automatic,fantasypros.com,Week 10,Jake,Elliott,K,PHI,6.6,2025-12-11 04:29:37
11261,automatic,sleeper.com,Week 11,Andre,Szmyt,K,CLE,6.6,2025-12-11 04:29:37
3200,automatic,sleeper.com,Week 11,Sterling,Shepard,WR,TB,6.6,2025-12-11 04:29:37
8210,automatic,sleeper.com,Week 11,Chig,Okonkwo,TE,TEN,6.6,2025-12-11 04:29:37
12517,automatic,espn.com,Week 11,Colston,Loveland,TE,CHI,6.6,2025-12-11 04:29:37
DAL,dst_team_match,espn.com,Week 11,Cowboys D/ST,Defense,DST,DAL,6.6,2025-12-11 04:29:37
4195,automatic,fantasypros.com,Week 11,Jake,Elliott,K,PHI,6.6,2025-12-11 04:29:37
2374,automatic,firstdown.studio,Week 11,Tyler,Lockett,WR,LV,6.6,2025-12-11 04:29:37
5857,automatic,firstdown.studio,Week 11,Noah,Fant,TE,CIN,6.6,2025-12-11 04:29:37
8131,automatic,sleeper.com,Week 12,Isaiah,Likely,TE,BAL,6.6,2025-12-11 04:29:37
11261,automatic,sleeper.com,Week 12,Andre,Szmyt,K,CLE,6.6,2025-12-11 04:29:37
4144,automatic,sleeper.com,Week 12,Jonnu,Smith,TE,PIT,6.6,2025-12-11 04:29:37
11571,automatic,espn.com,Week 12,Isaiah,Davis,RB,NYJ,6.6,2025-12-11 04:29:37
BAL,dst_team_match,espn.com,Week 12,Ravens D/ST,Defense,DST,BAL,6.6,2025-12-11 04:29:37
7611,automatic,fantasypros.com,Week 12,Rhamondre,Stevenson,RB,NE,6.6,2025-12-11 04:29:37
9504,automatic,fantasypros.com,Week 12,Kayshon,Boutte,WR,NE,6.6,2025-12-11 04:29:37
5189,automatic,fantasypros.com,Week 12,Eddy,Pineiro,K,SF,6.6,2025-12-11 04:29:37
7571,automatic,sleeper.com,Week 13,Rashod,Bateman,WR,BAL,6.6,2025-12-11 04:29:37
11586,automatic,espn.com,Week 13,Blake,Corum,RB,LAR,6.6,2025-12-11 04:29:37
5844,automatic,espn.com,Week 13,T.J.,Hockenson,TE,MIN,6.6,2025-12-11 04:29:37
12502,automatic,espn.com,Week 13,Gunnar,Helm,TE,TEN,6.6,2025-12-11 04:29:37
5095,automatic,espn.com,Week 13,Daniel,Carlson,K,LV,6.6,2025-12-11 04:29:37
MIA,dst_team_match,espn.com,Week 13,Dolphins D/ST,Defense,DST,MIA,6.6,2025-12-11 04:29:37
4233,automatic,fantasypros.com,Week 13,Zane,Gonzalez,K,ATL,6.6,2025-12-11 04:29:37
12492,automatic,fanduel.com,Week 13,Pat,Bryant,WR,DEN,6.6,2025-12-11 04:29:37
GB,dst_team_match,fantasypros.com,Week 14,Green Bay Packers,Defense,DST,GB,6.6,2025-12-11 04:29:37
4144,automatic,fanduel.com,Week 14,Jonnu,Smith,TE,PIT,6.6,2025-12-11 04:29:37
4147,automatic,fantasypros.com,Week 14,Samaje,Perine,RB,CIN,6.6,2025-12-11 04:29:37
4199,automatic,fantasypros.com,Week 14,Aaron,Jones Sr.,RB,MIN,6.6,2025-12-11 04:29:37
5970,automatic,fantasypros.com,Week 14,Greg,Dortch,WR,ARI,6.6,2025-12-11 04:29:37
5095,automatic,espn.com,Week 14,Daniel,Carlson,K,LV,6.6,2025-12-11 04:29:37
11261,automatic,sleeper.com,Week 15,Andre,Szmyt,K,CLE,6.6,2025-12-11 04:29:37
650,automatic,sleeper.com,Week 15,Nick,Folk,K,NYJ,6.6,2025-12-11 04:29:37
KC,dst_team_match,espn.com,Week 15,Chiefs,Defense,DST,KC,6.6,2025-12-11 04:29:37
650,automatic,fantasypros.com,Week 15,Nick,Folk,K,NYJ,6.6,2025-12-11 04:29:37
CLE,dst_team_match,fantasypros.com,Week 15,Cleveland Browns,Defense,DST,CLE,6.6,2025-12-11 04:29:37
KC,dst_team_match,fantasypros.com,Week 15,Kansas City Chiefs,Defense,DST,KC,6.6,2025-12-11 04:29:37
7090,automatic,firstdown.studio,Week 15,Darnell,Mooney,WR,ATL,6.6,2025-12-11 04:29:37
4983,automatic,firstdown.studio,Week 15,DJ,Moore,WR,CHI,6.6,2025-12-11 04:29:37
12540,automatic,firstdown.studio,Week 15,Chimere,Dike,WR,TEN,6.6,2025-12-11 04:29:37
,,fantasypros.com,Week 14,Jake,Moody,K,WAS,6.6,2025-12-11 04:29:37
11600,automatic,fanduel.com,Week 11,Ja'Tavion,Sanders,TE,CAR,6.59,2025-12-11 04:29:37
827,automatic,fanduel.com,Week 15,Tyrod,Taylor,QB,NYJ,6.59,2025-12-11 04:29:37
10219,automatic,fanduel.com,Week 15,Chris,Rodriguez Jr.,RB,WAS,6.58,2025-12-11 04:29:37
8210,automatic,fanduel.com,Week 12,Chigoziem,Okonkwo,TE,TEN,6.55,2025-12-11 04:29:37
12455,automatic,fanduel.com,Week 11,Brashard,Smith,RB,KC,6.54,2025-12-11 04:29:37
8408,automatic,fanduel.com,Week 13,Jordan,Mason,RB,MIN,6.54,2025-12-11 04:29:37
4177,automatic,fanduel.com,Week 10,Mack,Hollins,WR,NE,6.53,2025-12-11 04:29:37
12501,automatic,fanduel.com,Week 11,Matthew,Golden,WR,GB,6.53,2025-12-11 04:29:37
6154,automatic,fanduel.com,Week 13,David,Sills V,WR,ATL,6.51,2025-12-11 04:29:37
11435,automatic,espn.com,Week 10,Emanuel,Wilson,RB,GB,6.5,2025-12-11 04:29:37
IND,dst_team_match,fantasypros.com,Week 10,Indianapolis Colts,Defense,DST,IND,6.5,2025-12-11 04:29:37
4177,automatic,firstdown.studio,Week 10,Mack,Hollins,WR,NE,6.5,2025-12-11 04:29:37
11571,automatic,sleeper.com,Week 11,Isaiah,Davis,RB,NYJ,6.5,2025-12-11 04:29:37
12641,automatic,sleeper.com,Week 11,Jaylin,Lane,WR,WAS,6.5,2025-12-11 04:29:37
7600,automatic,sleeper.com,Week 11,Pat,Freiermuth,TE,PIT,6.5,2025-12-11 04:29:37
6528,automatic,sleeper.com,Week 11,Joey,Slye,K,TEN,6.5,2025-12-11 04:29:37
4147,automatic,espn.com,Week 11,Samaje,Perine,RB,CIN,6.5,2025-12-11 04:29:37
12775,automatic,fantasypros.com,Week 11,Max,Brosmer,QB,MIN,6.5,2025-12-11 04:29:37
11603,automatic,fantasypros.com,Week 11,AJ,Barner,TE,SEA,6.5,2025-12-11 04:29:37
SF,dst_team_match,fantasypros.com,Week 11,San Francisco 49ers,Defense,DST,SF,6.5,2025-12-11 04:29:37
12501,automatic,firstdown.studio,Week 11,Matthew,Golden,WR,GB,6.5,2025-12-11 04:29:37
9506,automatic,sleeper.com,Week 12,Sean,Tucker,RB,TB,6.5,2025-12-11 04:29:37
9479,automatic,sleeper.com,Week 12,Darnell,Washington,TE,PIT,6.5,2025-12-11 04:29:37
4033,automatic,espn.com,Week 12,David,Njoku,TE,CLE,6.5,2025-12-11 04:29:37
7670,automatic,fantasypros.com,Week 12,Joshua,Palmer,WR,BUF,6.5,2025-12-11 04:29:37
11630,automatic,fantasypros.com,Week 12,Roman,Wilson,WR,PIT,6.5,2025-12-11 04:29:37
4381,automatic,fantasypros.com,Week 12,Taysom,Hill,TE,NO,6.5,2025-12-11 04:29:37
5906,automatic,fantasypros.com,Week 12,Dawson,Knox,TE,BUF,6.5,2025-12-11 04:29:37
KC,dst_team_match,fantasypros.com,Week 12,Kansas City Chiefs,Defense,DST,KC,6.5,2025-12-11 04:29:37
10222,automatic,sleeper.com,Week 13,Jayden,Reed,WR,GB,6.5,2025-12-11 04:29:37
12533,automatic,sleeper.com,Week 13,Jacory,Croskey-Merritt,RB,WAS,6.5,2025-12-11 04:29:37
8122,automatic,sleeper.com,Week 13,Zonovan,Knight,RB,ARI,6.5,2025-12-11 04:29:37
4098,automatic,sleeper.com,Week 13,Kareem,Hunt,RB,KC,6.5,2025-12-11 04:29:37
19,automatic,fantasypros.com,Week 13,Joe,Flacco,QB,CIN,6.5,2025-12-11 04:29:37
4983,automatic,fantasypros.com,Week 13,DJ,Moore,WR,CHI,6.5,2025-12-11 04:29:37
5844,automatic,fantasypros.com,Week 13,T.J.,Hockenson,TE,MIN,6.5,2025-12-11 04:29:37
CLE,dst_team_match,fantasypros.com,Week 13,Cleveland Browns,Defense,DST,CLE,6.5,2025-12-11 04:29:37
9487,automatic,sleeper.com,Week 14,Parker,Washington,WR,JAX,6.5,2025-12-11 04:29:37
10222,automatic,sleeper.com,Week 14,Jayden,Reed,WR,GB,6.5,2025-12-11 04:29:37
8132,automatic,sleeper.com,Week 14,Tyler,Allgeier,RB,ATL,6.5,2025-12-11 04:29:37
7891,automatic,sleeper.com,Week 14,Brock,Wright,TE,DET,6.5,2025-12-11 04:29:37
4195,automatic,fantasypros.com,Week 14,Jake,Elliott,K,PHI,6.5,2025-12-11 04:29:37
10955,automatic,fantasypros.com,Week 14,Chad,Ryland,K,ARI,6.5,2025-12-11 04:29:37
4233,automatic,fantasypros.com,Week 14,Zane,Gonzalez,K,ATL,6.5,2025-12-11 04:29:37
6528,automatic,fantasypros.com,Week 14,Joey,Slye,K,TEN,6.5,2025-12-11 04:29:37
8205,automatic,fanduel.com,Week 14,Isiah,Pacheco,RB,KC,6.5,2025-12-11 04:29:37
7571,automatic,fantasypros.com,Week 14,Rashod,Bateman,WR,BAL,6.5,2025-12-11 04:29:37
8111,automatic,espn.com,Week 14,Cade,Otton,TE,TB,6.5,2025-12-11 04:29:37
6528,automatic,sleeper.com,Week 15,Joey,Slye,K,TEN,6.5,2025-12-11 04:29:37
4950,automatic,fantasypros.com,Week 15,Christian,Kirk,WR,HOU,6.5,2025-12-11 04:29:37
7600,automatic,fantasypros.com,Week 15,Pat,Freiermuth,TE,PIT,6.5,2025-12-11 04:29:37
10955,automatic,fantasypros.com,Week 15,Chad,Ryland,K,ARI,6.5,2025-12-11 04:29:37
9487,automatic,firstdown.studio,Week 15,P.,Washington,WR,JAX,6.5,2025-12-11 04:29:37
8131,automatic,firstdown.studio,Week 15,Isaiah,Likely,TE,BAL,6.5,2025-12-11 04:29:37
8210,automatic,fanduel.com,Week 15,Chigoziem,Okonkwo,TE,TEN,6.49,2025-12-11 04:29:37
11646,automatic,fanduel.com,Week 12,Jalen,Coker,WR,CAR,6.45,2025-12-11 04:29:37
9494,automatic,fanduel.com,Week 14,Marvin,Mims,WR,DEN,6.45,2025-12-11 04:29:37
8132,automatic,fanduel.com,Week 11,Tyler,Allgeier,RB,ATL,6.44,2025-12-11 04:29:37
8125,automatic,fanduel.com,Week 14,Calvin,Austin III,WR,PIT,6.44,2025-12-11 04:29:37
12538,automatic,fanduel.com,Week 15,Brady,Cook,QB,NYJ,6.41,2025-12-11 04:29:37
11783,automatic,fanduel.com,Week 15,Ryan,Flournoy,WR,DAL,6.41,2025-12-11 04:29:37
BUF,dst_team_match,espn.com,Week 10,Bills D/ST,Defense,DST,BUF,6.4,2025-12-11 04:29:37
12961,automatic,fantasypros.com,Week 10,Ryan,Fitzgerald,K,CAR,6.4,2025-12-11 04:29:37
3269,automatic,firstdown.studio,Week 10,Chris,Moore,WR,WAS,6.4,2025-12-11 04:29:37
7567,automatic,firstdown.studio,Week 10,Kenneth,Gainwell,RB,PIT,6.4,2025-12-11 04:29:37
8131,automatic,firstdown.studio,Week 10,Isaiah,Likely,TE,BAL,6.4,2025-12-11 04:29:37
2197,automatic,firstdown.studio,Week 10,Brandin,Cooks,WR,NO,6.4,2025-12-11 04:29:37
650,automatic,sleeper.com,Week 11,Nick,Folk,K,NYJ,6.4,2025-12-11 04:29:37
8210,automatic,espn.com,Week 11,Chig,Okonkwo,TE,TEN,6.4,2025-12-11 04:29:37
8408,automatic,fantasypros.com,Week 11,Jordan,Mason,RB,MIN,6.4,2025-12-11 04:29:37
4233,automatic,fantasypros.com,Week 11,Zane,Gonzalez,K,ATL,6.4,2025-12-11 04:29:37
7600,automatic,firstdown.studio,Week 11,Pat,Freiermuth,TE,PIT,6.4,2025-12-11 04:29:37
7600,automatic,sleeper.com,Week 12,Pat,Freiermuth,TE,PIT,6.4,2025-12-11 04:29:37
650,automatic,sleeper.com,Week 12,Nick,Folk,K,NYJ,6.4,2025-12-11 04:29:37
8136,automatic,espn.com,Week 12,Rachaad,White,RB,TB,6.4,2025-12-11 04:29:37
4988,automatic,espn.com,Week 12,Nick,Chubb,RB,HOU,6.4,2025-12-11 04:29:37
9479,automatic,espn.com,Week 12,Darnell,Washington,TE,PIT,6.4,2025-12-11 04:29:37
JAX,dst_team_match,espn.com,Week 12,Jaguars D/ST,Defense,DST,JAX,6.4,2025-12-11 04:29:37
8154,automatic,fantasypros.com,Week 12,Brian,Robinson Jr.,RB,SF,6.4,2025-12-11 04:29:37
4950,automatic,fantasypros.com,Week 12,Christian,Kirk,WR,HOU,6.4,2025-12-11 04:29:37
12547,automatic,fantasypros.com,Week 12,Kyle,Williams,WR,NE,6.4,2025-12-11 04:29:37
3451,automatic,fantasypros.com,Week 12,Ka'imi,Fairbairn,K,HOU,6.4,2025-12-11 04:29:37
4037,automatic,sleeper.com,Week 13,Chris,Godwin,WR,TB,6.4,2025-12-11 04:29:37
12502,automatic,sleeper.com,Week 13,Gunnar,Helm,TE,TEN,6.4,2025-12-11 04:29:37
6039,automatic,sleeper.com,Week 13,Ty,Johnson,RB,BUF,6.4,2025-12-11 04:29:37
1433,automatic,fantasypros.com,Week 13,Brandon,McManus,K,GB,6.4,2025-12-11 04:29:37
12490,automatic,sleeper.com,Week 14,Bhayshul,Tuten,RB,JAX,6.4,2025-12-11 04:29:37
11653,automatic,sleeper.com,Week 14,Charlie,Smyth,K,NO,6.4,2025-12-11 04:29:37
6853,automatic,sleeper.com,Week 14,Van,Jefferson,WR,TEN,6.4,2025-12-11 04:29:37
6528,automatic,sleeper.com,Week 14,Joey,Slye,K,TEN,6.4,2025-12-11 04:29:37
PIT,dst_team_match,fantasypros.com,Week 14,Pittsburgh Steelers,Defense,DST,PIT,6.4,2025-12-11 04:29:37
IND,dst_team_match,fantasypros.com,Week 14,Indianapolis Colts,Defense,DST,IND,6.4,2025-12-11 04:29:37
4950,automatic,fantasypros.com,Week 14,Christian,Kirk,WR,HOU,6.4,2025-12-11 04:29:37
TEN,dst_team_match,espn.com,Week 14,Titans,Defense,DST,TEN,6.4,2025-12-11 04:29:37
4033,automatic,sleeper.com,Week 15,David,Njoku,TE,CLE,6.4,2025-12-11 04:29:37
6149,automatic,firstdown.studio,Week 15,Darius,Slayton,WR,NYG,6.4,2025-12-11 04:29:37
8147,automatic,firstdown.studio,Week 15,John,Metchie,WR,NYJ,6.4,2025-12-11 04:29:37
4993,automatic,firstdown.studio,Week 15,Mike,Gesicki,TE,CIN,6.4,2025-12-11 04:29:37
,,fantasypros.com,Week 12,Isaiah,Hodgins,WR,NYG,6.4,2025-12-11 04:29:37
8143,automatic,fanduel.com,Week 10,Jerome,Ford,RB,CLE,6.39,2025-12-11 04:29:37
6271,automatic,fanduel.com,Week 11,Olamide,Zaccheaus,WR,CHI,6.39,2025-12-11 04:29:37
11646,automatic,fanduel.com,Week 15,Jalen,Coker,WR,CAR,6.38,2025-12-11 04:29:37
4144,automatic,fanduel.com,Week 10,Jonnu,Smith,TE,PIT,6.37,2025-12-11 04:29:37
12540,automatic,fanduel.com,Week 14,Chimere,Dike,WR,TEN,6.35,2025-12-11 04:29:37
9494,automatic,fanduel.com,Week 15,Marvin,Mims,WR,DEN,6.35,2025-12-11 04:29:37
4082,automatic,fanduel.com,Week 11,Curtis,Samuel,WR,BUF,6.34,2025-12-11 04:29:37
7090,automatic,fanduel.com,Week 10,Darnell,Mooney,WR,ATL,6.33,2025-12-11 04:29:37
5906,automatic,fanduel.com,Week 12,Dawson,Knox,TE,BUF,6.32,2025-12-11 04:29:37
8408,automatic,fanduel.com,Week 12,Jordan,Mason,RB,MIN,6.32,2025-12-11 04:29:37
CAR,dst_team_match,espn.com,Week 10,Panthers D/ST,Defense,DST,CAR,6.3,2025-12-11 04:29:37
1426,automatic,fantasypros.com,Week 10,DeAndre,Hopkins,WR,BAL,6.3,2025-12-11 04:29:37
12501,automatic,fantasypros.com,Week 10,Matthew,Golden,WR,GB,6.3,2025-12-11 04:29:37
11571,automatic,firstdown.studio,Week 10,Isaiah,Davis,RB,NYJ,6.3,2025-12-11 04:29:37
7571,automatic,firstdown.studio,Week 10,Rashod,Bateman,WR,BAL,6.3,2025-12-11 04:29:37
4219,automatic,sleeper.com,Week 11,Jeremy,McNichols,RB,WAS,6.3,2025-12-11 04:29:37
12484,automatic,firstdown.studio,Week 11,Jayden,Higgins,WR,HOU,6.3,2025-12-11 04:29:37
11589,automatic,sleeper.com,Week 12,Trey,Benson,RB,ARI,6.3,2025-12-11 04:29:37
11377,automatic,sleeper.com,Week 12,Tyrell,Shavers,WR,BUF,6.3,2025-12-11 04:29:37
11600,automatic,espn.com,Week 12,Ja'Tavion,Sanders,TE,CAR,6.3,2025-12-11 04:29:37
DET,dst_team_match,espn.com,Week 12,Lions D/ST,Defense,DST,DET,6.3,2025-12-11 04:29:37
8408,automatic,fantasypros.com,Week 12,Jordan,Mason,RB,MIN,6.3,2025-12-11 04:29:37
4144,automatic,sleeper.com,Week 13,Jonnu,Smith,TE,PIT,6.3,2025-12-11 04:29:37
8136,automatic,espn.com,Week 13,Rachaad,White,RB,TB,6.3,2025-12-11 04:29:37
6130,automatic,espn.com,Week 13,Devin,Singletary,RB,NYG,6.3,2025-12-11 04:29:37
5906,automatic,sleeper.com,Week 14,Dawson,Knox,TE,BUF,6.3,2025-12-11 04:29:37
6039,automatic,sleeper.com,Week 14,Ty,Johnson,RB,BUF,6.3,2025-12-11 04:29:37
JAX,dst_team_match,fantasypros.com,Week 14,Jacksonville Jaguars,Defense,DST,JAX,6.3,2025-12-11 04:29:37
LAC,dst_team_match,fantasypros.com,Week 14,Los Angeles Chargers,Defense,DST,LAC,6.3,2025-12-11 04:29:37
MIN,dst_team_match,fantasypros.com,Week 14,Minnesota Vikings,Defense,DST,MIN,6.3,2025-12-11 04:29:37
9479,automatic,espn.com,Week 14,Darnell,Washington,TE,PIT,6.3,2025-12-11 04:29:37
8210,automatic,espn.com,Week 14,Chig,Okonkwo,TE,TEN,6.3,2025-12-11 04:29:37
WAS,dst_team_match,espn.com,Week 14,Commanders,Defense,DST,WAS,6.3,2025-12-11 04:29:37
4219,automatic,sleeper.com,Week 15,Jeremy,McNichols,RB,WAS,6.3,2025-12-11 04:29:37
12490,automatic,fantasypros.com,Week 15,Bhayshul,Tuten,RB,JAX,6.3,2025-12-11 04:29:37
8205,automatic,fantasypros.com,Week 15,Isiah,Pacheco,RB,KC,6.3,2025-12-11 04:29:37
7571,automatic,fantasypros.com,Week 15,Rashod,Bateman,WR,BAL,6.3,2025-12-11 04:29:37
4351,automatic,fantasypros.com,Week 15,Tim,Patrick,WR,JAX,6.3,2025-12-11 04:29:37
8210,automatic,fantasypros.com,Week 15,Chig,Okonkwo,TE,TEN,6.3,2025-12-11 04:29:37
6528,automatic,fantasypros.com,Week 15,Joey,Slye,K,TEN,6.3,2025-12-11 04:29:37
11261,automatic,fantasypros.com,Week 15,Andre,Szmyt,K,CLE,6.3,2025-12-11 04:29:37
MIA,dst_team_match,fantasypros.com,Week 15,Miami Dolphins,Defense,DST,MIA,6.3,2025-12-11 04:29:37
12492,automatic,fanduel.com,Week 15,Pat,Bryant,WR,DEN,6.3,2025-12-11 04:29:37
6783,automatic,firstdown.studio,Week 15,Jerry,Jeudy,WR,CLE,6.3,2025-12-11 04:29:37
11199,automatic,fanduel.com,Week 11,Emari,Demercado,RB,ARI,6.29,2025-12-11 04:29:37
7670,automatic,fanduel.com,Week 12,Josh,Palmer,WR,BUF,6.29,2025-12-11 04:29:37
4033,automatic,fanduel.com,Week 14,David,Njoku,TE,CLE,6.29,2025-12-11 04:29:37
10226,automatic,fanduel.com,Week 15,Andrei,Iosivas,WR,CIN,6.29,2025-12-11 04:29:37
7571,automatic,fanduel.com,Week 14,Rashod,Bateman,WR,BAL,6.28,2025-12-11 04:29:37
12476,automatic,fanduel.com,Week 12,Devin,Neal,RB,NO,6.27,2025-12-11 04:29:37
5285,automatic,fanduel.com,Week 15,Ross,Dwelley,TE,DET,6.26,2025-12-11 04:29:37
11625,automatic,fanduel.com,Week 14,Adonai,Mitchell,WR,NYJ,6.25,2025-12-11 04:29:37
4234,automatic,fanduel.com,Week 15,Noah,Brown,WR,WAS,6.25,2025-12-11 04:29:37
6806,automatic,fanduel.com,Week 11,J.K.,Dobbins,RB,DEN,6.23,2025-12-11 04:29:37
8111,automatic,fanduel.com,Week 10,Cade,Otton,TE,TB,6.2,2025-12-11 04:29:37
4351,automatic,sleeper.com,Week 10,Tim,Patrick,WR,JAX,6.2,2025-12-11 04:29:37
12490,automatic,sleeper.com,Week 10,Bhayshul,Tuten,RB,JAX,6.2,2025-12-11 04:29:37
5995,automatic,espn.com,Week 10,Justice,Hill,RB,BAL,6.2,2025-12-11 04:29:37
7594,automatic,espn.com,Week 10,Chuba,Hubbard,RB,CAR,6.2,2025-12-11 04:29:37
7600,automatic,espn.com,Week 10,Pat,Freiermuth,TE,PIT,6.2,2025-12-11 04:29:37
BAL,dst_team_match,espn.com,Week 10,Ravens D/ST,Defense,DST,BAL,6.2,2025-12-11 04:29:37
3269,automatic,fantasypros.com,Week 10,Chris,Moore,WR,WAS,6.2,2025-12-11 04:29:37
10955,automatic,fantasypros.com,Week 10,Chad,Ryland,K,ARI,6.2,2025-12-11 04:29:37
PIT,dst_team_match,fantasypros.com,Week 10,Pittsburgh Steelers,Defense,DST,PIT,6.2,2025-12-11 04:29:37
10226,automatic,sleeper.com,Week 11,Andrei,Iosivas,WR,CIN,6.2,2025-12-11 04:29:37
6039,automatic,sleeper.com,Week 11,Ty,Johnson,RB,BUF,6.2,2025-12-11 04:29:37
BAL,dst_team_match,espn.com,Week 11,Ravens D/ST,Defense,DST,BAL,6.2,2025-12-11 04:29:37
PIT,dst_team_match,espn.com,Week 11,Steelers D/ST,Defense,DST,PIT,6.2,2025-12-11 04:29:37
8210,automatic,fantasypros.com,Week 11,Chig,Okonkwo,TE,TEN,6.2,2025-12-11 04:29:37
BUF,dst_team_match,fantasypros.com,Week 11,Buffalo Bills,Defense,DST,BUF,6.2,2025-12-11 04:29:37
10219,automatic,firstdown.studio,Week 11,Chris,Rodriguez,RB,WAS,6.2,2025-12-11 04:29:37
7670,automatic,firstdown.studio,Week 11,Joshua,Palmer,WR,BUF,6.2,2025-12-11 04:29:37
12502,automatic,sleeper.com,Week 12,Gunnar,Helm,TE,TEN,6.2,2025-12-11 04:29:37
11600,automatic,sleeper.com,Week 12,Ja'Tavion,Sanders,TE,CAR,6.2,2025-12-11 04:29:37
6528,automatic,sleeper.com,Week 12,Joey,Slye,K,TEN,6.2,2025-12-11 04:29:37
7607,automatic,fantasypros.com,Week 12,Michael,Carter,RB,ARI,6.2,2025-12-11 04:29:37
11377,automatic,fantasypros.com,Week 12,Tyrell,Shavers,WR,BUF,6.2,2025-12-11 04:29:37
11834,automatic,fantasypros.com,Week 12,Devaughn,Vele,WR,NO,6.2,2025-12-11 04:29:37
8932,automatic,fantasypros.com,Week 12,Lucas,Havrisik,K,GB,6.2,2025-12-11 04:29:37
SF,dst_team_match,fantasypros.com,Week 12,San Francisco 49ers,Defense,DST,SF,6.2,2025-12-11 04:29:37
11261,automatic,sleeper.com,Week 13,Andre,Szmyt,K,CLE,6.2,2025-12-11 04:29:37
8210,automatic,espn.com,Week 13,Chig,Okonkwo,TE,TEN,6.2,2025-12-11 04:29:37
12502,automatic,fantasypros.com,Week 13,Gunnar,Helm,TE,TEN,6.2,2025-12-11 04:29:37
4195,automatic,fantasypros.com,Week 13,Jake,Elliott,K,PHI,6.2,2025-12-11 04:29:37
DET,dst_team_match,fantasypros.com,Week 13,Detroit Lions,Defense,DST,DET,6.2,2025-12-11 04:29:37
11435,automatic,sleeper.com,Week 14,Emanuel,Wilson,RB,GB,6.2,2025-12-11 04:29:37
11439,automatic,fantasypros.com,Week 14,Jaleel,McLaughlin,RB,DEN,6.2,2025-12-11 04:29:37
7607,automatic,fantasypros.com,Week 14,Michael,Carter,RB,ARI,6.2,2025-12-11 04:29:37
11435,automatic,fantasypros.com,Week 14,Emanuel,Wilson,RB,GB,6.2,2025-12-11 04:29:37
10444,automatic,fantasypros.com,Week 14,Cedric,Tillman,WR,CLE,6.2,2025-12-11 04:29:37
4993,automatic,sleeper.com,Week 15,Mike,Gesicki,TE,CIN,6.2,2025-12-11 04:29:37
11627,automatic,sleeper.com,Week 15,Troy,Franklin,WR,DEN,6.2,2025-12-11 04:29:37
7600,automatic,sleeper.com,Week 15,Pat,Freiermuth,TE,PIT,6.2,2025-12-11 04:29:37
8210,automatic,espn.com,Week 15,Chig,Okonkwo,TE,TEN,6.2,2025-12-11 04:29:37
SF,dst_team_match,espn.com,Week 15,49ers,Defense,DST,SF,6.2,2025-12-11 04:29:37
6154,automatic,fantasypros.com,Week 15,David,Sills V,WR,ATL,6.2,2025-12-11 04:29:37
12483,automatic,fantasypros.com,Week 15,Jack,Bech,WR,LV,6.2,2025-12-11 04:29:37
11627,automatic,firstdown.studio,Week 15,Troy,Franklin,WR,DEN,6.2,2025-12-11 04:29:37
11603,automatic,firstdown.studio,Week 15,AJ,Barner,TE,SEA,6.2,2025-12-11 04:29:37
6865,automatic,firstdown.studio,Week 15,Colby,Parkinson,TE,LAR,6.2,2025-12-11 04:29:37
2505,automatic,firstdown.studio,Week 15,Darren,Waller,TE,MIA,6.2,2025-12-11 04:29:37
,,fantasypros.com,Week 11,Harrison,Mevis,K,LAR,6.2,2025-12-11 04:29:37
12533,automatic,fanduel.com,Week 15,Jacory,Croskey-Merritt,RB,WAS,6.19,2025-12-11 04:29:37
2374,automatic,fanduel.com,Week 13,Tyler,Lockett,WR,LV,6.18,2025-12-11 04:29:37
10222,automatic,fanduel.com,Week 13,Jayden,Reed,WR,GB,6.17,2025-12-11 04:29:37
8131,automatic,fanduel.com,Week 13,Isaiah,Likely,TE,BAL,6.17,2025-12-11 04:29:37
1426,automatic,fanduel.com,Week 12,DeAndre,Hopkins,WR,BAL,6.15,2025-12-11 04:29:37
8172,automatic,fanduel.com,Week 13,Greg,Dulcich,TE,MIA,6.15,2025-12-11 04:29:37
7090,automatic,fanduel.com,Week 13,Darnell,Mooney,WR,ATL,6.15,2025-12-11 04:29:37
12469,automatic,fanduel.com,Week 15,Dylan,Sampson,RB,CLE,6.15,2025-12-11 04:29:37
4351,automatic,fanduel.com,Week 11,Tim,Patrick,WR,JAX,6.14,2025-12-11 04:29:37
11435,automatic,fanduel.com,Week 11,Emanuel,Wilson,RB,GB,6.13,2025-12-11 04:29:37
4082,automatic,fanduel.com,Week 12,Curtis,Samuel,WR,BUF,6.12,2025-12-11 04:29:37
4219,automatic,sleeper.com,Week 10,Jeremy,McNichols,RB,WAS,6.1,2025-12-11 04:29:37
7600,automatic,sleeper.com,Week 10,Pat,Freiermuth,TE,PIT,6.1,2025-12-11 04:29:37
9482,automatic,espn.com,Week 10,Michael,Mayer,TE,LV,6.1,2025-12-11 04:29:37
JAX,dst_team_match,espn.com,Week 10,Jaguars D/ST,Defense,DST,JAX,6.1,2025-12-11 04:29:37
8180,automatic,fantasypros.com,Week 10,Jalen,Nailor,WR,MIN,6.1,2025-12-11 04:29:37
4039,automatic,sleeper.com,Week 11,Cooper,Kupp,WR,SEA,6.1,2025-12-11 04:29:37
11638,automatic,firstdown.studio,Week 11,Ricky,Pearsall,WR,SF,6.1,2025-12-11 04:29:37
9486,automatic,firstdown.studio,Week 11,Dontayvion,Wicks,WR,GB,6.1,2025-12-11 04:29:37
11646,automatic,firstdown.studio,Week 11,Jalen,Coker,WR,CAR,6.1,2025-12-11 04:29:37
12641,automatic,firstdown.studio,Week 11,Jaylin,Lane,WR,WAS,6.1,2025-12-11 04:29:37
11608,automatic,sleeper.com,Week 12,Isaiah,Williams,WR,NYJ,6.1,2025-12-11 04:29:37
8408,automatic,sleeper.com,Week 12,Jordan,Mason,RB,MIN,6.1,2025-12-11 04:29:37
7594,automatic,fantasypros.com,Week 12,Chuba,Hubbard,RB,CAR,6.1,2025-12-11 04:29:37
11625,automatic,fantasypros.com,Week 12,Adonai,Mitchell,WR,NYJ,6.1,2025-12-11 04:29:37
6853,automatic,fantasypros.com,Week 12,Van,Jefferson,WR,TEN,6.1,2025-12-11 04:29:37
8131,automatic,fantasypros.com,Week 12,Isaiah,Likely,TE,BAL,6.1,2025-12-11 04:29:37
8408,automatic,sleeper.com,Week 13,Jordan,Mason,RB,MIN,6.1,2025-12-11 04:29:37
11571,automatic,espn.com,Week 13,Isaiah,Davis,RB,NYJ,6.1,2025-12-11 04:29:37
8142,automatic,fantasypros.com,Week 13,Alec,Pierce,WR,IND,6.1,2025-12-11 04:29:37
12502,automatic,sleeper.com,Week 14,Gunnar,Helm,TE,TEN,6.1,2025-12-11 04:29:37
12485,automatic,sleeper.com,Week 14,Tez,Johnson,WR,TB,6.1,2025-12-11 04:29:37
6865,automatic,fantasypros.com,Week 14,Colby,Parkinson,TE,LAR,6.1,2025-12-11 04:29:37
11653,automatic,fantasypros.com,Week 14,Charlie,Smyth,K,NO,6.1,2025-12-11 04:29:37
BUF,dst_team_match,fantasypros.com,Week 14,Buffalo Bills,Defense,DST,BUF,6.1,2025-12-11 04:29:37
2374,automatic,fantasypros.com,Week 14,Tyler,Lockett,WR,LV,6.1,2025-12-11 04:29:37
8125,automatic,fantasypros.com,Week 14,Calvin,Austin III,WR,PIT,6.1,2025-12-11 04:29:37
12502,automatic,fantasypros.com,Week 14,Gunnar,Helm,TE,TEN,6.1,2025-12-11 04:29:37
4993,automatic,espn.com,Week 14,Mike,Gesicki,TE,CIN,6.1,2025-12-11 04:29:37
SEA,dst_team_match,espn.com,Week 14,Seahawks,Defense,DST,SEA,6.1,2025-12-11 04:29:37
IND,dst_team_match,espn.com,Week 14,Colts,Defense,DST,IND,6.1,2025-12-11 04:29:37
11643,automatic,sleeper.com,Week 15,Jaylen,Wright,RB,MIA,6.1,2025-12-11 04:29:37
9479,automatic,espn.com,Week 15,Darnell,Washington,TE,PIT,6.1,2025-12-11 04:29:37
12492,automatic,firstdown.studio,Week 15,Pat,Bryant,WR,DEN,6.1,2025-12-11 04:29:37
10226,automatic,firstdown.studio,Week 15,Andrei,Iosivas,WR,CIN,6.1,2025-12-11 04:29:37
11646,automatic,firstdown.studio,Week 15,Jalen,Coker,WR,CAR,6.1,2025-12-11 04:29:37
11571,automatic,fanduel.com,Week 13,Isaiah,Davis,RB,NYJ,6.09,2025-12-11 04:29:37
6853,automatic,fanduel.com,Week 14,Van,Jefferson,WR,TEN,6.09,2025-12-11 04:29:37
7090,automatic,fanduel.com,Week 11,Darnell,Mooney,WR,ATL,6.08,2025-12-11 04:29:37
3200,automatic,fanduel.com,Week 12,Sterling,Shepard,WR,TB,6.08,2025-12-11 04:29:37
9506,automatic,fanduel.com,Week 11,Sean,Tucker,RB,TB,6.07,2025-12-11 04:29:37
6943,automatic,fanduel.com,Week 13,Gabriel,Davis,WR,BUF,6.05,2025-12-11 04:29:37
12493,automatic,fanduel.com,Week 11,Oronde,Gadsden,TE,LAC,6.03,2025-12-11 04:29:37
12501,automatic,fanduel.com,Week 12,Matthew,Golden,WR,GB,6.03,2025-12-11 04:29:37
11625,automatic,fanduel.com,Week 13,Adonai,Mitchell,WR,NYJ,6.02,2025-12-11 04:29:37
4199,automatic,fanduel.com,Week 14,Aaron,Jones,RB,MIN,6.01,2025-12-11 04:29:37
12535,automatic,fanduel.com,Week 15,Isaac,TeSlaa,WR,DET,6.01,2025-12-11 04:29:37
5995,automatic,fanduel.com,Week 10,Justice,Hill,RB,BAL,6.0,2025-12-11 04:29:37
12501,automatic,sleeper.com,Week 10,Matthew,Golden,WR,GB,6.0,2025-12-11 04:29:37
503,automatic,fantasypros.com,Week 10,Graham,Gano,K,NYG,6.0,2025-12-11 04:29:37
TB,dst_team_match,fantasypros.com,Week 10,Tampa Bay Buccaneers,Defense,DST,TB,6.0,2025-12-11 04:29:37
7594,automatic,firstdown.studio,Week 10,Chuba,Hubbard,RB,CAR,6.0,2025-12-11 04:29:37
4039,automatic,firstdown.studio,Week 10,Cooper,Kupp,WR,SEA,6.0,2025-12-11 04:29:37
11600,automatic,sleeper.com,Week 11,Ja'Tavion,Sanders,TE,CAR,6.0,2025-12-11 04:29:37
6960,automatic,sleeper.com,Week 11,Tyler,Johnson,WR,NYJ,6.0,2025-12-11 04:29:37
ATL,dst_team_match,espn.com,Week 11,Falcons D/ST,Defense,DST,ATL,6.0,2025-12-11 04:29:37
3976,automatic,fantasypros.com,Week 11,Mitchell,Trubisky,QB,BUF,6.0,2025-12-11 04:29:37
8132,automatic,fantasypros.com,Week 11,Tyler,Allgeier,RB,ATL,6.0,2025-12-11 04:29:37
10955,automatic,fantasypros.com,Week 11,Chad,Ryland,K,ARI,6.0,2025-12-11 04:29:37
CAR,dst_team_match,fantasypros.com,Week 11,Carolina Panthers,Defense,DST,CAR,6.0,2025-12-11 04:29:37
11571,automatic,firstdown.studio,Week 11,Isaiah,Davis,RB,NYJ,6.0,2025-12-11 04:29:37
8172,automatic,firstdown.studio,Week 11,Greg,Dulcich,TE,MIA,6.0,2025-12-11 04:29:37
12517,automatic,espn.com,Week 12,Colston,Loveland,TE,CHI,6.0,2025-12-11 04:29:37
8147,automatic,fantasypros.com,Week 12,John,Metchie III,WR,NYJ,6.0,2025-12-11 04:29:37
8210,automatic,fantasypros.com,Week 12,Chig,Okonkwo,TE,TEN,6.0,2025-12-11 04:29:37
4233,automatic,fantasypros.com,Week 12,Zane,Gonzalez,K,ATL,6.0,2025-12-11 04:29:37
PHI,dst_team_match,fantasypros.com,Week 12,Philadelphia Eagles,Defense,DST,PHI,6.0,2025-12-11 04:29:37
11439,automatic,sleeper.com,Week 13,Jaleel,McLaughlin,RB,DEN,6.0,2025-12-11 04:29:37
5848,automatic,sleeper.com,Week 13,Marquise,Brown,WR,KC,6.0,2025-12-11 04:29:37
7600,automatic,sleeper.com,Week 13,Pat,Freiermuth,TE,PIT,6.0,2025-12-11 04:29:37
7594,automatic,espn.com,Week 13,Chuba,Hubbard,RB,CAR,6.0,2025-12-11 04:29:37
7591,automatic,fantasypros.com,Week 13,Justin,Fields,QB,NYJ,6.0,2025-12-11 04:29:37
10955,automatic,fantasypros.com,Week 13,Chad,Ryland,K,ARI,6.0,2025-12-11 04:29:37
BUF,dst_team_match,fantasypros.com,Week 13,Buffalo Bills,Defense,DST,BUF,6.0,2025-12-11 04:29:37
4988,automatic,sleeper.com,Week 14,Nick,Chubb,RB,HOU,6.0,2025-12-11 04:29:37
8135,automatic,fanduel.com,Week 14,Treylon,Burks,WR,WAS,6.0,2025-12-11 04:29:37
MIA,dst_team_match,espn.com,Week 14,Dolphins,Defense,DST,MIA,6.0,2025-12-11 04:29:37
4988,automatic,sleeper.com,Week 15,Nick,Chubb,RB,HOU,6.0,2025-12-11 04:29:37
11439,automatic,fantasypros.com,Week 15,Jaleel,McLaughlin,RB,DEN,6.0,2025-12-11 04:29:37
LAR,dst_team_match,fantasypros.com,Week 15,Los Angeles Rams,Defense,DST,LAR,6.0,2025-12-11 04:29:37
8132,automatic,firstdown.studio,Week 15,Tyler,Allgeier,RB,ATL,6.0,2025-12-11 04:29:37
12539,automatic,fanduel.com,Week 12,Arian,Smith,WR,NYJ,5.99,2025-12-11 04:29:37
4147,automatic,fanduel.com,Week 15,Samaje,Perine,RB,CIN,5.95,2025-12-11 04:29:37
12517,automatic,fanduel.com,Week 10,Colston,Loveland,TE,CHI,5.94,2025-12-11 04:29:37
8143,automatic,fanduel.com,Week 11,Jerome,Ford,RB,CLE,5.93,2025-12-11 04:29:37
11586,automatic,fanduel.com,Week 12,Blake,Corum,RB,LAR,5.93,2025-12-11 04:29:37
8112,automatic,fanduel.com,Week 14,Drake,London,WR,ATL,5.93,2025-12-11 04:29:37
8205,automatic,fanduel.com,Week 15,Isiah,Pacheco,RB,KC,5.93,2025-12-11 04:29:37
4950,automatic,fanduel.com,Week 13,Christian,Kirk,WR,HOU,5.92,2025-12-11 04:29:37
11628,automatic,fanduel.com,Week 13,Marvin,Harrison Jr.,WR,ARI,5.92,2025-12-11 04:29:37
5848,automatic,fanduel.com,Week 14,Marquise,Brown,WR,KC,5.92,2025-12-11 04:29:37
3634,automatic,fanduel.com,Week 11,Kalif,Raymond,WR,DET,5.91,2025-12-11 04:29:37
11586,automatic,fanduel.com,Week 13,Blake,Corum,RB,LAR,5.91,2025-12-11 04:29:37
9480,automatic,fanduel.com,Week 13,Brenton,Strange,TE,JAX,5.91,2025-12-11 04:29:37
12641,automatic,fanduel.com,Week 10,Jaylin,Lane,WR,WAS,5.9,2025-12-11 04:29:37
12476,automatic,sleeper.com,Week 10,Devin,Neal,RB,NO,5.9,2025-12-11 04:29:37
4177,automatic,sleeper.com,Week 10,Mack,Hollins,WR,NE,5.9,2025-12-11 04:29:37
11435,automatic,espn.com,Week 11,Emanuel,Wilson,RB,GB,5.9,2025-12-11 04:29:37
DEN,dst_team_match,espn.com,Week 11,Broncos D/ST,Defense,DST,DEN,5.9,2025-12-11 04:29:37
8131,automatic,fantasypros.com,Week 11,Isaiah,Likely,TE,BAL,5.9,2025-12-11 04:29:37
12485,automatic,sleeper.com,Week 12,Tez,Johnson,WR,TB,5.9,2025-12-11 04:29:37
4381,automatic,espn.com,Week 12,Taysom,Hill,TE,NO,5.9,2025-12-11 04:29:37
12492,automatic,sleeper.com,Week 13,Pat,Bryant,WR,DEN,5.9,2025-12-11 04:29:37
11647,automatic,espn.com,Week 13,Kimani,Vidal,RB,LAC,5.9,2025-12-11 04:29:37
9482,automatic,espn.com,Week 13,Michael,Mayer,TE,LV,5.9,2025-12-11 04:29:37
NE,dst_team_match,espn.com,Week 13,Patriots D/ST,Defense,DST,NE,5.9,2025-12-11 04:29:37
BUF,dst_team_match,espn.com,Week 13,Bills D/ST,Defense,DST,BUF,5.9,2025-12-11 04:29:37
4033,automatic,fantasypros.com,Week 13,David,Njoku,TE,CLE,5.9,2025-12-11 04:29:37
12533,automatic,sleeper.com,Week 14,Jacory,Croskey-Merritt,RB,WAS,5.9,2025-12-11 04:29:37
7600,automatic,sleeper.com,Week 14,Pat,Freiermuth,TE,PIT,5.9,2025-12-11 04:29:37
8136,automatic,fantasypros.com,Week 14,Rachaad,White,RB,TB,5.9,2025-12-11 04:29:37
6943,automatic,fantasypros.com,Week 14,Gabe,Davis,WR,BUF,5.9,2025-12-11 04:29:37
BAL,dst_team_match,espn.com,Week 14,Ravens,Defense,DST,BAL,5.9,2025-12-11 04:29:37
TB,dst_team_match,espn.com,Week 14,Buccaneers,Defense,DST,TB,5.9,2025-12-11 04:29:37
8136,automatic,sleeper.com,Week 15,Rachaad,White,RB,TB,5.9,2025-12-11 04:29:37
8180,automatic,sleeper.com,Week 15,Jalen,Nailor,WR,MIN,5.9,2025-12-11 04:29:37
12533,automatic,sleeper.com,Week 15,Jacory,Croskey-Merritt,RB,WAS,5.9,2025-12-11 04:29:37
4234,automatic,sleeper.com,Week 15,Noah,Brown,WR,WAS,5.9,2025-12-11 04:29:37
NO,dst_team_match,espn.com,Week 15,Saints,Defense,DST,NO,5.9,2025-12-11 04:29:37
NO,dst_team_match,fantasypros.com,Week 15,New Orleans Saints,Defense,DST,NO,5.9,2025-12-11 04:29:37
BAL,dst_team_match,fantasypros.com,Week 15,Baltimore Ravens,Defense,DST,BAL,5.9,2025-12-11 04:29:37
4147,automatic,firstdown.studio,Week 15,Samaje,Perine,RB,CIN,5.9,2025-12-11 04:29:37
9504,automatic,firstdown.studio,Week 15,Kayshon,Boutte,WR,NE,5.9,2025-12-11 04:29:37
12498,automatic,firstdown.studio,Week 15,Mason,Taylor,TE,NYJ,5.9,2025-12-11 04:29:37
9501,automatic,fanduel.com,Week 11,Demario,Douglas,WR,NE,5.89,2025-12-11 04:29:37
9494,automatic,fanduel.com,Week 11,Marvin,Mims,WR,DEN,5.89,2025-12-11 04:29:37
10226,automatic,fanduel.com,Week 14,Andrei,Iosivas,WR,CIN,5.88,2025-12-11 04:29:37
11647,automatic,fanduel.com,Week 15,Kimani,Vidal,RB,LAC,5.87,2025-12-11 04:29:37
6853,automatic,fanduel.com,Week 15,Van,Jefferson,WR,TEN,5.85,2025-12-11 04:29:37
3634,automatic,fanduel.com,Week 10,Kalif,Raymond,WR,DET,5.84,2025-12-11 04:29:37
9479,automatic,fanduel.com,Week 11,Darnell,Washington,TE,PIT,5.84,2025-12-11 04:29:37
9501,automatic,fanduel.com,Week 12,Demario,Douglas,WR,NE,5.84,2025-12-11 04:29:37
12641,automatic,sleeper.com,Week 10,Jaylin,Lane,WR,WAS,5.8,2025-12-11 04:29:37
12490,automatic,fantasypros.com,Week 10,Bhayshul,Tuten,RB,JAX,5.8,2025-12-11 04:29:37
8132,automatic,fantasypros.com,Week 10,Tyler,Allgeier,RB,ATL,5.8,2025-12-11 04:29:37
7496,automatic,fantasypros.com,Week 10,Nick,Westbrook-Ikhine,WR,MIA,5.8,2025-12-11 04:29:37
6083,automatic,fantasypros.com,Week 10,Matt,Gay,K,WAS,5.8,2025-12-11 04:29:37
ATL,dst_team_match,fantasypros.com,Week 10,Atlanta Falcons,Defense,DST,ATL,5.8,2025-12-11 04:29:37
11435,automatic,sleeper.com,Week 11,Emanuel,Wilson,RB,GB,5.8,2025-12-11 04:29:37
11586,automatic,espn.com,Week 11,Blake,Corum,RB,LAR,5.8,2025-12-11 04:29:37
JAX,dst_team_match,espn.com,Week 11,Jaguars D/ST,Defense,DST,JAX,5.8,2025-12-11 04:29:37
3678,automatic,fantasypros.com,Week 11,Wil,Lutz,K,DEN,5.8,2025-12-11 04:29:37
MIA,dst_team_match,fantasypros.com,Week 11,Miami Dolphins,Defense,DST,MIA,5.8,2025-12-11 04:29:37
11600,automatic,fanduel.com,Week 12,Ja'Tavion,Sanders,TE,CAR,5.8,2025-12-11 04:29:37
9486,automatic,fantasypros.com,Week 12,Dontayvion,Wicks,WR,GB,5.8,2025-12-11 04:29:37
5095,automatic,fantasypros.com,Week 12,Daniel,Carlson,K,LV,5.8,2025-12-11 04:29:37
HOU,dst_team_match,fantasypros.com,Week 12,Houston Texans,Defense,DST,HOU,5.8,2025-12-11 04:29:37
TB,dst_team_match,espn.com,Week 13,Buccaneers D/ST,Defense,DST,TB,5.8,2025-12-11 04:29:37
NO,dst_team_match,espn.com,Week 13,Saints D/ST,Defense,DST,NO,5.8,2025-12-11 04:29:37
NYJ,dst_team_match,espn.com,Week 13,Jets D/ST,Defense,DST,NYJ,5.8,2025-12-11 04:29:37
IND,dst_team_match,espn.com,Week 13,Colts D/ST,Defense,DST,IND,5.8,2025-12-11 04:29:37
9487,automatic,fantasypros.com,Week 13,Parker,Washington,WR,JAX,5.8,2025-12-11 04:29:37
7922,automatic,fantasypros.com,Week 13,Riley,Patterson,K,MIA,5.8,2025-12-11 04:29:37
IND,dst_team_match,fantasypros.com,Week 13,Indianapolis Colts,Defense,DST,IND,5.8,2025-12-11 04:29:37
11439,automatic,fanduel.com,Week 13,Jaleel,McLaughlin,RB,DEN,5.8,2025-12-11 04:29:37
8136,automatic,sleeper.com,Week 14,Rachaad,White,RB,TB,5.8,2025-12-11 04:29:37
11571,automatic,sleeper.com,Week 14,Isaiah,Davis,RB,NYJ,5.8,2025-12-11 04:29:37
12469,automatic,sleeper.com,Week 14,Dylan,Sampson,RB,CLE,5.8,2025-12-11 04:29:37
1426,automatic,fantasypros.com,Week 14,DeAndre,Hopkins,WR,BAL,5.8,2025-12-11 04:29:37
PHI,dst_team_match,espn.com,Week 14,Eagles,Defense,DST,PHI,5.8,2025-12-11 04:29:37
6039,automatic,fantasypros.com,Week 15,Ty,Johnson,RB,BUF,5.8,2025-12-11 04:29:37
LAC,dst_team_match,fantasypros.com,Week 15,Los Angeles Chargers,Defense,DST,LAC,5.8,2025-12-11 04:29:37
WAS,dst_team_match,fantasypros.com,Week 15,Washington Commanders,Defense,DST,WAS,5.8,2025-12-11 04:29:37
11647,automatic,firstdown.studio,Week 15,Kimani,Vidal,RB,LAC,5.8,2025-12-11 04:29:37
12499,automatic,firstdown.studio,Week 15,Elic,Ayomanor,WR,TEN,5.8,2025-12-11 04:29:37
,,fantasypros.com,Week 15,Blake,Grupe,K,IND,5.8,2025-12-11 04:29:37
4144,automatic,fanduel.com,Week 15,Jonnu,Smith,TE,PIT,5.79,2025-12-11 04:29:37
9482,automatic,fanduel.com,Week 12,Michael,Mayer,TE,LV,5.77,2025-12-11 04:29:37
7594,automatic,fanduel.com,Week 12,Chuba,Hubbard,RB,CAR,5.77,2025-12-11 04:29:37
1426,automatic,fanduel.com,Week 11,DeAndre,Hopkins,WR,BAL,5.76,2025-12-11 04:29:37
9479,automatic,fanduel.com,Week 14,Darnell,Washington,TE,PIT,5.76,2025-12-11 04:29:37
2374,automatic,fanduel.com,Week 12,Tyler,Lockett,WR,LV,5.73,2025-12-11 04:29:37
4454,automatic,fanduel.com,Week 12,Kendrick,Bourne,WR,SF,5.72,2025-12-11 04:29:37
12503,automatic,fanduel.com,Week 10,Isaiah,Bond,WR,CLE,5.71,2025-12-11 04:29:37
12521,automatic,fanduel.com,Week 10,Elijah,Arroyo,TE,SEA,5.71,2025-12-11 04:29:37
9501,automatic,fanduel.com,Week 15,Demario,Douglas,WR,NE,5.71,2025-12-11 04:29:37
11435,automatic,fanduel.com,Week 15,Emanuel,Wilson,RB,GB,5.71,2025-12-11 04:29:37
8131,automatic,sleeper.com,Week 10,Isaiah,Likely,TE,BAL,5.7,2025-12-11 04:29:37
9501,automatic,sleeper.com,Week 10,DeMario,Douglas,WR,NE,5.7,2025-12-11 04:29:37
4039,automatic,sleeper.com,Week 10,Cooper,Kupp,WR,SEA,5.7,2025-12-11 04:29:37
11600,automatic,sleeper.com,Week 10,Ja'Tavion,Sanders,TE,CAR,5.7,2025-12-11 04:29:37
11586,automatic,espn.com,Week 10,Blake,Corum,RB,LAR,5.7,2025-12-11 04:29:37
NYJ,dst_team_match,espn.com,Week 10,Jets D/ST,Defense,DST,NYJ,5.7,2025-12-11 04:29:37
2197,automatic,fantasypros.com,Week 10,Brandin,Cooks,WR,NO,5.7,2025-12-11 04:29:37
12484,automatic,fantasypros.com,Week 10,Jayden,Higgins,WR,HOU,5.7,2025-12-11 04:29:37
11435,automatic,firstdown.studio,Week 10,Emanuel,Wilson,RB,GB,5.7,2025-12-11 04:29:37
11600,automatic,espn.com,Week 11,Ja'Tavion,Sanders,TE,CAR,5.7,2025-12-11 04:29:37
3271,automatic,espn.com,Week 11,Tyler,Higbee,TE,LAR,5.7,2025-12-11 04:29:37
CHI,dst_team_match,espn.com,Week 11,Bears D/ST,Defense,DST,CHI,5.7,2025-12-11 04:29:37
4219,automatic,firstdown.studio,Week 11,Jeremy,McNichols,RB,WAS,5.7,2025-12-11 04:29:37
4454,automatic,fanduel.com,Week 11,Kendrick,Bourne,WR,SF,5.7,2025-12-11 04:29:37
9486,automatic,sleeper.com,Week 12,Dontayvion,Wicks,WR,GB,5.7,2025-12-11 04:29:37
8210,automatic,sleeper.com,Week 12,Chig,Okonkwo,TE,TEN,5.7,2025-12-11 04:29:37
NE,dst_team_match,espn.com,Week 12,Patriots D/ST,Defense,DST,NE,5.7,2025-12-11 04:29:37
LAR,dst_team_match,espn.com,Week 12,Rams D/ST,Defense,DST,LAR,5.7,2025-12-11 04:29:37
4988,automatic,fantasypros.com,Week 12,Nick,Chubb,RB,HOU,5.7,2025-12-11 04:29:37
6943,automatic,fantasypros.com,Week 12,Gabe,Davis,WR,BUF,5.7,2025-12-11 04:29:37
4950,automatic,sleeper.com,Week 13,Christian,Kirk,WR,HOU,5.7,2025-12-11 04:29:37
11600,automatic,sleeper.com,Week 13,Ja'Tavion,Sanders,TE,CAR,5.7,2025-12-11 04:29:37
6865,automatic,sleeper.com,Week 13,Colby,Parkinson,TE,LAR,5.7,2025-12-11 04:29:37
11439,automatic,espn.com,Week 13,Jaleel,McLaughlin,RB,DEN,5.7,2025-12-11 04:29:37
8408,automatic,espn.com,Week 13,Jordan,Mason,RB,MIN,5.7,2025-12-11 04:29:37
4144,automatic,espn.com,Week 13,Jonnu,Smith,TE,PIT,5.7,2025-12-11 04:29:37
4033,automatic,espn.com,Week 13,David,Njoku,TE,CLE,5.7,2025-12-11 04:29:37
LV,dst_team_match,espn.com,Week 13,Raiders D/ST,Defense,DST,LV,5.7,2025-12-11 04:29:37
BAL,dst_team_match,espn.com,Week 13,Ravens D/ST,Defense,DST,BAL,5.7,2025-12-11 04:29:37
12503,automatic,fanduel.com,Week 13,Isaiah,Bond,WR,CLE,5.7,2025-12-11 04:29:37
8180,automatic,sleeper.com,Week 14,Jalen,Nailor,WR,MIN,5.7,2025-12-11 04:29:37
ATL,dst_team_match,fantasypros.com,Week 14,Atlanta Falcons,Defense,DST,ATL,5.7,2025-12-11 04:29:37
NYJ,dst_team_match,fantasypros.com,Week 14,New York Jets,Defense,DST,NYJ,5.7,2025-12-11 04:29:37
6039,automatic,fantasypros.com,Week 14,Ty,Johnson,RB,BUF,5.7,2025-12-11 04:29:37
5906,automatic,fantasypros.com,Week 14,Dawson,Knox,TE,BUF,5.7,2025-12-11 04:29:37
8210,automatic,sleeper.com,Week 15,Chig,Okonkwo,TE,TEN,5.7,2025-12-11 04:29:37
6865,automatic,sleeper.com,Week 15,Colby,Parkinson,TE,LAR,5.7,2025-12-11 04:29:37
9482,automatic,espn.com,Week 15,Michael,Mayer,TE,LV,5.7,2025-12-11 04:29:37
MIA,dst_team_match,espn.com,Week 15,Dolphins,Defense,DST,MIA,5.7,2025-12-11 04:29:37
8125,automatic,fantasypros.com,Week 15,Calvin,Austin III,WR,PIT,5.7,2025-12-11 04:29:37
NYG,dst_team_match,fantasypros.com,Week 15,New York Giants,Defense,DST,NYG,5.7,2025-12-11 04:29:37
MIN,dst_team_match,fantasypros.com,Week 15,Minnesota Vikings,Defense,DST,MIN,5.7,2025-12-11 04:29:37
NE,dst_team_match,fantasypros.com,Week 15,New England Patriots,Defense,DST,NE,5.7,2025-12-11 04:29:37
8205,automatic,firstdown.studio,Week 15,Isiah,Pacheco,RB,KC,5.7,2025-12-11 04:29:37
5844,automatic,firstdown.studio,Week 15,T.J.,Hockenson,TE,MIN,5.7,2025-12-11 04:29:37
11261,automatic,firstdown.studio,Week 15,Andre,Szmyt,K,CLE,5.7,2025-12-11 04:29:37
10955,automatic,firstdown.studio,Week 15,Chad,Ryland,K,ARI,5.7,2025-12-11 04:29:37
3269,automatic,fanduel.com,Week 11,Chris,Moore,WR,WAS,5.69,2025-12-11 04:29:37
8147,automatic,fanduel.com,Week 15,John,Metchie III,WR,NYJ,5.69,2025-12-11 04:29:37
7670,automatic,fanduel.com,Week 13,Josh,Palmer,WR,BUF,5.67,2025-12-11 04:29:37
12539,automatic,fanduel.com,Week 11,Arian,Smith,WR,NYJ,5.66,2025-12-11 04:29:37
11370,automatic,fanduel.com,Week 12,Chris,Brooks,RB,GB,5.65,2025-12-11 04:29:37
11921,automatic,fanduel.com,Week 12,Xavier,Weaver,WR,ARI,5.64,2025-12-11 04:29:37
5995,automatic,fanduel.com,Week 11,Justice,Hill,RB,BAL,5.63,2025-12-11 04:29:37
11646,automatic,fanduel.com,Week 13,Jalen,Coker,WR,CAR,5.63,2025-12-11 04:29:37
9506,automatic,espn.com,Week 10,Sean,Tucker,RB,TB,5.6,2025-12-11 04:29:37
LAC,dst_team_match,espn.com,Week 10,Chargers D/ST,Defense,DST,LAC,5.6,2025-12-11 04:29:37
PIT,dst_team_match,espn.com,Week 10,Steelers D/ST,Defense,DST,PIT,5.6,2025-12-11 04:29:37
11623,automatic,fantasypros.com,Week 10,Jordan,Whittington,WR,LAR,5.6,2025-12-11 04:29:37
7587,automatic,fantasypros.com,Week 10,Dyami,Brown,WR,JAX,5.6,2025-12-11 04:29:37
650,automatic,fantasypros.com,Week 10,Nick,Folk,K,NYJ,5.6,2025-12-11 04:29:37
12497,automatic,firstdown.studio,Week 10,Tory,Horton,WR,SEA,5.6,2025-12-11 04:29:37
8143,automatic,sleeper.com,Week 11,Jerome,Ford,RB,CLE,5.6,2025-12-11 04:29:37
5857,automatic,espn.com,Week 11,Noah,Fant,TE,CIN,5.6,2025-12-11 04:29:37
MIA,dst_team_match,espn.com,Week 11,Dolphins D/ST,Defense,DST,MIA,5.6,2025-12-11 04:29:37
4988,automatic,fantasypros.com,Week 11,Nick,Chubb,RB,HOU,5.6,2025-12-11 04:29:37
3271,automatic,fantasypros.com,Week 11,Tyler,Higbee,TE,LAR,5.6,2025-12-11 04:29:37
7922,automatic,fantasypros.com,Week 11,Riley,Patterson,K,MIA,5.6,2025-12-11 04:29:37
7607,automatic,sleeper.com,Week 12,Michael,Carter,RB,ARI,5.6,2025-12-11 04:29:37
5848,automatic,sleeper.com,Week 12,Marquise,Brown,WR,KC,5.6,2025-12-11 04:29:37
9497,automatic,sleeper.com,Week 12,Jalin,Hyatt,WR,NYG,5.6,2025-12-11 04:29:37
6865,automatic,sleeper.com,Week 12,Colby,Parkinson,TE,LAR,5.6,2025-12-11 04:29:37
12536,automatic,fantasypros.com,Week 12,Jaylin,Noel,WR,HOU,5.6,2025-12-11 04:29:37
6271,automatic,fantasypros.com,Week 12,Olamide,Zaccheaus,WR,CHI,5.6,2025-12-11 04:29:37
9479,automatic,fantasypros.com,Week 12,Darnell,Washington,TE,PIT,5.6,2025-12-11 04:29:37
12961,automatic,fantasypros.com,Week 12,Ryan,Fitzgerald,K,CAR,5.6,2025-12-11 04:29:37
8136,automatic,sleeper.com,Week 13,Rachaad,White,RB,TB,5.6,2025-12-11 04:29:37
4988,automatic,sleeper.com,Week 13,Nick,Chubb,RB,HOU,5.6,2025-12-11 04:29:37
4381,automatic,sleeper.com,Week 13,Taysom,Hill,TE,NO,5.6,2025-12-11 04:29:37
5906,automatic,fantasypros.com,Week 13,Dawson,Knox,TE,BUF,5.6,2025-12-11 04:29:37
11439,automatic,sleeper.com,Week 14,Jaleel,McLaughlin,RB,DEN,5.6,2025-12-11 04:29:37
4219,automatic,sleeper.com,Week 14,Jeremy,McNichols,RB,WAS,5.6,2025-12-11 04:29:37
4993,automatic,sleeper.com,Week 14,Mike,Gesicki,TE,CIN,5.6,2025-12-11 04:29:37
11261,automatic,fantasypros.com,Week 14,Andre,Szmyt,K,CLE,5.6,2025-12-11 04:29:37
DET,dst_team_match,fantasypros.com,Week 14,Detroit Lions,Defense,DST,DET,5.6,2025-12-11 04:29:37
CHI,dst_team_match,fantasypros.com,Week 14,Chicago Bears,Defense,DST,CHI,5.6,2025-12-11 04:29:37
DAL,dst_team_match,fantasypros.com,Week 14,Dallas Cowboys,Defense,DST,DAL,5.6,2025-12-11 04:29:37
6154,automatic,fantasypros.com,Week 14,David,Sills V,WR,ATL,5.6,2025-12-11 04:29:37
9482,automatic,espn.com,Week 14,Michael,Mayer,TE,LV,5.6,2025-12-11 04:29:37
10226,automatic,sleeper.com,Week 15,Andrei,Iosivas,WR,CIN,5.6,2025-12-11 04:29:37
12490,automatic,sleeper.com,Week 15,Bhayshul,Tuten,RB,JAX,5.6,2025-12-11 04:29:37
4381,automatic,sleeper.com,Week 15,Taysom,Hill,TE,NO,5.6,2025-12-11 04:29:37
11600,automatic,sleeper.com,Week 15,Ja'Tavion,Sanders,TE,CAR,5.6,2025-12-11 04:29:37
4177,automatic,fantasypros.com,Week 15,Mack,Hollins,WR,NE,5.6,2025-12-11 04:29:37
4666,automatic,fantasypros.com,Week 15,Younghoe,Koo,K,NYG,5.6,2025-12-11 04:29:37
BUF,dst_team_match,fantasypros.com,Week 15,Buffalo Bills,Defense,DST,BUF,5.6,2025-12-11 04:29:37
NYJ,dst_team_match,fantasypros.com,Week 15,New York Jets,Defense,DST,NYJ,5.6,2025-12-11 04:29:37
ARI,dst_team_match,fantasypros.com,Week 15,Arizona Cardinals,Defense,DST,ARI,5.6,2025-12-11 04:29:37
10213,automatic,firstdown.studio,Week 15,Tre,Tucker,WR,LV,5.6,2025-12-11 04:29:37
8111,automatic,firstdown.studio,Week 15,Cade,Otton,TE,TB,5.6,2025-12-11 04:29:37
650,automatic,firstdown.studio,Week 15,Nick,Folk,K,NYJ,5.6,2025-12-11 04:29:37
,,fantasypros.com,Week 13,Matt,Gay,K,SF,5.6,2025-12-11 04:29:37
9501,automatic,fanduel.com,Week 13,Demario,Douglas,WR,NE,5.59,2025-12-11 04:29:37
6154,automatic,fanduel.com,Week 14,David,Sills V,WR,ATL,5.59,2025-12-11 04:29:37
4219,automatic,fanduel.com,Week 11,Jeremy,McNichols,RB,WAS,5.58,2025-12-11 04:29:37
12490,automatic,fanduel.com,Week 12,Bhayshul,Tuten,RB,JAX,5.57,2025-12-11 04:29:37
10219,automatic,fanduel.com,Week 13,Chris,Rodriguez Jr.,RB,WAS,5.57,2025-12-11 04:29:37
11647,automatic,fanduel.com,Week 13,Kimani,Vidal,RB,LAC,5.55,2025-12-11 04:29:37
,,fanduel.com,Week 13,Isaiah,Hodgins,WR,NYG,5.54,2025-12-11 04:29:37
12490,automatic,fanduel.com,Week 13,Bhayshul,Tuten,RB,JAX,5.53,2025-12-11 04:29:37
9487,automatic,fanduel.com,Week 11,Parker,Washington,WR,JAX,5.52,2025-12-11 04:29:37
11439,automatic,fanduel.com,Week 14,Jaleel,McLaughlin,RB,DEN,5.52,2025-12-11 04:29:37
7496,automatic,fanduel.com,Week 11,Nick,Westbrook-Ikhine,WR,MIA,5.51,2025-12-11 04:29:37
4219,automatic,fanduel.com,Week 14,Jeremy,McNichols,RB,WAS,5.51,2025-12-11 04:29:37
6865,automatic,fanduel.com,Week 14,Colby,Parkinson,TE,LAR,5.51,2025-12-11 04:29:37
12503,automatic,fanduel.com,Week 15,Isaiah,Bond,WR,CLE,5.51,2025-12-11 04:29:37
7496,automatic,fanduel.com,Week 10,Nick,Westbrook-Ikhine,WR,MIA,5.5,2025-12-11 04:29:37
7594,automatic,sleeper.com,Week 10,Chuba,Hubbard,RB,CAR,5.5,2025-12-11 04:29:37
LAR,dst_team_match,espn.com,Week 10,Rams D/ST,Defense,DST,LAR,5.5,2025-12-11 04:29:37
5995,automatic,fantasypros.com,Week 10,Justice,Hill,RB,BAL,5.5,2025-12-11 04:29:37
12483,automatic,fantasypros.com,Week 10,Jack,Bech,WR,LV,5.5,2025-12-11 04:29:37
GB,dst_team_match,fantasypros.com,Week 10,Green Bay Packers,Defense,DST,GB,5.5,2025-12-11 04:29:37
11586,automatic,sleeper.com,Week 11,Blake,Corum,RB,LAR,5.5,2025-12-11 04:29:37
12490,automatic,sleeper.com,Week 11,Bhayshul,Tuten,RB,JAX,5.5,2025-12-11 04:29:37
7670,automatic,sleeper.com,Week 11,Joshua,Palmer,WR,BUF,5.5,2025-12-11 04:29:37
LAR,dst_team_match,espn.com,Week 11,Rams D/ST,Defense,DST,LAR,5.5,2025-12-11 04:29:37
DET,dst_team_match,espn.com,Week 11,Lions D/ST,Defense,DST,DET,5.5,2025-12-11 04:29:37
11557,automatic,fantasypros.com,Week 11,Joe,Milton III,QB,DAL,5.5,2025-12-11 04:29:37
DET,dst_team_match,fantasypros.com,Week 11,Detroit Lions,Defense,DST,DET,5.5,2025-12-11 04:29:37
8132,automatic,firstdown.studio,Week 11,Tyler,Allgeier,RB,ATL,5.5,2025-12-11 04:29:37
7600,automatic,espn.com,Week 12,Pat,Freiermuth,TE,PIT,5.5,2025-12-11 04:29:37
ARI,dst_team_match,espn.com,Week 12,Cardinals D/ST,Defense,DST,ARI,5.5,2025-12-11 04:29:37
4454,automatic,fantasypros.com,Week 12,Kendrick,Bourne,WR,SF,5.5,2025-12-11 04:29:37
7891,automatic,fantasypros.com,Week 12,Brock,Wright,TE,DET,5.5,2025-12-11 04:29:37
ARI,dst_team_match,fantasypros.com,Week 12,Arizona Cardinals,Defense,DST,ARI,5.5,2025-12-11 04:29:37
4219,automatic,sleeper.com,Week 13,Jeremy,McNichols,RB,WAS,5.5,2025-12-11 04:29:37
12469,automatic,sleeper.com,Week 13,Dylan,Sampson,RB,CLE,5.5,2025-12-11 04:29:37
8210,automatic,sleeper.com,Week 13,Chig,Okonkwo,TE,TEN,5.5,2025-12-11 04:29:37
7083,automatic,fantasypros.com,Week 13,Tyler,Huntley,QB,BAL,5.5,2025-12-11 04:29:37
NO,dst_team_match,fantasypros.com,Week 13,New Orleans Saints,Defense,DST,NO,5.5,2025-12-11 04:29:37
6865,automatic,sleeper.com,Week 14,Colby,Parkinson,TE,LAR,5.5,2025-12-11 04:29:37
9506,automatic,fantasypros.com,Week 14,Sean,Tucker,RB,TB,5.5,2025-12-11 04:29:37
9479,automatic,fantasypros.com,Week 14,Darnell,Washington,TE,PIT,5.5,2025-12-11 04:29:37
MIN,dst_team_match,espn.com,Week 14,Vikings,Defense,DST,MIN,5.5,2025-12-11 04:29:37
8205,automatic,sleeper.com,Week 15,Isiah,Pacheco,RB,KC,5.5,2025-12-11 04:29:37
9486,automatic,fantasypros.com,Week 15,Dontayvion,Wicks,WR,GB,5.5,2025-12-11 04:29:37
DET,dst_team_match,fantasypros.com,Week 15,Detroit Lions,Defense,DST,DET,5.5,2025-12-11 04:29:37
12533,automatic,firstdown.studio,Week 15,J.,Croskey-Merritt,RB,WAS,5.5,2025-12-11 04:29:37
11610,automatic,firstdown.studio,Week 15,Malik,Washington,WR,MIA,5.5,2025-12-11 04:29:37
6528,automatic,firstdown.studio,Week 15,Joey,Slye,K,TEN,5.5,2025-12-11 04:29:37
11068,automatic,fanduel.com,Week 13,Mitchell,Tinsley,WR,CIN,5.49,2025-12-11 04:29:37
6943,automatic,fanduel.com,Week 12,Gabriel,Davis,WR,BUF,5.48,2025-12-11 04:29:37
3202,automatic,fanduel.com,Week 11,Austin,Hooper,TE,NE,5.47,2025-12-11 04:29:37
4381,automatic,fanduel.com,Week 14,Taysom,Hill,TE,NO,5.47,2025-12-11 04:29:37
9479,automatic,fanduel.com,Week 10,Darnell,Washington,TE,PIT,5.46,2025-12-11 04:29:37
11631,automatic,fanduel.com,Week 12,Brian,Thomas Jr.,WR,JAX,5.45,2025-12-11 04:29:37
11637,automatic,fanduel.com,Week 13,Keon,Coleman,WR,BUF,5.45,2025-12-11 04:29:37
9504,automatic,fanduel.com,Week 12,Kayshon,Boutte,WR,NE,5.44,2025-12-11 04:29:37
8132,automatic,fanduel.com,Week 12,Tyler,Allgeier,RB,ATL,5.44,2025-12-11 04:29:37
7611,automatic,fanduel.com,Week 13,Rhamondre,Stevenson,RB,NE,5.41,2025-12-11 04:29:37
7496,automatic,sleeper.com,Week 10,Nick,Westbrook-Ikhine,WR,MIA,5.4,2025-12-11 04:29:37
7670,automatic,sleeper.com,Week 10,Joshua,Palmer,WR,BUF,5.4,2025-12-11 04:29:37
11435,automatic,sleeper.com,Week 10,Emanuel,Wilson,RB,GB,5.4,2025-12-11 04:29:37
TB,dst_team_match,espn.com,Week 10,Buccaneers D/ST,Defense,DST,TB,5.4,2025-12-11 04:29:37
12519,automatic,fantasypros.com,Week 10,Luther,Burden III,WR,CHI,5.4,2025-12-11 04:29:37
12536,automatic,fantasypros.com,Week 10,Jaylin,Noel,WR,HOU,5.4,2025-12-11 04:29:37
4233,automatic,fantasypros.com,Week 10,Zane,Gonzalez,K,ATL,5.4,2025-12-11 04:29:37
3451,automatic,fantasypros.com,Week 11,Ka'imi,Fairbairn,K,HOU,5.4,2025-12-11 04:29:37
12455,automatic,firstdown.studio,Week 11,Brashard,Smith,RB,KC,5.4,2025-12-11 04:29:37
4993,automatic,sleeper.com,Week 12,Mike,Gesicki,TE,CIN,5.4,2025-12-11 04:29:37
4381,automatic,sleeper.com,Week 12,Taysom,Hill,TE,NO,5.4,2025-12-11 04:29:37
6943,automatic,sleeper.com,Week 12,Gabe,Davis,WR,BUF,5.4,2025-12-11 04:29:37
12501,automatic,sleeper.com,Week 12,Matthew,Golden,WR,GB,5.4,2025-12-11 04:29:37
3271,automatic,espn.com,Week 12,Tyler,Higbee,TE,LAR,5.4,2025-12-11 04:29:37
11571,automatic,fanduel.com,Week 12,Isaiah,Davis,RB,NYJ,5.4,2025-12-11 04:29:37
12540,automatic,fantasypros.com,Week 12,Chimere,Dike,WR,TEN,5.4,2025-12-11 04:29:37
12535,automatic,fantasypros.com,Week 12,Isaac,TeSlaa,WR,DET,5.4,2025-12-11 04:29:37
4144,automatic,fantasypros.com,Week 12,Jonnu,Smith,TE,PIT,5.4,2025-12-11 04:29:37
9482,automatic,fantasypros.com,Week 12,Michael,Mayer,TE,LV,5.4,2025-12-11 04:29:37
11600,automatic,fantasypros.com,Week 12,Ja'Tavion,Sanders,TE,CAR,5.4,2025-12-11 04:29:37
650,automatic,fantasypros.com,Week 12,Nick,Folk,K,NYJ,5.4,2025-12-11 04:29:37
9479,automatic,sleeper.com,Week 13,Darnell,Washington,TE,PIT,5.4,2025-12-11 04:29:37
9754,automatic,fantasypros.com,Week 13,Quentin,Johnston,WR,LAC,5.4,2025-12-11 04:29:37
11792,automatic,fantasypros.com,Week 13,Will,Reichard,K,MIN,5.4,2025-12-11 04:29:37
11637,automatic,sleeper.com,Week 14,Keon,Coleman,WR,BUF,5.4,2025-12-11 04:29:37
7600,automatic,fanduel.com,Week 14,Pat,Freiermuth,TE,PIT,5.4,2025-12-11 04:29:37
9494,automatic,fantasypros.com,Week 14,Marvin,Mims Jr.,WR,DEN,5.4,2025-12-11 04:29:37
8210,automatic,fantasypros.com,Week 14,Chig,Okonkwo,TE,TEN,5.4,2025-12-11 04:29:37
12535,automatic,sleeper.com,Week 15,Isaac,TeSlaa,WR,DET,5.4,2025-12-11 04:29:37
8111,automatic,espn.com,Week 15,Cade,Otton,TE,TB,5.4,2025-12-11 04:29:37
4144,automatic,espn.com,Week 15,Jonnu,Smith,TE,PIT,5.4,2025-12-11 04:29:37
11643,automatic,fantasypros.com,Week 15,Jaylen,Wright,RB,MIA,5.4,2025-12-11 04:29:37
9506,automatic,fantasypros.com,Week 15,Sean,Tucker,RB,TB,5.4,2025-12-11 04:29:37
4219,automatic,fantasypros.com,Week 15,Jeremy,McNichols,RB,WAS,5.4,2025-12-11 04:29:37
6786,automatic,fantasypros.com,Week 15,CeeDee,Lamb,WR,DAL,5.4,2025-12-11 04:29:37
5906,automatic,fantasypros.com,Week 15,Dawson,Knox,TE,BUF,5.4,2025-12-11 04:29:37
IND,dst_team_match,fantasypros.com,Week 15,Indianapolis Colts,Defense,DST,IND,5.4,2025-12-11 04:29:37
11571,automatic,fanduel.com,Week 15,Isaiah,Davis,RB,NYJ,5.4,2025-12-11 04:29:37
4988,automatic,firstdown.studio,Week 15,Nick,Chubb,RB,HOU,5.4,2025-12-11 04:29:37
11199,automatic,firstdown.studio,Week 15,Emari,Demercado,RB,ARI,5.4,2025-12-11 04:29:37
4177,automatic,firstdown.studio,Week 15,Mack,Hollins,WR,NE,5.4,2025-12-11 04:29:37
9500,automatic,firstdown.studio,Week 15,Josh,Downs,WR,IND,5.4,2025-12-11 04:29:37
,,fantasypros.com,Week 15,Matt,Gay,K,FA,5.4,2025-12-11 04:29:37
7611,automatic,fanduel.com,Week 10,Rhamondre,Stevenson,RB,NE,5.39,2025-12-11 04:29:37
12534,automatic,fanduel.com,Week 12,Kyle,Monangai,RB,CHI,5.38,2025-12-11 04:29:37
11603,automatic,fanduel.com,Week 13,AJ,Barner,TE,SEA,5.37,2025-12-11 04:29:37
4950,automatic,fanduel.com,Week 14,Christian,Kirk,WR,HOU,5.37,2025-12-11 04:29:37
8917,automatic,fanduel.com,Week 12,KaVontae,Turpin,WR,DAL,5.36,2025-12-11 04:29:37
8225,automatic,fanduel.com,Week 12,Daniel,Bellinger,TE,NYG,5.35,2025-12-11 04:29:37
5096,automatic,fanduel.com,Week 10,Ray-Ray,McCloud,WR,NYG,5.34,2025-12-11 04:29:37
4950,automatic,fanduel.com,Week 15,Christian,Kirk,WR,HOU,5.34,2025-12-11 04:29:37
6943,automatic,fanduel.com,Week 14,Gabriel,Davis,WR,BUF,5.33,2025-12-11 04:29:37
12502,automatic,fanduel.com,Week 15,Gunnar,Helm,TE,TEN,5.33,2025-12-11 04:29:37
11646,automatic,fanduel.com,Week 10,Jalen,Coker,WR,CAR,5.32,2025-12-11 04:29:37
8143,automatic,sleeper.com,Week 10,Jerome,Ford,RB,CLE,5.3,2025-12-11 04:29:37
12495,automatic,sleeper.com,Week 10,Ollie,Gordon,RB,MIA,5.3,2025-12-11 04:29:37
11435,automatic,fantasypros.com,Week 10,Emanuel,Wilson,RB,GB,5.3,2025-12-11 04:29:37
7496,automatic,sleeper.com,Week 11,Nick,Westbrook-Ikhine,WR,MIA,5.3,2025-12-11 04:29:37
11630,automatic,sleeper.com,Week 11,Roman,Wilson,WR,PIT,5.3,2025-12-11 04:29:37
8917,automatic,sleeper.com,Week 11,KaVontae,Turpin,WR,DAL,5.3,2025-12-11 04:29:37
12497,automatic,sleeper.com,Week 11,Tory,Horton,WR,SEA,5.3,2025-12-11 04:29:37
8172,automatic,espn.com,Week 11,Greg,Dulcich,TE,MIA,5.3,2025-12-11 04:29:37
SF,dst_team_match,espn.com,Week 11,49ers D/ST,Defense,DST,SF,5.3,2025-12-11 04:29:37
9482,automatic,fantasypros.com,Week 11,Michael,Mayer,TE,LV,5.3,2025-12-11 04:29:37
7594,automatic,fanduel.com,Week 11,Chuba,Hubbard,RB,CAR,5.3,2025-12-11 04:29:37
HOU,dst_team_match,espn.com,Week 12,Texans D/ST,Defense,DST,HOU,5.3,2025-12-11 04:29:37
BUF,dst_team_match,espn.com,Week 12,Bills D/ST,Defense,DST,BUF,5.3,2025-12-11 04:29:37
9511,automatic,fantasypros.com,Week 12,Keaton,Mitchell,RB,BAL,5.3,2025-12-11 04:29:37
10218,automatic,fantasypros.com,Week 12,Xavier,Hutchinson,WR,HOU,5.3,2025-12-11 04:29:37
12487,automatic,fantasypros.com,Week 12,Terrance,Ferguson,TE,LAR,5.3,2025-12-11 04:29:37
7600,automatic,espn.com,Week 13,Pat,Freiermuth,TE,PIT,5.3,2025-12-11 04:29:37
HOU,dst_team_match,espn.com,Week 13,Texans D/ST,Defense,DST,HOU,5.3,2025-12-11 04:29:37
7891,automatic,fantasypros.com,Week 13,Brock,Wright,TE,DET,5.3,2025-12-11 04:29:37
12535,automatic,sleeper.com,Week 14,Isaac,TeSlaa,WR,DET,5.3,2025-12-11 04:29:37
10226,automatic,sleeper.com,Week 14,Andrei,Iosivas,WR,CIN,5.3,2025-12-11 04:29:37
8210,automatic,sleeper.com,Week 14,Chig,Okonkwo,TE,TEN,5.3,2025-12-11 04:29:37
NO,dst_team_match,fantasypros.com,Week 14,New Orleans Saints,Defense,DST,NO,5.3,2025-12-11 04:29:37
9511,automatic,fantasypros.com,Week 14,Keaton,Mitchell,RB,BAL,5.3,2025-12-11 04:29:37
4033,automatic,fantasypros.com,Week 14,David,Njoku,TE,CLE,5.3,2025-12-11 04:29:37
NYJ,dst_team_match,espn.com,Week 14,Jets,Defense,DST,NYJ,5.3,2025-12-11 04:29:37
LAC,dst_team_match,espn.com,Week 14,Chargers,Defense,DST,LAC,5.3,2025-12-11 04:29:37
11435,automatic,sleeper.com,Week 15,Emanuel,Wilson,RB,GB,5.3,2025-12-11 04:29:37
7600,automatic,espn.com,Week 15,Pat,Freiermuth,TE,PIT,5.3,2025-12-11 04:29:37
CAR,dst_team_match,espn.com,Week 15,Panthers,Defense,DST,CAR,5.3,2025-12-11 04:29:37
9494,automatic,fantasypros.com,Week 15,Marvin,Mims Jr.,WR,DEN,5.3,2025-12-11 04:29:37
TEN,dst_team_match,fantasypros.com,Week 15,Tennessee Titans,Defense,DST,TEN,5.3,2025-12-11 04:29:37
9511,automatic,firstdown.studio,Week 15,Keaton,Mitchell,RB,BAL,5.3,2025-12-11 04:29:37
12469,automatic,firstdown.studio,Week 15,Dylan,Sampson,RB,CLE,5.3,2025-12-11 04:29:37
4950,automatic,fanduel.com,Week 12,Christian,Kirk,WR,HOU,5.27,2025-12-11 04:29:37
12502,automatic,fanduel.com,Week 14,Gunnar,Helm,TE,TEN,5.27,2025-12-11 04:29:37
11589,automatic,fanduel.com,Week 11,Trey,Benson,RB,ARI,5.25,2025-12-11 04:29:37
8125,automatic,fanduel.com,Week 13,Calvin,Austin III,WR,PIT,5.25,2025-12-11 04:29:37
12536,automatic,fanduel.com,Week 14,Jaylin,Noel,WR,HOU,5.25,2025-12-11 04:29:37
,,fanduel.com,Week 15,Brandin,Cooks,WR,BUF,5.25,2025-12-11 04:29:37
12484,automatic,fanduel.com,Week 11,Jayden,Higgins,WR,HOU,5.24,2025-12-11 04:29:37
10226,automatic,fanduel.com,Week 11,Andrei,Iosivas,WR,CIN,5.23,2025-12-11 04:29:37
4351,automatic,fanduel.com,Week 12,Tim,Patrick,WR,JAX,5.23,2025-12-11 04:29:37
4381,automatic,fanduel.com,Week 13,Taysom,Hill,TE,NO,5.21,2025-12-11 04:29:37
12536,automatic,fanduel.com,Week 13,Jaylin,Noel,WR,HOU,5.21,2025-12-11 04:29:37
7535,automatic,sleeper.com,Week 10,Hunter,Long,TE,JAX,5.2,2025-12-11 04:29:37
4219,automatic,espn.com,Week 10,Jeremy,McNichols,RB,WAS,5.2,2025-12-11 04:29:37
GB,dst_team_match,espn.com,Week 10,Packers D/ST,Defense,DST,GB,5.2,2025-12-11 04:29:37
4219,automatic,fantasypros.com,Week 10,Jeremy,McNichols,RB,WAS,5.2,2025-12-11 04:29:37
5096,automatic,fantasypros.com,Week 10,Ray-Ray,McCloud III,WR,NYG,5.2,2025-12-11 04:29:37
5095,automatic,fantasypros.com,Week 10,Daniel,Carlson,K,LV,5.2,2025-12-11 04:29:37
NYG,dst_team_match,fantasypros.com,Week 10,New York Giants,Defense,DST,NYG,5.2,2025-12-11 04:29:37
8180,automatic,sleeper.com,Week 11,Jalen,Nailor,WR,MIN,5.2,2025-12-11 04:29:37
11625,automatic,sleeper.com,Week 11,Adonai,Mitchell,WR,NYJ,5.2,2025-12-11 04:29:37
7594,automatic,espn.com,Week 11,Chuba,Hubbard,RB,CAR,5.2,2025-12-11 04:29:37
KC,dst_team_match,espn.com,Week 11,Chiefs D/ST,Defense,DST,KC,5.2,2025-12-11 04:29:37
6130,automatic,fantasypros.com,Week 11,Devin,Singletary,RB,NYG,5.2,2025-12-11 04:29:37
650,automatic,fantasypros.com,Week 11,Nick,Folk,K,NYJ,5.2,2025-12-11 04:29:37
JAX,dst_team_match,fantasypros.com,Week 11,Jacksonville Jaguars,Defense,DST,JAX,5.2,2025-12-11 04:29:37
8205,automatic,firstdown.studio,Week 11,Isiah,Pacheco,RB,KC,5.2,2025-12-11 04:29:37
11435,automatic,firstdown.studio,Week 11,Emanuel,Wilson,RB,GB,5.2,2025-12-11 04:29:37
12476,automatic,sleeper.com,Week 12,Devin,Neal,RB,NO,5.2,2025-12-11 04:29:37
6039,automatic,sleeper.com,Week 12,Ty,Johnson,RB,BUF,5.2,2025-12-11 04:29:37
12502,automatic,espn.com,Week 12,Gunnar,Helm,TE,TEN,5.2,2025-12-11 04:29:37
11370,automatic,fantasypros.com,Week 12,Chris,Brooks,RB,GB,5.2,2025-12-11 04:29:37
11637,automatic,fantasypros.com,Week 12,Keon,Coleman,WR,BUF,5.2,2025-12-11 04:29:37
11783,automatic,fantasypros.com,Week 12,Ryan,Flournoy,WR,DAL,5.2,2025-12-11 04:29:37
4666,automatic,fantasypros.com,Week 12,Younghoe,Koo,K,NYG,5.2,2025-12-11 04:29:37
MIN,dst_team_match,fantasypros.com,Week 12,Minnesota Vikings,Defense,DST,MIN,5.2,2025-12-11 04:29:37
8180,automatic,sleeper.com,Week 13,Jalen,Nailor,WR,MIN,5.2,2025-12-11 04:29:37
12495,automatic,sleeper.com,Week 13,Ollie,Gordon,RB,MIA,5.2,2025-12-11 04:29:37
11377,automatic,sleeper.com,Week 13,Tyrell,Shavers,WR,BUF,5.2,2025-12-11 04:29:37
9482,automatic,sleeper.com,Week 13,Michael,Mayer,TE,LV,5.2,2025-12-11 04:29:37
CLE,dst_team_match,espn.com,Week 13,Browns D/ST,Defense,DST,CLE,5.2,2025-12-11 04:29:37
6528,automatic,fantasypros.com,Week 13,Joey,Slye,K,TEN,5.2,2025-12-11 04:29:37
KC,dst_team_match,fantasypros.com,Week 13,Kansas City Chiefs,Defense,DST,KC,5.2,2025-12-11 04:29:37
4381,automatic,sleeper.com,Week 14,Taysom,Hill,TE,NO,5.2,2025-12-11 04:29:37
4219,automatic,fantasypros.com,Week 14,Jeremy,McNichols,RB,WAS,5.2,2025-12-11 04:29:37
6853,automatic,fantasypros.com,Week 14,Van,Jefferson,WR,TEN,5.2,2025-12-11 04:29:37
9511,automatic,sleeper.com,Week 15,Keaton,Mitchell,RB,BAL,5.2,2025-12-11 04:29:37
4950,automatic,sleeper.com,Week 15,Christian,Kirk,WR,HOU,5.2,2025-12-11 04:29:37
11637,automatic,sleeper.com,Week 15,Keon,Coleman,WR,BUF,5.2,2025-12-11 04:29:37
DEN,dst_team_match,espn.com,Week 15,Broncos,Defense,DST,DEN,5.2,2025-12-11 04:29:37
GB,dst_team_match,espn.com,Week 15,Packers,Defense,DST,GB,5.2,2025-12-11 04:29:37
8154,automatic,fantasypros.com,Week 15,Brian,Robinson Jr.,RB,SF,5.2,2025-12-11 04:29:37
8917,automatic,fantasypros.com,Week 15,KaVontae,Turpin,WR,DAL,5.2,2025-12-11 04:29:37
11895,automatic,fantasypros.com,Week 15,Mason,Tipton,WR,NO,5.2,2025-12-11 04:29:37
4144,automatic,fantasypros.com,Week 15,Jonnu,Smith,TE,PIT,5.2,2025-12-11 04:29:37
12490,automatic,firstdown.studio,Week 15,Bhayshul,Tuten,RB,JAX,5.2,2025-12-11 04:29:37
,,sleeper.com,Week 15,Anthony,Firkser,TE,DET,5.2,2025-12-11 04:29:37
12485,automatic,fanduel.com,Week 13,Tez,Johnson,WR,TB,5.19,2025-12-11 04:29:37
6943,automatic,fanduel.com,Week 15,Gabriel,Davis,WR,BUF,5.19,2025-12-11 04:29:37
8125,automatic,fanduel.com,Week 12,Calvin,Austin III,WR,PIT,5.18,2025-12-11 04:29:37
9482,automatic,fanduel.com,Week 15,Michael,Mayer,TE,LV,5.18,2025-12-11 04:29:37
8225,automatic,fanduel.com,Week 15,Daniel,Bellinger,TE,NYG,5.17,2025-12-11 04:29:37
5773,automatic,fanduel.com,Week 12,Khadarel,Hodge,WR,ATL,5.16,2025-12-11 04:29:37
12541,automatic,fanduel.com,Week 12,Dont'e,Thornton Jr.,WR,LV,5.15,2025-12-11 04:29:37
3200,automatic,fanduel.com,Week 11,Sterling,Shepard,WR,TB,5.14,2025-12-11 04:29:37
11646,automatic,fanduel.com,Week 11,Jalen,Coker,WR,CAR,5.14,2025-12-11 04:29:37
5096,automatic,fanduel.com,Week 11,Ray-Ray,McCloud,WR,NYG,5.14,2025-12-11 04:29:37
11631,automatic,fanduel.com,Week 10,Brian,Thomas Jr.,WR,JAX,5.12,2025-12-11 04:29:37
8917,automatic,fanduel.com,Week 14,KaVontae,Turpin,WR,DAL,5.12,2025-12-11 04:29:37
5857,automatic,fanduel.com,Week 15,Noah,Fant,TE,CIN,5.11,2025-12-11 04:29:37
4381,automatic,fanduel.com,Week 15,Taysom,Hill,TE,NO,5.11,2025-12-11 04:29:37
12495,automatic,espn.com,Week 10,Ollie,Gordon,RB,MIA,5.1,2025-12-11 04:29:37
12469,automatic,fantasypros.com,Week 10,Dylan,Sampson,RB,CLE,5.1,2025-12-11 04:29:37
4080,automatic,fantasypros.com,Week 10,Zay,Jones,WR,ARI,5.1,2025-12-11 04:29:37
6960,automatic,fantasypros.com,Week 10,Tyler,Johnson,WR,NYJ,5.1,2025-12-11 04:29:37
12509,automatic,fantasypros.com,Week 10,Tre,Harris,WR,LAC,5.1,2025-12-11 04:29:37
12490,automatic,firstdown.studio,Week 10,Bhayshul,Tuten,RB,JAX,5.1,2025-12-11 04:29:37
9482,automatic,sleeper.com,Week 11,Michael,Mayer,TE,LV,5.1,2025-12-11 04:29:37
4219,automatic,espn.com,Week 11,Jeremy,McNichols,RB,WAS,5.1,2025-12-11 04:29:37
ARI,dst_team_match,espn.com,Week 11,Cardinals D/ST,Defense,DST,ARI,5.1,2025-12-11 04:29:37
7594,automatic,firstdown.studio,Week 11,Chuba,Hubbard,RB,CAR,5.1,2025-12-11 04:29:37
4098,automatic,sleeper.com,Week 12,Kareem,Hunt,RB,KC,5.1,2025-12-11 04:29:37
12543,automatic,espn.com,Week 12,Tahj,Brooks,RB,CIN,5.1,2025-12-11 04:29:37
5906,automatic,espn.com,Week 12,Dawson,Knox,TE,BUF,5.1,2025-12-11 04:29:37
ATL,dst_team_match,espn.com,Week 12,Falcons D/ST,Defense,DST,ATL,5.1,2025-12-11 04:29:37
9497,automatic,fantasypros.com,Week 12,Jalin,Hyatt,WR,NYG,5.1,2025-12-11 04:29:37
12455,automatic,sleeper.com,Week 13,Brashard,Smith,RB,KC,5.1,2025-12-11 04:29:37
9481,automatic,sleeper.com,Week 13,Luke,Musgrave,TE,GB,5.1,2025-12-11 04:29:37
11600,automatic,espn.com,Week 13,Ja'Tavion,Sanders,TE,CAR,5.1,2025-12-11 04:29:37
5857,automatic,espn.com,Week 13,Noah,Fant,TE,CIN,5.1,2025-12-11 04:29:37
1479,automatic,fantasypros.com,Week 13,Keenan,Allen,WR,LAC,5.1,2025-12-11 04:29:37
6943,automatic,sleeper.com,Week 14,Gabe,Davis,WR,BUF,5.1,2025-12-11 04:29:37
4950,automatic,sleeper.com,Week 14,Christian,Kirk,WR,HOU,5.1,2025-12-11 04:29:37
11618,automatic,fanduel.com,Week 14,Jalen,McMillan,WR,TB,5.1,2025-12-11 04:29:37
11596,automatic,sleeper.com,Week 15,Ben,Sinnott,TE,WAS,5.1,2025-12-11 04:29:37
12533,automatic,fantasypros.com,Week 15,Jacory,Croskey-Merritt,RB,WAS,5.1,2025-12-11 04:29:37
4234,automatic,fantasypros.com,Week 15,Noah,Brown,WR,WAS,5.1,2025-12-11 04:29:37
11600,automatic,fantasypros.com,Week 15,Ja'Tavion,Sanders,TE,CAR,5.1,2025-12-11 04:29:37
6826,automatic,fantasypros.com,Week 15,Cole,Kmet,TE,CHI,5.1,2025-12-11 04:29:37
8154,automatic,firstdown.studio,Week 15,Brian,Robinson,RB,SF,5.1,2025-12-11 04:29:37
11571,automatic,fanduel.com,Week 14,Isaiah,Davis,RB,NYJ,5.08,2025-12-11 04:29:37
4039,automatic,fanduel.com,Week 10,Cooper,Kupp,WR,SEA,5.07,2025-12-11 04:29:37
12521,automatic,fanduel.com,Week 11,Elijah,Arroyo,TE,SEA,5.06,2025-12-11 04:29:37
9511,automatic,fanduel.com,Week 12,Keaton,Mitchell,RB,BAL,5.03,2025-12-11 04:29:37
5409,automatic,fanduel.com,Week 12,Tanner,Hudson,TE,CIN,5.03,2025-12-11 04:29:37
8111,automatic,fanduel.com,Week 15,Cade,Otton,TE,TB,5.03,2025-12-11 04:29:37
12540,automatic,fanduel.com,Week 12,Chimere,Dike,WR,TEN,5.02,2025-12-11 04:29:37
11783,automatic,fanduel.com,Week 12,Ryan,Flournoy,WR,DAL,5.01,2025-12-11 04:29:37
5995,automatic,sleeper.com,Week 10,Justice,Hill,RB,BAL,5.0,2025-12-11 04:29:37
11586,automatic,sleeper.com,Week 10,Blake,Corum,RB,LAR,5.0,2025-12-11 04:29:37
4080,automatic,sleeper.com,Week 10,Zay,Jones,WR,ARI,5.0,2025-12-11 04:29:37
7537,automatic,sleeper.com,Week 10,Jaret,Patterson,RB,LAC,5.0,2025-12-11 04:29:37
12495,automatic,fantasypros.com,Week 10,Ollie,Gordon II,RB,MIA,5.0,2025-12-11 04:29:37
11630,automatic,fantasypros.com,Week 10,Roman,Wilson,WR,PIT,5.0,2025-12-11 04:29:37
NO,dst_team_match,fantasypros.com,Week 10,New Orleans Saints,Defense,DST,NO,5.0,2025-12-11 04:29:37
11586,automatic,firstdown.studio,Week 10,Blake,Corum,RB,LAR,5.0,2025-12-11 04:29:37
9501,automatic,sleeper.com,Week 11,DeMario,Douglas,WR,NE,5.0,2025-12-11 04:29:37
5848,automatic,sleeper.com,Week 11,Marquise,Brown,WR,KC,5.0,2025-12-11 04:29:37
8172,automatic,sleeper.com,Week 11,Greg,Dulcich,TE,MIA,5.0,2025-12-11 04:29:37
7538,automatic,fantasypros.com,Week 11,Zach,Wilson,QB,MIA,5.0,2025-12-11 04:29:37
8172,automatic,fantasypros.com,Week 11,Greg,Dulcich,TE,MIA,5.0,2025-12-11 04:29:37
TEN,dst_team_match,fantasypros.com,Week 11,Tennessee Titans,Defense,DST,TEN,5.0,2025-12-11 04:29:37
11586,automatic,firstdown.studio,Week 11,Blake,Corum,RB,LAR,5.0,2025-12-11 04:29:37
4950,automatic,sleeper.com,Week 12,Christian,Kirk,WR,HOU,5.0,2025-12-11 04:29:37
SF,dst_team_match,espn.com,Week 12,49ers D/ST,Defense,DST,SF,5.0,2025-12-11 04:29:37
7587,automatic,fantasypros.com,Week 12,Dyami,Brown,WR,JAX,5.0,2025-12-11 04:29:37
11058,automatic,fantasypros.com,Week 12,Blake,Grupe,K,NO,5.0,2025-12-11 04:29:37
TB,dst_team_match,fantasypros.com,Week 12,Tampa Bay Buccaneers,Defense,DST,TB,5.0,2025-12-11 04:29:37
9479,automatic,espn.com,Week 13,Darnell,Washington,TE,PIT,5.0,2025-12-11 04:29:37
TEN,dst_team_match,espn.com,Week 13,Titans D/ST,Defense,DST,TEN,5.0,2025-12-11 04:29:37
10866,automatic,fantasypros.com,Week 13,Aidan,O'Connell,QB,LV,5.0,2025-12-11 04:29:37
8210,automatic,fantasypros.com,Week 13,Chig,Okonkwo,TE,TEN,5.0,2025-12-11 04:29:37
4666,automatic,fantasypros.com,Week 13,Younghoe,Koo,K,NYG,5.0,2025-12-11 04:29:37
GB,dst_team_match,fantasypros.com,Week 13,Green Bay Packers,Defense,DST,GB,5.0,2025-12-11 04:29:37
8135,automatic,sleeper.com,Week 14,Treylon,Burks,WR,WAS,5.0,2025-12-11 04:29:37
9482,automatic,sleeper.com,Week 14,Michael,Mayer,TE,LV,5.0,2025-12-11 04:29:37
6588,automatic,sleeper.com,Week 14,Tom,Kennedy,WR,DET,5.0,2025-12-11 04:29:37
ARI,dst_team_match,fantasypros.com,Week 14,Arizona Cardinals,Defense,DST,ARI,5.0,2025-12-11 04:29:37
10218,automatic,fantasypros.com,Week 14,Xavier,Hutchinson,WR,HOU,5.0,2025-12-11 04:29:37
3200,automatic,fantasypros.com,Week 14,Sterling,Shepard,WR,TB,5.0,2025-12-11 04:29:37
4144,automatic,espn.com,Week 14,Jonnu,Smith,TE,PIT,5.0,2025-12-11 04:29:37
6943,automatic,sleeper.com,Week 15,Gabe,Davis,WR,BUF,5.0,2025-12-11 04:29:37
9482,automatic,sleeper.com,Week 15,Michael,Mayer,TE,LV,5.0,2025-12-11 04:29:37
TB,dst_team_match,espn.com,Week 15,Buccaneers,Defense,DST,TB,5.0,2025-12-11 04:29:37
LAC,dst_team_match,espn.com,Week 15,Chargers,Defense,DST,LAC,5.0,2025-12-11 04:29:37
ATL,dst_team_match,espn.com,Week 15,Falcons,Defense,DST,ATL,5.0,2025-12-11 04:29:37
11435,automatic,fantasypros.com,Week 15,Emanuel,Wilson,RB,GB,5.0,2025-12-11 04:29:37
2374,automatic,fantasypros.com,Week 15,Tyler,Lockett,WR,LV,5.0,2025-12-11 04:29:37
5906,automatic,fanduel.com,Week 15,Dawson,Knox,TE,BUF,5.0,2025-12-11 04:29:37
8136,automatic,firstdown.studio,Week 15,Rachaad,White,RB,TB,5.0,2025-12-11 04:29:37
4950,automatic,firstdown.studio,Week 15,Christian,Kirk,WR,HOU,5.0,2025-12-11 04:29:37
7600,automatic,firstdown.studio,Week 15,Pat,Freiermuth,TE,PIT,5.0,2025-12-11 04:29:37
11623,automatic,fanduel.com,Week 10,Jordan,Whittington,WR,LAR,4.98,2025-12-11 04:29:37
12490,automatic,fanduel.com,Week 11,Bhayshul,Tuten,RB,JAX,4.98,2025-12-11 04:29:37
12502,automatic,fanduel.com,Week 11,Gunnar,Helm,TE,TEN,4.97,2025-12-11 04:29:37
12541,automatic,fanduel.com,Week 13,Dont'e,Thornton Jr.,WR,LV,4.96,2025-12-11 04:29:37
9481,automatic,fanduel.com,Week 14,Luke,Musgrave,TE,GB,4.96,2025-12-11 04:29:37
7535,automatic,fanduel.com,Week 10,Hunter,Long,TE,JAX,4.94,2025-12-11 04:29:37
12490,automatic,fanduel.com,Week 10,Bhayshul,Tuten,RB,JAX,4.93,2025-12-11 04:29:37
4381,automatic,sleeper.com,Week 10,Taysom,Hill,TE,NO,4.9,2025-12-11 04:29:37
8132,automatic,espn.com,Week 10,Tyler,Allgeier,RB,ATL,4.9,2025-12-11 04:29:37
12469,automatic,espn.com,Week 10,Dylan,Sampson,RB,CLE,4.9,2025-12-11 04:29:37
NO,dst_team_match,espn.com,Week 10,Saints D/ST,Defense,DST,NO,4.9,2025-12-11 04:29:37
12495,automatic,firstdown.studio,Week 10,Ollie,Gordon,RB,MIA,4.9,2025-12-11 04:29:37
5995,automatic,sleeper.com,Week 11,Justice,Hill,RB,BAL,4.9,2025-12-11 04:29:37
11895,automatic,sleeper.com,Week 12,Mason,Tipton,WR,NO,4.9,2025-12-11 04:29:37
8917,automatic,sleeper.com,Week 12,KaVontae,Turpin,WR,DAL,4.9,2025-12-11 04:29:37
8154,automatic,espn.com,Week 12,Brian,Robinson Jr.,RB,SF,4.9,2025-12-11 04:29:37
8408,automatic,espn.com,Week 12,Jordan,Mason,RB,MIN,4.9,2025-12-11 04:29:37
NO,dst_team_match,espn.com,Week 12,Saints D/ST,Defense,DST,NO,4.9,2025-12-11 04:29:37
6943,automatic,sleeper.com,Week 13,Gabe,Davis,WR,BUF,4.9,2025-12-11 04:29:37
5857,automatic,sleeper.com,Week 13,Noah,Fant,TE,CIN,4.9,2025-12-11 04:29:37
5848,automatic,sleeper.com,Week 14,Marquise,Brown,WR,KC,4.9,2025-12-11 04:29:37
5985,automatic,fanduel.com,Week 14,Foster,Moreau,TE,NO,4.9,2025-12-11 04:29:37
12495,automatic,fantasypros.com,Week 14,Ollie,Gordon II,RB,MIA,4.9,2025-12-11 04:29:37
12469,automatic,fantasypros.com,Week 14,Dylan,Sampson,RB,CLE,4.9,2025-12-11 04:29:37
BUF,dst_team_match,espn.com,Week 14,Bills,Defense,DST,BUF,4.9,2025-12-11 04:29:37
7496,automatic,sleeper.com,Week 15,Nick,Westbrook-Ikhine,WR,MIA,4.9,2025-12-11 04:29:37
9486,automatic,sleeper.com,Week 15,Dontayvion,Wicks,WR,GB,4.9,2025-12-11 04:29:37
5848,automatic,sleeper.com,Week 15,Marquise,Brown,WR,KC,4.9,2025-12-11 04:29:37
10444,automatic,fantasypros.com,Week 15,Cedric,Tillman,WR,CLE,4.9,2025-12-11 04:29:37
9479,automatic,fantasypros.com,Week 15,Darnell,Washington,TE,PIT,4.9,2025-12-11 04:29:37
ATL,dst_team_match,fantasypros.com,Week 15,Atlanta Falcons,Defense,DST,ATL,4.9,2025-12-11 04:29:37
CIN,dst_team_match,fantasypros.com,Week 15,Cincinnati Bengals,Defense,DST,CIN,4.9,2025-12-11 04:29:37
LV,dst_team_match,fantasypros.com,Week 15,Las Vegas Raiders,Defense,DST,LV,4.9,2025-12-11 04:29:37
11626,automatic,firstdown.studio,Week 15,Xavier,Legette,WR,CAR,4.9,2025-12-11 04:29:37
4234,automatic,firstdown.studio,Week 15,Noah,Brown,WR,WAS,4.9,2025-12-11 04:29:37
8132,automatic,fanduel.com,Week 13,Tyler,Allgeier,RB,ATL,4.89,2025-12-11 04:29:37
12536,automatic,fanduel.com,Week 12,Jaylin,Noel,WR,HOU,4.88,2025-12-11 04:29:37
10218,automatic,fanduel.com,Week 10,Xavier,Hutchinson,WR,HOU,4.87,2025-12-11 04:29:37
11435,automatic,fanduel.com,Week 10,Emanuel,Wilson,RB,GB,4.87,2025-12-11 04:29:37
6801,automatic,fanduel.com,Week 14,Tee,Higgins,WR,CIN,4.87,2025-12-11 04:29:37
11623,automatic,fanduel.com,Week 11,Jordan,Whittington,WR,LAR,4.85,2025-12-11 04:29:37
11600,automatic,fanduel.com,Week 15,Ja'Tavion,Sanders,TE,CAR,4.85,2025-12-11 04:29:37
8172,automatic,fanduel.com,Week 11,Greg,Dulcich,TE,MIA,4.84,2025-12-11 04:29:37
7607,automatic,fanduel.com,Week 13,Michael,Carter,RB,ARI,4.84,2025-12-11 04:29:37
8154,automatic,fanduel.com,Week 15,Brian,Robinson,RB,SF,4.84,2025-12-11 04:29:37
12483,automatic,fanduel.com,Week 11,Jack,Bech,WR,LV,4.82,2025-12-11 04:29:37
,,fanduel.com,Week 15,Kyle,Juszczyk,RB,SF,4.82,2025-12-11 04:29:37
10231,automatic,fanduel.com,Week 12,Elijah,Higgins,TE,ARI,4.81,2025-12-11 04:29:37
8172,automatic,fanduel.com,Week 10,Greg,Dulcich,TE,MIA,4.8,2025-12-11 04:29:37
11600,automatic,espn.com,Week 10,Ja'Tavion,Sanders,TE,CAR,4.8,2025-12-11 04:29:37
12476,automatic,fantasypros.com,Week 10,Devin,Neal,RB,NO,4.8,2025-12-11 04:29:37
7596,automatic,fantasypros.com,Week 10,Elijah,Moore,WR,BUF,4.8,2025-12-11 04:29:37
PHI,dst_team_match,fantasypros.com,Week 10,Philadelphia Eagles,Defense,DST,PHI,4.8,2025-12-11 04:29:37
6039,automatic,firstdown.studio,Week 10,Ty,Johnson,RB,BUF,4.8,2025-12-11 04:29:37
12495,automatic,sleeper.com,Week 11,Ollie,Gordon,RB,MIA,4.8,2025-12-11 04:29:37
12501,automatic,sleeper.com,Week 11,Matthew,Golden,WR,GB,4.8,2025-12-11 04:29:37
12490,automatic,espn.com,Week 11,Bhayshul,Tuten,RB,JAX,4.8,2025-12-11 04:29:37
9506,automatic,fantasypros.com,Week 11,Sean,Tucker,RB,TB,4.8,2025-12-11 04:29:37
ARI,dst_team_match,fantasypros.com,Week 11,Arizona Cardinals,Defense,DST,ARI,4.8,2025-12-11 04:29:37
4147,automatic,firstdown.studio,Week 11,Samaje,Perine,RB,CIN,4.8,2025-12-11 04:29:37
9501,automatic,sleeper.com,Week 12,DeMario,Douglas,WR,NE,4.8,2025-12-11 04:29:37
3200,automatic,sleeper.com,Week 12,Sterling,Shepard,WR,TB,4.8,2025-12-11 04:29:37
7594,automatic,espn.com,Week 12,Chuba,Hubbard,RB,CAR,4.8,2025-12-11 04:29:37
12455,automatic,fantasypros.com,Week 12,Brashard,Smith,RB,KC,4.8,2025-12-11 04:29:37
6528,automatic,fantasypros.com,Week 12,Joey,Slye,K,TEN,4.8,2025-12-11 04:29:37
DAL,dst_team_match,fantasypros.com,Week 12,Dallas Cowboys,Defense,DST,DAL,4.8,2025-12-11 04:29:37
7496,automatic,sleeper.com,Week 13,Nick,Westbrook-Ikhine,WR,MIA,4.8,2025-12-11 04:29:37
9501,automatic,sleeper.com,Week 13,DeMario,Douglas,WR,NE,4.8,2025-12-11 04:29:37
8135,automatic,sleeper.com,Week 13,Treylon,Burks,WR,WAS,4.8,2025-12-11 04:29:37
650,automatic,fantasypros.com,Week 13,Nick,Folk,K,NYJ,4.8,2025-12-11 04:29:37
PIT,dst_team_match,fantasypros.com,Week 13,Pittsburgh Steelers,Defense,DST,PIT,4.8,2025-12-11 04:29:37
6826,automatic,fanduel.com,Week 13,Cole,Kmet,TE,CHI,4.8,2025-12-11 04:29:37
7496,automatic,sleeper.com,Week 14,Nick,Westbrook-Ikhine,WR,MIA,4.8,2025-12-11 04:29:37
8143,automatic,sleeper.com,Week 14,Jerome,Ford,RB,CLE,4.8,2025-12-11 04:29:37
11299,automatic,sleeper.com,Week 14,Zavier,Scott,RB,MIN,4.8,2025-12-11 04:29:37
11377,automatic,sleeper.com,Week 14,Tyrell,Shavers,WR,BUF,4.8,2025-12-11 04:29:37
12490,automatic,fanduel.com,Week 14,Bhayshul,Tuten,RB,JAX,4.8,2025-12-11 04:29:37
11783,automatic,fantasypros.com,Week 14,Ryan,Flournoy,WR,DAL,4.8,2025-12-11 04:29:37
6271,automatic,fantasypros.com,Week 14,Olamide,Zaccheaus,WR,CHI,4.8,2025-12-11 04:29:37
12536,automatic,fantasypros.com,Week 14,Jaylin,Noel,WR,HOU,4.8,2025-12-11 04:29:37
8917,automatic,fantasypros.com,Week 14,KaVontae,Turpin,WR,DAL,4.8,2025-12-11 04:29:37
11068,automatic,fantasypros.com,Week 14,Mitch,Tinsley,WR,CIN,4.8,2025-12-11 04:29:37
HOU,dst_team_match,espn.com,Week 14,Texans,Defense,DST,HOU,4.8,2025-12-11 04:29:37
11474,automatic,sleeper.com,Week 15,Dylan,Drummond,WR,ATL,4.8,2025-12-11 04:29:37
4144,automatic,sleeper.com,Week 15,Jonnu,Smith,TE,PIT,4.8,2025-12-11 04:29:37
LV,dst_team_match,espn.com,Week 15,Raiders,Defense,DST,LV,4.8,2025-12-11 04:29:37
4033,automatic,fantasypros.com,Week 15,David,Njoku,TE,CLE,4.8,2025-12-11 04:29:37
11783,automatic,firstdown.studio,Week 15,Ryan,Flournoy,WR,DAL,4.8,2025-12-11 04:29:37
11630,automatic,fanduel.com,Week 12,Roman,Wilson,WR,PIT,4.78,2025-12-11 04:29:37
11820,automatic,fanduel.com,Week 12,Devin,Culp,TE,TB,4.77,2025-12-11 04:29:37
3200,automatic,fanduel.com,Week 14,Sterling,Shepard,WR,TB,4.77,2025-12-11 04:29:37
11834,automatic,fanduel.com,Week 14,Devaughn,Vele,WR,NO,4.76,2025-12-11 04:29:37
2749,automatic,fanduel.com,Week 14,Raheem,Mostert,RB,LV,4.75,2025-12-11 04:29:37
10231,automatic,fanduel.com,Week 11,Elijah,Higgins,TE,ARI,4.74,2025-12-11 04:29:37
12502,automatic,fanduel.com,Week 13,Gunnar,Helm,TE,TEN,4.74,2025-12-11 04:29:37
,,fanduel.com,Week 14,Lil'Jordan,Humphrey,WR,DEN,4.74,2025-12-11 04:29:37
2374,automatic,fanduel.com,Week 15,Tyler,Lockett,WR,LV,4.72,2025-12-11 04:29:37
12521,automatic,sleeper.com,Week 10,Elijah,Arroyo,TE,SEA,4.7,2025-12-11 04:29:37
9482,automatic,sleeper.com,Week 10,Michael,Mayer,TE,LV,4.7,2025-12-11 04:29:37
9479,automatic,espn.com,Week 10,Darnell,Washington,TE,PIT,4.7,2025-12-11 04:29:37
8154,automatic,fantasypros.com,Week 10,Brian,Robinson Jr.,RB,SF,4.7,2025-12-11 04:29:37
12502,automatic,sleeper.com,Week 11,Gunnar,Helm,TE,TEN,4.7,2025-12-11 04:29:37
10231,automatic,sleeper.com,Week 11,Elijah,Higgins,TE,ARI,4.7,2025-12-11 04:29:37
10231,automatic,espn.com,Week 11,Elijah,Higgins,TE,ARI,4.7,2025-12-11 04:29:37
12521,automatic,fantasypros.com,Week 11,Elijah,Arroyo,TE,SEA,4.7,2025-12-11 04:29:37
8180,automatic,sleeper.com,Week 12,Jalen,Nailor,WR,MIN,4.7,2025-12-11 04:29:37
6826,automatic,sleeper.com,Week 12,Cole,Kmet,TE,CHI,4.7,2025-12-11 04:29:37
6154,automatic,sleeper.com,Week 12,David,Sills,WR,ATL,4.7,2025-12-11 04:29:37
5409,automatic,espn.com,Week 12,Tanner,Hudson,TE,CIN,4.7,2025-12-11 04:29:37
CHI,dst_team_match,espn.com,Week 12,Bears D/ST,Defense,DST,CHI,4.7,2025-12-11 04:29:37
12521,automatic,fantasypros.com,Week 12,Elijah,Arroyo,TE,SEA,4.7,2025-12-11 04:29:37
7670,automatic,sleeper.com,Week 13,Joshua,Palmer,WR,BUF,4.7,2025-12-11 04:29:37
ARI,dst_team_match,espn.com,Week 13,Cardinals D/ST,Defense,DST,ARI,4.7,2025-12-11 04:29:37
PIT,dst_team_match,espn.com,Week 13,Steelers D/ST,Defense,DST,PIT,4.7,2025-12-11 04:29:37
11624,automatic,fantasypros.com,Week 13,Xavier,Worthy,WR,KC,4.7,2025-12-11 04:29:37
9479,automatic,fantasypros.com,Week 13,Darnell,Washington,TE,PIT,4.7,2025-12-11 04:29:37
5970,automatic,sleeper.com,Week 14,Greg,Dortch,WR,ARI,4.7,2025-12-11 04:29:37
LV,dst_team_match,fantasypros.com,Week 14,Las Vegas Raiders,Defense,DST,LV,4.7,2025-12-11 04:29:37
12455,automatic,fantasypros.com,Week 14,Brashard,Smith,RB,KC,4.7,2025-12-11 04:29:37
8188,automatic,fantasypros.com,Week 14,Tyquan,Thornton,WR,KC,4.7,2025-12-11 04:29:37
7600,automatic,fantasypros.com,Week 14,Pat,Freiermuth,TE,PIT,4.7,2025-12-11 04:29:37
10236,automatic,fantasypros.com,Week 14,Dalton,Kincaid,TE,BUF,4.7,2025-12-11 04:29:37
KC,dst_team_match,espn.com,Week 14,Chiefs,Defense,DST,KC,4.7,2025-12-11 04:29:37
PIT,dst_team_match,espn.com,Week 14,Steelers,Defense,DST,PIT,4.7,2025-12-11 04:29:37
9501,automatic,sleeper.com,Week 15,DeMario,Douglas,WR,NE,4.7,2025-12-11 04:29:37
11377,automatic,sleeper.com,Week 15,Tyrell,Shavers,WR,BUF,4.7,2025-12-11 04:29:37
9481,automatic,espn.com,Week 15,Luke,Musgrave,TE,GB,4.7,2025-12-11 04:29:37
12469,automatic,fantasypros.com,Week 15,Dylan,Sampson,RB,CLE,4.7,2025-12-11 04:29:37
9501,automatic,fantasypros.com,Week 15,DeMario,Douglas,WR,NE,4.7,2025-12-11 04:29:37
5095,automatic,fantasypros.com,Week 15,Daniel,Carlson,K,LV,4.7,2025-12-11 04:29:37
8122,automatic,fanduel.com,Week 10,Zonovan,Knight,RB,ARI,4.69,2025-12-11 04:29:37
11589,automatic,fanduel.com,Week 10,Trey,Benson,RB,ARI,4.69,2025-12-11 04:29:37
8136,automatic,fanduel.com,Week 14,Rachaad,White,RB,TB,4.69,2025-12-11 04:29:37
6826,automatic,fanduel.com,Week 10,Cole,Kmet,TE,CHI,4.67,2025-12-11 04:29:37
11638,automatic,fanduel.com,Week 10,Ricky,Pearsall,WR,SF,4.66,2025-12-11 04:29:37
3423,automatic,fanduel.com,Week 11,Robbie,Chosen,WR,WAS,4.66,2025-12-11 04:29:37
8143,automatic,fanduel.com,Week 12,Jerome,Ford,RB,CLE,4.66,2025-12-11 04:29:37
11630,automatic,fanduel.com,Week 13,Roman,Wilson,WR,PIT,4.66,2025-12-11 04:29:37
2374,automatic,fanduel.com,Week 14,Tyler,Lockett,WR,LV,4.66,2025-12-11 04:29:37
7594,automatic,fanduel.com,Week 10,Chuba,Hubbard,RB,CAR,4.65,2025-12-11 04:29:37
10444,automatic,fanduel.com,Week 11,Cedric,Tillman,WR,CLE,4.65,2025-12-11 04:29:37
4033,automatic,fanduel.com,Week 15,David,Njoku,TE,CLE,4.65,2025-12-11 04:29:37
10219,automatic,fanduel.com,Week 10,Chris,Rodriguez Jr.,RB,WAS,4.64,2025-12-11 04:29:37
4219,automatic,fanduel.com,Week 13,Jeremy,McNichols,RB,WAS,4.64,2025-12-11 04:29:37
11647,automatic,fanduel.com,Week 10,Kimani,Vidal,RB,LAC,4.63,2025-12-11 04:29:37
12487,automatic,fanduel.com,Week 12,Terrance,Ferguson,TE,LAR,4.62,2025-12-11 04:29:37
11623,automatic,fanduel.com,Week 13,Jordan,Whittington,WR,LAR,4.61,2025-12-11 04:29:37
11630,automatic,sleeper.com,Week 10,Roman,Wilson,WR,PIT,4.6,2025-12-11 04:29:37
11623,automatic,sleeper.com,Week 10,Jordan,Whittington,WR,LAR,4.6,2025-12-11 04:29:37
7537,automatic,espn.com,Week 10,Jaret,Patterson,RB,LAC,4.6,2025-12-11 04:29:37
NE,dst_team_match,espn.com,Week 10,Patriots D/ST,Defense,DST,NE,4.6,2025-12-11 04:29:37
IND,dst_team_match,espn.com,Week 10,Colts D/ST,Defense,DST,IND,4.6,2025-12-11 04:29:37
3423,automatic,sleeper.com,Week 11,Robbie,Chosen,WR,WAS,4.6,2025-12-11 04:29:37
11608,automatic,sleeper.com,Week 11,Isaiah,Williams,WR,NYJ,4.6,2025-12-11 04:29:37
12519,automatic,sleeper.com,Week 11,Luther,Burden,WR,CHI,4.6,2025-12-11 04:29:37
9479,automatic,sleeper.com,Week 11,Darnell,Washington,TE,PIT,4.6,2025-12-11 04:29:37
12521,automatic,sleeper.com,Week 11,Elijah,Arroyo,TE,SEA,4.6,2025-12-11 04:29:37
9479,automatic,espn.com,Week 11,Darnell,Washington,TE,PIT,4.6,2025-12-11 04:29:37
CLE,dst_team_match,espn.com,Week 11,Browns D/ST,Defense,DST,CLE,4.6,2025-12-11 04:29:37
8143,automatic,sleeper.com,Week 12,Jerome,Ford,RB,CLE,4.6,2025-12-11 04:29:37
5985,automatic,fanduel.com,Week 12,Foster,Moreau,TE,NO,4.6,2025-12-11 04:29:37
8188,automatic,fantasypros.com,Week 12,Tyquan,Thornton,WR,KC,4.6,2025-12-11 04:29:37
5773,automatic,fantasypros.com,Week 12,KhaDarel,Hodge,WR,ATL,4.6,2025-12-11 04:29:37
8119,automatic,fantasypros.com,Week 12,Jahan,Dotson,WR,PHI,4.6,2025-12-11 04:29:37
12483,automatic,fantasypros.com,Week 12,Jack,Bech,WR,LV,4.6,2025-12-11 04:29:37
9511,automatic,sleeper.com,Week 13,Keaton,Mitchell,RB,BAL,4.6,2025-12-11 04:29:37
4040,automatic,sleeper.com,Week 13,JuJu,Smith-Schuster,WR,KC,4.6,2025-12-11 04:29:37
12501,automatic,sleeper.com,Week 13,Matthew,Golden,WR,GB,4.6,2025-12-11 04:29:37
5095,automatic,fantasypros.com,Week 13,Daniel,Carlson,K,LV,4.6,2025-12-11 04:29:37
9494,automatic,sleeper.com,Week 14,Marvin,Mims,WR,DEN,4.6,2025-12-11 04:29:37
4144,automatic,sleeper.com,Week 14,Jonnu,Smith,TE,PIT,4.6,2025-12-11 04:29:37
5095,automatic,fantasypros.com,Week 14,Daniel,Carlson,K,LV,4.6,2025-12-11 04:29:37
11575,automatic,fantasypros.com,Week 14,Ray,Davis,RB,BUF,4.6,2025-12-11 04:29:37
11377,automatic,fantasypros.com,Week 14,Tyrell,Shavers,WR,BUF,4.6,2025-12-11 04:29:37
5857,automatic,fantasypros.com,Week 14,Noah,Fant,TE,CIN,4.6,2025-12-11 04:29:37
NE,dst_team_match,espn.com,Week 15,Patriots,Defense,DST,NE,4.6,2025-12-11 04:29:37
BAL,dst_team_match,espn.com,Week 15,Ravens,Defense,DST,BAL,4.6,2025-12-11 04:29:37
6853,automatic,fantasypros.com,Week 15,Van,Jefferson,WR,TEN,4.6,2025-12-11 04:29:37
7607,automatic,firstdown.studio,Week 15,Michael,Carter,RB,ARI,4.6,2025-12-11 04:29:37
,,fantasypros.com,Week 12,Matt,Gay,K,SF,4.6,2025-12-11 04:29:37
8800,automatic,fanduel.com,Week 13,Malik,Davis,RB,DAL,4.59,2025-12-11 04:29:37
5985,automatic,fanduel.com,Week 13,Foster,Moreau,TE,NO,4.59,2025-12-11 04:29:37
7496,automatic,fanduel.com,Week 13,Nick,Westbrook-Ikhine,WR,MIA,4.59,2025-12-11 04:29:37
5906,automatic,fanduel.com,Week 10,Dawson,Knox,TE,BUF,4.58,2025-12-11 04:29:37
8132,automatic,fanduel.com,Week 14,Tyler,Allgeier,RB,ATL,4.57,2025-12-11 04:29:37
5848,automatic,fanduel.com,Week 15,Marquise,Brown,WR,KC,4.56,2025-12-11 04:29:37
11474,automatic,fanduel.com,Week 15,Dylan,Drummond,WR,ATL,4.54,2025-12-11 04:29:37
11603,automatic,fanduel.com,Week 12,AJ,Barner,TE,SEA,4.53,2025-12-11 04:29:37
8117,automatic,fanduel.com,Week 11,Jalen,Tolbert,WR,DAL,4.52,2025-12-11 04:29:37
8917,automatic,fanduel.com,Week 11,KaVontae,Turpin,WR,DAL,4.52,2025-12-11 04:29:37
8917,automatic,fanduel.com,Week 15,KaVontae,Turpin,WR,DAL,4.52,2025-12-11 04:29:37
12485,automatic,fanduel.com,Week 10,Tez,Johnson,WR,TB,4.51,2025-12-11 04:29:37
5906,automatic,sleeper.com,Week 10,Dawson,Knox,TE,BUF,4.5,2025-12-11 04:29:37
8180,automatic,sleeper.com,Week 10,Jalen,Nailor,WR,MIN,4.5,2025-12-11 04:29:37
12490,automatic,espn.com,Week 10,Bhayshul,Tuten,RB,JAX,4.5,2025-12-11 04:29:37
2374,automatic,fantasypros.com,Week 10,Tyler,Lockett,WR,LV,4.5,2025-12-11 04:29:37
8119,automatic,fantasypros.com,Week 10,Jahan,Dotson,WR,PHI,4.5,2025-12-11 04:29:37
SF,dst_team_match,fantasypros.com,Week 10,San Francisco 49ers,Defense,DST,SF,4.5,2025-12-11 04:29:37
4082,automatic,sleeper.com,Week 11,Curtis,Samuel,WR,BUF,4.5,2025-12-11 04:29:37
7571,automatic,sleeper.com,Week 11,Rashod,Bateman,WR,BAL,4.5,2025-12-11 04:29:37
4454,automatic,sleeper.com,Week 11,Kendrick,Bourne,WR,SF,4.5,2025-12-11 04:29:37
8161,automatic,fantasypros.com,Week 11,Malik,Willis,QB,GB,4.5,2025-12-11 04:29:37
CLE,dst_team_match,fantasypros.com,Week 11,Cleveland Browns,Defense,DST,CLE,4.5,2025-12-11 04:29:37
8136,automatic,sleeper.com,Week 12,Rachaad,White,RB,TB,4.5,2025-12-11 04:29:37
5995,automatic,espn.com,Week 12,Justice,Hill,RB,BAL,4.5,2025-12-11 04:29:37
IND,dst_team_match,fantasypros.com,Week 12,Indianapolis Colts,Defense,DST,IND,4.5,2025-12-11 04:29:37
9486,automatic,sleeper.com,Week 13,Dontayvion,Wicks,WR,GB,4.5,2025-12-11 04:29:37
9494,automatic,sleeper.com,Week 13,Marvin,Mims,WR,DEN,4.5,2025-12-11 04:29:37
2749,automatic,sleeper.com,Week 13,Raheem,Mostert,RB,LV,4.5,2025-12-11 04:29:37
3200,automatic,sleeper.com,Week 13,Sterling,Shepard,WR,TB,4.5,2025-12-11 04:29:37
8161,automatic,fantasypros.com,Week 13,Malik,Willis,QB,GB,4.5,2025-12-11 04:29:37
NYJ,dst_team_match,fantasypros.com,Week 13,New York Jets,Defense,DST,NYJ,4.5,2025-12-11 04:29:37
9511,automatic,sleeper.com,Week 14,Keaton,Mitchell,RB,BAL,4.5,2025-12-11 04:29:37
4988,automatic,fantasypros.com,Week 14,Nick,Chubb,RB,HOU,4.5,2025-12-11 04:29:37
11630,automatic,fantasypros.com,Week 14,Roman,Wilson,WR,PIT,4.5,2025-12-11 04:29:37
7600,automatic,espn.com,Week 14,Pat,Freiermuth,TE,PIT,4.5,2025-12-11 04:29:37
11599,automatic,espn.com,Week 14,Cade,Stover,TE,HOU,4.5,2025-12-11 04:29:37
12503,automatic,sleeper.com,Week 15,Isaiah,Bond,WR,CLE,4.5,2025-12-11 04:29:37
7716,automatic,sleeper.com,Week 15,John,Bates,TE,WAS,4.5,2025-12-11 04:29:37
NYJ,dst_team_match,espn.com,Week 15,Jets,Defense,DST,NYJ,4.5,2025-12-11 04:29:37
NYG,dst_team_match,espn.com,Week 15,Giants,Defense,DST,NYG,4.5,2025-12-11 04:29:37
12495,automatic,fantasypros.com,Week 15,Ollie,Gordon II,RB,MIA,4.5,2025-12-11 04:29:37
1426,automatic,fantasypros.com,Week 15,DeAndre,Hopkins,WR,BAL,4.5,2025-12-11 04:29:37
7716,automatic,fantasypros.com,Week 15,John,Bates,TE,WAS,4.5,2025-12-11 04:29:37
,,espn.com,Week 15,Anthony,Firkser,TE,DET,4.5,2025-12-11 04:29:37
4033,automatic,fanduel.com,Week 13,David,Njoku,TE,CLE,4.49,2025-12-11 04:29:37
9482,automatic,fanduel.com,Week 14,Michael,Mayer,TE,LV,4.49,2025-12-11 04:29:37
11571,automatic,fanduel.com,Week 10,Isaiah,Davis,RB,NYJ,4.47,2025-12-11 04:29:37
12541,automatic,fanduel.com,Week 11,Dont'e,Thornton Jr.,WR,LV,4.47,2025-12-11 04:29:37
8143,automatic,fanduel.com,Week 14,Jerome,Ford,RB,CLE,4.46,2025-12-11 04:29:37
11834,automatic,fanduel.com,Week 13,Devaughn,Vele,WR,NO,4.43,2025-12-11 04:29:37
11377,automatic,fanduel.com,Week 12,Tyrell,Shavers,WR,BUF,4.42,2025-12-11 04:29:37
11608,automatic,fanduel.com,Week 12,Isaiah,Williams,WR,NYJ,4.42,2025-12-11 04:29:37
6865,automatic,fanduel.com,Week 12,Colby,Parkinson,TE,LAR,4.42,2025-12-11 04:29:37
12487,automatic,fanduel.com,Week 13,Terrance,Ferguson,TE,LAR,4.42,2025-12-11 04:29:37
6826,automatic,fanduel.com,Week 11,Cole,Kmet,TE,CHI,4.41,2025-12-11 04:29:37
6039,automatic,fanduel.com,Week 13,Ty,Johnson,RB,BUF,4.41,2025-12-11 04:29:37
1426,automatic,sleeper.com,Week 10,DeAndre,Hopkins,WR,BAL,4.4,2025-12-11 04:29:37
4381,automatic,espn.com,Week 10,Taysom,Hill,TE,NO,4.4,2025-12-11 04:29:37
9225,automatic,fantasypros.com,Week 10,Tank,Bigsby,RB,PHI,4.4,2025-12-11 04:29:37
9506,automatic,fantasypros.com,Week 10,Sean,Tucker,RB,TB,4.4,2025-12-11 04:29:37
11834,automatic,fantasypros.com,Week 10,Devaughn,Vele,WR,NO,4.4,2025-12-11 04:29:37
11623,automatic,sleeper.com,Week 11,Jordan,Whittington,WR,LAR,4.4,2025-12-11 04:29:37
11371,automatic,espn.com,Week 11,Julian,Hill,TE,MIA,4.4,2025-12-11 04:29:37
TEN,dst_team_match,espn.com,Week 11,Titans D/ST,Defense,DST,TEN,4.4,2025-12-11 04:29:37
BUF,dst_team_match,espn.com,Week 11,Bills D/ST,Defense,DST,BUF,4.4,2025-12-11 04:29:37
7567,automatic,fantasypros.com,Week 11,Kenneth,Gainwell,RB,PIT,4.4,2025-12-11 04:29:37
11600,automatic,fantasypros.com,Week 11,Ja'Tavion,Sanders,TE,CAR,4.4,2025-12-11 04:29:37
4988,automatic,sleeper.com,Week 12,Nick,Chubb,RB,HOU,4.4,2025-12-11 04:29:37
4040,automatic,sleeper.com,Week 12,JuJu,Smith-Schuster,WR,KC,4.4,2025-12-11 04:29:37
12658,automatic,sleeper.com,Week 12,Jackson,Hawes,TE,BUF,4.4,2025-12-11 04:29:37
6826,automatic,espn.com,Week 12,Cole,Kmet,TE,CHI,4.4,2025-12-11 04:29:37
11571,automatic,fantasypros.com,Week 12,Isaiah,Davis,RB,NYJ,4.4,2025-12-11 04:29:37
6039,automatic,fantasypros.com,Week 12,Ty,Johnson,RB,BUF,4.4,2025-12-11 04:29:37
7562,automatic,sleeper.com,Week 13,Tutu,Atwell,WR,LAR,4.4,2025-12-11 04:29:37
10214,automatic,espn.com,Week 13,Davis,Allen,TE,LAR,4.4,2025-12-11 04:29:37
11638,automatic,fantasypros.com,Week 13,Ricky,Pearsall,WR,SF,4.4,2025-12-11 04:29:37
6865,automatic,fantasypros.com,Week 13,Colby,Parkinson,TE,LAR,4.4,2025-12-11 04:29:37
12961,automatic,fantasypros.com,Week 13,Ryan,Fitzgerald,K,CAR,4.4,2025-12-11 04:29:37
CIN,dst_team_match,fantasypros.com,Week 14,Cincinnati Bengals,Defense,DST,CIN,4.4,2025-12-11 04:29:37
5906,automatic,sleeper.com,Week 15,Dawson,Knox,TE,BUF,4.4,2025-12-11 04:29:37
8225,automatic,sleeper.com,Week 15,Daniel,Bellinger,TE,NYG,4.4,2025-12-11 04:29:37
1426,automatic,sleeper.com,Week 15,DeAndre,Hopkins,WR,BAL,4.4,2025-12-11 04:29:37
11570,automatic,fantasypros.com,Week 15,Rasheen,Ali,RB,BAL,4.4,2025-12-11 04:29:37
,,fantasypros.com,Week 12,Matthew,Wright,K,FA,4.4,2025-12-11 04:29:37
8154,automatic,fanduel.com,Week 11,Brian,Robinson,RB,SF,4.38,2025-12-11 04:29:37
6960,automatic,fanduel.com,Week 12,Tyler,Johnson,WR,NYJ,4.38,2025-12-11 04:29:37
6826,automatic,fanduel.com,Week 12,Cole,Kmet,TE,CHI,4.37,2025-12-11 04:29:37
7694,automatic,fanduel.com,Week 15,Tommy,Tremble,TE,CAR,4.37,2025-12-11 04:29:37
11168,automatic,fanduel.com,Week 15,Xavier,Smith,WR,LAR,4.35,2025-12-11 04:29:37
11623,automatic,fanduel.com,Week 14,Jordan,Whittington,WR,LAR,4.33,2025-12-11 04:29:37
4381,automatic,fanduel.com,Week 12,Taysom,Hill,TE,NO,4.32,2025-12-11 04:29:37
12519,automatic,fanduel.com,Week 10,Luther,Burden III,WR,CHI,4.31,2025-12-11 04:29:37
4983,automatic,fanduel.com,Week 11,D.J.,Moore,WR,CHI,4.31,2025-12-11 04:29:37
ARI,dst_team_match,espn.com,Week 10,Cardinals D/ST,Defense,DST,ARI,4.3,2025-12-11 04:29:37
7537,automatic,fantasypros.com,Week 10,Jaret,Patterson,RB,LAC,4.3,2025-12-11 04:29:37
12547,automatic,fantasypros.com,Week 10,Kyle,Williams,WR,NE,4.3,2025-12-11 04:29:37
12483,automatic,sleeper.com,Week 11,Jack,Bech,WR,LV,4.3,2025-12-11 04:29:37
5995,automatic,sleeper.com,Week 12,Justice,Hill,RB,BAL,4.3,2025-12-11 04:29:37
11921,automatic,sleeper.com,Week 12,Xavier,Weaver,WR,ARI,4.3,2025-12-11 04:29:37
12455,automatic,sleeper.com,Week 12,Brashard,Smith,RB,KC,4.3,2025-12-11 04:29:37
8225,automatic,sleeper.com,Week 12,Daniel,Bellinger,TE,NYG,4.3,2025-12-11 04:29:37
9482,automatic,sleeper.com,Week 12,Michael,Mayer,TE,LV,4.3,2025-12-11 04:29:37
PHI,dst_team_match,espn.com,Week 12,Eagles D/ST,Defense,DST,PHI,4.3,2025-12-11 04:29:37
12469,automatic,fantasypros.com,Week 12,Dylan,Sampson,RB,CLE,4.3,2025-12-11 04:29:37
12502,automatic,fantasypros.com,Week 12,Gunnar,Helm,TE,TEN,4.3,2025-12-11 04:29:37
10231,automatic,fantasypros.com,Week 12,Elijah,Higgins,TE,ARI,4.3,2025-12-11 04:29:37
5906,automatic,sleeper.com,Week 13,Dawson,Knox,TE,BUF,4.3,2025-12-11 04:29:37
8143,automatic,sleeper.com,Week 13,Jerome,Ford,RB,CLE,4.3,2025-12-11 04:29:37
1426,automatic,sleeper.com,Week 13,DeAndre,Hopkins,WR,BAL,4.3,2025-12-11 04:29:37
DET,dst_team_match,espn.com,Week 13,Lions D/ST,Defense,DST,DET,4.3,2025-12-11 04:29:37
11783,automatic,fanduel.com,Week 13,Ryan,Flournoy,WR,DAL,4.3,2025-12-11 04:29:37
12469,automatic,fanduel.com,Week 13,Dylan,Sampson,RB,CLE,4.3,2025-12-11 04:29:37
7670,automatic,sleeper.com,Week 14,Joshua,Palmer,WR,BUF,4.3,2025-12-11 04:29:37
6801,automatic,fantasypros.com,Week 14,Tee,Higgins,WR,CIN,4.3,2025-12-11 04:29:37
7670,automatic,fantasypros.com,Week 14,Joshua,Palmer,WR,BUF,4.3,2025-12-11 04:29:37
4033,automatic,espn.com,Week 14,David,Njoku,TE,CLE,4.3,2025-12-11 04:29:37
NO,dst_team_match,espn.com,Week 14,Saints,Defense,DST,NO,4.3,2025-12-11 04:29:37
JAX,dst_team_match,espn.com,Week 14,Jaguars,Defense,DST,JAX,4.3,2025-12-11 04:29:37
11439,automatic,sleeper.com,Week 15,Jaleel,McLaughlin,RB,DEN,4.3,2025-12-11 04:29:37
9494,automatic,sleeper.com,Week 15,Marvin,Mims,WR,DEN,4.3,2025-12-11 04:29:37
8172,automatic,espn.com,Week 15,Greg,Dulcich,TE,MIA,4.3,2025-12-11 04:29:37
12547,automatic,fantasypros.com,Week 15,Kyle,Williams,WR,NE,4.3,2025-12-11 04:29:37
10218,automatic,fantasypros.com,Week 15,Xavier,Hutchinson,WR,HOU,4.3,2025-12-11 04:29:37
12497,automatic,fanduel.com,Week 10,Tory,Horton,WR,SEA,4.28,2025-12-11 04:29:37
7587,automatic,fanduel.com,Week 12,Dyami,Brown,WR,JAX,4.28,2025-12-11 04:29:37
6960,automatic,fanduel.com,Week 11,Tyler,Johnson,WR,NYJ,4.26,2025-12-11 04:29:37
12521,automatic,fanduel.com,Week 14,Elijah,Arroyo,TE,SEA,4.25,2025-12-11 04:29:37
11608,automatic,fanduel.com,Week 11,Isaiah,Williams,WR,NYJ,4.23,2025-12-11 04:29:37
12499,automatic,fanduel.com,Week 13,Elic,Ayomanor,WR,TEN,4.21,2025-12-11 04:29:37
8208,automatic,sleeper.com,Week 10,Tyler,Badie,RB,DEN,4.2,2025-12-11 04:29:37
5096,automatic,sleeper.com,Week 10,Ray-Ray,McCloud,WR,NYG,4.2,2025-12-11 04:29:37
8225,automatic,espn.com,Week 10,Daniel,Bellinger,TE,NYG,4.2,2025-12-11 04:29:37
9511,automatic,fantasypros.com,Week 10,Keaton,Mitchell,RB,BAL,4.2,2025-12-11 04:29:37
4082,automatic,fantasypros.com,Week 10,Curtis,Samuel,WR,BUF,4.2,2025-12-11 04:29:37
12503,automatic,fantasypros.com,Week 10,Isaiah,Bond,WR,CLE,4.2,2025-12-11 04:29:37
ARI,dst_team_match,fantasypros.com,Week 10,Arizona Cardinals,Defense,DST,ARI,4.2,2025-12-11 04:29:37
PHI,dst_team_match,fantasypros.com,Week 11,Philadelphia Eagles,Defense,DST,PHI,4.2,2025-12-11 04:29:37
8154,automatic,firstdown.studio,Week 11,Brian,Robinson,RB,SF,4.2,2025-12-11 04:29:37
8119,automatic,sleeper.com,Week 12,Jahan,Dotson,WR,PHI,4.2,2025-12-11 04:29:37
12487,automatic,sleeper.com,Week 12,Terrance,Ferguson,TE,LAR,4.2,2025-12-11 04:29:37
12521,automatic,sleeper.com,Week 12,Elijah,Arroyo,TE,SEA,4.2,2025-12-11 04:29:37
1426,automatic,sleeper.com,Week 12,DeAndre,Hopkins,WR,BAL,4.2,2025-12-11 04:29:37
12476,automatic,espn.com,Week 12,Devin,Neal,RB,NO,4.2,2025-12-11 04:29:37
DAL,dst_team_match,espn.com,Week 12,Cowboys D/ST,Defense,DST,DAL,4.2,2025-12-11 04:29:37
PIT,dst_team_match,espn.com,Week 12,Steelers D/ST,Defense,DST,PIT,4.2,2025-12-11 04:29:37
11261,automatic,fantasypros.com,Week 12,Andre,Szmyt,K,CLE,4.2,2025-12-11 04:29:37
TEN,dst_team_match,fantasypros.com,Week 12,Tennessee Titans,Defense,DST,TEN,4.2,2025-12-11 04:29:37
5995,automatic,sleeper.com,Week 13,Justice,Hill,RB,BAL,4.2,2025-12-11 04:29:37
PHI,dst_team_match,espn.com,Week 13,Eagles D/ST,Defense,DST,PHI,4.2,2025-12-11 04:29:37
LV,dst_team_match,fantasypros.com,Week 13,Las Vegas Raiders,Defense,DST,LV,4.2,2025-12-11 04:29:37
8205,automatic,sleeper.com,Week 14,Isiah,Pacheco,RB,KC,4.2,2025-12-11 04:29:37
8917,automatic,sleeper.com,Week 14,KaVontae,Turpin,WR,DAL,4.2,2025-12-11 04:29:37
8180,automatic,fantasypros.com,Week 14,Jalen,Nailor,WR,MIN,4.2,2025-12-11 04:29:37
4144,automatic,fantasypros.com,Week 14,Jonnu,Smith,TE,PIT,4.2,2025-12-11 04:29:37
7607,automatic,sleeper.com,Week 15,Michael,Carter,RB,ARI,4.2,2025-12-11 04:29:37
7670,automatic,sleeper.com,Week 15,Joshua,Palmer,WR,BUF,4.2,2025-12-11 04:29:37
ARI,dst_team_match,espn.com,Week 15,Cardinals,Defense,DST,ARI,4.2,2025-12-11 04:29:37
LAR,dst_team_match,espn.com,Week 15,Rams,Defense,DST,LAR,4.2,2025-12-11 04:29:37
3200,automatic,fantasypros.com,Week 15,Sterling,Shepard,WR,TB,4.2,2025-12-11 04:29:37
12501,automatic,fantasypros.com,Week 15,Matthew,Golden,WR,GB,4.2,2025-12-11 04:29:37
11596,automatic,fantasypros.com,Week 15,Ben,Sinnott,TE,WAS,4.2,2025-12-11 04:29:37
9481,automatic,fantasypros.com,Week 15,Luke,Musgrave,TE,GB,4.2,2025-12-11 04:29:37
11435,automatic,firstdown.studio,Week 15,Emanuel,Wilson,RB,GB,4.2,2025-12-11 04:29:37
,,fantasypros.com,Week 13,Blake,Grupe,K,FA,4.2,2025-12-11 04:29:37
12547,automatic,fanduel.com,Week 12,Kyle,Williams,WR,NE,4.19,2025-12-11 04:29:37
6826,automatic,fanduel.com,Week 14,Cole,Kmet,TE,CHI,4.19,2025-12-11 04:29:37
3286,automatic,fanduel.com,Week 13,Demarcus,Robinson,WR,SF,4.18,2025-12-11 04:29:37
3286,automatic,fanduel.com,Week 15,Demarcus,Robinson,WR,SF,4.18,2025-12-11 04:29:37
11068,automatic,fanduel.com,Week 15,Mitchell,Tinsley,WR,CIN,4.16,2025-12-11 04:29:37
12501,automatic,fanduel.com,Week 13,Matthew,Golden,WR,GB,4.15,2025-12-11 04:29:37
4147,automatic,fanduel.com,Week 13,Samaje,Perine,RB,CIN,4.15,2025-12-11 04:29:37
3423,automatic,fanduel.com,Week 13,Robbie,Chosen,WR,WAS,4.14,2025-12-11 04:29:37
11571,automatic,fanduel.com,Week 11,Isaiah,Davis,RB,NYJ,4.13,2025-12-11 04:29:37
1426,automatic,fanduel.com,Week 13,DeAndre,Hopkins,WR,BAL,4.13,2025-12-11 04:29:37
3202,automatic,fanduel.com,Week 10,Austin,Hooper,TE,NE,4.12,2025-12-11 04:29:37
,,fanduel.com,Week 15,Philip,Rivers,QB,IND,4.11,2025-12-11 04:29:37
12487,automatic,fanduel.com,Week 10,Terrance,Ferguson,TE,LAR,4.1,2025-12-11 04:29:37
3271,automatic,sleeper.com,Week 10,Tyler,Higbee,TE,LAR,4.1,2025-12-11 04:29:37
9479,automatic,sleeper.com,Week 10,Darnell,Washington,TE,PIT,4.1,2025-12-11 04:29:37
10219,automatic,sleeper.com,Week 10,Chris,Rodriguez,RB,WAS,4.1,2025-12-11 04:29:37
2374,automatic,sleeper.com,Week 10,Tyler,Lockett,WR,LV,4.1,2025-12-11 04:29:37
12492,automatic,sleeper.com,Week 10,Pat,Bryant,WR,DEN,4.1,2025-12-11 04:29:37
CHI,dst_team_match,espn.com,Week 10,Bears D/ST,Defense,DST,CHI,4.1,2025-12-11 04:29:37
8135,automatic,fantasypros.com,Week 10,Treylon,Burks,WR,WAS,4.1,2025-12-11 04:29:37
3634,automatic,fantasypros.com,Week 10,Kalif,Raymond,WR,DET,4.1,2025-12-11 04:29:37
5970,automatic,fantasypros.com,Week 10,Greg,Dortch,WR,ARI,4.1,2025-12-11 04:29:37
3286,automatic,fantasypros.com,Week 10,Demarcus,Robinson,WR,SF,4.1,2025-12-11 04:29:37
10219,automatic,firstdown.studio,Week 10,Chris,Rodriguez,RB,WAS,4.1,2025-12-11 04:29:37
8132,automatic,firstdown.studio,Week 10,Tyler,Allgeier,RB,ATL,4.1,2025-12-11 04:29:37
12541,automatic,sleeper.com,Week 11,Dont'e,Thornton,WR,LV,4.1,2025-12-11 04:29:37
LV,dst_team_match,espn.com,Week 11,Raiders D/ST,Defense,DST,LV,4.1,2025-12-11 04:29:37
9479,automatic,fantasypros.com,Week 11,Darnell,Washington,TE,PIT,4.1,2025-12-11 04:29:37
12476,automatic,fantasypros.com,Week 12,Devin,Neal,RB,NO,4.1,2025-12-11 04:29:37
9225,automatic,fantasypros.com,Week 12,Tank,Bigsby,RB,PHI,4.1,2025-12-11 04:29:37
12503,automatic,fantasypros.com,Week 12,Isaiah,Bond,WR,CLE,4.1,2025-12-11 04:29:37
11623,automatic,fantasypros.com,Week 12,Jordan,Whittington,WR,LAR,4.1,2025-12-11 04:29:37
8225,automatic,sleeper.com,Week 13,Daniel,Bellinger,TE,NYG,4.1,2025-12-11 04:29:37
6826,automatic,espn.com,Week 13,Cole,Kmet,TE,CHI,4.1,2025-12-11 04:29:37
7600,automatic,fantasypros.com,Week 13,Pat,Freiermuth,TE,PIT,4.1,2025-12-11 04:29:37
11895,automatic,fanduel.com,Week 13,Mason,Tipton,WR,NO,4.1,2025-12-11 04:29:37
11377,automatic,fanduel.com,Week 13,Tyrell,Shavers,WR,BUF,4.1,2025-12-11 04:29:37
11895,automatic,sleeper.com,Week 14,Mason,Tipton,WR,NO,4.1,2025-12-11 04:29:37
7536,automatic,fanduel.com,Week 14,Quintin,Morris,TE,JAX,4.1,2025-12-11 04:29:37
12509,automatic,fantasypros.com,Week 14,Tre,Harris,WR,LAC,4.1,2025-12-11 04:29:37
ATL,dst_team_match,espn.com,Week 14,Falcons,Defense,DST,ATL,4.1,2025-12-11 04:29:37
5857,automatic,sleeper.com,Week 15,Noah,Fant,TE,CIN,4.1,2025-12-11 04:29:37
4033,automatic,espn.com,Week 15,David,Njoku,TE,CLE,4.1,2025-12-11 04:29:37
CLE,dst_team_match,espn.com,Week 15,Browns,Defense,DST,CLE,4.1,2025-12-11 04:29:37
8188,automatic,fantasypros.com,Week 15,Tyquan,Thornton,WR,KC,4.1,2025-12-11 04:29:37
8135,automatic,fantasypros.com,Week 15,Treylon,Burks,WR,WAS,4.1,2025-12-11 04:29:37
8111,automatic,fantasypros.com,Week 15,Cade,Otton,TE,TB,4.1,2025-12-11 04:29:37
9225,automatic,fanduel.com,Week 12,Tank,Bigsby,RB,PHI,4.07,2025-12-11 04:29:37
11623,automatic,fanduel.com,Week 12,Jordan,Whittington,WR,LAR,4.06,2025-12-11 04:29:37
11589,automatic,fanduel.com,Week 13,Trey,Benson,RB,ARI,4.06,2025-12-11 04:29:37
12503,automatic,fanduel.com,Week 14,Isaiah,Bond,WR,CLE,4.06,2025-12-11 04:29:37
12495,automatic,fanduel.com,Week 13,Ollie,Gordon II,RB,MIA,4.05,2025-12-11 04:29:37
4219,automatic,fanduel.com,Week 10,Jeremy,McNichols,RB,WAS,4.04,2025-12-11 04:29:37
8154,automatic,fanduel.com,Week 10,Brian,Robinson,RB,SF,4.03,2025-12-11 04:29:37
4351,automatic,fanduel.com,Week 14,Tim,Patrick,WR,JAX,4.02,2025-12-11 04:29:37
2374,automatic,fanduel.com,Week 11,Tyler,Lockett,WR,LV,4.01,2025-12-11 04:29:37
12469,automatic,sleeper.com,Week 10,Dylan,Sampson,RB,CLE,4.0,2025-12-11 04:29:37
MIN,dst_team_match,fantasypros.com,Week 10,Minnesota Vikings,Defense,DST,MIN,4.0,2025-12-11 04:29:37
12455,automatic,sleeper.com,Week 11,Brashard,Smith,RB,KC,4.0,2025-12-11 04:29:37
3271,automatic,sleeper.com,Week 11,Tyler,Higbee,TE,LAR,4.0,2025-12-11 04:29:37
4040,automatic,sleeper.com,Week 11,JuJu,Smith-Schuster,WR,KC,4.0,2025-12-11 04:29:37
2749,automatic,sleeper.com,Week 11,Raheem,Mostert,RB,LV,4.0,2025-12-11 04:29:37
12658,automatic,sleeper.com,Week 11,Jackson,Hawes,TE,BUF,4.0,2025-12-11 04:29:37
8225,automatic,espn.com,Week 11,Daniel,Bellinger,TE,NYG,4.0,2025-12-11 04:29:37
PHI,dst_team_match,espn.com,Week 11,Eagles D/ST,Defense,DST,PHI,4.0,2025-12-11 04:29:37
11256,automatic,fantasypros.com,Week 11,Tyson,Bagent,QB,CHI,4.0,2025-12-11 04:29:37
11586,automatic,fantasypros.com,Week 11,Blake,Corum,RB,LAR,4.0,2025-12-11 04:29:37
WAS,dst_team_match,fantasypros.com,Week 11,Washington Commanders,Defense,DST,WAS,4.0,2025-12-11 04:29:37
9481,automatic,espn.com,Week 12,Luke,Musgrave,TE,GB,4.0,2025-12-11 04:29:37
8143,automatic,fantasypros.com,Week 12,Jerome,Ford,RB,CLE,4.0,2025-12-11 04:29:37
3634,automatic,fantasypros.com,Week 12,Kalif,Raymond,WR,DET,4.0,2025-12-11 04:29:37
8917,automatic,fantasypros.com,Week 12,KaVontae,Turpin,WR,DAL,4.0,2025-12-11 04:29:37
4040,automatic,fantasypros.com,Week 12,JuJu,Smith-Schuster,WR,KC,4.0,2025-12-11 04:29:37
6826,automatic,fantasypros.com,Week 12,Cole,Kmet,TE,CHI,4.0,2025-12-11 04:29:37
1433,automatic,fantasypros.com,Week 12,Brandon,McManus,K,GB,4.0,2025-12-11 04:29:37
CAR,dst_team_match,fantasypros.com,Week 12,Carolina Panthers,Defense,DST,CAR,4.0,2025-12-11 04:29:37
8119,automatic,sleeper.com,Week 13,Jahan,Dotson,WR,PHI,4.0,2025-12-11 04:29:37
11630,automatic,sleeper.com,Week 13,Roman,Wilson,WR,PIT,4.0,2025-12-11 04:29:37
8917,automatic,sleeper.com,Week 13,KaVontae,Turpin,WR,DAL,4.0,2025-12-11 04:29:37
7828,automatic,espn.com,Week 13,Noah,Gray,TE,KC,4.0,2025-12-11 04:29:37
11566,automatic,fantasypros.com,Week 13,Jayden,Daniels,QB,WAS,4.0,2025-12-11 04:29:37
8121,automatic,fantasypros.com,Week 13,Romeo,Doubs,WR,GB,4.0,2025-12-11 04:29:37
TEN,dst_team_match,fantasypros.com,Week 13,Tennessee Titans,Defense,DST,TEN,4.0,2025-12-11 04:29:37
12495,automatic,sleeper.com,Week 14,Ollie,Gordon,RB,MIA,4.0,2025-12-11 04:29:37
9481,automatic,sleeper.com,Week 14,Luke,Musgrave,TE,GB,4.0,2025-12-11 04:29:37
6826,automatic,sleeper.com,Week 14,Cole,Kmet,TE,CHI,4.0,2025-12-11 04:29:37
3200,automatic,sleeper.com,Week 14,Sterling,Shepard,WR,TB,4.0,2025-12-11 04:29:37
1426,automatic,sleeper.com,Week 14,DeAndre,Hopkins,WR,BAL,4.0,2025-12-11 04:29:37
12503,automatic,fantasypros.com,Week 14,Isaiah,Bond,WR,CLE,4.0,2025-12-11 04:29:37
11895,automatic,sleeper.com,Week 15,Mason,Tipton,WR,NO,4.0,2025-12-11 04:29:37
8917,automatic,sleeper.com,Week 15,KaVontae,Turpin,WR,DAL,4.0,2025-12-11 04:29:37
6826,automatic,sleeper.com,Week 15,Cole,Kmet,TE,CHI,4.0,2025-12-11 04:29:37
7716,automatic,espn.com,Week 15,John,Bates,TE,WAS,4.0,2025-12-11 04:29:37
BUF,dst_team_match,espn.com,Week 15,Bills,Defense,DST,BUF,4.0,2025-12-11 04:29:37
9487,automatic,fantasypros.com,Week 15,Parker,Washington,WR,JAX,4.0,2025-12-11 04:29:37
4381,automatic,fantasypros.com,Week 15,Taysom,Hill,TE,NO,4.0,2025-12-11 04:29:37
,,fantasypros.com,Week 13,Cade,York,K,NO,4.0,2025-12-11 04:29:37
5857,automatic,fanduel.com,Week 13,Noah,Fant,TE,CIN,3.99,2025-12-11 04:29:37
9511,automatic,fanduel.com,Week 11,Keaton,Mitchell,RB,BAL,3.98,2025-12-11 04:29:37
6271,automatic,fanduel.com,Week 12,Olamide,Zaccheaus,WR,CHI,3.98,2025-12-11 04:29:37
11608,automatic,fanduel.com,Week 10,Isaiah,Williams,WR,NYJ,3.97,2025-12-11 04:29:37
12547,automatic,fanduel.com,Week 11,Kyle,Williams,WR,NE,3.96,2025-12-11 04:29:37
8188,automatic,fanduel.com,Week 13,Tyquan,Thornton,WR,KC,3.96,2025-12-11 04:29:37
7587,automatic,fanduel.com,Week 10,Dyami,Brown,WR,JAX,3.95,2025-12-11 04:29:37
12470,automatic,fanduel.com,Week 15,Riley,Leonard,QB,IND,3.94,2025-12-11 04:29:37
11199,automatic,fanduel.com,Week 15,Emari,Demercado,RB,ARI,3.93,2025-12-11 04:29:37
5995,automatic,fanduel.com,Week 13,Justice,Hill,RB,BAL,3.92,2025-12-11 04:29:37
1426,automatic,fanduel.com,Week 15,DeAndre,Hopkins,WR,BAL,3.92,2025-12-11 04:29:37
8917,automatic,fanduel.com,Week 13,KaVontae,Turpin,WR,DAL,3.91,2025-12-11 04:29:37
9487,automatic,fanduel.com,Week 14,Parker,Washington,WR,JAX,3.91,2025-12-11 04:29:37
11068,automatic,fanduel.com,Week 14,Mitchell,Tinsley,WR,CIN,3.91,2025-12-11 04:29:37
9481,automatic,fanduel.com,Week 15,Luke,Musgrave,TE,GB,3.91,2025-12-11 04:29:37
,,fanduel.com,Week 15,Lil'Jordan,Humphrey,WR,DEN,3.91,2025-12-11 04:29:37
11371,automatic,sleeper.com,Week 10,Julian,Hill,TE,MIA,3.9,2025-12-11 04:29:37
PHI,dst_team_match,espn.com,Week 10,Eagles D/ST,Defense,DST,PHI,3.9,2025-12-11 04:29:37
11210,automatic,fantasypros.com,Week 10,Malik,Heath,WR,GB,3.9,2025-12-11 04:29:37
12543,automatic,sleeper.com,Week 11,Tahj,Brooks,RB,CIN,3.9,2025-12-11 04:29:37
12502,automatic,espn.com,Week 11,Gunnar,Helm,TE,TEN,3.9,2025-12-11 04:29:37
SEA,dst_team_match,espn.com,Week 11,Seahawks D/ST,Defense,DST,SEA,3.9,2025-12-11 04:29:37
11623,automatic,sleeper.com,Week 12,Jordan,Whittington,WR,LAR,3.9,2025-12-11 04:29:37
IND,dst_team_match,espn.com,Week 12,Colts D/ST,Defense,DST,IND,3.9,2025-12-11 04:29:37
KC,dst_team_match,espn.com,Week 12,Chiefs D/ST,Defense,DST,KC,3.9,2025-12-11 04:29:37
6826,automatic,sleeper.com,Week 13,Cole,Kmet,TE,CHI,3.9,2025-12-11 04:29:37
GB,dst_team_match,espn.com,Week 13,Packers D/ST,Defense,DST,GB,3.9,2025-12-11 04:29:37
MIN,dst_team_match,espn.com,Week 13,Vikings D/ST,Defense,DST,MIN,3.9,2025-12-11 04:29:37
4040,automatic,sleeper.com,Week 14,JuJu,Smith-Schuster,WR,KC,3.9,2025-12-11 04:29:37
5285,automatic,sleeper.com,Week 14,Ross,Dwelley,TE,DET,3.9,2025-12-11 04:29:37
5857,automatic,sleeper.com,Week 14,Noah,Fant,TE,CIN,3.9,2025-12-11 04:29:37
4040,automatic,sleeper.com,Week 15,JuJu,Smith-Schuster,WR,KC,3.9,2025-12-11 04:29:37
10214,automatic,espn.com,Week 15,Davis,Allen,TE,LAR,3.9,2025-12-11 04:29:37
MIN,dst_team_match,espn.com,Week 15,Vikings,Defense,DST,MIN,3.9,2025-12-11 04:29:37
12503,automatic,fantasypros.com,Week 15,Isaiah,Bond,WR,CLE,3.9,2025-12-11 04:29:37
5857,automatic,fantasypros.com,Week 15,Noah,Fant,TE,CIN,3.9,2025-12-11 04:29:37
,,fantasypros.com,Week 15,Adam,Thielen,WR,PIT,3.9,2025-12-11 04:29:37
12495,automatic,fanduel.com,Week 14,Ollie,Gordon II,RB,MIA,3.88,2025-12-11 04:29:37
4314,automatic,fanduel.com,Week 10,Johnny,Mundt,TE,JAX,3.86,2025-12-11 04:29:37
8225,automatic,fanduel.com,Week 13,Daniel,Bellinger,TE,NYG,3.85,2025-12-11 04:29:37
6826,automatic,fanduel.com,Week 15,Cole,Kmet,TE,CHI,3.85,2025-12-11 04:29:37
12520,automatic,fanduel.com,Week 15,Xavier,Restrepo,WR,TEN,3.85,2025-12-11 04:29:37
12547,automatic,fanduel.com,Week 13,Kyle,Williams,WR,NE,3.84,2025-12-11 04:29:37
7571,automatic,fanduel.com,Week 13,Rashod,Bateman,WR,BAL,3.82,2025-12-11 04:29:37
8119,automatic,sleeper.com,Week 10,Jahan,Dotson,WR,PHI,3.8,2025-12-11 04:29:37
12521,automatic,espn.com,Week 10,Elijah,Arroyo,TE,SEA,3.8,2025-12-11 04:29:37
4314,automatic,espn.com,Week 10,Johnny,Mundt,TE,JAX,3.8,2025-12-11 04:29:37
10219,automatic,fantasypros.com,Week 10,Chris,Rodriguez Jr.,RB,WAS,3.8,2025-12-11 04:29:37
12535,automatic,fantasypros.com,Week 10,Isaac,TeSlaa,WR,DET,3.8,2025-12-11 04:29:37
8119,automatic,sleeper.com,Week 11,Jahan,Dotson,WR,PHI,3.8,2025-12-11 04:29:37
8154,automatic,sleeper.com,Week 11,Brian,Robinson,RB,SF,3.8,2025-12-11 04:29:37
7596,automatic,sleeper.com,Week 11,Elijah,Moore,WR,BUF,3.8,2025-12-11 04:29:37
11377,automatic,sleeper.com,Week 11,Tyrell,Shavers,WR,BUF,3.8,2025-12-11 04:29:37
6826,automatic,espn.com,Week 11,Cole,Kmet,TE,CHI,3.8,2025-12-11 04:29:37
12521,automatic,espn.com,Week 11,Elijah,Arroyo,TE,SEA,3.8,2025-12-11 04:29:37
CAR,dst_team_match,espn.com,Week 11,Panthers D/ST,Defense,DST,CAR,3.8,2025-12-11 04:29:37
5906,automatic,fantasypros.com,Week 11,Dawson,Knox,TE,BUF,3.8,2025-12-11 04:29:37
11068,automatic,fantasypros.com,Week 12,Mitch,Tinsley,WR,CIN,3.8,2025-12-11 04:29:37
11895,automatic,sleeper.com,Week 13,Mason,Tipton,WR,NO,3.8,2025-12-11 04:29:37
CHI,dst_team_match,espn.com,Week 13,Bears D/ST,Defense,DST,CHI,3.8,2025-12-11 04:29:37
5857,automatic,fantasypros.com,Week 13,Noah,Fant,TE,CIN,3.8,2025-12-11 04:29:37
11261,automatic,fantasypros.com,Week 13,Andre,Szmyt,K,CLE,3.8,2025-12-11 04:29:37
MIN,dst_team_match,fantasypros.com,Week 13,Minnesota Vikings,Defense,DST,MIN,3.8,2025-12-11 04:29:37
4040,automatic,fantasypros.com,Week 14,JuJu,Smith-Schuster,WR,KC,3.8,2025-12-11 04:29:37
9481,automatic,fantasypros.com,Week 14,Luke,Musgrave,TE,GB,3.8,2025-12-11 04:29:37
12658,automatic,fantasypros.com,Week 14,Jackson,Hawes,TE,BUF,3.8,2025-12-11 04:29:37
IND,dst_team_match,espn.com,Week 15,Colts,Defense,DST,IND,3.8,2025-12-11 04:29:37
12536,automatic,fantasypros.com,Week 15,Jaylin,Noel,WR,HOU,3.8,2025-12-11 04:29:37
11199,automatic,fanduel.com,Week 14,Emari,Demercado,RB,ARI,3.78,2025-12-11 04:29:37
6037,automatic,fanduel.com,Week 15,Brett,Rypien,QB,IND,3.78,2025-12-11 04:29:37
5970,automatic,fanduel.com,Week 10,Greg,Dortch,WR,ARI,3.77,2025-12-11 04:29:37
2749,automatic,fanduel.com,Week 11,Raheem,Mostert,RB,LV,3.77,2025-12-11 04:29:37
10214,automatic,fanduel.com,Week 15,Davis,Allen,TE,LAR,3.77,2025-12-11 04:29:37
,,fanduel.com,Week 14,Brandin,Cooks,WR,BUF,3.77,2025-12-11 04:29:37
8135,automatic,fanduel.com,Week 10,Treylon,Burks,WR,WAS,3.76,2025-12-11 04:29:37
10218,automatic,fanduel.com,Week 11,Xavier,Hutchinson,WR,HOU,3.76,2025-12-11 04:29:37
4219,automatic,fanduel.com,Week 15,Jeremy,McNichols,RB,WAS,3.76,2025-12-11 04:29:37
12641,automatic,fanduel.com,Week 14,Jaylin,Lane,WR,WAS,3.75,2025-12-11 04:29:37
9511,automatic,fanduel.com,Week 13,Keaton,Mitchell,RB,BAL,3.74,2025-12-11 04:29:37
12547,automatic,fanduel.com,Week 15,Kyle,Williams,WR,NE,3.74,2025-12-11 04:29:37
11581,automatic,fanduel.com,Week 10,MarShawn,Lloyd,RB,GB,3.73,2025-12-11 04:29:37
12502,automatic,fanduel.com,Week 12,Gunnar,Helm,TE,TEN,3.73,2025-12-11 04:29:37
4040,automatic,fanduel.com,Week 13,JuJu,Smith-Schuster,WR,KC,3.73,2025-12-11 04:29:37
2749,automatic,fanduel.com,Week 13,Raheem,Mostert,RB,LV,3.73,2025-12-11 04:29:37
6271,automatic,fanduel.com,Week 14,Olamide,Zaccheaus,WR,CHI,3.73,2025-12-11 04:29:37
8135,automatic,fanduel.com,Week 15,Treylon,Burks,WR,WAS,3.72,2025-12-11 04:29:37
13101,automatic,fanduel.com,Week 15,Gage,Larvadain,WR,CLE,3.71,2025-12-11 04:29:37
10218,automatic,sleeper.com,Week 10,Xavier,Hutchinson,WR,HOU,3.7,2025-12-11 04:29:37
MIN,dst_team_match,espn.com,Week 10,Vikings D/ST,Defense,DST,MIN,3.7,2025-12-11 04:29:37
6039,automatic,fantasypros.com,Week 10,Ty,Johnson,RB,BUF,3.7,2025-12-11 04:29:37
11631,automatic,fantasypros.com,Week 10,Brian,Thomas Jr.,WR,JAX,3.7,2025-12-11 04:29:37
7537,automatic,sleeper.com,Week 11,Jaret,Patterson,RB,LAC,3.7,2025-12-11 04:29:37
8122,automatic,sleeper.com,Week 11,Zonovan,Knight,RB,ARI,3.7,2025-12-11 04:29:37
7594,automatic,sleeper.com,Week 11,Chuba,Hubbard,RB,CAR,3.7,2025-12-11 04:29:37
12658,automatic,espn.com,Week 11,Jackson,Hawes,TE,BUF,3.7,2025-12-11 04:29:37
TB,dst_team_match,espn.com,Week 11,Buccaneers D/ST,Defense,DST,TB,3.7,2025-12-11 04:29:37
WAS,dst_team_match,espn.com,Week 11,Commanders D/ST,Defense,DST,WAS,3.7,2025-12-11 04:29:37
9481,automatic,sleeper.com,Week 12,Luke,Musgrave,TE,GB,3.7,2025-12-11 04:29:37
12469,automatic,sleeper.com,Week 12,Dylan,Sampson,RB,CLE,3.7,2025-12-11 04:29:37
11637,automatic,sleeper.com,Week 12,Keon,Coleman,WR,BUF,3.7,2025-12-11 04:29:37
7594,automatic,sleeper.com,Week 12,Chuba,Hubbard,RB,CAR,3.7,2025-12-11 04:29:37
5985,automatic,espn.com,Week 12,Foster,Moreau,TE,NO,3.7,2025-12-11 04:29:37
8145,automatic,espn.com,Week 12,Jeremy,Ruckert,TE,NYJ,3.7,2025-12-11 04:29:37
NYJ,dst_team_match,espn.com,Week 12,Jets D/ST,Defense,DST,NYJ,3.7,2025-12-11 04:29:37
10226,automatic,fantasypros.com,Week 13,Andrei,Iosivas,WR,CIN,3.7,2025-12-11 04:29:37
6865,automatic,fanduel.com,Week 13,Colby,Parkinson,TE,LAR,3.7,2025-12-11 04:29:37
11895,automatic,fanduel.com,Week 14,Mason,Tipton,WR,NO,3.7,2025-12-11 04:29:37
5906,automatic,fanduel.com,Week 14,Dawson,Knox,TE,BUF,3.7,2025-12-11 04:29:37
12533,automatic,fantasypros.com,Week 14,Jacory,Croskey-Merritt,RB,WAS,3.7,2025-12-11 04:29:37
12483,automatic,fantasypros.com,Week 14,Jack,Bech,WR,LV,3.7,2025-12-11 04:29:37
6826,automatic,fantasypros.com,Week 14,Cole,Kmet,TE,CHI,3.7,2025-12-11 04:29:37
12487,automatic,fantasypros.com,Week 14,Terrance,Ferguson,TE,LAR,3.7,2025-12-11 04:29:37
6826,automatic,espn.com,Week 14,Cole,Kmet,TE,CHI,3.7,2025-12-11 04:29:37
11571,automatic,sleeper.com,Week 15,Isaiah,Davis,RB,NYJ,3.7,2025-12-11 04:29:37
5906,automatic,espn.com,Week 15,Dawson,Knox,TE,BUF,3.7,2025-12-11 04:29:37
4381,automatic,espn.com,Week 15,Taysom,Hill,TE,NO,3.7,2025-12-11 04:29:37
5857,automatic,espn.com,Week 15,Noah,Fant,TE,CIN,3.7,2025-12-11 04:29:37
11600,automatic,espn.com,Week 15,Ja'Tavion,Sanders,TE,CAR,3.7,2025-12-11 04:29:37
12521,automatic,espn.com,Week 15,Elijah,Arroyo,TE,SEA,3.7,2025-12-11 04:29:37
CIN,dst_team_match,espn.com,Week 15,Bengals,Defense,DST,CIN,3.7,2025-12-11 04:29:37
8172,automatic,fantasypros.com,Week 15,Greg,Dulcich,TE,MIA,3.7,2025-12-11 04:29:37
8132,automatic,fanduel.com,Week 15,Tyler,Allgeier,RB,ATL,3.7,2025-12-11 04:29:37
4040,automatic,fanduel.com,Week 15,JuJu,Smith-Schuster,WR,KC,3.69,2025-12-11 04:29:37
2374,automatic,fanduel.com,Week 10,Tyler,Lockett,WR,LV,3.67,2025-12-11 04:29:37
8132,automatic,fanduel.com,Week 10,Tyler,Allgeier,RB,ATL,3.67,2025-12-11 04:29:37
12641,automatic,fanduel.com,Week 13,Jaylin,Lane,WR,WAS,3.67,2025-12-11 04:29:37
7496,automatic,fanduel.com,Week 14,Nick,Westbrook-Ikhine,WR,MIA,3.67,2025-12-11 04:29:37
8145,automatic,fanduel.com,Week 14,Jeremy,Ruckert,TE,NYJ,3.67,2025-12-11 04:29:37
6039,automatic,fanduel.com,Week 12,Ty,Johnson,RB,BUF,3.66,2025-12-11 04:29:37
10214,automatic,fanduel.com,Week 13,Davis,Allen,TE,LAR,3.63,2025-12-11 04:29:37
11439,automatic,fanduel.com,Week 15,Jaleel,McLaughlin,RB,DEN,3.63,2025-12-11 04:29:37
7587,automatic,fanduel.com,Week 13,Dyami,Brown,WR,JAX,3.61,2025-12-11 04:29:37
3286,automatic,sleeper.com,Week 10,Demarcus,Robinson,WR,SF,3.6,2025-12-11 04:29:37
12484,automatic,sleeper.com,Week 10,Jayden,Higgins,WR,HOU,3.6,2025-12-11 04:29:37
6960,automatic,sleeper.com,Week 10,Tyler,Johnson,WR,NYJ,3.6,2025-12-11 04:29:37
7039,automatic,fantasypros.com,Week 10,Cody,White,WR,SEA,3.6,2025-12-11 04:29:37
8208,automatic,sleeper.com,Week 11,Tyler,Badie,RB,DEN,3.6,2025-12-11 04:29:37
NYJ,dst_team_match,espn.com,Week 11,Jets D/ST,Defense,DST,NYJ,3.6,2025-12-11 04:29:37
7594,automatic,fantasypros.com,Week 11,Chuba,Hubbard,RB,CAR,3.6,2025-12-11 04:29:37
3634,automatic,sleeper.com,Week 12,Kalif,Raymond,WR,DET,3.6,2025-12-11 04:29:37
10214,automatic,sleeper.com,Week 12,Davis,Allen,TE,LAR,3.6,2025-12-11 04:29:37
12521,automatic,espn.com,Week 12,Elijah,Arroyo,TE,SEA,3.6,2025-12-11 04:29:37
TEN,dst_team_match,espn.com,Week 12,Titans D/ST,Defense,DST,TEN,3.6,2025-12-11 04:29:37
2749,automatic,fantasypros.com,Week 12,Raheem,Mostert,RB,LV,3.6,2025-12-11 04:29:37
6154,automatic,fantasypros.com,Week 12,David,Sills V,WR,ATL,3.6,2025-12-11 04:29:37
6865,automatic,fantasypros.com,Week 12,Colby,Parkinson,TE,LAR,3.6,2025-12-11 04:29:37
10214,automatic,fantasypros.com,Week 12,Davis,Allen,TE,LAR,3.6,2025-12-11 04:29:37
3271,automatic,fantasypros.com,Week 12,Tyler,Higbee,TE,LAR,3.6,2025-12-11 04:29:37
3634,automatic,sleeper.com,Week 13,Kalif,Raymond,WR,DET,3.6,2025-12-11 04:29:37
12487,automatic,sleeper.com,Week 13,Terrance,Ferguson,TE,LAR,3.6,2025-12-11 04:29:37
10231,automatic,sleeper.com,Week 13,Elijah,Higgins,TE,ARI,3.6,2025-12-11 04:29:37
8119,automatic,sleeper.com,Week 14,Jahan,Dotson,WR,PHI,3.6,2025-12-11 04:29:37
11895,automatic,fantasypros.com,Week 14,Mason,Tipton,WR,NO,3.6,2025-12-11 04:29:37
10231,automatic,fantasypros.com,Week 14,Elijah,Higgins,TE,ARI,3.6,2025-12-11 04:29:37
12521,automatic,espn.com,Week 14,Elijah,Arroyo,TE,SEA,3.6,2025-12-11 04:29:37
8119,automatic,sleeper.com,Week 15,Jahan,Dotson,WR,PHI,3.6,2025-12-11 04:29:37
10231,automatic,fantasypros.com,Week 15,Elijah,Higgins,TE,ARI,3.6,2025-12-11 04:29:37
,,fantasypros.com,Week 13,Jake,Moody,K,WAS,3.6,2025-12-11 04:29:37
,,espn.com,Week 14,Anthony,Firkser,TE,DET,3.6,2025-12-11 04:29:37
7596,automatic,fanduel.com,Week 11,Elijah,Moore,WR,BUF,3.58,2025-12-11 04:29:37
12658,automatic,fanduel.com,Week 11,Jackson,Hawes,TE,BUF,3.58,2025-12-11 04:29:37
12509,automatic,fanduel.com,Week 11,Tre,Harris,WR,LAC,3.58,2025-12-11 04:29:37
7694,automatic,fanduel.com,Week 12,Tommy,Tremble,TE,CAR,3.58,2025-12-11 04:29:37
5409,automatic,fanduel.com,Week 14,Tanner,Hudson,TE,CIN,3.58,2025-12-11 04:29:37
10218,automatic,fanduel.com,Week 12,Xavier,Hutchinson,WR,HOU,3.56,2025-12-11 04:29:37
4988,automatic,fanduel.com,Week 15,Nick,Chubb,RB,HOU,3.56,2025-12-11 04:29:37
12523,automatic,fanduel.com,Week 10,Jimmy,Horn Jr.,WR,CAR,3.55,2025-12-11 04:29:37
3271,automatic,fanduel.com,Week 12,Tyler,Higbee,TE,LAR,3.55,2025-12-11 04:29:37
9511,automatic,fanduel.com,Week 10,Keaton,Mitchell,RB,BAL,3.54,2025-12-11 04:29:37
9506,automatic,fanduel.com,Week 13,Sean,Tucker,RB,TB,3.54,2025-12-11 04:29:37
7562,automatic,fanduel.com,Week 14,Tutu,Atwell,WR,LAR,3.54,2025-12-11 04:29:37
8188,automatic,fanduel.com,Week 14,Tyquan,Thornton,WR,KC,3.53,2025-12-11 04:29:37
3202,automatic,fanduel.com,Week 15,Austin,Hooper,TE,NE,3.52,2025-12-11 04:29:37
10218,automatic,fanduel.com,Week 15,Xavier,Hutchinson,WR,HOU,3.52,2025-12-11 04:29:37
9506,automatic,fanduel.com,Week 12,Sean,Tucker,RB,TB,3.51,2025-12-11 04:29:37
5185,automatic,fanduel.com,Week 13,Allen,Lazard,WR,NYJ,3.51,2025-12-11 04:29:37
4147,automatic,fanduel.com,Week 14,Samaje,Perine,RB,CIN,3.51,2025-12-11 04:29:37
3202,automatic,sleeper.com,Week 10,Austin,Hooper,TE,NE,3.5,2025-12-11 04:29:37
6869,automatic,espn.com,Week 10,Adam,Trautman,TE,DEN,3.5,2025-12-11 04:29:37
3202,automatic,espn.com,Week 10,Austin,Hooper,TE,NE,3.5,2025-12-11 04:29:37
8143,automatic,fantasypros.com,Week 10,Jerome,Ford,RB,CLE,3.5,2025-12-11 04:29:37
12539,automatic,fantasypros.com,Week 10,Arian,Smith,WR,NYJ,3.5,2025-12-11 04:29:37
5185,automatic,fantasypros.com,Week 10,Allen,Lazard,WR,NYJ,3.5,2025-12-11 04:29:37
11633,automatic,fantasypros.com,Week 10,Jamari,Thrash,WR,CLE,3.5,2025-12-11 04:29:37
5185,automatic,sleeper.com,Week 11,Allen,Lazard,WR,NYJ,3.5,2025-12-11 04:29:37
4351,automatic,sleeper.com,Week 11,Tim,Patrick,WR,JAX,3.5,2025-12-11 04:29:37
12536,automatic,sleeper.com,Week 11,Jaylin,Noel,WR,HOU,3.5,2025-12-11 04:29:37
12469,automatic,sleeper.com,Week 11,Dylan,Sampson,RB,CLE,3.5,2025-12-11 04:29:37
5409,automatic,espn.com,Week 11,Tanner,Hudson,TE,CIN,3.5,2025-12-11 04:29:37
MIN,dst_team_match,espn.com,Week 11,Vikings D/ST,Defense,DST,MIN,3.5,2025-12-11 04:29:37
4179,automatic,fantasypros.com,Week 11,Joshua,Dobbs,QB,NE,3.5,2025-12-11 04:29:37
12487,automatic,fantasypros.com,Week 11,Terrance,Ferguson,TE,LAR,3.5,2025-12-11 04:29:37
9511,automatic,sleeper.com,Week 12,Keaton,Mitchell,RB,BAL,3.5,2025-12-11 04:29:37
2749,automatic,sleeper.com,Week 12,Raheem,Mostert,RB,LV,3.5,2025-12-11 04:29:37
12521,automatic,espn.com,Week 13,Elijah,Arroyo,TE,SEA,3.5,2025-12-11 04:29:37
KC,dst_team_match,espn.com,Week 13,Chiefs D/ST,Defense,DST,KC,3.5,2025-12-11 04:29:37
4179,automatic,fantasypros.com,Week 13,Joshua,Dobbs,QB,NE,3.5,2025-12-11 04:29:37
4144,automatic,fantasypros.com,Week 13,Jonnu,Smith,TE,PIT,3.5,2025-12-11 04:29:37
CHI,dst_team_match,fantasypros.com,Week 13,Chicago Bears,Defense,DST,CHI,3.5,2025-12-11 04:29:37
7607,automatic,sleeper.com,Week 14,Michael,Carter,RB,ARI,3.5,2025-12-11 04:29:37
12521,automatic,sleeper.com,Week 14,Elijah,Arroyo,TE,SEA,3.5,2025-12-11 04:29:37
11783,automatic,sleeper.com,Week 14,Ryan,Flournoy,WR,DAL,3.5,2025-12-11 04:29:37
8119,automatic,fantasypros.com,Week 14,Jahan,Dotson,WR,PHI,3.5,2025-12-11 04:29:37
5285,automatic,fantasypros.com,Week 14,Ross,Dwelley,TE,DET,3.5,2025-12-11 04:29:37
4381,automatic,espn.com,Week 14,Taysom,Hill,TE,NO,3.5,2025-12-11 04:29:37
DET,dst_team_match,espn.com,Week 14,Lions,Defense,DST,DET,3.5,2025-12-11 04:29:37
9506,automatic,sleeper.com,Week 15,Sean,Tucker,RB,TB,3.5,2025-12-11 04:29:37
9481,automatic,sleeper.com,Week 15,Luke,Musgrave,TE,GB,3.5,2025-12-11 04:29:37
6869,automatic,espn.com,Week 15,Adam,Trautman,TE,DEN,3.5,2025-12-11 04:29:37
3202,automatic,espn.com,Week 15,Austin,Hooper,TE,NE,3.5,2025-12-11 04:29:37
8180,automatic,fantasypros.com,Week 15,Jalen,Nailor,WR,MIN,3.5,2025-12-11 04:29:37
5973,automatic,fantasypros.com,Week 15,Josh,Oliver,TE,MIN,3.5,2025-12-11 04:29:37
10214,automatic,fantasypros.com,Week 15,Davis,Allen,TE,LAR,3.5,2025-12-11 04:29:37
12487,automatic,fantasypros.com,Week 15,Terrance,Ferguson,TE,LAR,3.5,2025-12-11 04:29:37
1426,automatic,fanduel.com,Week 10,DeAndre,Hopkins,WR,BAL,3.48,2025-12-11 04:29:37
5185,automatic,fanduel.com,Week 10,Allen,Lazard,WR,NYJ,3.48,2025-12-11 04:29:37
9501,automatic,fanduel.com,Week 10,Demario,Douglas,WR,NE,3.47,2025-12-11 04:29:37
12412,automatic,fanduel.com,Week 11,Terrell,Jennings,RB,NE,3.47,2025-12-11 04:29:37
7562,automatic,fanduel.com,Week 13,Tutu,Atwell,WR,LAR,3.47,2025-12-11 04:29:37
6154,automatic,fanduel.com,Week 10,David,Sills V,WR,ATL,3.46,2025-12-11 04:29:37
6853,automatic,fanduel.com,Week 11,Van,Jefferson,WR,TEN,3.45,2025-12-11 04:29:37
2749,automatic,fanduel.com,Week 10,Raheem,Mostert,RB,LV,3.43,2025-12-11 04:29:37
12541,automatic,fanduel.com,Week 15,Dont'e,Thornton Jr.,WR,LV,3.42,2025-12-11 04:29:37
8188,automatic,fanduel.com,Week 12,Tyquan,Thornton,WR,KC,3.41,2025-12-11 04:29:37
8154,automatic,fanduel.com,Week 13,Brian,Robinson,RB,SF,3.41,2025-12-11 04:29:37
9511,automatic,sleeper.com,Week 10,Keaton,Mitchell,RB,BAL,3.4,2025-12-11 04:29:37
4314,automatic,sleeper.com,Week 10,Johnny,Mundt,TE,JAX,3.4,2025-12-11 04:29:37
ATL,dst_team_match,espn.com,Week 10,Falcons D/ST,Defense,DST,ATL,3.4,2025-12-11 04:29:37
11575,automatic,fantasypros.com,Week 10,Ray,Davis,RB,BUF,3.4,2025-12-11 04:29:37
4039,automatic,fantasypros.com,Week 10,Cooper,Kupp,WR,SEA,3.4,2025-12-11 04:29:37
10218,automatic,sleeper.com,Week 11,Xavier,Hutchinson,WR,HOU,3.4,2025-12-11 04:29:37
12547,automatic,sleeper.com,Week 11,Kyle,Williams,WR,NE,3.4,2025-12-11 04:29:37
12412,automatic,sleeper.com,Week 11,Terrell,Jennings,RB,NE,3.4,2025-12-11 04:29:37
8885,automatic,fanduel.com,Week 11,Tucker,Fisk,TE,LAC,3.4,2025-12-11 04:29:37
5985,automatic,sleeper.com,Week 12,Foster,Moreau,TE,NO,3.4,2025-12-11 04:29:37
4454,automatic,sleeper.com,Week 12,Kendrick,Bourne,WR,SF,3.4,2025-12-11 04:29:37
7828,automatic,espn.com,Week 12,Noah,Gray,TE,KC,3.4,2025-12-11 04:29:37
MIN,dst_team_match,espn.com,Week 12,Vikings D/ST,Defense,DST,MIN,3.4,2025-12-11 04:29:37
12412,automatic,fantasypros.com,Week 12,Terrell,Jennings,RB,NE,3.4,2025-12-11 04:29:37
3286,automatic,fantasypros.com,Week 12,Demarcus,Robinson,WR,SF,3.4,2025-12-11 04:29:37
7694,automatic,fantasypros.com,Week 12,Tommy,Tremble,TE,CAR,3.4,2025-12-11 04:29:37
11783,automatic,sleeper.com,Week 13,Ryan,Flournoy,WR,DAL,3.4,2025-12-11 04:29:37
9481,automatic,espn.com,Week 13,Luke,Musgrave,TE,GB,3.4,2025-12-11 04:29:37
3202,automatic,espn.com,Week 13,Austin,Hooper,TE,NE,3.4,2025-12-11 04:29:37
9506,automatic,sleeper.com,Week 14,Sean,Tucker,RB,TB,3.4,2025-12-11 04:29:37
12487,automatic,sleeper.com,Week 14,Terrance,Ferguson,TE,LAR,3.4,2025-12-11 04:29:37
10231,automatic,sleeper.com,Week 14,Elijah,Higgins,TE,ARI,3.4,2025-12-11 04:29:37
11650,automatic,fanduel.com,Week 14,Luke,McCaffrey,WR,WAS,3.4,2025-12-11 04:29:37
11571,automatic,fantasypros.com,Week 14,Isaiah,Davis,RB,NYJ,3.4,2025-12-11 04:29:37
8172,automatic,fantasypros.com,Week 14,Greg,Dulcich,TE,MIA,3.4,2025-12-11 04:29:37
7828,automatic,espn.com,Week 14,Noah,Gray,TE,KC,3.4,2025-12-11 04:29:37
5906,automatic,espn.com,Week 14,Dawson,Knox,TE,BUF,3.4,2025-12-11 04:29:37
GB,dst_team_match,espn.com,Week 14,Packers,Defense,DST,GB,3.4,2025-12-11 04:29:37
12487,automatic,sleeper.com,Week 15,Terrance,Ferguson,TE,LAR,3.4,2025-12-11 04:29:37
10227,automatic,espn.com,Week 15,Payne,Durham,TE,TB,3.4,2025-12-11 04:29:37
8800,automatic,fantasypros.com,Week 15,Malik,Davis,RB,DAL,3.4,2025-12-11 04:29:37
11068,automatic,fantasypros.com,Week 15,Mitch,Tinsley,WR,CIN,3.4,2025-12-11 04:29:37
11608,automatic,fantasypros.com,Week 15,Isaiah,Williams,WR,NYJ,3.4,2025-12-11 04:29:37
8849,automatic,fanduel.com,Week 11,Tanner,Conner,TE,MIA,3.39,2025-12-11 04:29:37
12523,automatic,fanduel.com,Week 11,Jimmy,Horn Jr.,WR,CAR,3.39,2025-12-11 04:29:37
12536,automatic,fanduel.com,Week 11,Jaylin,Noel,WR,HOU,3.38,2025-12-11 04:29:37
12483,automatic,fanduel.com,Week 14,Jack,Bech,WR,LV,3.38,2025-12-11 04:29:37
6154,automatic,fanduel.com,Week 11,David,Sills V,WR,ATL,3.37,2025-12-11 04:29:37
10231,automatic,fanduel.com,Week 13,Elijah,Higgins,TE,ARI,3.36,2025-12-11 04:29:37
8172,automatic,fanduel.com,Week 15,Greg,Dulcich,TE,MIA,3.36,2025-12-11 04:29:37
12509,automatic,fanduel.com,Week 13,Tre,Harris,WR,LAC,3.35,2025-12-11 04:29:37
8849,automatic,fanduel.com,Week 10,Tanner,Conner,TE,MIA,3.34,2025-12-11 04:29:37
8147,automatic,fanduel.com,Week 12,John,Metchie III,WR,NYJ,3.34,2025-12-11 04:29:37
5185,automatic,fanduel.com,Week 14,Allen,Lazard,WR,NYJ,3.34,2025-12-11 04:29:37
6271,automatic,fanduel.com,Week 15,Olamide,Zaccheaus,WR,CHI,3.34,2025-12-11 04:29:37
4040,automatic,fanduel.com,Week 14,JuJu,Smith-Schuster,WR,KC,3.32,2025-12-11 04:29:37
9481,automatic,fanduel.com,Week 13,Luke,Musgrave,TE,GB,3.31,2025-12-11 04:29:37
7716,automatic,fanduel.com,Week 15,John,Bates,TE,WAS,3.31,2025-12-11 04:29:37
3634,automatic,sleeper.com,Week 10,Kalif,Raymond,WR,DET,3.3,2025-12-11 04:29:37
8135,automatic,sleeper.com,Week 10,Treylon,Burks,WR,WAS,3.3,2025-12-11 04:29:37
10231,automatic,espn.com,Week 10,Elijah,Higgins,TE,ARI,3.3,2025-12-11 04:29:37
LV,dst_team_match,espn.com,Week 10,Raiders D/ST,Defense,DST,LV,3.3,2025-12-11 04:29:37
6154,automatic,fantasypros.com,Week 10,David,Sills V,WR,ATL,3.3,2025-12-11 04:29:37
11994,automatic,fantasypros.com,Week 10,Kameron,Johnson,WR,TB,3.3,2025-12-11 04:29:37
9486,automatic,sleeper.com,Week 11,Dontayvion,Wicks,WR,GB,3.3,2025-12-11 04:29:37
6271,automatic,sleeper.com,Week 12,Olamide,Zaccheaus,WR,CHI,3.3,2025-12-11 04:29:37
10218,automatic,sleeper.com,Week 12,Xavier,Hutchinson,WR,HOU,3.3,2025-12-11 04:29:37
6865,automatic,espn.com,Week 12,Colby,Parkinson,TE,LAR,3.3,2025-12-11 04:29:37
12504,automatic,fantasypros.com,Week 12,Kaleb,Johnson,RB,PIT,3.3,2025-12-11 04:29:37
12544,automatic,fantasypros.com,Week 12,LeQuint,Allen Jr.,RB,JAX,3.3,2025-12-11 04:29:37
11577,automatic,fantasypros.com,Week 12,Will,Shipley,RB,PHI,3.3,2025-12-11 04:29:37
4037,automatic,fantasypros.com,Week 12,Chris,Godwin Jr.,WR,TB,3.3,2025-12-11 04:29:37
8225,automatic,fantasypros.com,Week 12,Daniel,Bellinger,TE,NYG,3.3,2025-12-11 04:29:37
11921,automatic,sleeper.com,Week 13,Xavier,Weaver,WR,ARI,3.3,2025-12-11 04:29:37
12509,automatic,sleeper.com,Week 13,Tre',Harris,WR,LAC,3.3,2025-12-11 04:29:37
DAL,dst_team_match,espn.com,Week 13,Cowboys D/ST,Defense,DST,DAL,3.3,2025-12-11 04:29:37
12519,automatic,fantasypros.com,Week 13,Luther,Burden III,WR,CHI,3.3,2025-12-11 04:29:37
12541,automatic,fanduel.com,Week 14,Dont'e,Thornton Jr.,WR,LV,3.3,2025-12-11 04:29:37
12501,automatic,fantasypros.com,Week 14,Matthew,Golden,WR,GB,3.3,2025-12-11 04:29:37
4351,automatic,fantasypros.com,Week 14,Tim,Patrick,WR,JAX,3.3,2025-12-11 04:29:37
10214,automatic,fantasypros.com,Week 14,Davis,Allen,TE,LAR,3.3,2025-12-11 04:29:37
LV,dst_team_match,espn.com,Week 14,Raiders,Defense,DST,LV,3.3,2025-12-11 04:29:37
11783,automatic,sleeper.com,Week 15,Ryan,Flournoy,WR,DAL,3.3,2025-12-11 04:29:37
10231,automatic,sleeper.com,Week 15,Elijah,Higgins,TE,ARI,3.3,2025-12-11 04:29:37
8225,automatic,espn.com,Week 15,Daniel,Bellinger,TE,NYG,3.3,2025-12-11 04:29:37
7828,automatic,espn.com,Week 15,Noah,Gray,TE,KC,3.3,2025-12-11 04:29:37
6826,automatic,espn.com,Week 15,Cole,Kmet,TE,CHI,3.3,2025-12-11 04:29:37
4718,automatic,fantasypros.com,Week 15,Dare,Ogunbowale,RB,HOU,3.3,2025-12-11 04:29:37
11628,automatic,fantasypros.com,Week 15,Marvin,Harrison Jr.,WR,ARI,3.3,2025-12-11 04:29:37
6801,automatic,fantasypros.com,Week 15,Tee,Higgins,WR,CIN,3.3,2025-12-11 04:29:37
4454,automatic,fantasypros.com,Week 15,Kendrick,Bourne,WR,SF,3.3,2025-12-11 04:29:37
7694,automatic,fantasypros.com,Week 15,Tommy,Tremble,TE,CAR,3.3,2025-12-11 04:29:37
7828,automatic,fantasypros.com,Week 15,Noah,Gray,TE,KC,3.3,2025-12-11 04:29:37
,,fantasypros.com,Week 15,Brandin,Cooks,WR,BUF,3.3,2025-12-11 04:29:37
4054,automatic,fanduel.com,Week 14,Mo,Alie-Cox,TE,IND,3.29,2025-12-11 04:29:37
8500,automatic,fanduel.com,Week 14,John,FitzPatrick,TE,GB,3.29,2025-12-11 04:29:37
4381,automatic,fanduel.com,Week 10,Taysom,Hill,TE,NO,3.28,2025-12-11 04:29:37
11623,automatic,fanduel.com,Week 15,Jordan,Whittington,WR,LAR,3.27,2025-12-11 04:29:37
12641,automatic,fanduel.com,Week 15,Jaylin,Lane,WR,WAS,3.26,2025-12-11 04:29:37
9480,automatic,fanduel.com,Week 11,Brenton,Strange,TE,JAX,3.25,2025-12-11 04:29:37
11647,automatic,fanduel.com,Week 14,Kimani,Vidal,RB,LAC,3.24,2025-12-11 04:29:37
8119,automatic,fanduel.com,Week 11,Jahan,Dotson,WR,PHI,3.23,2025-12-11 04:29:37
11199,automatic,fanduel.com,Week 13,Emari,Demercado,RB,ARI,3.23,2025-12-11 04:29:37
12487,automatic,fanduel.com,Week 15,Terrance,Ferguson,TE,LAR,3.23,2025-12-11 04:29:37
9486,automatic,fanduel.com,Week 10,Dontayvion,Wicks,WR,GB,3.22,2025-12-11 04:29:37
11994,automatic,fanduel.com,Week 11,Kameron,Johnson,WR,TB,3.22,2025-12-11 04:29:37
11599,automatic,fanduel.com,Week 13,Cade,Stover,TE,HOU,3.21,2025-12-11 04:29:37
10227,automatic,fanduel.com,Week 13,Payne,Durham,TE,TB,3.21,2025-12-11 04:29:37
4082,automatic,sleeper.com,Week 10,Curtis,Samuel,WR,BUF,3.2,2025-12-11 04:29:37
7587,automatic,sleeper.com,Week 10,Dyami,Brown,WR,JAX,3.2,2025-12-11 04:29:37
7595,automatic,sleeper.com,Week 10,Tylan,Wallace,WR,BAL,3.2,2025-12-11 04:29:37
10214,automatic,espn.com,Week 10,Davis,Allen,TE,LAR,3.2,2025-12-11 04:29:37
12523,automatic,fantasypros.com,Week 10,Jimmy,Horn Jr.,WR,CAR,3.2,2025-12-11 04:29:37
4219,automatic,fantasypros.com,Week 11,Jeremy,McNichols,RB,WAS,3.2,2025-12-11 04:29:37
11596,automatic,fantasypros.com,Week 11,Ben,Sinnott,TE,WAS,3.2,2025-12-11 04:29:37
7694,automatic,sleeper.com,Week 12,Tommy,Tremble,TE,CAR,3.2,2025-12-11 04:29:37
10231,automatic,sleeper.com,Week 12,Elijah,Higgins,TE,ARI,3.2,2025-12-11 04:29:37
3202,automatic,espn.com,Week 12,Austin,Hooper,TE,NE,3.2,2025-12-11 04:29:37
11629,automatic,fanduel.com,Week 12,Devontez,Walker,WR,BAL,3.2,2025-12-11 04:29:37
12541,automatic,fantasypros.com,Week 12,Dont'e,Thornton Jr.,WR,LV,3.2,2025-12-11 04:29:37
6149,automatic,fantasypros.com,Week 12,Darius,Slayton,WR,NYG,3.2,2025-12-11 04:29:37
7828,automatic,fantasypros.com,Week 12,Noah,Gray,TE,KC,3.2,2025-12-11 04:29:37
4082,automatic,sleeper.com,Week 13,Curtis,Samuel,WR,BUF,3.2,2025-12-11 04:29:37
7607,automatic,sleeper.com,Week 13,Michael,Carter,RB,ARI,3.2,2025-12-11 04:29:37
11623,automatic,sleeper.com,Week 13,Jordan,Whittington,WR,LAR,3.2,2025-12-11 04:29:37
12521,automatic,sleeper.com,Week 13,Elijah,Arroyo,TE,SEA,3.2,2025-12-11 04:29:37
7594,automatic,sleeper.com,Week 13,Chuba,Hubbard,RB,CAR,3.2,2025-12-11 04:29:37
5906,automatic,espn.com,Week 13,Dawson,Knox,TE,BUF,3.2,2025-12-11 04:29:37
NYG,dst_team_match,espn.com,Week 13,Giants D/ST,Defense,DST,NYG,3.2,2025-12-11 04:29:37
6826,automatic,fantasypros.com,Week 13,Cole,Kmet,TE,CHI,3.2,2025-12-11 04:29:37
WAS,dst_team_match,fantasypros.com,Week 13,Washington Commanders,Defense,DST,WAS,3.2,2025-12-11 04:29:37
8119,automatic,fanduel.com,Week 13,Jahan,Dotson,WR,PHI,3.2,2025-12-11 04:29:37
4995,automatic,fanduel.com,Week 13,Ian,Thomas,TE,LV,3.2,2025-12-11 04:29:37
8145,automatic,sleeper.com,Week 14,Jeremy,Ruckert,TE,NYJ,3.2,2025-12-11 04:29:37
11630,automatic,sleeper.com,Week 14,Roman,Wilson,WR,PIT,3.2,2025-12-11 04:29:37
6588,automatic,fantasypros.com,Week 14,Tom,Kennedy,WR,DET,3.2,2025-12-11 04:29:37
12641,automatic,fantasypros.com,Week 14,Jaylin,Lane,WR,WAS,3.2,2025-12-11 04:29:37
11921,automatic,fantasypros.com,Week 14,Xavier,Weaver,WR,ARI,3.2,2025-12-11 04:29:37
11623,automatic,fantasypros.com,Week 14,Jordan,Whittington,WR,LAR,3.2,2025-12-11 04:29:37
8135,automatic,fantasypros.com,Week 14,Treylon,Burks,WR,WAS,3.2,2025-12-11 04:29:37
12521,automatic,fantasypros.com,Week 14,Elijah,Arroyo,TE,SEA,3.2,2025-12-11 04:29:37
10214,automatic,espn.com,Week 14,Davis,Allen,TE,LAR,3.2,2025-12-11 04:29:37
8135,automatic,sleeper.com,Week 15,Treylon,Burks,WR,WAS,3.2,2025-12-11 04:29:37
11596,automatic,espn.com,Week 15,Ben,Sinnott,TE,WAS,3.2,2025-12-11 04:29:37
WAS,dst_team_match,espn.com,Week 15,Commanders,Defense,DST,WAS,3.2,2025-12-11 04:29:37
11571,automatic,fantasypros.com,Week 15,Isaiah,Davis,RB,NYJ,3.2,2025-12-11 04:29:37
4040,automatic,fantasypros.com,Week 15,JuJu,Smith-Schuster,WR,KC,3.2,2025-12-11 04:29:37
8119,automatic,fantasypros.com,Week 15,Jahan,Dotson,WR,PHI,3.2,2025-12-11 04:29:37
11620,automatic,fantasypros.com,Week 15,Rome,Odunze,WR,CHI,3.2,2025-12-11 04:29:37
12509,automatic,fantasypros.com,Week 15,Tre,Harris,WR,LAC,3.2,2025-12-11 04:29:37
11577,automatic,fanduel.com,Week 11,Will,Shipley,RB,PHI,3.18,2025-12-11 04:29:37
8119,automatic,fanduel.com,Week 10,Jahan,Dotson,WR,PHI,3.17,2025-12-11 04:29:37
12535,automatic,fanduel.com,Week 13,Isaac,TeSlaa,WR,DET,3.16,2025-12-11 04:29:37
5970,automatic,fanduel.com,Week 14,Greg,Dortch,WR,ARI,3.16,2025-12-11 04:29:37
12521,automatic,fanduel.com,Week 15,Elijah,Arroyo,TE,SEA,3.16,2025-12-11 04:29:37
8147,automatic,fanduel.com,Week 11,John,Metchie III,WR,NYJ,3.15,2025-12-11 04:29:37
1426,automatic,fanduel.com,Week 14,DeAndre,Hopkins,WR,BAL,3.14,2025-12-11 04:29:37
12544,automatic,fanduel.com,Week 15,LeQuint,Allen Jr.,RB,JAX,3.14,2025-12-11 04:29:37
11575,automatic,fanduel.com,Week 14,Ray,Davis,RB,BUF,3.13,2025-12-11 04:29:37
12509,automatic,fanduel.com,Week 15,Tre,Harris,WR,LAC,3.12,2025-12-11 04:29:37
12487,automatic,fanduel.com,Week 14,Terrance,Ferguson,TE,LAR,3.11,2025-12-11 04:29:37
11633,automatic,sleeper.com,Week 10,Jamari,Thrash,WR,CLE,3.1,2025-12-11 04:29:37
11625,automatic,sleeper.com,Week 10,Adonai,Mitchell,WR,NYJ,3.1,2025-12-11 04:29:37
4037,automatic,fantasypros.com,Week 10,Chris,Godwin Jr.,WR,TB,3.1,2025-12-11 04:29:37
12509,automatic,sleeper.com,Week 11,Tre',Harris,WR,LAC,3.1,2025-12-11 04:29:37
7694,automatic,sleeper.com,Week 11,Tommy,Tremble,TE,CAR,3.1,2025-12-11 04:29:37
12487,automatic,espn.com,Week 11,Terrance,Ferguson,TE,LAR,3.1,2025-12-11 04:29:37
6865,automatic,espn.com,Week 11,Colby,Parkinson,TE,LAR,3.1,2025-12-11 04:29:37
8154,automatic,sleeper.com,Week 12,Brian,Robinson,RB,SF,3.1,2025-12-11 04:29:37
7596,automatic,sleeper.com,Week 12,Elijah,Moore,WR,BUF,3.1,2025-12-11 04:29:37
4351,automatic,fantasypros.com,Week 12,Tim,Patrick,WR,JAX,3.1,2025-12-11 04:29:37
6271,automatic,sleeper.com,Week 13,Olamide,Zaccheaus,WR,CHI,3.1,2025-12-11 04:29:37
10218,automatic,sleeper.com,Week 14,Xavier,Hutchinson,WR,HOU,3.1,2025-12-11 04:29:37
8800,automatic,fantasypros.com,Week 14,Malik,Davis,RB,DAL,3.1,2025-12-11 04:29:37
8127,automatic,fantasypros.com,Week 14,Charlie,Kolar,TE,BAL,3.1,2025-12-11 04:29:37
9481,automatic,espn.com,Week 14,Luke,Musgrave,TE,GB,3.1,2025-12-11 04:29:37
11608,automatic,sleeper.com,Week 15,Isaiah,Williams,WR,NYJ,3.1,2025-12-11 04:29:37
10218,automatic,sleeper.com,Week 15,Xavier,Hutchinson,WR,HOU,3.1,2025-12-11 04:29:37
12521,automatic,sleeper.com,Week 15,Elijah,Arroyo,TE,SEA,3.1,2025-12-11 04:29:37
TEN,dst_team_match,espn.com,Week 15,Titans,Defense,DST,TEN,3.1,2025-12-11 04:29:37
11921,automatic,fantasypros.com,Week 15,Xavier,Weaver,WR,ARI,3.1,2025-12-11 04:29:37
,,fantasypros.com,Week 12,Brandin,Cooks,WR,FA,3.1,2025-12-11 04:29:37
,,fantasypros.com,Week 15,Isaiah,Hodgins,WR,NYG,3.1,2025-12-11 04:29:37
7611,automatic,fanduel.com,Week 12,Rhamondre,Stevenson,RB,NE,3.09,2025-12-11 04:29:37
6039,automatic,fanduel.com,Week 15,Ty,Johnson,RB,BUF,3.08,2025-12-11 04:29:37
8127,automatic,fanduel.com,Week 14,Charlie,Kolar,TE,BAL,3.07,2025-12-11 04:29:37
11474,automatic,fanduel.com,Week 13,Dylan,Drummond,WR,ATL,3.06,2025-12-11 04:29:37
10871,automatic,fanduel.com,Week 14,Luke,Schoonmaker,TE,DAL,3.06,2025-12-11 04:29:37
5938,automatic,fanduel.com,Week 10,Lil'Jordan,Humphrey,WR,NYG,3.05,2025-12-11 04:29:37
8188,automatic,fanduel.com,Week 11,Tyquan,Thornton,WR,KC,3.05,2025-12-11 04:29:37
8154,automatic,fanduel.com,Week 12,Brian,Robinson,RB,SF,3.05,2025-12-11 04:29:37
3200,automatic,fanduel.com,Week 15,Sterling,Shepard,WR,TB,3.05,2025-12-11 04:29:37
12455,automatic,fanduel.com,Week 13,Brashard,Smith,RB,KC,3.04,2025-12-11 04:29:37
8119,automatic,fanduel.com,Week 15,Jahan,Dotson,WR,PHI,3.04,2025-12-11 04:29:37
12469,automatic,fanduel.com,Week 10,Dylan,Sampson,RB,CLE,3.02,2025-12-11 04:29:37
10214,automatic,fanduel.com,Week 14,Davis,Allen,TE,LAR,3.02,2025-12-11 04:29:37
9479,automatic,fanduel.com,Week 15,Darnell,Washington,TE,PIT,3.02,2025-12-11 04:29:37
6001,automatic,fanduel.com,Week 11,Drew,Sample,TE,CIN,3.01,2025-12-11 04:29:37
11577,automatic,fanduel.com,Week 10,Will,Shipley,RB,PHI,3.0,2025-12-11 04:29:37
10231,automatic,sleeper.com,Week 10,Elijah,Higgins,TE,ARI,3.0,2025-12-11 04:29:37
5970,automatic,sleeper.com,Week 10,Greg,Dortch,WR,ARI,3.0,2025-12-11 04:29:37
2749,automatic,fantasypros.com,Week 10,Raheem,Mostert,RB,LV,3.0,2025-12-11 04:29:37
11377,automatic,fantasypros.com,Week 10,Tyrell,Shavers,WR,BUF,3.0,2025-12-11 04:29:37
11439,automatic,sleeper.com,Week 11,Jaleel,McLaughlin,RB,DEN,3.0,2025-12-11 04:29:37
3634,automatic,sleeper.com,Week 11,Kalif,Raymond,WR,DET,3.0,2025-12-11 04:29:37
6694,automatic,sleeper.com,Week 11,D'Ernest,Johnson,RB,NE,3.0,2025-12-11 04:29:37
6699,automatic,sleeper.com,Week 11,Gunner,Olszewski,WR,NYG,3.0,2025-12-11 04:29:37
CIN,dst_team_match,espn.com,Week 11,Bengals D/ST,Defense,DST,CIN,3.0,2025-12-11 04:29:37
1166,automatic,fantasypros.com,Week 11,Kirk,Cousins,QB,ATL,3.0,2025-12-11 04:29:37
12457,automatic,fanduel.com,Week 11,Jaydon,Blue,RB,DAL,3.0,2025-12-11 04:29:37
8145,automatic,sleeper.com,Week 12,Jeremy,Ruckert,TE,NYJ,3.0,2025-12-11 04:29:37
CIN,dst_team_match,espn.com,Week 12,Bengals D/ST,Defense,DST,CIN,3.0,2025-12-11 04:29:37
7571,automatic,fantasypros.com,Week 12,Rashod,Bateman,WR,BAL,3.0,2025-12-11 04:29:37
5409,automatic,fantasypros.com,Week 12,Tanner,Hudson,TE,CIN,3.0,2025-12-11 04:29:37
8500,automatic,fantasypros.com,Week 12,John,FitzPatrick,TE,GB,3.0,2025-12-11 04:29:37
8145,automatic,sleeper.com,Week 13,Jeremy,Ruckert,TE,NYJ,3.0,2025-12-11 04:29:37
7694,automatic,sleeper.com,Week 13,Tommy,Tremble,TE,CAR,3.0,2025-12-11 04:29:37
8208,automatic,sleeper.com,Week 13,Tyler,Badie,RB,DEN,3.0,2025-12-11 04:29:37
12536,automatic,sleeper.com,Week 13,Jaylin,Noel,WR,HOU,3.0,2025-12-11 04:29:37
12510,automatic,fantasypros.com,Week 13,Jalen,Milroe,QB,SEA,3.0,2025-12-11 04:29:37
12540,automatic,fantasypros.com,Week 13,Chimere,Dike,WR,TEN,3.0,2025-12-11 04:29:37
NYG,dst_team_match,fantasypros.com,Week 13,New York Giants,Defense,DST,NYG,3.0,2025-12-11 04:29:37
12509,automatic,sleeper.com,Week 14,Tre',Harris,WR,LAC,3.0,2025-12-11 04:29:37
4351,automatic,sleeper.com,Week 14,Tim,Patrick,WR,JAX,3.0,2025-12-11 04:29:37
6154,automatic,sleeper.com,Week 14,David,Sills,WR,ATL,3.0,2025-12-11 04:29:37
10212,automatic,sleeper.com,Week 14,Josh,Whyle,TE,GB,3.0,2025-12-11 04:29:37
12485,automatic,fanduel.com,Week 14,Tez,Johnson,WR,TB,3.0,2025-12-11 04:29:37
8143,automatic,fantasypros.com,Week 14,Jerome,Ford,RB,CLE,3.0,2025-12-11 04:29:37
5857,automatic,espn.com,Week 14,Noah,Fant,TE,CIN,3.0,2025-12-11 04:29:37
5985,automatic,espn.com,Week 14,Foster,Moreau,TE,NO,3.0,2025-12-11 04:29:37
DAL,dst_team_match,espn.com,Week 14,Cowboys,Defense,DST,DAL,3.0,2025-12-11 04:29:37
8154,automatic,sleeper.com,Week 15,Brian,Robinson,RB,SF,3.0,2025-12-11 04:29:37
3634,automatic,sleeper.com,Week 15,Kalif,Raymond,WR,DET,3.0,2025-12-11 04:29:37
12509,automatic,sleeper.com,Week 15,Tre',Harris,WR,LAC,3.0,2025-12-11 04:29:37
8208,automatic,sleeper.com,Week 15,Tyler,Badie,RB,DEN,3.0,2025-12-11 04:29:37
2749,automatic,sleeper.com,Week 15,Raheem,Mostert,RB,LV,3.0,2025-12-11 04:29:37
11599,automatic,espn.com,Week 15,Cade,Stover,TE,HOU,3.0,2025-12-11 04:29:37
DET,dst_team_match,espn.com,Week 15,Lions,Defense,DST,DET,3.0,2025-12-11 04:29:37
11575,automatic,fantasypros.com,Week 15,Ray,Davis,RB,BUF,3.0,2025-12-11 04:29:37
12455,automatic,fantasypros.com,Week 15,Brashard,Smith,RB,KC,3.0,2025-12-11 04:29:37
11257,automatic,fantasypros.com,Week 15,Shedrick,Jackson,WR,LV,3.0,2025-12-11 04:29:37
8800,automatic,fanduel.com,Week 15,Malik,Davis,RB,DAL,3.0,2025-12-11 04:29:37
,,fantasypros.com,Week 12,Kyle,Juszczyk,RB,SF,3.0,2025-12-11 04:29:37
8225,automatic,fanduel.com,Week 10,Daniel,Bellinger,TE,NYG,2.99,2025-12-11 04:29:37
5285,automatic,fanduel.com,Week 13,Ross,Dwelley,TE,DET,2.99,2025-12-11 04:29:37
11370,automatic,fanduel.com,Week 14,Chris,Brooks,RB,GB,2.99,2025-12-11 04:29:37
11921,automatic,fanduel.com,Week 13,Xavier,Weaver,WR,ARI,2.98,2025-12-11 04:29:37
12509,automatic,fanduel.com,Week 10,Tre,Harris,WR,LAC,2.97,2025-12-11 04:29:37
8119,automatic,fanduel.com,Week 12,Jahan,Dotson,WR,PHI,2.97,2025-12-11 04:29:37
12455,automatic,fanduel.com,Week 15,Brashard,Smith,RB,KC,2.97,2025-12-11 04:29:37
2749,automatic,fanduel.com,Week 12,Raheem,Mostert,RB,LV,2.96,2025-12-11 04:29:37
8143,automatic,fanduel.com,Week 13,Jerome,Ford,RB,CLE,2.96,2025-12-11 04:29:37
10218,automatic,fanduel.com,Week 13,Xavier,Hutchinson,WR,HOU,2.96,2025-12-11 04:29:37
8127,automatic,fanduel.com,Week 15,Charlie,Kolar,TE,BAL,2.96,2025-12-11 04:29:37
11596,automatic,fanduel.com,Week 15,Ben,Sinnott,TE,WAS,2.95,2025-12-11 04:29:37
12476,automatic,fanduel.com,Week 10,Devin,Neal,RB,NO,2.94,2025-12-11 04:29:37
6039,automatic,fanduel.com,Week 10,Ty,Johnson,RB,BUF,2.94,2025-12-11 04:29:37
4351,automatic,fanduel.com,Week 10,Tim,Patrick,WR,JAX,2.94,2025-12-11 04:29:37
4147,automatic,fanduel.com,Week 11,Samaje,Perine,RB,CIN,2.93,2025-12-11 04:29:37
5938,automatic,fanduel.com,Week 11,Lil'Jordan,Humphrey,WR,NYG,2.92,2025-12-11 04:29:37
12543,automatic,fanduel.com,Week 12,Tahj,Brooks,RB,CIN,2.92,2025-12-11 04:29:37
8119,automatic,fanduel.com,Week 14,Jahan,Dotson,WR,PHI,2.92,2025-12-11 04:29:37
10871,automatic,fanduel.com,Week 15,Luke,Schoonmaker,TE,DAL,2.92,2025-12-11 04:29:37
11577,automatic,fanduel.com,Week 12,Will,Shipley,RB,PHI,2.91,2025-12-11 04:29:37
12455,automatic,fanduel.com,Week 14,Brashard,Smith,RB,KC,2.91,2025-12-11 04:29:37
7694,automatic,sleeper.com,Week 10,Tommy,Tremble,TE,CAR,2.9,2025-12-11 04:29:37
2749,automatic,sleeper.com,Week 10,Raheem,Mostert,RB,LV,2.9,2025-12-11 04:29:37
SF,dst_team_match,espn.com,Week 10,49ers D/ST,Defense,DST,SF,2.9,2025-12-11 04:29:37
12482,automatic,fantasypros.com,Week 10,Savion,Williams,WR,GB,2.9,2025-12-11 04:29:37
9511,automatic,sleeper.com,Week 11,Keaton,Mitchell,RB,BAL,2.9,2025-12-11 04:29:37
6826,automatic,sleeper.com,Week 11,Cole,Kmet,TE,CHI,2.9,2025-12-11 04:29:37
7595,automatic,sleeper.com,Week 11,Tylan,Wallace,WR,BAL,2.9,2025-12-11 04:29:37
10871,automatic,espn.com,Week 11,Luke,Schoonmaker,TE,DAL,2.9,2025-12-11 04:29:37
6826,automatic,fantasypros.com,Week 11,Cole,Kmet,TE,CHI,2.9,2025-12-11 04:29:37
7075,automatic,sleeper.com,Week 12,Charlie,Woerner,TE,ATL,2.9,2025-12-11 04:29:37
7595,automatic,sleeper.com,Week 12,Tylan,Wallace,WR,BAL,2.9,2025-12-11 04:29:37
10231,automatic,espn.com,Week 12,Elijah,Higgins,TE,ARI,2.9,2025-12-11 04:29:37
CAR,dst_team_match,espn.com,Week 12,Panthers D/ST,Defense,DST,CAR,2.9,2025-12-11 04:29:37
12718,automatic,fanduel.com,Week 12,Konata,Mumpfield,WR,LAR,2.9,2025-12-11 04:29:37
6960,automatic,fantasypros.com,Week 12,Tyler,Johnson,WR,NYJ,2.9,2025-12-11 04:29:37
12658,automatic,fantasypros.com,Week 12,Jackson,Hawes,TE,BUF,2.9,2025-12-11 04:29:37
4314,automatic,fantasypros.com,Week 12,Johnny,Mundt,TE,JAX,2.9,2025-12-11 04:29:37
8500,automatic,sleeper.com,Week 13,John,FitzPatrick,TE,GB,2.9,2025-12-11 04:29:37
6154,automatic,sleeper.com,Week 13,David,Sills,WR,ATL,2.9,2025-12-11 04:29:37
5985,automatic,espn.com,Week 13,Foster,Moreau,TE,NO,2.9,2025-12-11 04:29:37
9481,automatic,fantasypros.com,Week 13,Luke,Musgrave,TE,GB,2.9,2025-12-11 04:29:37
8208,automatic,sleeper.com,Week 14,Tyler,Badie,RB,DEN,2.9,2025-12-11 04:29:37
2749,automatic,sleeper.com,Week 14,Raheem,Mostert,RB,LV,2.9,2025-12-11 04:29:37
11377,automatic,fanduel.com,Week 14,Tyrell,Shavers,WR,BUF,2.9,2025-12-11 04:29:37
11370,automatic,fantasypros.com,Week 14,Chris,Brooks,RB,GB,2.9,2025-12-11 04:29:37
2749,automatic,fantasypros.com,Week 14,Raheem,Mostert,RB,LV,2.9,2025-12-11 04:29:37
5409,automatic,fantasypros.com,Week 14,Tanner,Hudson,TE,CIN,2.9,2025-12-11 04:29:37
6869,automatic,fantasypros.com,Week 14,Adam,Trautman,TE,DEN,2.9,2025-12-11 04:29:37
10231,automatic,espn.com,Week 14,Elijah,Higgins,TE,ARI,2.9,2025-12-11 04:29:37
6869,automatic,espn.com,Week 14,Adam,Trautman,TE,DEN,2.9,2025-12-11 04:29:37
5973,automatic,espn.com,Week 14,Josh,Oliver,TE,MIN,2.9,2025-12-11 04:29:37
CIN,dst_team_match,espn.com,Week 14,Bengals,Defense,DST,CIN,2.9,2025-12-11 04:29:37
3286,automatic,sleeper.com,Week 15,Demarcus,Robinson,WR,SF,2.9,2025-12-11 04:29:37
7694,automatic,sleeper.com,Week 15,Tommy,Tremble,TE,CAR,2.9,2025-12-11 04:29:37
12495,automatic,sleeper.com,Week 15,Ollie,Gordon,RB,MIA,2.9,2025-12-11 04:29:37
12521,automatic,fantasypros.com,Week 15,Elijah,Arroyo,TE,SEA,2.9,2025-12-11 04:29:37
3202,automatic,fantasypros.com,Week 15,Austin,Hooper,TE,NE,2.9,2025-12-11 04:29:37
8127,automatic,fanduel.com,Week 13,Charlie,Kolar,TE,BAL,2.89,2025-12-11 04:29:37
12536,automatic,fanduel.com,Week 15,Jaylin,Noel,WR,HOU,2.87,2025-12-11 04:29:37
11600,automatic,fanduel.com,Week 13,Ja'Tavion,Sanders,TE,CAR,2.86,2025-12-11 04:29:37
2749,automatic,fanduel.com,Week 15,Raheem,Mostert,RB,LV,2.85,2025-12-11 04:29:37
4234,automatic,fanduel.com,Week 14,Noah,Brown,WR,WAS,2.84,2025-12-11 04:29:37
6001,automatic,fanduel.com,Week 14,Drew,Sample,TE,CIN,2.83,2025-12-11 04:29:37
11834,automatic,fanduel.com,Week 12,Devaughn,Vele,WR,NO,2.82,2025-12-11 04:29:37
12523,automatic,fanduel.com,Week 15,Jimmy,Horn Jr.,WR,CAR,2.82,2025-12-11 04:29:37
4234,automatic,fanduel.com,Week 13,Noah,Brown,WR,WAS,2.81,2025-12-11 04:29:37
11834,automatic,fanduel.com,Week 10,Devaughn,Vele,WR,NO,2.8,2025-12-11 04:29:37
12544,automatic,sleeper.com,Week 10,LeQuint,Allen,RB,JAX,2.8,2025-12-11 04:29:37
11575,automatic,sleeper.com,Week 10,Ray,Davis,RB,BUF,2.8,2025-12-11 04:29:37
7716,automatic,espn.com,Week 10,John,Bates,TE,WAS,2.8,2025-12-11 04:29:37
11371,automatic,espn.com,Week 10,Julian,Hill,TE,MIA,2.8,2025-12-11 04:29:37
11638,automatic,fantasypros.com,Week 10,Ricky,Pearsall,WR,SF,2.8,2025-12-11 04:29:37
9504,automatic,fantasypros.com,Week 10,Kayshon,Boutte,WR,NE,2.8,2025-12-11 04:29:37
8117,automatic,sleeper.com,Week 11,Jalen,Tolbert,WR,DAL,2.8,2025-12-11 04:29:37
11371,automatic,sleeper.com,Week 11,Julian,Hill,TE,MIA,2.8,2025-12-11 04:29:37
12539,automatic,sleeper.com,Week 11,Arian,Smith,WR,NYJ,2.8,2025-12-11 04:29:37
12490,automatic,fantasypros.com,Week 11,Bhayshul,Tuten,RB,JAX,2.8,2025-12-11 04:29:37
12541,automatic,sleeper.com,Week 12,Dont'e,Thornton,WR,LV,2.8,2025-12-11 04:29:37
10212,automatic,sleeper.com,Week 12,Josh,Whyle,TE,GB,2.8,2025-12-11 04:29:37
TB,dst_team_match,espn.com,Week 12,Buccaneers D/ST,Defense,DST,TB,2.8,2025-12-11 04:29:37
11575,automatic,fantasypros.com,Week 12,Ray,Davis,RB,BUF,2.8,2025-12-11 04:29:37
12543,automatic,fantasypros.com,Week 12,Tahj,Brooks,RB,CIN,2.8,2025-12-11 04:29:37
9480,automatic,fantasypros.com,Week 12,Brenton,Strange,TE,JAX,2.8,2025-12-11 04:29:37
11637,automatic,sleeper.com,Week 13,Keon,Coleman,WR,BUF,2.8,2025-12-11 04:29:37
8145,automatic,espn.com,Week 13,Jeremy,Ruckert,TE,NYJ,2.8,2025-12-11 04:29:37
WAS,dst_team_match,espn.com,Week 13,Commanders D/ST,Defense,DST,WAS,2.8,2025-12-11 04:29:37
DAL,dst_team_match,fantasypros.com,Week 13,Dallas Cowboys,Defense,DST,DAL,2.8,2025-12-11 04:29:37
11608,automatic,sleeper.com,Week 14,Isaiah,Williams,WR,NYJ,2.8,2025-12-11 04:29:37
10231,automatic,fanduel.com,Week 14,Elijah,Higgins,TE,ARI,2.8,2025-12-11 04:29:37
9225,automatic,fantasypros.com,Week 14,Tank,Bigsby,RB,PHI,2.8,2025-12-11 04:29:37
8500,automatic,fantasypros.com,Week 14,John,FitzPatrick,TE,GB,2.8,2025-12-11 04:29:37
7828,automatic,fantasypros.com,Week 14,Noah,Gray,TE,KC,2.8,2025-12-11 04:29:37
6001,automatic,espn.com,Week 14,Drew,Sample,TE,CIN,2.8,2025-12-11 04:29:37
8145,automatic,espn.com,Week 14,Jeremy,Ruckert,TE,NYJ,2.8,2025-12-11 04:29:37
10212,automatic,espn.com,Week 14,Josh,Whyle,TE,GB,2.8,2025-12-11 04:29:37
11570,automatic,sleeper.com,Week 15,Rasheen,Ali,RB,BAL,2.8,2025-12-11 04:29:37
8208,automatic,fantasypros.com,Week 15,Tyler,Badie,RB,DEN,2.8,2025-12-11 04:29:37
11474,automatic,fantasypros.com,Week 15,Dylan,Drummond,WR,ATL,2.8,2025-12-11 04:29:37
6869,automatic,fantasypros.com,Week 15,Adam,Trautman,TE,DEN,2.8,2025-12-11 04:29:37
,,sleeper.com,Week 15,Adam,Thielen,WR,PIT,2.8,2025-12-11 04:29:37
,,fantasypros.com,Week 15,Ross,Dwelley,TE,FA,2.8,2025-12-11 04:29:37
8225,automatic,fanduel.com,Week 11,Daniel,Bellinger,TE,NYG,2.79,2025-12-11 04:29:37
12457,automatic,fanduel.com,Week 12,Jaydon,Blue,RB,DAL,2.79,2025-12-11 04:29:37
11629,automatic,fanduel.com,Week 14,Devontez,Walker,WR,BAL,2.79,2025-12-11 04:29:37
12501,automatic,fanduel.com,Week 15,Matthew,Golden,WR,GB,2.79,2025-12-11 04:29:37
12503,automatic,fanduel.com,Week 12,Isaiah,Bond,WR,CLE,2.78,2025-12-11 04:29:37
11377,automatic,fanduel.com,Week 15,Tyrell,Shavers,WR,BUF,2.78,2025-12-11 04:29:37
5985,automatic,fanduel.com,Week 15,Foster,Moreau,TE,NO,2.78,2025-12-11 04:29:37
10228,automatic,fanduel.com,Week 12,Charlie,Jones,WR,CIN,2.75,2025-12-11 04:29:37
9482,automatic,fanduel.com,Week 13,Michael,Mayer,TE,LV,2.75,2025-12-11 04:29:37
12485,automatic,fanduel.com,Week 15,Tez,Johnson,WR,TB,2.75,2025-12-11 04:29:37
12495,automatic,fanduel.com,Week 15,Ollie,Gordon II,RB,MIA,2.75,2025-12-11 04:29:37
5185,automatic,fanduel.com,Week 12,Allen,Lazard,WR,NYJ,2.74,2025-12-11 04:29:37
12533,automatic,fanduel.com,Week 14,Jacory,Croskey-Merritt,RB,WAS,2.74,2025-12-11 04:29:37
11575,automatic,fanduel.com,Week 15,Ray,Davis,RB,BUF,2.74,2025-12-11 04:29:37
10444,automatic,fanduel.com,Week 15,Cedric,Tillman,WR,CLE,2.74,2025-12-11 04:29:37
6847,automatic,fanduel.com,Week 10,Devin,Duvernay,WR,CHI,2.73,2025-12-11 04:29:37
12503,automatic,fanduel.com,Week 11,Isaiah,Bond,WR,CLE,2.73,2025-12-11 04:29:37
3200,automatic,fanduel.com,Week 13,Sterling,Shepard,WR,TB,2.72,2025-12-11 04:29:37
11895,automatic,fanduel.com,Week 12,Mason,Tipton,WR,NO,2.71,2025-12-11 04:29:37
5773,automatic,fanduel.com,Week 14,Khadarel,Hodge,WR,ATL,2.71,2025-12-11 04:29:37
8145,automatic,fanduel.com,Week 15,Jeremy,Ruckert,TE,NYJ,2.71,2025-12-11 04:29:37
7746,automatic,sleeper.com,Week 10,Austin,Trammell,WR,JAX,2.7,2025-12-11 04:29:37
12519,automatic,sleeper.com,Week 10,Luther,Burden,WR,CHI,2.7,2025-12-11 04:29:37
12547,automatic,sleeper.com,Week 10,Kyle,Williams,WR,NE,2.7,2025-12-11 04:29:37
11377,automatic,sleeper.com,Week 10,Tyrell,Shavers,WR,BUF,2.7,2025-12-11 04:29:37
6826,automatic,espn.com,Week 10,Cole,Kmet,TE,CHI,2.7,2025-12-11 04:29:37
12487,automatic,espn.com,Week 10,Terrance,Ferguson,TE,LAR,2.7,2025-12-11 04:29:37
MIA,dst_team_match,espn.com,Week 10,Dolphins D/ST,Defense,DST,MIA,2.7,2025-12-11 04:29:37
NYG,dst_team_match,espn.com,Week 10,Giants D/ST,Defense,DST,NYG,2.7,2025-12-11 04:29:37
12544,automatic,fantasypros.com,Week 10,LeQuint,Allen Jr.,RB,JAX,2.7,2025-12-11 04:29:37
3202,automatic,sleeper.com,Week 12,Austin,Hooper,TE,NE,2.7,2025-12-11 04:29:37
6960,automatic,sleeper.com,Week 12,Tyler,Johnson,WR,NYJ,2.7,2025-12-11 04:29:37
8225,automatic,espn.com,Week 12,Daniel,Bellinger,TE,NYG,2.7,2025-12-11 04:29:37
NYG,dst_team_match,espn.com,Week 12,Giants D/ST,Defense,DST,NYG,2.7,2025-12-11 04:29:37
11584,automatic,fantasypros.com,Week 12,Bucky,Irving,RB,TB,2.7,2025-12-11 04:29:37
10212,automatic,fantasypros.com,Week 12,Josh,Whyle,TE,GB,2.7,2025-12-11 04:29:37
8145,automatic,fantasypros.com,Week 12,Jeremy,Ruckert,TE,NYJ,2.7,2025-12-11 04:29:37
8698,automatic,fantasypros.com,Week 12,Jake,Tonges,TE,SF,2.7,2025-12-11 04:29:37
8127,automatic,fantasypros.com,Week 12,Charlie,Kolar,TE,BAL,2.7,2025-12-11 04:29:37
11633,automatic,sleeper.com,Week 13,Jamari,Thrash,WR,CLE,2.7,2025-12-11 04:29:37
8188,automatic,sleeper.com,Week 13,Tyquan,Thornton,WR,KC,2.7,2025-12-11 04:29:37
CIN,dst_team_match,espn.com,Week 13,Bengals D/ST,Defense,DST,CIN,2.7,2025-12-11 04:29:37
5185,automatic,sleeper.com,Week 14,Allen,Lazard,WR,NYJ,2.7,2025-12-11 04:29:37
6271,automatic,sleeper.com,Week 14,Olamide,Zaccheaus,WR,CHI,2.7,2025-12-11 04:29:37
5985,automatic,sleeper.com,Week 14,Foster,Moreau,TE,NO,2.7,2025-12-11 04:29:37
8800,automatic,sleeper.com,Week 14,Malik,Davis,RB,DAL,2.7,2025-12-11 04:29:37
ARI,dst_team_match,espn.com,Week 14,Cardinals,Defense,DST,ARI,2.7,2025-12-11 04:29:37
6271,automatic,sleeper.com,Week 15,Olamide,Zaccheaus,WR,CHI,2.7,2025-12-11 04:29:37
5985,automatic,sleeper.com,Week 15,Foster,Moreau,TE,NO,2.7,2025-12-11 04:29:37
10212,automatic,sleeper.com,Week 15,Josh,Whyle,TE,GB,2.7,2025-12-11 04:29:37
12501,automatic,sleeper.com,Week 15,Matthew,Golden,WR,GB,2.7,2025-12-11 04:29:37
8127,automatic,fantasypros.com,Week 15,Charlie,Kolar,TE,BAL,2.7,2025-12-11 04:29:37
12473,automatic,fantasypros.com,Week 15,Mitchell,Evans,TE,CAR,2.7,2025-12-11 04:29:37
9482,automatic,fantasypros.com,Week 15,Michael,Mayer,TE,LV,2.7,2025-12-11 04:29:37
,,fantasypros.com,Week 15,Anthony,Firkser,TE,DET,2.7,2025-12-11 04:29:37
5185,automatic,fanduel.com,Week 11,Allen,Lazard,WR,NYJ,2.67,2025-12-11 04:29:37
6039,automatic,fanduel.com,Week 14,Ty,Johnson,RB,BUF,2.67,2025-12-11 04:29:37
9511,automatic,fanduel.com,Week 14,Keaton,Mitchell,RB,BAL,2.66,2025-12-11 04:29:37
11570,automatic,fanduel.com,Week 15,Rasheen,Ali,RB,BAL,2.66,2025-12-11 04:29:37
,,fanduel.com,Week 13,Lil'Jordan,Humphrey,WR,DEN,2.66,2025-12-11 04:29:37
11629,automatic,fanduel.com,Week 13,Devontez,Walker,WR,BAL,2.64,2025-12-11 04:29:37
12483,automatic,fanduel.com,Week 15,Jack,Bech,WR,LV,2.64,2025-12-11 04:29:37
11421,automatic,fanduel.com,Week 11,Ryan,Miller,WR,TB,2.63,2025-12-11 04:29:37
10231,automatic,fanduel.com,Week 15,Elijah,Higgins,TE,ARI,2.63,2025-12-11 04:29:37
11630,automatic,fanduel.com,Week 11,Roman,Wilson,WR,PIT,2.62,2025-12-11 04:29:37
11895,automatic,fanduel.com,Week 10,Mason,Tipton,WR,NO,2.61,2025-12-11 04:29:37
12048,automatic,fanduel.com,Week 10,George,Holani,RB,SEA,2.61,2025-12-11 04:29:37
8154,automatic,sleeper.com,Week 10,Brian,Robinson,RB,SF,2.6,2025-12-11 04:29:37
6869,automatic,sleeper.com,Week 10,Adam,Trautman,TE,DEN,2.6,2025-12-11 04:29:37
12536,automatic,sleeper.com,Week 10,Jaylin,Noel,WR,HOU,2.6,2025-12-11 04:29:37
12503,automatic,sleeper.com,Week 10,Isaiah,Bond,WR,CLE,2.6,2025-12-11 04:29:37
5906,automatic,espn.com,Week 10,Dawson,Knox,TE,BUF,2.6,2025-12-11 04:29:37
7891,automatic,espn.com,Week 10,Brock,Wright,TE,DET,2.6,2025-12-11 04:29:37
WAS,dst_team_match,espn.com,Week 10,Commanders D/ST,Defense,DST,WAS,2.6,2025-12-11 04:29:37
11584,automatic,fantasypros.com,Week 10,Bucky,Irving,RB,TB,2.6,2025-12-11 04:29:37
8423,automatic,fantasypros.com,Week 10,Brittain,Brown,RB,CHI,2.6,2025-12-11 04:29:37
5973,automatic,sleeper.com,Week 11,Josh,Oliver,TE,MIN,2.6,2025-12-11 04:29:37
8127,automatic,espn.com,Week 11,Charlie,Kolar,TE,BAL,2.6,2025-12-11 04:29:37
NYG,dst_team_match,espn.com,Week 11,Giants D/ST,Defense,DST,NYG,2.6,2025-12-11 04:29:37
12658,automatic,fantasypros.com,Week 11,Jackson,Hawes,TE,BUF,2.6,2025-12-11 04:29:37
11921,automatic,fanduel.com,Week 11,Xavier,Weaver,WR,ARI,2.6,2025-12-11 04:29:37
7828,automatic,sleeper.com,Week 12,Noah,Gray,TE,KC,2.6,2025-12-11 04:29:37
8117,automatic,sleeper.com,Week 12,Jalen,Tolbert,WR,DAL,2.6,2025-12-11 04:29:37
11633,automatic,sleeper.com,Week 12,Jamari,Thrash,WR,CLE,2.6,2025-12-11 04:29:37
12523,automatic,sleeper.com,Week 12,Jimmy,Horn,WR,CAR,2.6,2025-12-11 04:29:37
12487,automatic,espn.com,Week 12,Terrance,Ferguson,TE,LAR,2.6,2025-12-11 04:29:37
4054,automatic,espn.com,Week 12,Mo,Alie-Cox,TE,IND,2.6,2025-12-11 04:29:37
10214,automatic,espn.com,Week 12,Davis,Allen,TE,LAR,2.6,2025-12-11 04:29:37
11806,automatic,fanduel.com,Week 12,Casey,Washington,WR,ATL,2.6,2025-12-11 04:29:37
8800,automatic,fantasypros.com,Week 12,Malik,Davis,RB,DAL,2.6,2025-12-11 04:29:37
7535,automatic,fantasypros.com,Week 12,Hunter,Long,TE,JAX,2.6,2025-12-11 04:29:37
11579,automatic,sleeper.com,Week 13,Audric,Estime,RB,NO,2.6,2025-12-11 04:29:37
8154,automatic,sleeper.com,Week 13,Brian,Robinson,RB,SF,2.6,2025-12-11 04:29:37
5185,automatic,sleeper.com,Week 13,Allen,Lazard,WR,NYJ,2.6,2025-12-11 04:29:37
3286,automatic,sleeper.com,Week 13,Demarcus,Robinson,WR,SF,2.6,2025-12-11 04:29:37
11608,automatic,sleeper.com,Week 13,Isaiah,Williams,WR,NYJ,2.6,2025-12-11 04:29:37
10214,automatic,sleeper.com,Week 13,Davis,Allen,TE,LAR,2.6,2025-12-11 04:29:37
5985,automatic,sleeper.com,Week 13,Foster,Moreau,TE,NO,2.6,2025-12-11 04:29:37
12541,automatic,sleeper.com,Week 13,Dont'e,Thornton,WR,LV,2.6,2025-12-11 04:29:37
10218,automatic,sleeper.com,Week 13,Xavier,Hutchinson,WR,HOU,2.6,2025-12-11 04:29:37
8225,automatic,espn.com,Week 13,Daniel,Bellinger,TE,NYG,2.6,2025-12-11 04:29:37
10213,automatic,fantasypros.com,Week 13,Tre,Tucker,WR,LV,2.6,2025-12-11 04:29:37
11600,automatic,fantasypros.com,Week 13,Ja'Tavion,Sanders,TE,CAR,2.6,2025-12-11 04:29:37
12503,automatic,sleeper.com,Week 14,Isaiah,Bond,WR,CLE,2.6,2025-12-11 04:29:37
7562,automatic,fantasypros.com,Week 14,Tutu,Atwell,WR,LAR,2.6,2025-12-11 04:29:37
CHI,dst_team_match,espn.com,Week 14,Bears,Defense,DST,CHI,2.6,2025-12-11 04:29:37
10214,automatic,sleeper.com,Week 15,Davis,Allen,TE,LAR,2.6,2025-12-11 04:29:37
11377,automatic,fantasypros.com,Week 15,Tyrell,Shavers,WR,BUF,2.6,2025-12-11 04:29:37
10227,automatic,fantasypros.com,Week 15,Payne,Durham,TE,TB,2.6,2025-12-11 04:29:37
,,sleeper.com,Week 14,Adam,Thielen,WR,PIT,2.6,2025-12-11 04:29:37
,,fantasypros.com,Week 14,Brandin,Cooks,WR,BUF,2.6,2025-12-11 04:29:37
,,sleeper.com,Week 15,Kyle,Juszczyk,RB,SF,2.6,2025-12-11 04:29:37
12469,automatic,fanduel.com,Week 14,Dylan,Sampson,RB,CLE,2.59,2025-12-11 04:29:37
12531,automatic,fanduel.com,Week 15,Trevor,Etienne,RB,CAR,2.58,2025-12-11 04:29:37
4082,automatic,fanduel.com,Week 10,Curtis,Samuel,WR,BUF,2.57,2025-12-11 04:29:37
6847,automatic,fanduel.com,Week 11,Devin,Duvernay,WR,CHI,2.57,2025-12-11 04:29:37
8172,automatic,fanduel.com,Week 14,Greg,Dulcich,TE,MIA,2.57,2025-12-11 04:29:37
7595,automatic,fanduel.com,Week 13,Tylan,Wallace,WR,BAL,2.56,2025-12-11 04:29:37
11579,automatic,fanduel.com,Week 12,Audric,Estime,RB,NO,2.55,2025-12-11 04:29:37
9220,automatic,fanduel.com,Week 14,Evan,Hull,RB,NO,2.55,2025-12-11 04:29:37
11630,automatic,fanduel.com,Week 10,Roman,Wilson,WR,PIT,2.54,2025-12-11 04:29:37
5285,automatic,fanduel.com,Week 12,Ross,Dwelley,TE,DET,2.54,2025-12-11 04:29:37
10218,automatic,fanduel.com,Week 14,Xavier,Hutchinson,WR,HOU,2.54,2025-12-11 04:29:37
10225,automatic,fanduel.com,Week 15,Jonathan,Mingo,WR,DAL,2.54,2025-12-11 04:29:37
11783,automatic,fanduel.com,Week 11,Ryan,Flournoy,WR,DAL,2.53,2025-12-11 04:29:37
6039,automatic,fanduel.com,Week 11,Ty,Johnson,RB,BUF,2.52,2025-12-11 04:29:37
6820,automatic,fanduel.com,Week 13,Clyde,Edwards-Helaire,RB,KC,2.52,2025-12-11 04:29:37
11575,automatic,fanduel.com,Week 13,Ray,Davis,RB,BUF,2.52,2025-12-11 04:29:37
11783,automatic,fanduel.com,Week 14,Ryan,Flournoy,WR,DAL,2.51,2025-12-11 04:29:37
12509,automatic,fanduel.com,Week 14,Tre,Harris,WR,LAC,2.51,2025-12-11 04:29:37
7595,automatic,fanduel.com,Week 15,Tylan,Wallace,WR,BAL,2.51,2025-12-11 04:29:37
12509,automatic,sleeper.com,Week 10,Tre',Harris,WR,LAC,2.5,2025-12-11 04:29:37
5973,automatic,sleeper.com,Week 10,Josh,Oliver,TE,MIN,2.5,2025-12-11 04:29:37
4234,automatic,sleeper.com,Week 10,Noah,Brown,WR,WAS,2.5,2025-12-11 04:29:37
12541,automatic,fantasypros.com,Week 10,Dont'e,Thornton Jr.,WR,LV,2.5,2025-12-11 04:29:37
11629,automatic,sleeper.com,Week 11,Devontez,Walker,WR,BAL,2.5,2025-12-11 04:29:37
11633,automatic,sleeper.com,Week 11,Jamari,Thrash,WR,CLE,2.5,2025-12-11 04:29:37
12523,automatic,sleeper.com,Week 11,Jimmy,Horn,WR,CAR,2.5,2025-12-11 04:29:37
11596,automatic,sleeper.com,Week 11,Ben,Sinnott,TE,WAS,2.5,2025-12-11 04:29:37
5096,automatic,sleeper.com,Week 11,Ray-Ray,McCloud,WR,NYG,2.5,2025-12-11 04:29:37
7828,automatic,espn.com,Week 11,Noah,Gray,TE,KC,2.5,2025-12-11 04:29:37
7716,automatic,espn.com,Week 11,John,Bates,TE,WAS,2.5,2025-12-11 04:29:37
10214,automatic,espn.com,Week 11,Davis,Allen,TE,LAR,2.5,2025-12-11 04:29:37
10866,automatic,fantasypros.com,Week 11,Aidan,O'Connell,QB,LV,2.5,2025-12-11 04:29:37
9225,automatic,sleeper.com,Week 12,Tank,Bigsby,RB,PHI,2.5,2025-12-11 04:29:37
12658,automatic,espn.com,Week 12,Jackson,Hawes,TE,BUF,2.5,2025-12-11 04:29:37
11628,automatic,fantasypros.com,Week 12,Marvin,Harrison Jr.,WR,ARI,2.5,2025-12-11 04:29:37
12497,automatic,fantasypros.com,Week 12,Tory,Horton,WR,SEA,2.5,2025-12-11 04:29:37
11921,automatic,fantasypros.com,Week 12,Xavier,Weaver,WR,ARI,2.5,2025-12-11 04:29:37
11608,automatic,fantasypros.com,Week 12,Isaiah,Williams,WR,NYJ,2.5,2025-12-11 04:29:37
12539,automatic,sleeper.com,Week 13,Arian,Smith,WR,NYJ,2.5,2025-12-11 04:29:37
9225,automatic,sleeper.com,Week 13,Tank,Bigsby,RB,PHI,2.5,2025-12-11 04:29:37
3202,automatic,sleeper.com,Week 13,Austin,Hooper,TE,NE,2.5,2025-12-11 04:29:37
11371,automatic,espn.com,Week 13,Julian,Hill,TE,MIA,2.5,2025-12-11 04:29:37
11256,automatic,fantasypros.com,Week 13,Tyson,Bagent,QB,CHI,2.5,2025-12-11 04:29:37
CAR,dst_team_match,fantasypros.com,Week 13,Carolina Panthers,Defense,DST,CAR,2.5,2025-12-11 04:29:37
9225,automatic,fanduel.com,Week 13,Tank,Bigsby,RB,PHI,2.5,2025-12-11 04:29:37
10214,automatic,sleeper.com,Week 14,Davis,Allen,TE,LAR,2.5,2025-12-11 04:29:37
12541,automatic,sleeper.com,Week 14,Dont'e,Thornton,WR,LV,2.5,2025-12-11 04:29:37
11570,automatic,sleeper.com,Week 14,Rasheen,Ali,RB,BAL,2.5,2025-12-11 04:29:37
9225,automatic,sleeper.com,Week 14,Tank,Bigsby,RB,PHI,2.5,2025-12-11 04:29:37
12718,automatic,fantasypros.com,Week 14,Konata,Mumpfield,WR,LAR,2.5,2025-12-11 04:29:37
7891,automatic,fantasypros.com,Week 14,Brock,Wright,TE,DET,2.5,2025-12-11 04:29:37
5985,automatic,fantasypros.com,Week 14,Foster,Moreau,TE,NO,2.5,2025-12-11 04:29:37
9482,automatic,fantasypros.com,Week 14,Michael,Mayer,TE,LV,2.5,2025-12-11 04:29:37
4314,automatic,fantasypros.com,Week 14,Johnny,Mundt,TE,JAX,2.5,2025-12-11 04:29:37
12455,automatic,sleeper.com,Week 15,Brashard,Smith,RB,KC,2.5,2025-12-11 04:29:37
5973,automatic,sleeper.com,Week 15,Josh,Oliver,TE,MIN,2.5,2025-12-11 04:29:37
12541,automatic,sleeper.com,Week 15,Dont'e,Thornton,WR,LV,2.5,2025-12-11 04:29:37
12536,automatic,sleeper.com,Week 15,Jaylin,Noel,WR,HOU,2.5,2025-12-11 04:29:37
12544,automatic,sleeper.com,Week 15,LeQuint,Allen,RB,JAX,2.5,2025-12-11 04:29:37
8127,automatic,sleeper.com,Week 15,Charlie,Kolar,TE,BAL,2.5,2025-12-11 04:29:37
8800,automatic,sleeper.com,Week 15,Malik,Davis,RB,DAL,2.5,2025-12-11 04:29:37
9511,automatic,fantasypros.com,Week 15,Keaton,Mitchell,RB,BAL,2.5,2025-12-11 04:29:37
9225,automatic,fantasypros.com,Week 15,Tank,Bigsby,RB,PHI,2.5,2025-12-11 04:29:37
7233,automatic,fantasypros.com,Week 15,Andre,Baccellia,WR,ARI,2.5,2025-12-11 04:29:37
5409,automatic,fantasypros.com,Week 15,Tanner,Hudson,TE,CIN,2.5,2025-12-11 04:29:37
10212,automatic,fantasypros.com,Week 15,Josh,Whyle,TE,GB,2.5,2025-12-11 04:29:37
11599,automatic,fantasypros.com,Week 15,Cade,Stover,TE,HOU,2.5,2025-12-11 04:29:37
8500,automatic,fantasypros.com,Week 15,John,FitzPatrick,TE,GB,2.5,2025-12-11 04:29:37
5409,automatic,fanduel.com,Week 15,Tanner,Hudson,TE,CIN,2.5,2025-12-11 04:29:37
,,sleeper.com,Week 11,Lil'Jordan,Humphrey,WR,DEN,2.5,2025-12-11 04:29:37
,,sleeper.com,Week 14,Brandin,Cooks,WR,BUF,2.5,2025-12-11 04:29:37
8423,automatic,fanduel.com,Week 10,Brittain,Brown,RB,CHI,2.48,2025-12-11 04:29:37
3202,automatic,fanduel.com,Week 13,Austin,Hooper,TE,NE,2.48,2025-12-11 04:29:37
3048,automatic,fanduel.com,Week 10,Chris,Manhertz,TE,NYG,2.47,2025-12-11 04:29:37
9497,automatic,fanduel.com,Week 12,Jalin,Hyatt,WR,NYG,2.47,2025-12-11 04:29:37
3286,automatic,fanduel.com,Week 12,Demarcus,Robinson,WR,SF,2.47,2025-12-11 04:29:37
5096,automatic,fanduel.com,Week 12,Ray-Ray,McCloud,WR,NYG,2.46,2025-12-11 04:29:37
12412,automatic,fanduel.com,Week 10,Terrell,Jennings,RB,NE,2.44,2025-12-11 04:29:37
5857,automatic,fanduel.com,Week 14,Noah,Fant,TE,CIN,2.44,2025-12-11 04:29:37
10231,automatic,fanduel.com,Week 10,Elijah,Higgins,TE,ARI,2.42,2025-12-11 04:29:37
10219,automatic,fanduel.com,Week 11,Chris,Rodriguez Jr.,RB,WAS,2.42,2025-12-11 04:29:37
11630,automatic,fanduel.com,Week 14,Roman,Wilson,WR,PIT,2.42,2025-12-11 04:29:37
8127,automatic,fanduel.com,Week 10,Charlie,Kolar,TE,BAL,2.41,2025-12-11 04:29:37
7670,automatic,fanduel.com,Week 14,Josh,Palmer,WR,BUF,2.41,2025-12-11 04:29:37
8500,automatic,fanduel.com,Week 15,John,FitzPatrick,TE,GB,2.41,2025-12-11 04:29:37
8225,automatic,sleeper.com,Week 10,Daniel,Bellinger,TE,NYG,2.4,2025-12-11 04:29:37
12523,automatic,sleeper.com,Week 10,Jimmy,Horn,WR,CAR,2.4,2025-12-11 04:29:37
7746,automatic,fantasypros.com,Week 10,Austin,Trammell,WR,JAX,2.4,2025-12-11 04:29:37
11625,automatic,fantasypros.com,Week 10,Adonai,Mitchell,WR,NYJ,2.4,2025-12-11 04:29:37
7828,automatic,sleeper.com,Week 11,Noah,Gray,TE,KC,2.4,2025-12-11 04:29:37
12492,automatic,sleeper.com,Week 11,Pat,Bryant,WR,DEN,2.4,2025-12-11 04:29:37
5409,automatic,sleeper.com,Week 11,Tanner,Hudson,TE,CIN,2.4,2025-12-11 04:29:37
12495,automatic,fantasypros.com,Week 11,Ollie,Gordon II,RB,MIA,2.4,2025-12-11 04:29:37
12483,automatic,sleeper.com,Week 12,Jack,Bech,WR,LV,2.4,2025-12-11 04:29:37
12536,automatic,sleeper.com,Week 12,Jaylin,Noel,WR,HOU,2.4,2025-12-11 04:29:37
12523,automatic,fanduel.com,Week 12,Jimmy,Horn Jr.,WR,CAR,2.4,2025-12-11 04:29:37
7436,automatic,fantasypros.com,Week 12,Mason,Kinsey,WR,TEN,2.4,2025-12-11 04:29:37
11617,automatic,fantasypros.com,Week 12,Malachi,Corley,WR,CLE,2.4,2025-12-11 04:29:37
12482,automatic,fantasypros.com,Week 12,Savion,Williams,WR,GB,2.4,2025-12-11 04:29:37
12523,automatic,sleeper.com,Week 13,Jimmy,Horn,WR,CAR,2.4,2025-12-11 04:29:37
12503,automatic,sleeper.com,Week 13,Isaiah,Bond,WR,CLE,2.4,2025-12-11 04:29:37
8127,automatic,sleeper.com,Week 13,Charlie,Kolar,TE,BAL,2.4,2025-12-11 04:29:37
8800,automatic,sleeper.com,Week 13,Malik,Davis,RB,DAL,2.4,2025-12-11 04:29:37
7828,automatic,sleeper.com,Week 14,Noah,Gray,TE,KC,2.4,2025-12-11 04:29:37
12455,automatic,sleeper.com,Week 14,Brashard,Smith,RB,KC,2.4,2025-12-11 04:29:37
12536,automatic,sleeper.com,Week 14,Jaylin,Noel,WR,HOU,2.4,2025-12-11 04:29:37
12504,automatic,fantasypros.com,Week 14,Kaleb,Johnson,RB,PIT,2.4,2025-12-11 04:29:37
8208,automatic,fantasypros.com,Week 14,Tyler,Badie,RB,DEN,2.4,2025-12-11 04:29:37
3269,automatic,fantasypros.com,Week 14,Chris,Moore,WR,WAS,2.4,2025-12-11 04:29:37
11168,automatic,fantasypros.com,Week 14,Xavier,Smith,WR,LAR,2.4,2025-12-11 04:29:37
10222,automatic,fantasypros.com,Week 14,Jayden,Reed,WR,GB,2.4,2025-12-11 04:29:37
8117,automatic,fantasypros.com,Week 14,Jalen,Tolbert,WR,DAL,2.4,2025-12-11 04:29:37
8145,automatic,fantasypros.com,Week 14,Jeremy,Ruckert,TE,NYJ,2.4,2025-12-11 04:29:37
10871,automatic,fantasypros.com,Week 14,Luke,Schoonmaker,TE,DAL,2.4,2025-12-11 04:29:37
7828,automatic,sleeper.com,Week 15,Noah,Gray,TE,KC,2.4,2025-12-11 04:29:37
12523,automatic,sleeper.com,Week 15,Jimmy,Horn,WR,CAR,2.4,2025-12-11 04:29:37
3202,automatic,sleeper.com,Week 15,Austin,Hooper,TE,NE,2.4,2025-12-11 04:29:37
5409,automatic,sleeper.com,Week 15,Tanner,Hudson,TE,CIN,2.4,2025-12-11 04:29:37
2749,automatic,fantasypros.com,Week 15,Raheem,Mostert,RB,LV,2.4,2025-12-11 04:29:37
12544,automatic,fantasypros.com,Week 15,LeQuint,Allen Jr.,RB,JAX,2.4,2025-12-11 04:29:37
3286,automatic,fantasypros.com,Week 15,Demarcus,Robinson,WR,SF,2.4,2025-12-11 04:29:37
12658,automatic,fantasypros.com,Week 15,Jackson,Hawes,TE,BUF,2.4,2025-12-11 04:29:37
,,fantasypros.com,Week 10,Kyle,Juszczyk,RB,SF,2.4,2025-12-11 04:29:37
11921,automatic,fanduel.com,Week 15,Xavier,Weaver,WR,ARI,2.39,2025-12-11 04:29:37
9506,automatic,fanduel.com,Week 10,Sean,Tucker,RB,TB,2.38,2025-12-11 04:29:37
3048,automatic,fanduel.com,Week 11,Chris,Manhertz,TE,NYG,2.37,2025-12-11 04:29:37
7537,automatic,fanduel.com,Week 11,Jaret,Patterson,RB,LAC,2.36,2025-12-11 04:29:37
7694,automatic,fanduel.com,Week 13,Tommy,Tremble,TE,CAR,2.36,2025-12-11 04:29:37
8208,automatic,fanduel.com,Week 13,Tyler,Badie,RB,DEN,2.36,2025-12-11 04:29:37
11168,automatic,fanduel.com,Week 14,Xavier,Smith,WR,LAR,2.36,2025-12-11 04:29:37
,,fanduel.com,Week 12,Jack,Westover,RB,NE,2.36,2025-12-11 04:29:37
11633,automatic,fanduel.com,Week 11,Jamari,Thrash,WR,CLE,2.35,2025-12-11 04:29:37
11589,automatic,fanduel.com,Week 12,Trey,Benson,RB,ARI,2.35,2025-12-11 04:29:37
7595,automatic,fanduel.com,Week 12,Tylan,Wallace,WR,BAL,2.34,2025-12-11 04:29:37
6699,automatic,fanduel.com,Week 12,Gunner,Olszewski,WR,NYG,2.33,2025-12-11 04:29:37
,,fanduel.com,Week 15,Adam,Thielen,WR,PIT,2.33,2025-12-11 04:29:37
11625,automatic,fanduel.com,Week 10,Adonai,Mitchell,WR,NYJ,2.32,2025-12-11 04:29:37
11895,automatic,fanduel.com,Week 15,Mason,Tipton,WR,NO,2.32,2025-12-11 04:29:37
7694,automatic,fanduel.com,Week 10,Tommy,Tremble,TE,CAR,2.31,2025-12-11 04:29:37
11608,automatic,fanduel.com,Week 13,Isaiah,Williams,WR,NYJ,2.31,2025-12-11 04:29:37
11629,automatic,fanduel.com,Week 15,Devontez,Walker,WR,BAL,2.31,2025-12-11 04:29:37
9486,automatic,sleeper.com,Week 10,Dontayvion,Wicks,WR,GB,2.3,2025-12-11 04:29:37
8076,automatic,sleeper.com,Week 10,Michael,Bandy,WR,DEN,2.3,2025-12-11 04:29:37
8127,automatic,espn.com,Week 10,Charlie,Kolar,TE,BAL,2.3,2025-12-11 04:29:37
7694,automatic,espn.com,Week 10,Tommy,Tremble,TE,CAR,2.3,2025-12-11 04:29:37
8168,automatic,fantasypros.com,Week 10,Skyy,Moore,WR,SF,2.3,2025-12-11 04:29:37
7670,automatic,fantasypros.com,Week 10,Joshua,Palmer,WR,BUF,2.3,2025-12-11 04:29:37
11895,automatic,fantasypros.com,Week 10,Mason,Tipton,WR,NO,2.3,2025-12-11 04:29:37
8147,automatic,sleeper.com,Week 11,John,Metchie,WR,NYJ,2.3,2025-12-11 04:29:37
8225,automatic,sleeper.com,Week 11,Daniel,Bellinger,TE,NYG,2.3,2025-12-11 04:29:37
8127,automatic,sleeper.com,Week 11,Charlie,Kolar,TE,BAL,2.3,2025-12-11 04:29:37
12502,automatic,fantasypros.com,Week 11,Gunnar,Helm,TE,TEN,2.3,2025-12-11 04:29:37
3286,automatic,sleeper.com,Week 12,Demarcus,Robinson,WR,SF,2.3,2025-12-11 04:29:37
5973,automatic,sleeper.com,Week 12,Josh,Oliver,TE,MIN,2.3,2025-12-11 04:29:37
12482,automatic,sleeper.com,Week 12,Savion,Williams,WR,GB,2.3,2025-12-11 04:29:37
4351,automatic,sleeper.com,Week 12,Tim,Patrick,WR,JAX,2.3,2025-12-11 04:29:37
6699,automatic,sleeper.com,Week 12,Gunner,Olszewski,WR,NYG,2.3,2025-12-11 04:29:37
12544,automatic,sleeper.com,Week 12,LeQuint,Allen,RB,JAX,2.3,2025-12-11 04:29:37
8127,automatic,sleeper.com,Week 12,Charlie,Kolar,TE,BAL,2.3,2025-12-11 04:29:37
7596,automatic,fantasypros.com,Week 12,Elijah,Moore,WR,BUF,2.3,2025-12-11 04:29:37
12473,automatic,fantasypros.com,Week 12,Mitchell,Evans,TE,CAR,2.3,2025-12-11 04:29:37
7842,automatic,fantasypros.com,Week 12,Luke,Farrell,TE,SF,2.3,2025-12-11 04:29:37
6001,automatic,fantasypros.com,Week 12,Drew,Sample,TE,CIN,2.3,2025-12-11 04:29:37
8181,automatic,fantasypros.com,Week 12,Connor,Heyward,TE,PIT,2.3,2025-12-11 04:29:37
12520,automatic,sleeper.com,Week 13,Xavier,Restrepo,WR,TEN,2.3,2025-12-11 04:29:37
12544,automatic,sleeper.com,Week 13,LeQuint,Allen,RB,JAX,2.3,2025-12-11 04:29:37
5409,automatic,sleeper.com,Week 13,Tanner,Hudson,TE,CIN,2.3,2025-12-11 04:29:37
12484,automatic,fantasypros.com,Week 13,Jayden,Higgins,WR,HOU,2.3,2025-12-11 04:29:37
8172,automatic,fantasypros.com,Week 13,Greg,Dulcich,TE,MIA,2.3,2025-12-11 04:29:37
6869,automatic,fanduel.com,Week 13,Adam,Trautman,TE,DEN,2.3,2025-12-11 04:29:37
11168,automatic,sleeper.com,Week 14,Xavier,Smith,WR,LAR,2.3,2025-12-11 04:29:37
8127,automatic,sleeper.com,Week 14,Charlie,Kolar,TE,BAL,2.3,2025-12-11 04:29:37
8188,automatic,sleeper.com,Week 14,Tyquan,Thornton,WR,KC,2.3,2025-12-11 04:29:37
6820,automatic,fanduel.com,Week 14,Clyde,Edwards-Helaire,RB,KC,2.3,2025-12-11 04:29:37
7075,automatic,fantasypros.com,Week 14,Charlie,Woerner,TE,ATL,2.3,2025-12-11 04:29:37
11942,automatic,sleeper.com,Week 15,Colson,Yankoff,TE,WAS,2.3,2025-12-11 04:29:37
11168,automatic,sleeper.com,Week 15,Xavier,Smith,WR,LAR,2.3,2025-12-11 04:29:37
8188,automatic,sleeper.com,Week 15,Tyquan,Thornton,WR,KC,2.3,2025-12-11 04:29:37
11168,automatic,fantasypros.com,Week 15,Xavier,Smith,WR,LAR,2.3,2025-12-11 04:29:37
,,fantasypros.com,Week 15,Lil'Jordan,Humphrey,WR,DEN,2.3,2025-12-11 04:29:37
10220,automatic,fanduel.com,Week 12,Will,Mallory,TE,IND,2.29,2025-12-11 04:29:37
12048,automatic,fanduel.com,Week 12,George,Holani,RB,SEA,2.29,2025-12-11 04:29:37
7694,automatic,fanduel.com,Week 11,Tommy,Tremble,TE,CAR,2.28,2025-12-11 04:29:37
11577,automatic,fanduel.com,Week 13,Will,Shipley,RB,PHI,2.28,2025-12-11 04:29:37
11643,automatic,fanduel.com,Week 15,Jaylen,Wright,RB,MIA,2.28,2025-12-11 04:29:37
9497,automatic,fanduel.com,Week 13,Jalin,Hyatt,WR,NYG,2.27,2025-12-11 04:29:37
6869,automatic,fanduel.com,Week 14,Adam,Trautman,TE,DEN,2.27,2025-12-11 04:29:37
5133,automatic,fanduel.com,Week 11,Tyler,Conklin,TE,LAC,2.26,2025-12-11 04:29:37
2359,automatic,fanduel.com,Week 14,Ameer,Abdullah,RB,IND,2.24,2025-12-11 04:29:37
12523,automatic,fanduel.com,Week 13,Jimmy,Horn Jr.,WR,CAR,2.23,2025-12-11 04:29:37
6271,automatic,fanduel.com,Week 13,Olamide,Zaccheaus,WR,CHI,2.22,2025-12-11 04:29:37
8500,automatic,espn.com,Week 10,John,FitzPatrick,TE,GB,2.2,2025-12-11 04:29:37
8172,automatic,espn.com,Week 10,Greg,Dulcich,TE,MIA,2.2,2025-12-11 04:29:37
11370,automatic,sleeper.com,Week 11,Chris,Brooks,RB,GB,2.2,2025-12-11 04:29:37
12544,automatic,sleeper.com,Week 11,LeQuint,Allen,RB,JAX,2.2,2025-12-11 04:29:37
7233,automatic,sleeper.com,Week 11,Andre,Baccellia,WR,ARI,2.2,2025-12-11 04:29:37
11370,automatic,sleeper.com,Week 12,Chris,Brooks,RB,GB,2.2,2025-12-11 04:29:37
10871,automatic,espn.com,Week 12,Luke,Schoonmaker,TE,DAL,2.2,2025-12-11 04:29:37
8112,automatic,fantasypros.com,Week 12,Drake,London,WR,ATL,2.2,2025-12-11 04:29:37
4082,automatic,fantasypros.com,Week 12,Curtis,Samuel,WR,BUF,2.2,2025-12-11 04:29:37
7075,automatic,fantasypros.com,Week 12,Charlie,Woerner,TE,ATL,2.2,2025-12-11 04:29:37
3202,automatic,fantasypros.com,Week 12,Austin,Hooper,TE,NE,2.2,2025-12-11 04:29:37
CIN,dst_team_match,fantasypros.com,Week 13,Cincinnati Bengals,Defense,DST,CIN,2.2,2025-12-11 04:29:37
5973,automatic,sleeper.com,Week 14,Josh,Oliver,TE,MIN,2.2,2025-12-11 04:29:37
11617,automatic,sleeper.com,Week 14,Malachi,Corley,WR,CLE,2.2,2025-12-11 04:29:37
12544,automatic,sleeper.com,Week 14,LeQuint,Allen,RB,JAX,2.2,2025-12-11 04:29:37
5409,automatic,sleeper.com,Week 14,Tanner,Hudson,TE,CIN,2.2,2025-12-11 04:29:37
8112,automatic,fantasypros.com,Week 14,Drake,London,WR,ATL,2.2,2025-12-11 04:29:37
11617,automatic,fantasypros.com,Week 14,Malachi,Corley,WR,CLE,2.2,2025-12-11 04:29:37
7496,automatic,fantasypros.com,Week 14,Nick,Westbrook-Ikhine,WR,MIA,2.2,2025-12-11 04:29:37
8253,automatic,sleeper.com,Week 15,Deven,Thompkins,WR,ATL,2.2,2025-12-11 04:29:37
9225,automatic,sleeper.com,Week 15,Tank,Bigsby,RB,PHI,2.2,2025-12-11 04:29:37
10871,automatic,fantasypros.com,Week 15,Luke,Schoonmaker,TE,DAL,2.2,2025-12-11 04:29:37
8500,automatic,fanduel.com,Week 13,John,FitzPatrick,TE,GB,2.19,2025-12-11 04:29:37
8143,automatic,fanduel.com,Week 15,Jerome,Ford,RB,CLE,2.19,2025-12-11 04:29:37
10220,automatic,fanduel.com,Week 13,Will,Mallory,TE,IND,2.18,2025-12-11 04:29:37
12658,automatic,fanduel.com,Week 15,Jackson,Hawes,TE,BUF,2.18,2025-12-11 04:29:37
12535,automatic,fanduel.com,Week 10,Isaac,TeSlaa,WR,DET,2.17,2025-12-11 04:29:37
7587,automatic,fanduel.com,Week 14,Dyami,Brown,WR,JAX,2.17,2025-12-11 04:29:37
7595,automatic,fanduel.com,Week 11,Tylan,Wallace,WR,BAL,2.16,2025-12-11 04:29:37
12473,automatic,fanduel.com,Week 12,Mitchell,Evans,TE,CAR,2.16,2025-12-11 04:29:37
5773,automatic,fanduel.com,Week 13,Khadarel,Hodge,WR,ATL,2.16,2025-12-11 04:29:37
7039,automatic,fanduel.com,Week 14,Cody,White,WR,SEA,2.16,2025-12-11 04:29:37
7536,automatic,fanduel.com,Week 12,Quintin,Morris,TE,JAX,2.15,2025-12-11 04:29:37
2505,automatic,fanduel.com,Week 13,Darren,Waller,TE,MIA,2.15,2025-12-11 04:29:37
11608,automatic,fanduel.com,Week 14,Isaiah,Williams,WR,NYJ,2.15,2025-12-11 04:29:37
11570,automatic,fanduel.com,Week 14,Rasheen,Ali,RB,BAL,2.14,2025-12-11 04:29:37
12482,automatic,fanduel.com,Week 10,Savion,Williams,WR,GB,2.13,2025-12-11 04:29:37
11377,automatic,fanduel.com,Week 11,Tyrell,Shavers,WR,BUF,2.13,2025-12-11 04:29:37
12521,automatic,fanduel.com,Week 13,Elijah,Arroyo,TE,SEA,2.13,2025-12-11 04:29:37
11421,automatic,fanduel.com,Week 12,Ryan,Miller,WR,TB,2.12,2025-12-11 04:29:37
11599,automatic,fanduel.com,Week 14,Cade,Stover,TE,HOU,2.12,2025-12-11 04:29:37
12547,automatic,fanduel.com,Week 10,Kyle,Williams,WR,NE,2.11,2025-12-11 04:29:37
11617,automatic,fanduel.com,Week 13,Malachi,Corley,WR,CLE,2.11,2025-12-11 04:29:37
11599,automatic,fanduel.com,Week 15,Cade,Stover,TE,HOU,2.11,2025-12-11 04:29:37
8208,automatic,fantasypros.com,Week 10,Tyler,Badie,RB,DEN,2.1,2025-12-11 04:29:37
5113,automatic,fantasypros.com,Week 10,Cedrick,Wilson Jr.,WR,MIA,2.1,2025-12-11 04:29:37
8145,automatic,sleeper.com,Week 11,Jeremy,Ruckert,TE,NYJ,2.1,2025-12-11 04:29:37
11577,automatic,sleeper.com,Week 11,Will,Shipley,RB,PHI,2.1,2025-12-11 04:29:37
11994,automatic,sleeper.com,Week 11,Kameron,Johnson,WR,TB,2.1,2025-12-11 04:29:37
8177,automatic,fanduel.com,Week 11,Grant,Calcaterra,TE,PHI,2.1,2025-12-11 04:29:37
12535,automatic,fanduel.com,Week 11,Isaac,TeSlaa,WR,DET,2.1,2025-12-11 04:29:37
12543,automatic,sleeper.com,Week 12,Tahj,Brooks,RB,CIN,2.1,2025-12-11 04:29:37
7536,automatic,sleeper.com,Week 12,Quintin,Morris,TE,JAX,2.1,2025-12-11 04:29:37
8117,automatic,fantasypros.com,Week 12,Jalen,Tolbert,WR,DAL,2.1,2025-12-11 04:29:37
7536,automatic,fantasypros.com,Week 12,Quintin,Morris,TE,JAX,2.1,2025-12-11 04:29:37
3269,automatic,fanduel.com,Week 14,Chris,Moore,WR,WAS,2.1,2025-12-11 04:29:37
8177,automatic,fantasypros.com,Week 14,Grant,Calcaterra,TE,PHI,2.1,2025-12-11 04:29:37
11599,automatic,sleeper.com,Week 15,Cade,Stover,TE,HOU,2.1,2025-12-11 04:29:37
11370,automatic,fantasypros.com,Week 15,Chris,Brooks,RB,GB,2.1,2025-12-11 04:29:37
11806,automatic,fantasypros.com,Week 15,Casey,Washington,WR,ATL,2.1,2025-12-11 04:29:37
12718,automatic,fantasypros.com,Week 15,Konata,Mumpfield,WR,LAR,2.1,2025-12-11 04:29:37
13101,automatic,fantasypros.com,Week 15,Gage,Larvadain,WR,CLE,2.1,2025-12-11 04:29:37
11623,automatic,fantasypros.com,Week 15,Jordan,Whittington,WR,LAR,2.1,2025-12-11 04:29:37
11608,automatic,fanduel.com,Week 15,Isaiah,Williams,WR,NYJ,2.1,2025-12-11 04:29:37
5010,automatic,fanduel.com,Week 15,Will,Dissly,TE,LAC,2.08,2025-12-11 04:29:37
12482,automatic,fanduel.com,Week 11,Savion,Williams,WR,GB,2.07,2025-12-11 04:29:37
12469,automatic,fanduel.com,Week 11,Dylan,Sampson,RB,CLE,2.07,2025-12-11 04:29:37
11299,automatic,fanduel.com,Week 14,Zavier,Scott,RB,MIN,2.07,2025-12-11 04:29:37
6820,automatic,fanduel.com,Week 11,Clyde,Edwards-Helaire,RB,KC,2.06,2025-12-11 04:29:37
6850,automatic,fanduel.com,Week 11,Harrison,Bryant,TE,HOU,2.05,2025-12-11 04:29:37
12482,automatic,fanduel.com,Week 12,Savion,Williams,WR,GB,2.05,2025-12-11 04:29:37
5113,automatic,fanduel.com,Week 13,Cedrick,Wilson,WR,MIA,2.04,2025-12-11 04:29:37
8177,automatic,fanduel.com,Week 10,Grant,Calcaterra,TE,PHI,2.02,2025-12-11 04:29:37
2359,automatic,fanduel.com,Week 13,Ameer,Abdullah,RB,IND,2.02,2025-12-11 04:29:37
11806,automatic,fanduel.com,Week 11,Casey,Washington,WR,ATL,2.01,2025-12-11 04:29:37
11806,automatic,fanduel.com,Week 10,Casey,Washington,WR,ATL,2.0,2025-12-11 04:29:37
11994,automatic,sleeper.com,Week 10,Kameron,Johnson,WR,TB,2.0,2025-12-11 04:29:37
11421,automatic,sleeper.com,Week 10,Ryan,Miller,WR,TB,2.0,2025-12-11 04:29:37
12634,automatic,fantasypros.com,Week 10,Jordan,Watkins,WR,SF,2.0,2025-12-11 04:29:37
11210,automatic,sleeper.com,Week 11,Malik,Heath,WR,GB,2.0,2025-12-11 04:29:37
829,automatic,fantasypros.com,Week 11,Andy,Dalton,QB,CAR,2.0,2025-12-11 04:29:37
11571,automatic,fantasypros.com,Week 11,Isaiah,Davis,RB,NYJ,2.0,2025-12-11 04:29:37
6865,automatic,fantasypros.com,Week 11,Colby,Parkinson,TE,LAR,2.0,2025-12-11 04:29:37
11617,automatic,sleeper.com,Week 12,Malachi,Corley,WR,CLE,2.0,2025-12-11 04:29:37
11168,automatic,sleeper.com,Week 12,Xavier,Smith,WR,LAR,2.0,2025-12-11 04:29:37
12715,automatic,fantasypros.com,Week 12,Thomas,Fidone II,TE,NYG,2.0,2025-12-11 04:29:37
10871,automatic,fantasypros.com,Week 12,Luke,Schoonmaker,TE,DAL,2.0,2025-12-11 04:29:37
11629,automatic,sleeper.com,Week 13,Devontez,Walker,WR,BAL,2.0,2025-12-11 04:29:37
5973,automatic,sleeper.com,Week 13,Josh,Oliver,TE,MIN,2.0,2025-12-11 04:29:37
12482,automatic,sleeper.com,Week 13,Savion,Williams,WR,GB,2.0,2025-12-11 04:29:37
11617,automatic,sleeper.com,Week 13,Malachi,Corley,WR,CLE,2.0,2025-12-11 04:29:37
12641,automatic,sleeper.com,Week 13,Jaylin,Lane,WR,WAS,2.0,2025-12-11 04:29:37
1837,automatic,fantasypros.com,Week 13,Jimmy,Garoppolo,QB,LAR,2.0,2025-12-11 04:29:37
10214,automatic,fantasypros.com,Week 13,Davis,Allen,TE,LAR,2.0,2025-12-11 04:29:37
8500,automatic,sleeper.com,Week 14,John,FitzPatrick,TE,GB,2.0,2025-12-11 04:29:37
11575,automatic,sleeper.com,Week 14,Ray,Davis,RB,BUF,2.0,2025-12-11 04:29:37
12544,automatic,fantasypros.com,Week 14,LeQuint,Allen Jr.,RB,JAX,2.0,2025-12-11 04:29:37
5185,automatic,fantasypros.com,Week 14,Allen,Lazard,WR,NYJ,2.0,2025-12-11 04:29:37
11629,automatic,fantasypros.com,Week 14,Devontez,Walker,WR,BAL,2.0,2025-12-11 04:29:37
11629,automatic,sleeper.com,Week 15,Devontez,Walker,WR,BAL,2.0,2025-12-11 04:29:37
5185,automatic,sleeper.com,Week 15,Allen,Lazard,WR,NYJ,2.0,2025-12-11 04:29:37
11577,automatic,fantasypros.com,Week 15,Will,Shipley,RB,PHI,2.0,2025-12-11 04:29:37
5086,automatic,fantasypros.com,Week 15,Marquez,Valdes-Scantling,WR,PIT,2.0,2025-12-11 04:29:37
11034,automatic,fantasypros.com,Week 15,Jalen,Brooks,WR,ARI,2.0,2025-12-11 04:29:37
8225,automatic,fantasypros.com,Week 15,Daniel,Bellinger,TE,NYG,2.0,2025-12-11 04:29:37
8145,automatic,fantasypros.com,Week 15,Jeremy,Ruckert,TE,NYJ,2.0,2025-12-11 04:29:37
8177,automatic,fantasypros.com,Week 15,Grant,Calcaterra,TE,PHI,2.0,2025-12-11 04:29:37
,,sleeper.com,Week 10,Alec,Ingold,RB,MIA,2.0,2025-12-11 04:29:37
12535,automatic,fanduel.com,Week 12,Isaac,TeSlaa,WR,DET,1.98,2025-12-11 04:29:37
6699,automatic,fanduel.com,Week 13,Gunner,Olszewski,WR,NYG,1.98,2025-12-11 04:29:37
5086,automatic,fanduel.com,Week 15,Marquez,Valdes-Scantling,WR,PIT,1.98,2025-12-11 04:29:37
8800,automatic,fanduel.com,Week 14,Malik,Davis,RB,DAL,1.96,2025-12-11 04:29:37
8208,automatic,fanduel.com,Week 11,Tyler,Badie,RB,DEN,1.95,2025-12-11 04:29:37
7585,automatic,fanduel.com,Week 11,Davis,Mills,QB,HOU,1.93,2025-12-11 04:29:37
6323,automatic,fanduel.com,Week 12,Andrew,Beck,RB,NYJ,1.93,2025-12-11 04:29:37
8500,automatic,fanduel.com,Week 12,John,FitzPatrick,TE,GB,1.93,2025-12-11 04:29:37
12455,automatic,fanduel.com,Week 12,Brashard,Smith,RB,KC,1.93,2025-12-11 04:29:37
9506,automatic,fanduel.com,Week 15,Sean,Tucker,RB,TB,1.93,2025-12-11 04:29:37
8188,automatic,fanduel.com,Week 15,Tyquan,Thornton,WR,KC,1.93,2025-12-11 04:29:37
12062,automatic,fanduel.com,Week 13,Cam,Grandy,TE,CIN,1.92,2025-12-11 04:29:37
11643,automatic,fanduel.com,Week 13,Jaylen,Wright,RB,MIA,1.92,2025-12-11 04:29:37
11617,automatic,fanduel.com,Week 14,Malachi,Corley,WR,CLE,1.92,2025-12-11 04:29:37
9225,automatic,fanduel.com,Week 15,Tank,Bigsby,RB,PHI,1.91,2025-12-11 04:29:37
7496,automatic,fanduel.com,Week 15,Nick,Westbrook-Ikhine,WR,MIA,1.91,2025-12-11 04:29:37
2359,automatic,sleeper.com,Week 10,Ameer,Abdullah,RB,IND,1.9,2025-12-11 04:29:37
11370,automatic,sleeper.com,Week 10,Chris,Brooks,RB,GB,1.9,2025-12-11 04:29:37
7607,automatic,sleeper.com,Week 10,Michael,Carter,RB,ARI,1.9,2025-12-11 04:29:37
12487,automatic,sleeper.com,Week 10,Terrance,Ferguson,TE,LAR,1.9,2025-12-11 04:29:37
11210,automatic,sleeper.com,Week 10,Malik,Heath,WR,GB,1.9,2025-12-11 04:29:37
6154,automatic,sleeper.com,Week 10,David,Sills,WR,ATL,1.9,2025-12-11 04:29:37
11921,automatic,sleeper.com,Week 11,Xavier,Weaver,WR,ARI,1.9,2025-12-11 04:29:37
11617,automatic,sleeper.com,Week 11,Malachi,Corley,WR,CLE,1.9,2025-12-11 04:29:37
6869,automatic,sleeper.com,Week 11,Adam,Trautman,TE,DEN,1.9,2025-12-11 04:29:37
6154,automatic,sleeper.com,Week 11,David,Sills,WR,ATL,1.9,2025-12-11 04:29:37
11168,automatic,sleeper.com,Week 11,Xavier,Smith,WR,LAR,1.9,2025-12-11 04:29:37
11433,automatic,sleeper.com,Week 11,Nate,Adkins,TE,DEN,1.9,2025-12-11 04:29:37
2359,automatic,sleeper.com,Week 12,Ameer,Abdullah,RB,IND,1.9,2025-12-11 04:29:37
8500,automatic,sleeper.com,Week 12,John,FitzPatrick,TE,GB,1.9,2025-12-11 04:29:37
8177,automatic,sleeper.com,Week 12,Grant,Calcaterra,TE,PHI,1.9,2025-12-11 04:29:37
12473,automatic,sleeper.com,Week 12,Mitchell,Evans,TE,CAR,1.9,2025-12-11 04:29:37
7039,automatic,sleeper.com,Week 12,Cody,White,WR,SEA,1.9,2025-12-11 04:29:37
5285,automatic,sleeper.com,Week 12,Ross,Dwelley,TE,DET,1.9,2025-12-11 04:29:37
11575,automatic,fanduel.com,Week 12,Ray,Davis,RB,BUF,1.9,2025-12-11 04:29:37
11806,automatic,fantasypros.com,Week 12,Casey,Washington,WR,ATL,1.9,2025-12-11 04:29:37
11994,automatic,fantasypros.com,Week 12,Kameron,Johnson,WR,TB,1.9,2025-12-11 04:29:37
11629,automatic,fantasypros.com,Week 12,Devontez,Walker,WR,BAL,1.9,2025-12-11 04:29:37
12523,automatic,fantasypros.com,Week 12,Jimmy,Horn Jr.,WR,CAR,1.9,2025-12-11 04:29:37
12539,automatic,fantasypros.com,Week 12,Arian,Smith,WR,NYJ,1.9,2025-12-11 04:29:37
8177,automatic,fantasypros.com,Week 12,Grant,Calcaterra,TE,PHI,1.9,2025-12-11 04:29:37
6869,automatic,sleeper.com,Week 13,Adam,Trautman,TE,DEN,1.9,2025-12-11 04:29:37
5285,automatic,sleeper.com,Week 13,Ross,Dwelley,TE,DET,1.9,2025-12-11 04:29:37
10212,automatic,sleeper.com,Week 13,Josh,Whyle,TE,GB,1.9,2025-12-11 04:29:37
11433,automatic,sleeper.com,Week 13,Nate,Adkins,TE,DEN,1.9,2025-12-11 04:29:37
CAR,dst_team_match,espn.com,Week 13,Panthers D/ST,Defense,DST,CAR,1.9,2025-12-11 04:29:37
8147,automatic,fantasypros.com,Week 13,John,Metchie III,WR,NYJ,1.9,2025-12-11 04:29:37
6869,automatic,sleeper.com,Week 14,Adam,Trautman,TE,DEN,1.9,2025-12-11 04:29:37
11433,automatic,sleeper.com,Week 14,Nate,Adkins,TE,DEN,1.9,2025-12-11 04:29:37
11643,automatic,sleeper.com,Week 14,Jaylen,Wright,RB,MIA,1.9,2025-12-11 04:29:37
11599,automatic,sleeper.com,Week 14,Cade,Stover,TE,HOU,1.9,2025-12-11 04:29:37
12501,automatic,sleeper.com,Week 14,Matthew,Golden,WR,GB,1.9,2025-12-11 04:29:37
6960,automatic,fantasypros.com,Week 14,Tyler,Johnson,WR,NYJ,1.9,2025-12-11 04:29:37
6001,automatic,fantasypros.com,Week 14,Drew,Sample,TE,CIN,1.9,2025-12-11 04:29:37
5973,automatic,fantasypros.com,Week 14,Josh,Oliver,TE,MIN,1.9,2025-12-11 04:29:37
11617,automatic,sleeper.com,Week 15,Malachi,Corley,WR,CLE,1.9,2025-12-11 04:29:37
7595,automatic,sleeper.com,Week 15,Tylan,Wallace,WR,BAL,1.9,2025-12-11 04:29:37
4988,automatic,fantasypros.com,Week 15,Nick,Chubb,RB,HOU,1.9,2025-12-11 04:29:37
11579,automatic,fantasypros.com,Week 15,Audric,Estime,RB,NO,1.9,2025-12-11 04:29:37
8204,automatic,fantasypros.com,Week 15,Bo,Melton,WR,GB,1.9,2025-12-11 04:29:37
5113,automatic,fantasypros.com,Week 15,Cedrick,Wilson Jr.,WR,MIA,1.9,2025-12-11 04:29:37
5985,automatic,fantasypros.com,Week 15,Foster,Moreau,TE,NO,1.9,2025-12-11 04:29:37
6001,automatic,fantasypros.com,Week 15,Drew,Sample,TE,CIN,1.9,2025-12-11 04:29:37
7233,automatic,fanduel.com,Week 15,Andre,Baccellia,WR,ARI,1.9,2025-12-11 04:29:37
6869,automatic,fanduel.com,Week 15,Adam,Trautman,TE,DEN,1.9,2025-12-11 04:29:37
3202,automatic,fanduel.com,Week 12,Austin,Hooper,TE,NE,1.89,2025-12-11 04:29:37
11643,automatic,fanduel.com,Week 14,Jaylen,Wright,RB,MIA,1.89,2025-12-11 04:29:37
5849,automatic,fanduel.com,Week 14,Kyler,Murray,QB,ARI,1.89,2025-12-11 04:29:37
12357,automatic,fanduel.com,Week 12,David,Martin-Robinson,TE,TEN,1.88,2025-12-11 04:29:37
,,fanduel.com,Week 15,Trent,Sherfield,WR,ARI,1.88,2025-12-11 04:29:37
12543,automatic,fanduel.com,Week 11,Tahj,Brooks,RB,CIN,1.87,2025-12-11 04:29:37
11577,automatic,fanduel.com,Week 15,Will,Shipley,RB,PHI,1.86,2025-12-11 04:29:37
12469,automatic,fanduel.com,Week 12,Dylan,Sampson,RB,CLE,1.85,2025-12-11 04:29:37
10871,automatic,fanduel.com,Week 13,Luke,Schoonmaker,TE,DAL,1.85,2025-12-11 04:29:37
12718,automatic,fanduel.com,Week 15,Konata,Mumpfield,WR,LAR,1.84,2025-12-11 04:29:37
12658,automatic,fanduel.com,Week 14,Jackson,Hawes,TE,BUF,1.83,2025-12-11 04:29:37
4040,automatic,fanduel.com,Week 12,JuJu,Smith-Schuster,WR,KC,1.82,2025-12-11 04:29:37
6323,automatic,fanduel.com,Week 11,Andrew,Beck,RB,NYJ,1.81,2025-12-11 04:29:37
8177,automatic,sleeper.com,Week 10,Grant,Calcaterra,TE,PHI,1.8,2025-12-11 04:29:37
8145,automatic,sleeper.com,Week 10,Jeremy,Ruckert,TE,NYJ,1.8,2025-12-11 04:29:37
10214,automatic,sleeper.com,Week 10,Davis,Allen,TE,LAR,1.8,2025-12-11 04:29:37
7612,automatic,sleeper.com,Week 10,Dee,Eskridge,WR,MIA,1.8,2025-12-11 04:29:37
9225,automatic,sleeper.com,Week 10,Tank,Bigsby,RB,PHI,1.8,2025-12-11 04:29:37
2359,automatic,fantasypros.com,Week 10,Ameer,Abdullah,RB,IND,1.8,2025-12-11 04:29:37
12487,automatic,sleeper.com,Week 11,Terrance,Ferguson,TE,LAR,1.8,2025-12-11 04:29:37
12473,automatic,sleeper.com,Week 11,Mitchell,Evans,TE,CAR,1.8,2025-12-11 04:29:37
10214,automatic,sleeper.com,Week 11,Davis,Allen,TE,LAR,1.8,2025-12-11 04:29:37
8204,automatic,sleeper.com,Week 11,Bo,Melton,WR,GB,1.8,2025-12-11 04:29:37
11643,automatic,sleeper.com,Week 11,Jaylen,Wright,RB,MIA,1.8,2025-12-11 04:29:37
11575,automatic,sleeper.com,Week 11,Ray,Davis,RB,BUF,1.8,2025-12-11 04:29:37
12535,automatic,sleeper.com,Week 12,Isaac,TeSlaa,WR,DET,1.8,2025-12-11 04:29:37
11577,automatic,sleeper.com,Week 12,Will,Shipley,RB,PHI,1.8,2025-12-11 04:29:37
12547,automatic,sleeper.com,Week 12,Kyle,Williams,WR,NE,1.8,2025-12-11 04:29:37
8205,automatic,fantasypros.com,Week 12,Isiah,Pacheco,RB,KC,1.8,2025-12-11 04:29:37
11895,automatic,fantasypros.com,Week 12,Mason,Tipton,WR,NO,1.8,2025-12-11 04:29:37
5955,automatic,fantasypros.com,Week 12,Hunter,Renfrow,WR,CAR,1.8,2025-12-11 04:29:37
1689,automatic,fantasypros.com,Week 12,Adam,Thielen,WR,MIN,1.8,2025-12-11 04:29:37
5985,automatic,fantasypros.com,Week 12,Foster,Moreau,TE,NO,1.8,2025-12-11 04:29:37
7535,automatic,sleeper.com,Week 13,Hunter,Long,TE,JAX,1.8,2025-12-11 04:29:37
7595,automatic,sleeper.com,Week 13,Tylan,Wallace,WR,BAL,1.8,2025-12-11 04:29:37
7233,automatic,sleeper.com,Week 13,Andre,Baccellia,WR,ARI,1.8,2025-12-11 04:29:37
5906,automatic,fanduel.com,Week 13,Dawson,Knox,TE,BUF,1.8,2025-12-11 04:29:37
11629,automatic,sleeper.com,Week 14,Devontez,Walker,WR,BAL,1.8,2025-12-11 04:29:37
11633,automatic,sleeper.com,Week 14,Jamari,Thrash,WR,CLE,1.8,2025-12-11 04:29:37
7562,automatic,sleeper.com,Week 14,Tutu,Atwell,WR,LAR,1.8,2025-12-11 04:29:37
7535,automatic,sleeper.com,Week 14,Hunter,Long,TE,JAX,1.8,2025-12-11 04:29:37
11299,automatic,fantasypros.com,Week 14,Zavier,Scott,RB,MIN,1.8,2025-12-11 04:29:37
11577,automatic,fantasypros.com,Week 14,Will,Shipley,RB,PHI,1.8,2025-12-11 04:29:37
7587,automatic,fantasypros.com,Week 14,Dyami,Brown,WR,JAX,1.8,2025-12-11 04:29:37
11994,automatic,fantasypros.com,Week 14,Kameron,Johnson,WR,TB,1.8,2025-12-11 04:29:37
11371,automatic,fantasypros.com,Week 14,Julian,Hill,TE,MIA,1.8,2025-12-11 04:29:37
8500,automatic,sleeper.com,Week 15,John,FitzPatrick,TE,GB,1.8,2025-12-11 04:29:37
6869,automatic,sleeper.com,Week 15,Adam,Trautman,TE,DEN,1.8,2025-12-11 04:29:37
11433,automatic,sleeper.com,Week 15,Nate,Adkins,TE,DEN,1.8,2025-12-11 04:29:37
11575,automatic,sleeper.com,Week 15,Ray,Davis,RB,BUF,1.8,2025-12-11 04:29:37
12485,automatic,sleeper.com,Week 15,Tez,Johnson,WR,TB,1.8,2025-12-11 04:29:37
8143,automatic,fantasypros.com,Week 15,Jerome,Ford,RB,CLE,1.8,2025-12-11 04:29:37
11617,automatic,fantasypros.com,Week 15,Malachi,Corley,WR,CLE,1.8,2025-12-11 04:29:37
12641,automatic,fantasypros.com,Week 15,Jaylin,Lane,WR,WAS,1.8,2025-12-11 04:29:37
4995,automatic,fantasypros.com,Week 15,Ian,Thomas,TE,LV,1.8,2025-12-11 04:29:37
7075,automatic,fantasypros.com,Week 15,Charlie,Woerner,TE,ATL,1.8,2025-12-11 04:29:37
4054,automatic,fantasypros.com,Week 15,Mo,Alie-Cox,TE,IND,1.8,2025-12-11 04:29:37
12765,automatic,fanduel.com,Week 14,Keleki,Latu,TE,BUF,1.78,2025-12-11 04:29:37
11201,automatic,fanduel.com,Week 15,Blake,Whiteheart,TE,CLE,1.78,2025-12-11 04:29:37
9486,automatic,fanduel.com,Week 15,Dontayvion,Wicks,WR,GB,1.78,2025-12-11 04:29:37
11593,automatic,fanduel.com,Week 15,Brevyn,Spann-Ford,TE,DAL,1.78,2025-12-11 04:29:37
9225,automatic,fanduel.com,Week 11,Tank,Bigsby,RB,PHI,1.77,2025-12-11 04:29:37
8145,automatic,fanduel.com,Week 12,Jeremy,Ruckert,TE,NYJ,1.77,2025-12-11 04:29:37
10228,automatic,fanduel.com,Week 14,Charlie,Jones,WR,CIN,1.77,2025-12-11 04:29:37
10228,automatic,fanduel.com,Week 13,Charlie,Jones,WR,CIN,1.75,2025-12-11 04:29:37
12718,automatic,fanduel.com,Week 13,Konata,Mumpfield,WR,LAR,1.75,2025-12-11 04:29:37
4454,automatic,fanduel.com,Week 13,Kendrick,Bourne,WR,SF,1.75,2025-12-11 04:29:37
6001,automatic,fanduel.com,Week 15,Drew,Sample,TE,CIN,1.75,2025-12-11 04:29:37
10228,automatic,fanduel.com,Week 15,Charlie,Jones,WR,CIN,1.75,2025-12-11 04:29:37
6323,automatic,fanduel.com,Week 10,Andrew,Beck,RB,NYJ,1.74,2025-12-11 04:29:37
6850,automatic,fanduel.com,Week 10,Harrison,Bryant,TE,HOU,1.74,2025-12-11 04:29:37
9225,automatic,fanduel.com,Week 14,Tank,Bigsby,RB,PHI,1.74,2025-12-11 04:29:37
5185,automatic,fanduel.com,Week 15,Allen,Lazard,WR,NYJ,1.74,2025-12-11 04:29:37
12473,automatic,fanduel.com,Week 10,Mitchell,Evans,TE,CAR,1.73,2025-12-11 04:29:37
6847,automatic,fanduel.com,Week 15,Devin,Duvernay,WR,CHI,1.73,2025-12-11 04:29:37
8145,automatic,fanduel.com,Week 11,Jeremy,Ruckert,TE,NYJ,1.71,2025-12-11 04:29:37
13101,automatic,fanduel.com,Week 14,Gage,Larvadain,WR,CLE,1.71,2025-12-11 04:29:37
8207,automatic,fanduel.com,Week 14,Tyler,Goodson,RB,IND,1.71,2025-12-11 04:29:37
7204,automatic,fanduel.com,Week 14,Reggie,Gilliam,RB,BUF,1.71,2025-12-11 04:29:37
7596,automatic,sleeper.com,Week 10,Elijah,Moore,WR,BUF,1.7,2025-12-11 04:29:37
12473,automatic,sleeper.com,Week 10,Mitchell,Evans,TE,CAR,1.7,2025-12-11 04:29:37
12541,automatic,sleeper.com,Week 10,Dont'e,Thornton,WR,LV,1.7,2025-12-11 04:29:37
8177,automatic,sleeper.com,Week 11,Grant,Calcaterra,TE,PHI,1.7,2025-12-11 04:29:37
10231,automatic,fantasypros.com,Week 11,Elijah,Higgins,TE,ARI,1.7,2025-12-11 04:29:37
5995,automatic,fantasypros.com,Week 12,Justice,Hill,RB,BAL,1.7,2025-12-11 04:29:37
12457,automatic,fantasypros.com,Week 12,Jaydon,Blue,RB,DAL,1.7,2025-12-11 04:29:37
12535,automatic,sleeper.com,Week 13,Isaac,TeSlaa,WR,DET,1.7,2025-12-11 04:29:37
11577,automatic,sleeper.com,Week 13,Will,Shipley,RB,PHI,1.7,2025-12-11 04:29:37
12473,automatic,sleeper.com,Week 13,Mitchell,Evans,TE,CAR,1.7,2025-12-11 04:29:37
3202,automatic,fantasypros.com,Week 13,Austin,Hooper,TE,NE,1.7,2025-12-11 04:29:37
6323,automatic,fanduel.com,Week 13,Andrew,Beck,RB,NYJ,1.7,2025-12-11 04:29:37
7595,automatic,sleeper.com,Week 14,Tylan,Wallace,WR,BAL,1.7,2025-12-11 04:29:37
11806,automatic,fantasypros.com,Week 14,Casey,Washington,WR,ATL,1.7,2025-12-11 04:29:37
11630,automatic,sleeper.com,Week 15,Roman,Wilson,WR,PIT,1.7,2025-12-11 04:29:37
12473,automatic,sleeper.com,Week 15,Mitchell,Evans,TE,CAR,1.7,2025-12-11 04:29:37
11034,automatic,sleeper.com,Week 15,Jalen,Brooks,WR,ARI,1.7,2025-12-11 04:29:37
9220,automatic,fantasypros.com,Week 15,Evan,Hull,RB,NO,1.7,2025-12-11 04:29:37
8489,automatic,fantasypros.com,Week 15,Drew,Ogletree,TE,IND,1.7,2025-12-11 04:29:37
6847,automatic,fanduel.com,Week 13,Devin,Duvernay,WR,CHI,1.69,2025-12-11 04:29:37
12504,automatic,fanduel.com,Week 13,Kaleb,Johnson,RB,PIT,1.69,2025-12-11 04:29:37
12504,automatic,fanduel.com,Week 14,Kaleb,Johnson,RB,PIT,1.69,2025-12-11 04:29:37
12483,automatic,fanduel.com,Week 10,Jack,Bech,WR,LV,1.68,2025-12-11 04:29:37
12473,automatic,fanduel.com,Week 11,Mitchell,Evans,TE,CAR,1.67,2025-12-11 04:29:37
4054,automatic,fanduel.com,Week 13,Mo,Alie-Cox,TE,IND,1.67,2025-12-11 04:29:37
11577,automatic,fanduel.com,Week 14,Will,Shipley,RB,PHI,1.67,2025-12-11 04:29:37
12504,automatic,fanduel.com,Week 15,Kaleb,Johnson,RB,PIT,1.66,2025-12-11 04:29:37
6427,automatic,fanduel.com,Week 12,Ashton,Dulin,WR,IND,1.65,2025-12-11 04:29:37
,,fanduel.com,Week 14,Andrew,Ogletree,TE,IND,1.65,2025-12-11 04:29:37
4040,automatic,fanduel.com,Week 11,JuJu,Smith-Schuster,WR,KC,1.64,2025-12-11 04:29:37
5113,automatic,fanduel.com,Week 11,Cedrick,Wilson,WR,MIA,1.62,2025-12-11 04:29:37
,,fanduel.com,Week 15,Cam,Akers,RB,SEA,1.61,2025-12-11 04:29:37
5185,automatic,sleeper.com,Week 10,Allen,Lazard,WR,NYJ,1.6,2025-12-11 04:29:37
11895,automatic,sleeper.com,Week 10,Mason,Tipton,WR,NO,1.6,2025-12-11 04:29:37
1689,automatic,fantasypros.com,Week 10,Adam,Thielen,WR,MIN,1.6,2025-12-11 04:29:37
6001,automatic,sleeper.com,Week 11,Drew,Sample,TE,CIN,1.6,2025-12-11 04:29:37
6850,automatic,sleeper.com,Week 11,Harrison,Bryant,TE,HOU,1.6,2025-12-11 04:29:37
7716,automatic,sleeper.com,Week 11,John,Bates,TE,WAS,1.6,2025-12-11 04:29:37
11435,automatic,fantasypros.com,Week 11,Emanuel,Wilson,RB,GB,1.6,2025-12-11 04:29:37
7233,automatic,sleeper.com,Week 12,Andre,Baccellia,WR,ARI,1.6,2025-12-11 04:29:37
12048,automatic,fantasypros.com,Week 12,George,Holani,RB,SEA,1.6,2025-12-11 04:29:37
11157,automatic,fantasypros.com,Week 12,Brycen,Tremayne,WR,CAR,1.6,2025-12-11 04:29:37
7595,automatic,fantasypros.com,Week 12,Tylan,Wallace,WR,BAL,1.6,2025-12-11 04:29:37
6699,automatic,fantasypros.com,Week 12,Gunner,Olszewski,WR,NYG,1.6,2025-12-11 04:29:37
11599,automatic,fantasypros.com,Week 12,Cade,Stover,TE,HOU,1.6,2025-12-11 04:29:37
4992,automatic,sleeper.com,Week 13,Dante,Pettis,WR,NO,1.6,2025-12-11 04:29:37
12483,automatic,sleeper.com,Week 13,Jack,Bech,WR,LV,1.6,2025-12-11 04:29:37
9504,automatic,fantasypros.com,Week 13,Kayshon,Boutte,WR,NE,1.6,2025-12-11 04:29:37
7075,automatic,fanduel.com,Week 13,Charlie,Woerner,TE,ATL,1.6,2025-12-11 04:29:37
11577,automatic,sleeper.com,Week 14,Will,Shipley,RB,PHI,1.6,2025-12-11 04:29:37
12641,automatic,sleeper.com,Week 14,Jaylin,Lane,WR,WAS,1.6,2025-12-11 04:29:37
7039,automatic,sleeper.com,Week 14,Cody,White,WR,SEA,1.6,2025-12-11 04:29:37
12483,automatic,sleeper.com,Week 14,Jack,Bech,WR,LV,1.6,2025-12-11 04:29:37
7535,automatic,sleeper.com,Week 15,Hunter,Long,TE,JAX,1.6,2025-12-11 04:29:37
11577,automatic,sleeper.com,Week 15,Will,Shipley,RB,PHI,1.6,2025-12-11 04:29:37
7039,automatic,sleeper.com,Week 15,Cody,White,WR,SEA,1.6,2025-12-11 04:29:37
12483,automatic,sleeper.com,Week 15,Jack,Bech,WR,LV,1.6,2025-12-11 04:29:37
7075,automatic,sleeper.com,Week 15,Charlie,Woerner,TE,ATL,1.6,2025-12-11 04:29:37
7233,automatic,sleeper.com,Week 15,Andre,Baccellia,WR,ARI,1.6,2025-12-11 04:29:37
11199,automatic,fantasypros.com,Week 15,Emari,Demercado,RB,ARI,1.6,2025-12-11 04:29:37
7496,automatic,fantasypros.com,Week 15,Nick,Westbrook-Ikhine,WR,MIA,1.6,2025-12-11 04:29:37
,,fantasypros.com,Week 15,Philip,Rivers,QB,IND,1.6,2025-12-11 04:29:37
,,fanduel.com,Week 15,Elijah,Moore,WR,DEN,1.6,2025-12-11 04:29:37
11575,automatic,fanduel.com,Week 11,Ray,Davis,RB,BUF,1.59,2025-12-11 04:29:37
4082,automatic,fanduel.com,Week 13,Curtis,Samuel,WR,BUF,1.59,2025-12-11 04:29:37
11210,automatic,fanduel.com,Week 11,Malik,Heath,WR,GB,1.58,2025-12-11 04:29:37
12504,automatic,fanduel.com,Week 11,Kaleb,Johnson,RB,PIT,1.58,2025-12-11 04:29:37
11651,automatic,fanduel.com,Week 11,Isaac,Guerendo,RB,SF,1.58,2025-12-11 04:29:37
11921,automatic,fanduel.com,Week 14,Xavier,Weaver,WR,ARI,1.58,2025-12-11 04:29:37
4351,automatic,fanduel.com,Week 15,Tim,Patrick,WR,JAX,1.58,2025-12-11 04:29:37
7075,automatic,fanduel.com,Week 15,Charlie,Woerner,TE,ATL,1.57,2025-12-11 04:29:37
12504,automatic,fanduel.com,Week 12,Kaleb,Johnson,RB,PIT,1.56,2025-12-11 04:29:37
10867,automatic,fanduel.com,Week 10,Jake,Bobo,WR,SEA,1.55,2025-12-11 04:29:37
8799,automatic,fanduel.com,Week 12,Zaire,Mitchell-Paden,TE,NO,1.55,2025-12-11 04:29:37
8208,automatic,fanduel.com,Week 14,Tyler,Badie,RB,DEN,1.54,2025-12-11 04:29:37
12484,automatic,fanduel.com,Week 10,Jayden,Higgins,WR,HOU,1.53,2025-12-11 04:29:37
6699,automatic,fanduel.com,Week 15,Gunner,Olszewski,WR,NYG,1.53,2025-12-11 04:29:37
2359,automatic,fanduel.com,Week 15,Ameer,Abdullah,RB,IND,1.53,2025-12-11 04:29:37
7039,automatic,fanduel.com,Week 15,Cody,White,WR,SEA,1.53,2025-12-11 04:29:37
5154,automatic,fanduel.com,Week 10,Trent,Sherfield,WR,DEN,1.52,2025-12-11 04:29:37
11371,automatic,fanduel.com,Week 14,Julian,Hill,TE,MIA,1.52,2025-12-11 04:29:37
6828,automatic,fanduel.com,Week 10,A.J.,Dillon,RB,PHI,1.51,2025-12-11 04:29:37
10867,automatic,fanduel.com,Week 12,Jake,Bobo,WR,SEA,1.51,2025-12-11 04:29:37
11574,automatic,fanduel.com,Week 12,Dylan,Laube,RB,LV,1.51,2025-12-11 04:29:37
11370,automatic,fanduel.com,Week 15,Chris,Brooks,RB,GB,1.51,2025-12-11 04:29:37
,,fanduel.com,Week 15,Cody,Schrader,RB,HOU,1.51,2025-12-11 04:29:37
11651,automatic,fanduel.com,Week 10,Isaac,Guerendo,RB,SF,1.5,2025-12-11 04:29:37
8698,automatic,sleeper.com,Week 10,Jake,Tonges,TE,SF,1.5,2025-12-11 04:29:37
1689,automatic,sleeper.com,Week 10,Adam,Thielen,WR,MIN,1.5,2025-12-11 04:29:37
9497,automatic,sleeper.com,Week 10,Jalin,Hyatt,WR,NYG,1.5,2025-12-11 04:29:37
11643,automatic,sleeper.com,Week 10,Jaylen,Wright,RB,MIA,1.5,2025-12-11 04:29:37
7746,automatic,sleeper.com,Week 11,Austin,Trammell,WR,JAX,1.5,2025-12-11 04:29:37
1689,automatic,sleeper.com,Week 11,Adam,Thielen,WR,MIN,1.5,2025-12-11 04:29:37
5113,automatic,sleeper.com,Week 11,Cedrick,Wilson,WR,MIA,1.5,2025-12-11 04:29:37
1837,automatic,fantasypros.com,Week 11,Jimmy,Garoppolo,QB,LAR,1.5,2025-12-11 04:29:37
12504,automatic,sleeper.com,Week 12,Kaleb,Johnson,RB,PIT,1.5,2025-12-11 04:29:37
12048,automatic,sleeper.com,Week 12,George,Holani,RB,SEA,1.5,2025-12-11 04:29:37
12539,automatic,sleeper.com,Week 12,Arian,Smith,WR,NYJ,1.5,2025-12-11 04:29:37
5409,automatic,sleeper.com,Week 12,Tanner,Hudson,TE,CIN,1.5,2025-12-11 04:29:37
8188,automatic,sleeper.com,Week 12,Tyquan,Thornton,WR,KC,1.5,2025-12-11 04:29:37
11299,automatic,fantasypros.com,Week 12,Zavier,Scott,RB,MIN,1.5,2025-12-11 04:29:37
4054,automatic,fantasypros.com,Week 12,Mo,Alie-Cox,TE,IND,1.5,2025-12-11 04:29:37
5973,automatic,fantasypros.com,Week 12,Josh,Oliver,TE,MIN,1.5,2025-12-11 04:29:37
2359,automatic,sleeper.com,Week 13,Ameer,Abdullah,RB,IND,1.5,2025-12-11 04:29:37
4351,automatic,sleeper.com,Week 13,Tim,Patrick,WR,JAX,1.5,2025-12-11 04:29:37
1689,automatic,sleeper.com,Week 13,Adam,Thielen,WR,MIN,1.5,2025-12-11 04:29:37
4602,automatic,sleeper.com,Week 13,Robert,Tonyan,TE,KC,1.5,2025-12-11 04:29:37
11371,automatic,sleeper.com,Week 13,Julian,Hill,TE,MIA,1.5,2025-12-11 04:29:37
8172,automatic,sleeper.com,Week 13,Greg,Dulcich,TE,MIA,1.5,2025-12-11 04:29:37
7527,automatic,fantasypros.com,Week 13,Mac,Jones,QB,SF,1.5,2025-12-11 04:29:37
2359,automatic,sleeper.com,Week 14,Ameer,Abdullah,RB,IND,1.5,2025-12-11 04:29:37
11370,automatic,sleeper.com,Week 14,Chris,Brooks,RB,GB,1.5,2025-12-11 04:29:37
11371,automatic,sleeper.com,Week 14,Julian,Hill,TE,MIA,1.5,2025-12-11 04:29:37
8172,automatic,sleeper.com,Week 14,Greg,Dulcich,TE,MIA,1.5,2025-12-11 04:29:37
11589,automatic,fantasypros.com,Week 14,Trey,Benson,RB,ARI,1.5,2025-12-11 04:29:37
11643,automatic,fantasypros.com,Week 14,Jaylen,Wright,RB,MIA,1.5,2025-12-11 04:29:37
8145,automatic,sleeper.com,Week 15,Jeremy,Ruckert,TE,NYJ,1.5,2025-12-11 04:29:37
11371,automatic,sleeper.com,Week 15,Julian,Hill,TE,MIA,1.5,2025-12-11 04:29:37
8172,automatic,sleeper.com,Week 15,Greg,Dulcich,TE,MIA,1.5,2025-12-11 04:29:37
2359,automatic,fantasypros.com,Week 15,Ameer,Abdullah,RB,IND,1.5,2025-12-11 04:29:37
7587,automatic,fantasypros.com,Week 15,Dyami,Brown,WR,JAX,1.5,2025-12-11 04:29:37
,,sleeper.com,Week 12,Kyle,Juszczyk,RB,SF,1.5,2025-12-11 04:29:37
,,fanduel.com,Week 15,Adam,Prentice,RB,DEN,1.5,2025-12-11 04:29:37
11371,automatic,fanduel.com,Week 13,Julian,Hill,TE,MIA,1.49,2025-12-11 04:29:37
11633,automatic,fanduel.com,Week 10,Jamari,Thrash,WR,CLE,1.48,2025-12-11 04:29:37
11574,automatic,fanduel.com,Week 11,Dylan,Laube,RB,LV,1.48,2025-12-11 04:29:37
11821,automatic,fanduel.com,Week 13,Tahj,Washington,WR,MIA,1.48,2025-12-11 04:29:37
12496,automatic,fanduel.com,Week 15,Tai,Felton,WR,MIN,1.48,2025-12-11 04:29:37
7536,automatic,fanduel.com,Week 13,Quintin,Morris,TE,JAX,1.47,2025-12-11 04:29:37
11574,automatic,fanduel.com,Week 15,Dylan,Laube,RB,LV,1.47,2025-12-11 04:29:37
4314,automatic,fanduel.com,Week 13,Johnny,Mundt,TE,JAX,1.46,2025-12-11 04:29:37
5008,automatic,fanduel.com,Week 14,Durham,Smythe,TE,CHI,1.46,2025-12-11 04:29:37
7757,automatic,fanduel.com,Week 15,Ben,Skowronek,WR,PIT,1.46,2025-12-11 04:29:37
7602,automatic,fanduel.com,Week 13,Kylen,Granson,TE,PHI,1.45,2025-12-11 04:29:37
5008,automatic,fanduel.com,Week 15,Durham,Smythe,TE,CHI,1.45,2025-12-11 04:29:37
,,fanduel.com,Week 15,Ben,Sims,TE,GB,1.45,2025-12-11 04:29:37
3048,automatic,fanduel.com,Week 12,Chris,Manhertz,TE,NYG,1.44,2025-12-11 04:29:37
8177,automatic,fanduel.com,Week 15,Grant,Calcaterra,TE,PHI,1.44,2025-12-11 04:29:37
11574,automatic,fanduel.com,Week 10,Dylan,Laube,RB,LV,1.43,2025-12-11 04:29:37
7716,automatic,fanduel.com,Week 14,John,Bates,TE,WAS,1.43,2025-12-11 04:29:37
,,fanduel.com,Week 10,Kyle,Juszczyk,RB,SF,1.43,2025-12-11 04:29:37
11617,automatic,fanduel.com,Week 12,Malachi,Corley,WR,CLE,1.42,2025-12-11 04:29:37
8208,automatic,fanduel.com,Week 15,Tyler,Badie,RB,DEN,1.42,2025-12-11 04:29:37
11371,automatic,fanduel.com,Week 15,Julian,Hill,TE,MIA,1.41,2025-12-11 04:29:37
8500,automatic,sleeper.com,Week 10,John,FitzPatrick,TE,GB,1.4,2025-12-11 04:29:37
11577,automatic,sleeper.com,Week 10,Will,Shipley,RB,PHI,1.4,2025-12-11 04:29:37
11168,automatic,sleeper.com,Week 10,Xavier,Smith,WR,LAR,1.4,2025-12-11 04:29:37
6850,automatic,sleeper.com,Week 10,Harrison,Bryant,TE,HOU,1.4,2025-12-11 04:29:37
8127,automatic,sleeper.com,Week 10,Charlie,Kolar,TE,BAL,1.4,2025-12-11 04:29:37
7607,automatic,fantasypros.com,Week 10,Michael,Carter,RB,ARI,1.4,2025-12-11 04:29:37
11299,automatic,fantasypros.com,Week 10,Zavier,Scott,RB,MIN,1.4,2025-12-11 04:29:37
8013,automatic,fantasypros.com,Week 10,Tim,Jones,WR,JAX,1.4,2025-12-11 04:29:37
4351,automatic,fantasypros.com,Week 10,Tim,Patrick,WR,JAX,1.4,2025-12-11 04:29:37
12889,automatic,fantasypros.com,Week 10,Beaux,Collins,WR,NYG,1.4,2025-12-11 04:29:37
8500,automatic,sleeper.com,Week 11,John,FitzPatrick,TE,GB,1.4,2025-12-11 04:29:37
9225,automatic,sleeper.com,Week 11,Tank,Bigsby,RB,PHI,1.4,2025-12-11 04:29:37
9497,automatic,sleeper.com,Week 11,Jalin,Hyatt,WR,NYG,1.4,2025-12-11 04:29:37
11783,automatic,sleeper.com,Week 11,Ryan,Flournoy,WR,DAL,1.4,2025-12-11 04:29:37
10214,automatic,fantasypros.com,Week 11,Davis,Allen,TE,LAR,1.4,2025-12-11 04:29:37
1689,automatic,sleeper.com,Week 12,Adam,Thielen,WR,MIN,1.4,2025-12-11 04:29:37
2359,automatic,fantasypros.com,Week 12,Ameer,Abdullah,RB,IND,1.4,2025-12-11 04:29:37
5285,automatic,fantasypros.com,Week 12,Ross,Dwelley,TE,DET,1.4,2025-12-11 04:29:37
12487,automatic,fantasypros.com,Week 13,Terrance,Ferguson,TE,LAR,1.4,2025-12-11 04:29:37
11574,automatic,fanduel.com,Week 13,Dylan,Laube,RB,LV,1.4,2025-12-11 04:29:37
8117,automatic,sleeper.com,Week 14,Jalen,Tolbert,WR,DAL,1.4,2025-12-11 04:29:37
9220,automatic,fantasypros.com,Week 14,Evan,Hull,RB,NO,1.4,2025-12-11 04:29:37
12457,automatic,fantasypros.com,Week 14,Jaydon,Blue,RB,DAL,1.4,2025-12-11 04:29:37
7535,automatic,fantasypros.com,Week 14,Hunter,Long,TE,JAX,1.4,2025-12-11 04:29:37
2359,automatic,sleeper.com,Week 15,Ameer,Abdullah,RB,IND,1.4,2025-12-11 04:29:37
11921,automatic,sleeper.com,Week 15,Xavier,Weaver,WR,ARI,1.4,2025-12-11 04:29:37
4351,automatic,sleeper.com,Week 15,Tim,Patrick,WR,JAX,1.4,2025-12-11 04:29:37
4454,automatic,sleeper.com,Week 15,Kendrick,Bourne,WR,SF,1.4,2025-12-11 04:29:37
5185,automatic,fantasypros.com,Week 15,Allen,Lazard,WR,NYJ,1.4,2025-12-11 04:29:37
12523,automatic,fantasypros.com,Week 15,Jimmy,Horn Jr.,WR,CAR,1.4,2025-12-11 04:29:37
8181,automatic,fantasypros.com,Week 15,Connor,Heyward,TE,PIT,1.4,2025-12-11 04:29:37
,,sleeper.com,Week 10,Kyle,Juszczyk,RB,SF,1.4,2025-12-11 04:29:37
,,sleeper.com,Week 11,Alec,Ingold,RB,MIA,1.4,2025-12-11 04:29:37
,,sleeper.com,Week 11,Kyle,Juszczyk,RB,SF,1.4,2025-12-11 04:29:37
,,sleeper.com,Week 13,Kyle,Juszczyk,RB,SF,1.4,2025-12-11 04:29:37
12539,automatic,fanduel.com,Week 13,Arian,Smith,WR,NYJ,1.39,2025-12-11 04:29:37
11596,automatic,fanduel.com,Week 10,Ben,Sinnott,TE,WAS,1.38,2025-12-11 04:29:37
12897,automatic,fanduel.com,Week 14,Nathan,Carter,RB,ATL,1.38,2025-12-11 04:29:37
7602,automatic,fanduel.com,Week 12,Kylen,Granson,TE,PHI,1.37,2025-12-11 04:29:37
5096,automatic,fanduel.com,Week 13,Ray-Ray,McCloud,WR,NYG,1.37,2025-12-11 04:29:37
12544,automatic,fanduel.com,Week 14,LeQuint,Allen Jr.,RB,JAX,1.37,2025-12-11 04:29:37
7828,automatic,fanduel.com,Week 15,Noah,Gray,TE,KC,1.37,2025-12-11 04:29:37
8177,automatic,fanduel.com,Week 14,Grant,Calcaterra,TE,PHI,1.36,2025-12-11 04:29:37
12483,automatic,fanduel.com,Week 12,Jack,Bech,WR,LV,1.35,2025-12-11 04:29:37
8219,automatic,fanduel.com,Week 15,Jelani,Woods,TE,NYJ,1.35,2025-12-11 04:29:37
11210,automatic,fanduel.com,Week 15,Malik,Heath,WR,GB,1.35,2025-12-11 04:29:37
6694,automatic,fanduel.com,Week 11,D'Ernest,Johnson,RB,NE,1.33,2025-12-11 04:29:37
5133,automatic,fanduel.com,Week 13,Tyler,Conklin,TE,LAC,1.33,2025-12-11 04:29:37
12483,automatic,fanduel.com,Week 13,Jack,Bech,WR,LV,1.33,2025-12-11 04:29:37
12457,automatic,fanduel.com,Week 13,Jaydon,Blue,RB,DAL,1.32,2025-12-11 04:29:37
12543,automatic,fanduel.com,Week 14,Tahj,Brooks,RB,CIN,1.32,2025-12-11 04:29:37
6865,automatic,fanduel.com,Week 10,Colby,Parkinson,TE,LAR,1.31,2025-12-11 04:29:37
4718,automatic,fanduel.com,Week 15,Dare,Ogunbowale,RB,HOU,1.31,2025-12-11 04:29:37
11629,automatic,sleeper.com,Week 10,Devontez,Walker,WR,BAL,1.3,2025-12-11 04:29:37
6386,automatic,sleeper.com,Week 10,Alex,Bachman,WR,LV,1.3,2025-12-11 04:29:37
12504,automatic,sleeper.com,Week 10,Kaleb,Johnson,RB,PIT,1.3,2025-12-11 04:29:37
6699,automatic,sleeper.com,Week 10,Gunner,Olszewski,WR,NYG,1.3,2025-12-11 04:29:37
7716,automatic,sleeper.com,Week 10,John,Bates,TE,WAS,1.3,2025-12-11 04:29:37
11168,automatic,fantasypros.com,Week 10,Xavier,Smith,WR,LAR,1.3,2025-12-11 04:29:37
6427,automatic,fantasypros.com,Week 10,Ashton,Dulin,WR,IND,1.3,2025-12-11 04:29:37
5927,automatic,fantasypros.com,Week 10,Terry,McLaurin,WR,WAS,1.3,2025-12-11 04:29:37
12504,automatic,sleeper.com,Week 11,Kaleb,Johnson,RB,PIT,1.3,2025-12-11 04:29:37
7612,automatic,sleeper.com,Week 11,Dee,Eskridge,WR,MIA,1.3,2025-12-11 04:29:37
12503,automatic,sleeper.com,Week 11,Isaiah,Bond,WR,CLE,1.3,2025-12-11 04:29:37
6853,automatic,sleeper.com,Week 11,Van,Jefferson,WR,TEN,1.3,2025-12-11 04:29:37
8188,automatic,sleeper.com,Week 11,Tyquan,Thornton,WR,KC,1.3,2025-12-11 04:29:37
6865,automatic,fanduel.com,Week 11,Colby,Parkinson,TE,LAR,1.3,2025-12-11 04:29:37
11629,automatic,sleeper.com,Week 12,Devontez,Walker,WR,BAL,1.3,2025-12-11 04:29:37
8698,automatic,sleeper.com,Week 12,Jake,Tonges,TE,SF,1.3,2025-12-11 04:29:37
11806,automatic,sleeper.com,Week 12,Casey,Washington,WR,ATL,1.3,2025-12-11 04:29:37
6001,automatic,sleeper.com,Week 12,Drew,Sample,TE,CIN,1.3,2025-12-11 04:29:37
12503,automatic,sleeper.com,Week 12,Isaiah,Bond,WR,CLE,1.3,2025-12-11 04:29:37
11783,automatic,sleeper.com,Week 12,Ryan,Flournoy,WR,DAL,1.3,2025-12-11 04:29:37
8207,automatic,fantasypros.com,Week 12,Tyler,Goodson,RB,IND,1.3,2025-12-11 04:29:37
5096,automatic,fantasypros.com,Week 12,Ray-Ray,McCloud III,WR,NYG,1.3,2025-12-11 04:29:37
5185,automatic,fantasypros.com,Week 12,Allen,Lazard,WR,NYJ,1.3,2025-12-11 04:29:37
11593,automatic,fantasypros.com,Week 12,Brevyn,Spann-Ford,TE,DAL,1.3,2025-12-11 04:29:37
10227,automatic,fantasypros.com,Week 12,Payne,Durham,TE,TB,1.3,2025-12-11 04:29:37
4454,automatic,sleeper.com,Week 13,Kendrick,Bourne,WR,SF,1.3,2025-12-11 04:29:37
7716,automatic,sleeper.com,Week 13,John,Bates,TE,WAS,1.3,2025-12-11 04:29:37
8254,automatic,fanduel.com,Week 13,Julius,Chestnut,RB,TEN,1.3,2025-12-11 04:29:37
11623,automatic,sleeper.com,Week 14,Jordan,Whittington,WR,LAR,1.3,2025-12-11 04:29:37
10871,automatic,sleeper.com,Week 14,Luke,Schoonmaker,TE,DAL,1.3,2025-12-11 04:29:37
7716,automatic,sleeper.com,Week 14,John,Bates,TE,WAS,1.3,2025-12-11 04:29:37
4995,automatic,fanduel.com,Week 14,Ian,Thomas,TE,LV,1.3,2025-12-11 04:29:37
4035,automatic,fantasypros.com,Week 14,Alvin,Kamara,RB,NO,1.3,2025-12-11 04:29:37
11370,automatic,sleeper.com,Week 15,Chris,Brooks,RB,GB,1.3,2025-12-11 04:29:37
7842,automatic,sleeper.com,Week 15,Luke,Farrell,TE,SF,1.3,2025-12-11 04:29:37
8117,automatic,sleeper.com,Week 15,Jalen,Tolbert,WR,DAL,1.3,2025-12-11 04:29:37
12496,automatic,sleeper.com,Week 15,Tai,Felton,WR,MIN,1.3,2025-12-11 04:29:37
11623,automatic,sleeper.com,Week 15,Jordan,Whittington,WR,LAR,1.3,2025-12-11 04:29:37
12504,automatic,fantasypros.com,Week 15,Kaleb,Johnson,RB,PIT,1.3,2025-12-11 04:29:37
7536,automatic,fantasypros.com,Week 15,Quintin,Morris,TE,JAX,1.3,2025-12-11 04:29:37
,,sleeper.com,Week 13,Alec,Ingold,RB,MIA,1.3,2025-12-11 04:29:37
,,sleeper.com,Week 14,Hunter,Luepke,RB,DAL,1.3,2025-12-11 04:29:37
,,sleeper.com,Week 14,Alec,Ingold,RB,MIA,1.3,2025-12-11 04:29:37
,,sleeper.com,Week 15,Alec,Ingold,RB,MIA,1.3,2025-12-11 04:29:37
7828,automatic,fanduel.com,Week 12,Noah,Gray,TE,KC,1.29,2025-12-11 04:29:37
4454,automatic,fanduel.com,Week 15,Kendrick,Bourne,WR,SF,1.29,2025-12-11 04:29:37
3423,automatic,fanduel.com,Week 14,Robbie,Chosen,WR,WAS,1.28,2025-12-11 04:29:37
10871,automatic,fanduel.com,Week 11,Luke,Schoonmaker,TE,DAL,1.27,2025-12-11 04:29:37
12048,automatic,fanduel.com,Week 11,George,Holani,RB,SEA,1.26,2025-12-11 04:29:37
12471,automatic,fanduel.com,Week 12,DJ,Giddens,RB,IND,1.26,2025-12-11 04:29:37
12412,automatic,fanduel.com,Week 12,Terrell,Jennings,RB,NE,1.25,2025-12-11 04:29:37
8799,automatic,fanduel.com,Week 13,Zaire,Mitchell-Paden,TE,NO,1.25,2025-12-11 04:29:37
7891,automatic,fanduel.com,Week 10,Brock,Wright,TE,DET,1.24,2025-12-11 04:29:37
5409,automatic,fanduel.com,Week 13,Tanner,Hudson,TE,CIN,1.24,2025-12-11 04:29:37
7946,automatic,fanduel.com,Week 10,Jack,Stoll,TE,NO,1.23,2025-12-11 04:29:37
,,fanduel.com,Week 14,Adam,Prentice,RB,DEN,1.23,2025-12-11 04:29:37
7828,automatic,fanduel.com,Week 11,Noah,Gray,TE,KC,1.22,2025-12-11 04:29:37
12658,automatic,fanduel.com,Week 13,Jackson,Hawes,TE,BUF,1.22,2025-12-11 04:29:37
2359,automatic,fanduel.com,Week 12,Ameer,Abdullah,RB,IND,1.21,2025-12-11 04:29:37
8117,automatic,fanduel.com,Week 14,Jalen,Tolbert,WR,DAL,1.21,2025-12-11 04:29:37
10444,automatic,fanduel.com,Week 10,Cedric,Tillman,WR,CLE,1.2,2025-12-11 04:29:37
11370,automatic,fanduel.com,Week 10,Chris,Brooks,RB,GB,1.2,2025-12-11 04:29:37
12535,automatic,sleeper.com,Week 10,Isaac,TeSlaa,WR,DET,1.2,2025-12-11 04:29:37
11608,automatic,sleeper.com,Week 10,Isaiah,Williams,WR,NYJ,1.2,2025-12-11 04:29:37
6865,automatic,sleeper.com,Week 10,Colby,Parkinson,TE,LAR,1.2,2025-12-11 04:29:37
8207,automatic,fantasypros.com,Week 10,Tyler,Goodson,RB,IND,1.2,2025-12-11 04:29:37
4718,automatic,fantasypros.com,Week 10,Dare,Ogunbowale,RB,HOU,1.2,2025-12-11 04:29:37
11370,automatic,fantasypros.com,Week 10,Chris,Brooks,RB,GB,1.2,2025-12-11 04:29:37
6699,automatic,fantasypros.com,Week 10,Gunner,Olszewski,WR,NYG,1.2,2025-12-11 04:29:37
8698,automatic,sleeper.com,Week 11,Jake,Tonges,TE,SF,1.2,2025-12-11 04:29:37
12535,automatic,sleeper.com,Week 11,Isaac,TeSlaa,WR,DET,1.2,2025-12-11 04:29:37
12457,automatic,sleeper.com,Week 11,Jaydon,Blue,RB,DAL,1.2,2025-12-11 04:29:37
8800,automatic,sleeper.com,Week 11,Malik,Davis,RB,DAL,1.2,2025-12-11 04:29:37
10871,automatic,sleeper.com,Week 11,Luke,Schoonmaker,TE,DAL,1.2,2025-12-11 04:29:37
11599,automatic,sleeper.com,Week 11,Cade,Stover,TE,HOU,1.2,2025-12-11 04:29:37
8154,automatic,fantasypros.com,Week 11,Brian,Robinson Jr.,RB,SF,1.2,2025-12-11 04:29:37
6957,automatic,sleeper.com,Week 12,James,Proche,WR,TEN,1.2,2025-12-11 04:29:37
8800,automatic,sleeper.com,Week 12,Malik,Davis,RB,DAL,1.2,2025-12-11 04:29:37
10871,automatic,sleeper.com,Week 12,Luke,Schoonmaker,TE,DAL,1.2,2025-12-11 04:29:37
11574,automatic,fantasypros.com,Week 12,Dylan,Laube,RB,LV,1.2,2025-12-11 04:29:37
7561,automatic,fantasypros.com,Week 12,Elijah,Mitchell,RB,KC,1.2,2025-12-11 04:29:37
10228,automatic,fantasypros.com,Week 12,Charlie,Jones,WR,CIN,1.2,2025-12-11 04:29:37
8168,automatic,fantasypros.com,Week 12,Skyy,Moore,WR,SF,1.2,2025-12-11 04:29:37
11370,automatic,sleeper.com,Week 13,Chris,Brooks,RB,GB,1.2,2025-12-11 04:29:37
7842,automatic,sleeper.com,Week 13,Luke,Farrell,TE,SF,1.2,2025-12-11 04:29:37
12504,automatic,sleeper.com,Week 13,Kaleb,Johnson,RB,PIT,1.2,2025-12-11 04:29:37
7612,automatic,sleeper.com,Week 13,Dee,Eskridge,WR,MIA,1.2,2025-12-11 04:29:37
10871,automatic,sleeper.com,Week 13,Luke,Schoonmaker,TE,DAL,1.2,2025-12-11 04:29:37
9756,automatic,fantasypros.com,Week 13,Jordan,Addison,WR,MIN,1.2,2025-12-11 04:29:37
3269,automatic,fanduel.com,Week 13,Chris,Moore,WR,WAS,1.2,2025-12-11 04:29:37
7612,automatic,sleeper.com,Week 14,Dee,Eskridge,WR,MIA,1.2,2025-12-11 04:29:37
6001,automatic,sleeper.com,Week 14,Drew,Sample,TE,CIN,1.2,2025-12-11 04:29:37
11649,automatic,fanduel.com,Week 14,Kendall,Milton,RB,CIN,1.2,2025-12-11 04:29:37
11574,automatic,fantasypros.com,Week 14,Dylan,Laube,RB,LV,1.2,2025-12-11 04:29:37
4718,automatic,fantasypros.com,Week 14,Dare,Ogunbowale,RB,HOU,1.2,2025-12-11 04:29:37
7612,automatic,sleeper.com,Week 15,Dee,Eskridge,WR,MIA,1.2,2025-12-11 04:29:37
12718,automatic,sleeper.com,Week 15,Konata,Mumpfield,WR,LAR,1.2,2025-12-11 04:29:37
6001,automatic,sleeper.com,Week 15,Drew,Sample,TE,CIN,1.2,2025-12-11 04:29:37
10871,automatic,sleeper.com,Week 15,Luke,Schoonmaker,TE,DAL,1.2,2025-12-11 04:29:37
3634,automatic,fantasypros.com,Week 15,Kalif,Raymond,WR,DET,1.2,2025-12-11 04:29:37
6847,automatic,fantasypros.com,Week 15,Devin,Duvernay,WR,CHI,1.2,2025-12-11 04:29:37
7602,automatic,fantasypros.com,Week 15,Kylen,Granson,TE,PHI,1.2,2025-12-11 04:29:37
6012,automatic,fanduel.com,Week 15,Travis,Homer,RB,CHI,1.2,2025-12-11 04:29:37
,,sleeper.com,Week 11,Hunter,Luepke,RB,DAL,1.2,2025-12-11 04:29:37
,,sleeper.com,Week 12,Hunter,Luepke,RB,DAL,1.2,2025-12-11 04:29:37
,,sleeper.com,Week 13,Brandin,Cooks,WR,BUF,1.2,2025-12-11 04:29:37
,,sleeper.com,Week 13,Hunter,Luepke,RB,DAL,1.2,2025-12-11 04:29:37
,,sleeper.com,Week 13,Lil'Jordan,Humphrey,WR,DEN,1.2,2025-12-11 04:29:37
,,sleeper.com,Week 15,Brandin,Cooks,WR,BUF,1.2,2025-12-11 04:29:37
,,sleeper.com,Week 15,Hunter,Luepke,RB,DAL,1.2,2025-12-11 04:29:37
,,fantasypros.com,Week 15,Kyle,Juszczyk,RB,SF,1.2,2025-12-11 04:29:37
11433,automatic,fanduel.com,Week 10,Nate,Adkins,TE,DEN,1.19,2025-12-11 04:29:37
12658,automatic,fanduel.com,Week 12,Jackson,Hawes,TE,BUF,1.19,2025-12-11 04:29:37
10871,automatic,fanduel.com,Week 12,Luke,Schoonmaker,TE,DAL,1.19,2025-12-11 04:29:37
6001,automatic,fanduel.com,Week 13,Drew,Sample,TE,CIN,1.19,2025-12-11 04:29:37
11579,automatic,fanduel.com,Week 14,Audric,Estime,RB,NO,1.18,2025-12-11 04:29:37
12543,automatic,fanduel.com,Week 15,Tahj,Brooks,RB,CIN,1.18,2025-12-11 04:29:37
8117,automatic,fanduel.com,Week 15,Jalen,Tolbert,WR,DAL,1.18,2025-12-11 04:29:37
13101,automatic,fanduel.com,Week 13,Gage,Larvadain,WR,CLE,1.16,2025-12-11 04:29:37
7537,automatic,fanduel.com,Week 14,Jaret,Patterson,RB,LAC,1.16,2025-12-11 04:29:37
,,fanduel.com,Week 12,Andrew,Ogletree,TE,IND,1.16,2025-12-11 04:29:37
7842,automatic,fanduel.com,Week 10,Luke,Farrell,TE,SF,1.15,2025-12-11 04:29:37
11596,automatic,fanduel.com,Week 11,Ben,Sinnott,TE,WAS,1.15,2025-12-11 04:29:37
12531,automatic,fanduel.com,Week 13,Trevor,Etienne,RB,CAR,1.15,2025-12-11 04:29:37
5985,automatic,fanduel.com,Week 10,Foster,Moreau,TE,NO,1.14,2025-12-11 04:29:37
13121,automatic,fanduel.com,Week 11,Ben,Yurosek,TE,MIN,1.14,2025-12-11 04:29:37
11168,automatic,fanduel.com,Week 12,Xavier,Smith,WR,LAR,1.14,2025-12-11 04:29:37
12457,automatic,fanduel.com,Week 14,Jaydon,Blue,RB,DAL,1.14,2025-12-11 04:29:37
8253,automatic,fanduel.com,Week 15,Deven,Thompkins,WR,ATL,1.14,2025-12-11 04:29:37
8041,automatic,fanduel.com,Week 15,Shane,Zylstra,TE,DET,1.14,2025-12-11 04:29:37
12658,automatic,fanduel.com,Week 10,Jackson,Hawes,TE,BUF,1.13,2025-12-11 04:29:37
8207,automatic,fanduel.com,Week 12,Tyler,Goodson,RB,IND,1.13,2025-12-11 04:29:37
11649,automatic,fanduel.com,Week 13,Kendall,Milton,RB,CIN,1.12,2025-12-11 04:29:37
,,fanduel.com,Week 13,Patrick,Ricard,RB,BAL,1.12,2025-12-11 04:29:37
7075,automatic,fanduel.com,Week 10,Charlie,Woerner,TE,ATL,1.11,2025-12-11 04:29:37
12521,automatic,fanduel.com,Week 12,Elijah,Arroyo,TE,SEA,1.11,2025-12-11 04:29:37
7075,automatic,fanduel.com,Week 14,Charlie,Woerner,TE,ATL,1.11,2025-12-11 04:29:37
8583,automatic,fanduel.com,Week 15,Stone,Smartt,TE,NYJ,1.11,2025-12-11 04:29:37
5113,automatic,fanduel.com,Week 10,Cedrick,Wilson,WR,MIA,1.1,2025-12-11 04:29:37
10227,automatic,sleeper.com,Week 10,Payne,Durham,TE,TB,1.1,2025-12-11 04:29:37
6826,automatic,sleeper.com,Week 10,Cole,Kmet,TE,CHI,1.1,2025-12-11 04:29:37
5154,automatic,sleeper.com,Week 10,Trent,Sherfield,WR,DEN,1.1,2025-12-11 04:29:37
8172,automatic,sleeper.com,Week 10,Greg,Dulcich,TE,MIA,1.1,2025-12-11 04:29:37
8489,automatic,sleeper.com,Week 10,Drew,Ogletree,TE,IND,1.1,2025-12-11 04:29:37
12412,automatic,sleeper.com,Week 10,Terrell,Jennings,RB,NE,1.1,2025-12-11 04:29:37
12889,automatic,sleeper.com,Week 10,Beaux,Collins,WR,NYG,1.1,2025-12-11 04:29:37
12775,automatic,fantasypros.com,Week 10,Max,Brosmer,QB,MIN,1.1,2025-12-11 04:29:37
11577,automatic,fantasypros.com,Week 10,Will,Shipley,RB,PHI,1.1,2025-12-11 04:29:37
12504,automatic,fantasypros.com,Week 10,Kaleb,Johnson,RB,PIT,1.1,2025-12-11 04:29:37
8076,automatic,fantasypros.com,Week 10,Michael,Bandy,WR,DEN,1.1,2025-12-11 04:29:37
11650,automatic,fantasypros.com,Week 10,Luke,McCaffrey,WR,WAS,1.1,2025-12-11 04:29:37
3286,automatic,sleeper.com,Week 11,Demarcus,Robinson,WR,SF,1.1,2025-12-11 04:29:37
7587,automatic,sleeper.com,Week 11,Dyami,Brown,WR,JAX,1.1,2025-12-11 04:29:37
7535,automatic,sleeper.com,Week 11,Hunter,Long,TE,JAX,1.1,2025-12-11 04:29:37
12048,automatic,sleeper.com,Week 11,George,Holani,RB,SEA,1.1,2025-12-11 04:29:37
5133,automatic,sleeper.com,Week 11,Tyler,Conklin,TE,LAC,1.1,2025-12-11 04:29:37
10227,automatic,sleeper.com,Week 11,Payne,Durham,TE,TB,1.1,2025-12-11 04:29:37
4718,automatic,sleeper.com,Week 11,Dare,Ogunbowale,RB,HOU,1.1,2025-12-11 04:29:37
6865,automatic,sleeper.com,Week 11,Colby,Parkinson,TE,LAR,1.1,2025-12-11 04:29:37
4314,automatic,fantasypros.com,Week 11,Johnny,Mundt,TE,JAX,1.1,2025-12-11 04:29:37
7075,automatic,fanduel.com,Week 11,Charlie,Woerner,TE,ATL,1.1,2025-12-11 04:29:37
8207,automatic,sleeper.com,Week 12,Tyler,Goodson,RB,IND,1.1,2025-12-11 04:29:37
12457,automatic,sleeper.com,Week 12,Jaydon,Blue,RB,DAL,1.1,2025-12-11 04:29:37
11649,automatic,fanduel.com,Week 12,Kendall,Milton,RB,CIN,1.1,2025-12-11 04:29:37
7075,automatic,fanduel.com,Week 12,Charlie,Woerner,TE,ATL,1.1,2025-12-11 04:29:37
6001,automatic,sleeper.com,Week 13,Drew,Sample,TE,CIN,1.1,2025-12-11 04:29:37
11643,automatic,sleeper.com,Week 13,Jaylen,Wright,RB,MIA,1.1,2025-12-11 04:29:37
11575,automatic,sleeper.com,Week 13,Ray,Davis,RB,BUF,1.1,2025-12-11 04:29:37
11599,automatic,sleeper.com,Week 13,Cade,Stover,TE,HOU,1.1,2025-12-11 04:29:37
12521,automatic,fantasypros.com,Week 13,Elijah,Arroyo,TE,SEA,1.1,2025-12-11 04:29:37
7537,automatic,fanduel.com,Week 13,Jaret,Patterson,RB,LAC,1.1,2025-12-11 04:29:37
4992,automatic,sleeper.com,Week 14,Dante,Pettis,WR,NO,1.1,2025-12-11 04:29:37
12718,automatic,sleeper.com,Week 14,Konata,Mumpfield,WR,LAR,1.1,2025-12-11 04:29:37
11199,automatic,sleeper.com,Week 14,Emari,Demercado,RB,ARI,1.1,2025-12-11 04:29:37
6820,automatic,fantasypros.com,Week 14,Clyde,Edwards-Helaire,RB,KC,1.1,2025-12-11 04:29:37
11570,automatic,fantasypros.com,Week 14,Rasheen,Ali,RB,BAL,1.1,2025-12-11 04:29:37
4992,automatic,sleeper.com,Week 15,Dante,Pettis,WR,NO,1.1,2025-12-11 04:29:37
12504,automatic,sleeper.com,Week 15,Kaleb,Johnson,RB,PIT,1.1,2025-12-11 04:29:37
,,fanduel.com,Week 13,Andrew,Ogletree,TE,IND,1.1,2025-12-11 04:29:37
,,sleeper.com,Week 14,Lil'Jordan,Humphrey,WR,DEN,1.1,2025-12-11 04:29:37
,,sleeper.com,Week 15,Lil'Jordan,Humphrey,WR,DEN,1.1,2025-12-11 04:29:37
,,fantasypros.com,Week 15,Hunter,Luepke,RB,DAL,1.1,2025-12-11 04:29:37
,,fantasypros.com,Week 15,Patrick,Ricard,RB,BAL,1.1,2025-12-11 04:29:37
7595,automatic,fanduel.com,Week 10,Tylan,Wallace,WR,BAL,1.09,2025-12-11 04:29:37
11579,automatic,fanduel.com,Week 13,Audric,Estime,RB,NO,1.09,2025-12-11 04:29:37
5133,automatic,fanduel.com,Week 10,Tyler,Conklin,TE,LAC,1.08,2025-12-11 04:29:37
12504,automatic,fanduel.com,Week 10,Kaleb,Johnson,RB,PIT,1.08,2025-12-11 04:29:37
11210,automatic,fanduel.com,Week 10,Malik,Heath,WR,GB,1.08,2025-12-11 04:29:37
12482,automatic,fanduel.com,Week 13,Savion,Williams,WR,GB,1.07,2025-12-11 04:29:37
5773,automatic,fanduel.com,Week 15,Khadarel,Hodge,WR,ATL,1.07,2025-12-11 04:29:37
11575,automatic,fanduel.com,Week 10,Ray,Davis,RB,BUF,1.06,2025-12-11 04:29:37
7537,automatic,fanduel.com,Week 10,Jaret,Patterson,RB,LAC,1.06,2025-12-11 04:29:37
8254,automatic,fanduel.com,Week 11,Julius,Chestnut,RB,TEN,1.06,2025-12-11 04:29:37
7204,automatic,fanduel.com,Week 12,Reggie,Gilliam,RB,BUF,1.06,2025-12-11 04:29:37
11370,automatic,fanduel.com,Week 13,Chris,Brooks,RB,GB,1.06,2025-12-11 04:29:37
8849,automatic,fanduel.com,Week 13,Tanner,Conner,TE,MIA,1.05,2025-12-11 04:29:37
11762,automatic,fanduel.com,Week 13,Anthony,Gould,WR,IND,1.05,2025-12-11 04:29:37
11994,automatic,fanduel.com,Week 13,Kameron,Johnson,WR,TB,1.05,2025-12-11 04:29:37
5113,automatic,fanduel.com,Week 14,Cedrick,Wilson,WR,MIA,1.05,2025-12-11 04:29:37
,,fanduel.com,Week 11,Justin,Shorter,TE,LV,1.05,2025-12-11 04:29:37
6144,automatic,fanduel.com,Week 11,Trayveon,Williams,RB,LAC,1.04,2025-12-11 04:29:37
8208,automatic,fanduel.com,Week 10,Tyler,Badie,RB,DEN,1.03,2025-12-11 04:29:37
8168,automatic,fanduel.com,Week 10,Skyy,Moore,WR,SF,1.03,2025-12-11 04:29:37
8170,automatic,fanduel.com,Week 13,James,Mitchell,TE,CAR,1.03,2025-12-11 04:29:37
7233,automatic,fanduel.com,Week 13,Andre,Baccellia,WR,ARI,1.03,2025-12-11 04:29:37
1689,automatic,fanduel.com,Week 13,Adam,Thielen,WR,MIN,1.03,2025-12-11 04:29:37
5133,automatic,fanduel.com,Week 15,Tyler,Conklin,TE,LAC,1.03,2025-12-11 04:29:37
11377,automatic,fanduel.com,Week 10,Tyrell,Shavers,WR,BUF,1.02,2025-12-11 04:29:37
12536,automatic,fanduel.com,Week 10,Jaylin,Noel,WR,HOU,1.02,2025-12-11 04:29:37
7757,automatic,fanduel.com,Week 12,Ben,Skowronek,WR,PIT,1.02,2025-12-11 04:29:37
11762,automatic,fanduel.com,Week 14,Anthony,Gould,WR,IND,1.02,2025-12-11 04:29:37
8849,automatic,fanduel.com,Week 14,Tanner,Conner,TE,MIA,1.02,2025-12-11 04:29:37
3269,automatic,fanduel.com,Week 15,Chris,Moore,WR,WAS,1.02,2025-12-11 04:29:37
12473,automatic,fanduel.com,Week 15,Mitchell,Evans,TE,CAR,1.02,2025-12-11 04:29:37
12531,automatic,fanduel.com,Week 10,Trevor,Etienne,RB,CAR,1.01,2025-12-11 04:29:37
10225,automatic,fanduel.com,Week 13,Jonathan,Mingo,WR,DAL,1.01,2025-12-11 04:29:37
12473,automatic,fanduel.com,Week 13,Mitchell,Evans,TE,CAR,1.01,2025-12-11 04:29:37
11201,automatic,fanduel.com,Week 13,Blake,Whiteheart,TE,CLE,1.01,2025-12-11 04:29:37
12471,automatic,fanduel.com,Week 13,DJ,Giddens,RB,IND,1.01,2025-12-11 04:29:37
11806,automatic,fanduel.com,Week 13,Casey,Washington,WR,ATL,1.01,2025-12-11 04:29:37
9506,automatic,fanduel.com,Week 14,Sean,Tucker,RB,TB,1.01,2025-12-11 04:29:37
9497,automatic,fanduel.com,Week 15,Jalin,Hyatt,WR,NYG,1.01,2025-12-11 04:29:37
11168,automatic,fanduel.com,Week 10,Xavier,Smith,WR,LAR,1.0,2025-12-11 04:29:37
11806,automatic,sleeper.com,Week 10,Casey,Washington,WR,ATL,1.0,2025-12-11 04:29:37
8147,automatic,sleeper.com,Week 10,John,Metchie,WR,NYJ,1.0,2025-12-11 04:29:37
12539,automatic,sleeper.com,Week 10,Arian,Smith,WR,NYJ,1.0,2025-12-11 04:29:37
7891,automatic,sleeper.com,Week 10,Brock,Wright,TE,DET,1.0,2025-12-11 04:29:37
7612,automatic,fantasypros.com,Week 10,Dee,Eskridge,WR,MIA,1.0,2025-12-11 04:29:37
11806,automatic,sleeper.com,Week 11,Casey,Washington,WR,ATL,1.0,2025-12-11 04:29:37
7536,automatic,sleeper.com,Week 11,Quintin,Morris,TE,JAX,1.0,2025-12-11 04:29:37
4314,automatic,sleeper.com,Week 11,Johnny,Mundt,TE,JAX,1.0,2025-12-11 04:29:37
9230,automatic,fantasypros.com,Week 11,Tanner,McKee,QB,PHI,1.0,2025-12-11 04:29:37
6111,automatic,fantasypros.com,Week 11,Jake,Browning,QB,CIN,1.0,2025-12-11 04:29:37
7610,automatic,fantasypros.com,Week 11,Trey,Lance,QB,LAC,1.0,2025-12-11 04:29:37
4972,automatic,fantasypros.com,Week 11,Mason,Rudolph,QB,PIT,1.0,2025-12-11 04:29:37
6136,automatic,fantasypros.com,Week 11,Jarrett,Stidham,QB,DEN,1.0,2025-12-11 04:29:37
12524,automatic,fantasypros.com,Week 11,Shedeur,Sanders,QB,CLE,1.0,2025-12-11 04:29:37
4464,automatic,fantasypros.com,Week 11,Nick,Mullens,QB,JAX,1.0,2025-12-11 04:29:37
3357,automatic,fantasypros.com,Week 11,Brandon,Allen,QB,TEN,1.0,2025-12-11 04:29:37
12500,automatic,fantasypros.com,Week 11,Quinn,Ewers,QB,MIA,1.0,2025-12-11 04:29:37
11566,automatic,fantasypros.com,Week 11,Jayden,Daniels,QB,WAS,1.0,2025-12-11 04:29:37
4574,automatic,fantasypros.com,Week 11,Cooper,Rush,QB,BAL,1.0,2025-12-11 04:29:37
6770,automatic,fantasypros.com,Week 11,Joe,Burrow,QB,CIN,1.0,2025-12-11 04:29:37
12511,automatic,fantasypros.com,Week 11,Will,Howard,QB,PIT,1.0,2025-12-11 04:29:37
8162,automatic,fantasypros.com,Week 11,Sam,Howell,QB,PHI,1.0,2025-12-11 04:29:37
6011,automatic,fantasypros.com,Week 11,Gardner,Minshew II,QB,KC,1.0,2025-12-11 04:29:37
5854,automatic,fantasypros.com,Week 11,Drew,Lock,QB,SEA,1.0,2025-12-11 04:29:37
1737,automatic,fantasypros.com,Week 11,Case,Keenum,QB,CHI,1.0,2025-12-11 04:29:37
8122,automatic,fantasypros.com,Week 11,Zonovan,Knight,RB,ARI,1.0,2025-12-11 04:29:37
5995,automatic,fantasypros.com,Week 11,Justice,Hill,RB,BAL,1.0,2025-12-11 04:29:37
6039,automatic,fantasypros.com,Week 11,Ty,Johnson,RB,BUF,1.0,2025-12-11 04:29:37
10219,automatic,fantasypros.com,Week 11,Chris,Rodriguez Jr.,RB,WAS,1.0,2025-12-11 04:29:37
12469,automatic,fantasypros.com,Week 11,Dylan,Sampson,RB,CLE,1.0,2025-12-11 04:29:37
9511,automatic,fantasypros.com,Week 11,Keaton,Mitchell,RB,BAL,1.0,2025-12-11 04:29:37
12455,automatic,fantasypros.com,Week 11,Brashard,Smith,RB,KC,1.0,2025-12-11 04:29:37
8208,automatic,fantasypros.com,Week 11,Tyler,Badie,RB,DEN,1.0,2025-12-11 04:29:37
8143,automatic,fantasypros.com,Week 11,Jerome,Ford,RB,CLE,1.0,2025-12-11 04:29:37
9225,automatic,fantasypros.com,Week 11,Tank,Bigsby,RB,PHI,1.0,2025-12-11 04:29:37
7537,automatic,fantasypros.com,Week 11,Jaret,Patterson,RB,LAC,1.0,2025-12-11 04:29:37
12412,automatic,fantasypros.com,Week 11,Terrell,Jennings,RB,NE,1.0,2025-12-11 04:29:37
11575,automatic,fantasypros.com,Week 11,Ray,Davis,RB,BUF,1.0,2025-12-11 04:29:37
7607,automatic,fantasypros.com,Week 11,Michael,Carter,RB,ARI,1.0,2025-12-11 04:29:37
2749,automatic,fantasypros.com,Week 11,Raheem,Mostert,RB,LV,1.0,2025-12-11 04:29:37
6806,automatic,fantasypros.com,Week 11,J.K.,Dobbins,RB,DEN,1.0,2025-12-11 04:29:37
6694,automatic,fantasypros.com,Week 11,D'Ernest,Johnson,RB,NE,1.0,2025-12-11 04:29:37
12543,automatic,fantasypros.com,Week 11,Tahj,Brooks,RB,CIN,1.0,2025-12-11 04:29:37
12504,automatic,fantasypros.com,Week 11,Kaleb,Johnson,RB,PIT,1.0,2025-12-11 04:29:37
11370,automatic,fantasypros.com,Week 11,Chris,Brooks,RB,GB,1.0,2025-12-11 04:29:37
8205,automatic,fantasypros.com,Week 11,Isiah,Pacheco,RB,KC,1.0,2025-12-11 04:29:37
12544,automatic,fantasypros.com,Week 11,LeQuint,Allen Jr.,RB,JAX,1.0,2025-12-11 04:29:37
11577,automatic,fantasypros.com,Week 11,Will,Shipley,RB,PHI,1.0,2025-12-11 04:29:37
12457,automatic,fantasypros.com,Week 11,Jaydon,Blue,RB,DAL,1.0,2025-12-11 04:29:37
6820,automatic,fantasypros.com,Week 11,Clyde,Edwards-Helaire,RB,KC,1.0,2025-12-11 04:29:37
6828,automatic,fantasypros.com,Week 11,A.J.,Dillon,RB,PHI,1.0,2025-12-11 04:29:37
12738,automatic,fantasypros.com,Week 11,Phil,Mafah,RB,DAL,1.0,2025-12-11 04:29:37
11643,automatic,fantasypros.com,Week 11,Jaylen,Wright,RB,MIA,1.0,2025-12-11 04:29:37
11589,automatic,fantasypros.com,Week 11,Trey,Benson,RB,ARI,1.0,2025-12-11 04:29:37
4718,automatic,fantasypros.com,Week 11,Dare,Ogunbowale,RB,HOU,1.0,2025-12-11 04:29:37
12048,automatic,fantasypros.com,Week 11,George,Holani,RB,SEA,1.0,2025-12-11 04:29:37
12531,automatic,fantasypros.com,Week 11,Trevor,Etienne,RB,CAR,1.0,2025-12-11 04:29:37
11574,automatic,fantasypros.com,Week 11,Dylan,Laube,RB,LV,1.0,2025-12-11 04:29:37
11299,automatic,fantasypros.com,Week 11,Zavier,Scott,RB,MIN,1.0,2025-12-11 04:29:37
11584,automatic,fantasypros.com,Week 11,Bucky,Irving,RB,TB,1.0,2025-12-11 04:29:37
11439,automatic,fantasypros.com,Week 11,Jaleel,McLaughlin,RB,DEN,1.0,2025-12-11 04:29:37
8423,automatic,fantasypros.com,Week 11,Brittain,Brown,RB,CHI,1.0,2025-12-11 04:29:37
6012,automatic,fantasypros.com,Week 11,Travis,Homer,RB,CHI,1.0,2025-12-11 04:29:37
12787,automatic,fantasypros.com,Week 11,Josh,Williams S,RB,TB,1.0,2025-12-11 04:29:37
12897,automatic,fantasypros.com,Week 11,Nathan,Carter,RB,ATL,1.0,2025-12-11 04:29:37
11654,automatic,fantasypros.com,Week 11,Dante,Miller,RB,NYG,1.0,2025-12-11 04:29:37
11651,automatic,fantasypros.com,Week 11,Isaac,Guerendo,RB,SF,1.0,2025-12-11 04:29:37
10235,automatic,fantasypros.com,Week 11,Roschon,Johnson,RB,CHI,1.0,2025-12-11 04:29:37
8254,automatic,fantasypros.com,Week 11,Julius,Chestnut,RB,TEN,1.0,2025-12-11 04:29:37
11729,automatic,fantasypros.com,Week 11,Sione,Vaki,RB,DET,1.0,2025-12-11 04:29:37
12171,automatic,fantasypros.com,Week 11,British,Brooks,RB,HOU,1.0,2025-12-11 04:29:37
6938,automatic,fantasypros.com,Week 11,Cam,Akers,RB,MIN,1.0,2025-12-11 04:29:37
6659,automatic,fantasypros.com,Week 11,Craig,Reynolds,RB,DET,1.0,2025-12-11 04:29:37
8800,automatic,fantasypros.com,Week 11,Malik,Davis,RB,DAL,1.0,2025-12-11 04:29:37
12515,automatic,fantasypros.com,Week 11,Donovan,Edwards,RB,WAS,1.0,2025-12-11 04:29:37
8220,automatic,fantasypros.com,Week 11,Sincere,McCormick,RB,SF,1.0,2025-12-11 04:29:37
7720,automatic,fantasypros.com,Week 11,Kene,Nwangwu,RB,NYJ,1.0,2025-12-11 04:29:37
7204,automatic,fantasypros.com,Week 11,Reggie,Gilliam,RB,BUF,1.0,2025-12-11 04:29:37
7087,automatic,fantasypros.com,Week 11,Jonathan,Ward,RB,NE,1.0,2025-12-11 04:29:37
4147,automatic,fantasypros.com,Week 11,Samaje,Perine,RB,CIN,1.0,2025-12-11 04:29:37
6144,automatic,fantasypros.com,Week 11,Trayveon,Williams,RB,LAC,1.0,2025-12-11 04:29:37
8129,automatic,fantasypros.com,Week 11,Dameon,Pierce,RB,HOU,1.0,2025-12-11 04:29:37
7561,automatic,fantasypros.com,Week 11,Elijah,Mitchell,RB,KC,1.0,2025-12-11 04:29:37
7611,automatic,fantasypros.com,Week 11,Rhamondre,Stevenson,RB,NE,1.0,2025-12-11 04:29:37
8127,automatic,fantasypros.com,Week 11,Charlie,Kolar,TE,BAL,1.0,2025-12-11 04:29:37
7828,automatic,fantasypros.com,Week 11,Noah,Gray,TE,KC,1.0,2025-12-11 04:29:37
8225,automatic,fantasypros.com,Week 11,Daniel,Bellinger,TE,NYG,1.0,2025-12-11 04:29:37
7694,automatic,fantasypros.com,Week 11,Tommy,Tremble,TE,CAR,1.0,2025-12-11 04:29:37
3202,automatic,fantasypros.com,Week 11,Austin,Hooper,TE,NE,1.0,2025-12-11 04:29:37
9480,automatic,fantasypros.com,Week 11,Brenton,Strange,TE,JAX,1.0,2025-12-11 04:29:37
6869,automatic,fantasypros.com,Week 11,Adam,Trautman,TE,DEN,1.0,2025-12-11 04:29:37
5133,automatic,fantasypros.com,Week 11,Tyler,Conklin,TE,LAC,1.0,2025-12-11 04:29:37
10236,automatic,fantasypros.com,Week 11,Dalton,Kincaid,TE,BUF,1.0,2025-12-11 04:29:37
7716,automatic,fantasypros.com,Week 11,John,Bates,TE,WAS,1.0,2025-12-11 04:29:37
8500,automatic,fantasypros.com,Week 11,John,FitzPatrick,TE,GB,1.0,2025-12-11 04:29:37
8885,automatic,fantasypros.com,Week 11,Tucker,Fisk,TE,LAC,1.0,2025-12-11 04:29:37
6850,automatic,fantasypros.com,Week 11,Harrison,Bryant,TE,HOU,1.0,2025-12-11 04:29:37
5409,automatic,fantasypros.com,Week 11,Tanner,Hudson,TE,CIN,1.0,2025-12-11 04:29:37
7891,automatic,fantasypros.com,Week 11,Brock,Wright,TE,DET,1.0,2025-12-11 04:29:37
12473,automatic,fantasypros.com,Week 11,Mitchell,Evans,TE,CAR,1.0,2025-12-11 04:29:37
10871,automatic,fantasypros.com,Week 11,Luke,Schoonmaker,TE,DAL,1.0,2025-12-11 04:29:37
8145,automatic,fantasypros.com,Week 11,Jeremy,Ruckert,TE,NYJ,1.0,2025-12-11 04:29:37
7842,automatic,fantasypros.com,Week 11,Luke,Farrell,TE,SF,1.0,2025-12-11 04:29:37
8698,automatic,fantasypros.com,Week 11,Jake,Tonges,TE,SF,1.0,2025-12-11 04:29:37
8181,automatic,fantasypros.com,Week 11,Connor,Heyward,TE,PIT,1.0,2025-12-11 04:29:37
7075,automatic,fantasypros.com,Week 11,Charlie,Woerner,TE,ATL,1.0,2025-12-11 04:29:37
12715,automatic,fantasypros.com,Week 11,Thomas,Fidone II,TE,NYG,1.0,2025-12-11 04:29:37
5154,automatic,fanduel.com,Week 11,Trent,Sherfield,WR,DEN,1.0,2025-12-11 04:29:37
4718,automatic,sleeper.com,Week 12,Dare,Ogunbowale,RB,HOU,1.0,2025-12-11 04:29:37
4314,automatic,sleeper.com,Week 12,Johnny,Mundt,TE,JAX,1.0,2025-12-11 04:29:37
11640,automatic,sleeper.com,Week 12,Jermaine,Burton,WR,CIN,1.0,2025-12-11 04:29:37
11599,automatic,sleeper.com,Week 12,Cade,Stover,TE,HOU,1.0,2025-12-11 04:29:37
12705,automatic,fantasypros.com,Week 12,Graham,Mertz,QB,HOU,1.0,2025-12-11 04:29:37
2152,automatic,fantasypros.com,Week 12,Teddy,Bridgewater,QB,TB,1.0,2025-12-11 04:29:37
11589,automatic,fantasypros.com,Week 12,Trey,Benson,RB,ARI,1.0,2025-12-11 04:29:37
5850,automatic,fantasypros.com,Week 12,Josh,Jacobs,RB,GB,1.0,2025-12-11 04:29:37
6136,automatic,fantasypros.com,Week 13,Jarrett,Stidham,QB,DEN,1.0,2025-12-11 04:29:37
1234,automatic,fantasypros.com,Week 13,Russell,Wilson,QB,NYG,1.0,2025-12-11 04:29:37
3976,automatic,fantasypros.com,Week 13,Mitchell,Trubisky,QB,BUF,1.0,2025-12-11 04:29:37
829,automatic,fantasypros.com,Week 13,Andy,Dalton,QB,CAR,1.0,2025-12-11 04:29:37
4464,automatic,fantasypros.com,Week 13,Nick,Mullens,QB,JAX,1.0,2025-12-11 04:29:37
11557,automatic,fantasypros.com,Week 13,Joe,Milton III,QB,DAL,1.0,2025-12-11 04:29:37
9230,automatic,fantasypros.com,Week 13,Tanner,McKee,QB,PHI,1.0,2025-12-11 04:29:37
11562,automatic,fantasypros.com,Week 13,Spencer,Rattler,QB,NO,1.0,2025-12-11 04:29:37
12470,automatic,fantasypros.com,Week 13,Riley,Leonard,QB,IND,1.0,2025-12-11 04:29:37
7538,automatic,fantasypros.com,Week 13,Zach,Wilson,QB,MIA,1.0,2025-12-11 04:29:37
3357,automatic,fantasypros.com,Week 13,Brandon,Allen,QB,TEN,1.0,2025-12-11 04:29:37
12500,automatic,fantasypros.com,Week 13,Quinn,Ewers,QB,MIA,1.0,2025-12-11 04:29:37
6111,automatic,fantasypros.com,Week 13,Jake,Browning,QB,CIN,1.0,2025-12-11 04:29:37
12486,automatic,fantasypros.com,Week 13,Dillon,Gabriel,QB,CLE,1.0,2025-12-11 04:29:37
4574,automatic,fantasypros.com,Week 13,Cooper,Rush,QB,BAL,1.0,2025-12-11 04:29:37
5970,automatic,fantasypros.com,Week 13,Greg,Dortch,WR,ARI,1.0,2025-12-11 04:29:37
4037,automatic,fantasypros.com,Week 13,Chris,Godwin Jr.,WR,TB,1.0,2025-12-11 04:29:37
6783,automatic,fantasypros.com,Week 13,Jerry,Jeudy,WR,CLE,1.0,2025-12-11 04:29:37
9500,automatic,fantasypros.com,Week 13,Josh,Downs,WR,IND,1.0,2025-12-11 04:29:37
12485,automatic,fantasypros.com,Week 13,Tez,Johnson,WR,TB,1.0,2025-12-11 04:29:37
6149,automatic,fantasypros.com,Week 13,Darius,Slayton,WR,NYG,1.0,2025-12-11 04:29:37
4177,automatic,fantasypros.com,Week 13,Mack,Hollins,WR,NE,1.0,2025-12-11 04:29:37
11646,automatic,fantasypros.com,Week 13,Jalen,Coker,WR,CAR,1.0,2025-12-11 04:29:37
8676,automatic,fantasypros.com,Week 13,Rashid,Shaheed,WR,SEA,1.0,2025-12-11 04:29:37
11625,automatic,fantasypros.com,Week 13,Adonai,Mitchell,WR,NYJ,1.0,2025-12-11 04:29:37
11631,automatic,fantasypros.com,Week 13,Brian,Thomas Jr.,WR,JAX,1.0,2025-12-11 04:29:37
4039,automatic,fantasypros.com,Week 13,Cooper,Kupp,WR,SEA,1.0,2025-12-11 04:29:37
11626,automatic,fantasypros.com,Week 13,Xavier,Legette,WR,CAR,1.0,2025-12-11 04:29:37
4950,automatic,fantasypros.com,Week 13,Christian,Kirk,WR,HOU,1.0,2025-12-11 04:29:37
9501,automatic,fantasypros.com,Week 13,DeMario,Douglas,WR,NE,1.0,2025-12-11 04:29:37
1426,automatic,fantasypros.com,Week 13,DeAndre,Hopkins,WR,BAL,1.0,2025-12-11 04:29:37
11610,automatic,fantasypros.com,Week 13,Malik,Washington,WR,MIA,1.0,2025-12-11 04:29:37
5848,automatic,fantasypros.com,Week 13,Marquise,Brown,WR,KC,1.0,2025-12-11 04:29:37
10444,automatic,fantasypros.com,Week 13,Cedric,Tillman,WR,CLE,1.0,2025-12-11 04:29:37
11834,automatic,fantasypros.com,Week 13,Devaughn,Vele,WR,NO,1.0,2025-12-11 04:29:37
6853,automatic,fantasypros.com,Week 13,Van,Jefferson,WR,TEN,1.0,2025-12-11 04:29:37
2374,automatic,fantasypros.com,Week 13,Tyler,Lockett,WR,LV,1.0,2025-12-11 04:29:37
8125,automatic,fantasypros.com,Week 13,Calvin,Austin III,WR,PIT,1.0,2025-12-11 04:29:37
7670,automatic,fantasypros.com,Week 13,Joshua,Palmer,WR,BUF,1.0,2025-12-11 04:29:37
11068,automatic,fantasypros.com,Week 13,Mitch,Tinsley,WR,CIN,1.0,2025-12-11 04:29:37
9486,automatic,fantasypros.com,Week 13,Dontayvion,Wicks,WR,GB,1.0,2025-12-11 04:29:37
3200,automatic,fantasypros.com,Week 13,Sterling,Shepard,WR,TB,1.0,2025-12-11 04:29:37
12536,automatic,fantasypros.com,Week 13,Jaylin,Noel,WR,HOU,1.0,2025-12-11 04:29:37
12492,automatic,fantasypros.com,Week 13,Pat,Bryant,WR,DEN,1.0,2025-12-11 04:29:37
11630,automatic,fantasypros.com,Week 13,Roman,Wilson,WR,PIT,1.0,2025-12-11 04:29:37
10218,automatic,fantasypros.com,Week 13,Xavier,Hutchinson,WR,HOU,1.0,2025-12-11 04:29:37
6943,automatic,fantasypros.com,Week 13,Gabe,Davis,WR,BUF,1.0,2025-12-11 04:29:37
11783,automatic,fantasypros.com,Week 13,Ryan,Flournoy,WR,DAL,1.0,2025-12-11 04:29:37
12535,automatic,fantasypros.com,Week 13,Isaac,TeSlaa,WR,DET,1.0,2025-12-11 04:29:37
8180,automatic,fantasypros.com,Week 13,Jalen,Nailor,WR,MIN,1.0,2025-12-11 04:29:37
11377,automatic,fantasypros.com,Week 13,Tyrell,Shavers,WR,BUF,1.0,2025-12-11 04:29:37
6154,automatic,fantasypros.com,Week 13,David,Sills V,WR,ATL,1.0,2025-12-11 04:29:37
11895,automatic,fantasypros.com,Week 13,Mason,Tipton,WR,NO,1.0,2025-12-11 04:29:37
8917,automatic,fantasypros.com,Week 13,KaVontae,Turpin,WR,DAL,1.0,2025-12-11 04:29:37
8188,automatic,fantasypros.com,Week 13,Tyquan,Thornton,WR,KC,1.0,2025-12-11 04:29:37
9494,automatic,fantasypros.com,Week 13,Marvin,Mims Jr.,WR,DEN,1.0,2025-12-11 04:29:37
12547,automatic,fantasypros.com,Week 13,Kyle,Williams,WR,NE,1.0,2025-12-11 04:29:37
4351,automatic,fantasypros.com,Week 13,Tim,Patrick,WR,JAX,1.0,2025-12-11 04:29:37
11628,automatic,fantasypros.com,Week 13,Marvin,Harrison Jr.,WR,ARI,1.0,2025-12-11 04:29:37
12503,automatic,fantasypros.com,Week 13,Isaiah,Bond,WR,CLE,1.0,2025-12-11 04:29:37
8119,automatic,fantasypros.com,Week 13,Jahan,Dotson,WR,PHI,1.0,2025-12-11 04:29:37
12501,automatic,fantasypros.com,Week 13,Matthew,Golden,WR,GB,1.0,2025-12-11 04:29:37
11623,automatic,fantasypros.com,Week 13,Jordan,Whittington,WR,LAR,1.0,2025-12-11 04:29:37
3286,automatic,fantasypros.com,Week 13,Demarcus,Robinson,WR,SF,1.0,2025-12-11 04:29:37
7571,automatic,fantasypros.com,Week 13,Rashod,Bateman,WR,BAL,1.0,2025-12-11 04:29:37
5927,automatic,fantasypros.com,Week 13,Terry,McLaurin,WR,WAS,1.0,2025-12-11 04:29:37
6271,automatic,fantasypros.com,Week 13,Olamide,Zaccheaus,WR,CHI,1.0,2025-12-11 04:29:37
11921,automatic,fantasypros.com,Week 13,Xavier,Weaver,WR,ARI,1.0,2025-12-11 04:29:37
12499,automatic,fantasypros.com,Week 13,Elic,Ayomanor,WR,TEN,1.0,2025-12-11 04:29:37
4040,automatic,fantasypros.com,Week 13,JuJu,Smith-Schuster,WR,KC,1.0,2025-12-11 04:29:37
12482,automatic,fantasypros.com,Week 13,Savion,Williams,WR,GB,1.0,2025-12-11 04:29:37
12541,automatic,fantasypros.com,Week 13,Dont'e,Thornton Jr.,WR,LV,1.0,2025-12-11 04:29:37
4454,automatic,fantasypros.com,Week 13,Kendrick,Bourne,WR,SF,1.0,2025-12-11 04:29:37
3269,automatic,fantasypros.com,Week 13,Chris,Moore,WR,WAS,1.0,2025-12-11 04:29:37
12718,automatic,fantasypros.com,Week 13,Konata,Mumpfield,WR,LAR,1.0,2025-12-11 04:29:37
11637,automatic,fantasypros.com,Week 13,Keon,Coleman,WR,BUF,1.0,2025-12-11 04:29:37
12509,automatic,fantasypros.com,Week 13,Tre,Harris,WR,LAC,1.0,2025-12-11 04:29:37
12483,automatic,fantasypros.com,Week 13,Jack,Bech,WR,LV,1.0,2025-12-11 04:29:37
11629,automatic,fantasypros.com,Week 13,Devontez,Walker,WR,BAL,1.0,2025-12-11 04:29:37
12641,automatic,fantasypros.com,Week 13,Jaylin,Lane,WR,WAS,1.0,2025-12-11 04:29:37
7587,automatic,fantasypros.com,Week 13,Dyami,Brown,WR,JAX,1.0,2025-12-11 04:29:37
12520,automatic,fantasypros.com,Week 13,Xavier,Restrepo,WR,TEN,1.0,2025-12-11 04:29:37
5185,automatic,fantasypros.com,Week 13,Allen,Lazard,WR,NYJ,1.0,2025-12-11 04:29:37
7595,automatic,fantasypros.com,Week 13,Tylan,Wallace,WR,BAL,1.0,2025-12-11 04:29:37
5773,automatic,fantasypros.com,Week 13,KhaDarel,Hodge,WR,ATL,1.0,2025-12-11 04:29:37
7436,automatic,fantasypros.com,Week 13,Mason,Kinsey,WR,TEN,1.0,2025-12-11 04:29:37
12523,automatic,fantasypros.com,Week 13,Jimmy,Horn Jr.,WR,CAR,1.0,2025-12-11 04:29:37
9497,automatic,fantasypros.com,Week 13,Jalin,Hyatt,WR,NYG,1.0,2025-12-11 04:29:37
3423,automatic,fantasypros.com,Week 13,Robbie,Chosen,WR,WAS,1.0,2025-12-11 04:29:37
11608,automatic,fantasypros.com,Week 13,Isaiah,Williams,WR,NYJ,1.0,2025-12-11 04:29:37
6957,automatic,fantasypros.com,Week 13,James,Proche II,WR,TEN,1.0,2025-12-11 04:29:37
11474,automatic,fantasypros.com,Week 13,Dylan,Drummond,WR,ATL,1.0,2025-12-11 04:29:37
11617,automatic,fantasypros.com,Week 13,Malachi,Corley,WR,CLE,1.0,2025-12-11 04:29:37
7496,automatic,fantasypros.com,Week 13,Nick,Westbrook-Ikhine,WR,MIA,1.0,2025-12-11 04:29:37
12539,automatic,fantasypros.com,Week 13,Arian,Smith,WR,NYJ,1.0,2025-12-11 04:29:37
1689,automatic,fantasypros.com,Week 13,Adam,Thielen,WR,MIN,1.0,2025-12-11 04:29:37
8168,automatic,fantasypros.com,Week 13,Skyy,Moore,WR,SF,1.0,2025-12-11 04:29:37
7039,automatic,fantasypros.com,Week 13,Cody,White,WR,SEA,1.0,2025-12-11 04:29:37
8117,automatic,fantasypros.com,Week 13,Jalen,Tolbert,WR,DAL,1.0,2025-12-11 04:29:37
8204,automatic,fantasypros.com,Week 13,Bo,Melton,WR,GB,1.0,2025-12-11 04:29:37
7694,automatic,fantasypros.com,Week 13,Tommy,Tremble,TE,CAR,1.0,2025-12-11 04:29:37
10231,automatic,fantasypros.com,Week 13,Elijah,Higgins,TE,ARI,1.0,2025-12-11 04:29:37
8225,automatic,fantasypros.com,Week 13,Daniel,Bellinger,TE,NYG,1.0,2025-12-11 04:29:37
8500,automatic,fantasypros.com,Week 13,John,FitzPatrick,TE,GB,1.0,2025-12-11 04:29:37
8127,automatic,fantasypros.com,Week 13,Charlie,Kolar,TE,BAL,1.0,2025-12-11 04:29:37
12658,automatic,fantasypros.com,Week 13,Jackson,Hawes,TE,BUF,1.0,2025-12-11 04:29:37
4314,automatic,fantasypros.com,Week 13,Johnny,Mundt,TE,JAX,1.0,2025-12-11 04:29:37
9482,automatic,fantasypros.com,Week 13,Michael,Mayer,TE,LV,1.0,2025-12-11 04:29:37
5409,automatic,fantasypros.com,Week 13,Tanner,Hudson,TE,CIN,1.0,2025-12-11 04:29:37
8145,automatic,fantasypros.com,Week 13,Jeremy,Ruckert,TE,NYJ,1.0,2025-12-11 04:29:37
5285,automatic,fantasypros.com,Week 13,Ross,Dwelley,TE,DET,1.0,2025-12-11 04:29:37
12473,automatic,fantasypros.com,Week 13,Mitchell,Evans,TE,CAR,1.0,2025-12-11 04:29:37
5985,automatic,fantasypros.com,Week 13,Foster,Moreau,TE,NO,1.0,2025-12-11 04:29:37
10871,automatic,fantasypros.com,Week 13,Luke,Schoonmaker,TE,DAL,1.0,2025-12-11 04:29:37
5973,automatic,fantasypros.com,Week 13,Josh,Oliver,TE,MIN,1.0,2025-12-11 04:29:37
10212,automatic,fantasypros.com,Week 13,Josh,Whyle,TE,GB,1.0,2025-12-11 04:29:37
8698,automatic,fantasypros.com,Week 13,Jake,Tonges,TE,SF,1.0,2025-12-11 04:29:37
7828,automatic,fantasypros.com,Week 13,Noah,Gray,TE,KC,1.0,2025-12-11 04:29:37
11599,automatic,fantasypros.com,Week 13,Cade,Stover,TE,HOU,1.0,2025-12-11 04:29:37
7536,automatic,fantasypros.com,Week 13,Quintin,Morris,TE,JAX,1.0,2025-12-11 04:29:37
8181,automatic,fantasypros.com,Week 13,Connor,Heyward,TE,PIT,1.0,2025-12-11 04:29:37
11596,automatic,fantasypros.com,Week 13,Ben,Sinnott,TE,WAS,1.0,2025-12-11 04:29:37
8177,automatic,fantasypros.com,Week 13,Grant,Calcaterra,TE,PHI,1.0,2025-12-11 04:29:37
11595,automatic,fantasypros.com,Week 13,Jared,Wiley,TE,KC,1.0,2025-12-11 04:29:37
7075,automatic,fantasypros.com,Week 13,Charlie,Woerner,TE,ATL,1.0,2025-12-11 04:29:37
6001,automatic,fantasypros.com,Week 13,Drew,Sample,TE,CIN,1.0,2025-12-11 04:29:37
4054,automatic,fantasypros.com,Week 13,Mo,Alie-Cox,TE,IND,1.0,2025-12-11 04:29:37
7602,automatic,fantasypros.com,Week 13,Kylen,Granson,TE,PHI,1.0,2025-12-11 04:29:37
11593,automatic,fantasypros.com,Week 13,Brevyn,Spann-Ford,TE,DAL,1.0,2025-12-11 04:29:37
12504,automatic,sleeper.com,Week 14,Kaleb,Johnson,RB,PIT,1.0,2025-12-11 04:29:37
6957,automatic,sleeper.com,Week 14,James,Proche,WR,TEN,1.0,2025-12-11 04:29:37
7436,automatic,sleeper.com,Week 15,Mason,Kinsey,WR,TEN,1.0,2025-12-11 04:29:37
6957,automatic,sleeper.com,Week 15,James,Proche,WR,TEN,1.0,2025-12-11 04:29:37
12472,automatic,sleeper.com,Week 15,Raheim,Sanders,RB,CLE,1.0,2025-12-11 04:29:37
4718,automatic,sleeper.com,Week 15,Dare,Ogunbowale,RB,HOU,1.0,2025-12-11 04:29:37
11299,automatic,fantasypros.com,Week 15,Zavier,Scott,RB,MIN,1.0,2025-12-11 04:29:37
11574,automatic,fantasypros.com,Week 15,Dylan,Laube,RB,LV,1.0,2025-12-11 04:29:37
12541,automatic,fantasypros.com,Week 15,Dont'e,Thornton Jr.,WR,LV,1.0,2025-12-11 04:29:37
12539,automatic,fantasypros.com,Week 15,Arian,Smith,WR,NYJ,1.0,2025-12-11 04:29:37
11371,automatic,fantasypros.com,Week 15,Julian,Hill,TE,MIA,1.0,2025-12-11 04:29:37
11593,automatic,fantasypros.com,Week 15,Brevyn,Spann-Ford,TE,DAL,1.0,2025-12-11 04:29:37
5973,automatic,fanduel.com,Week 15,Josh,Oliver,TE,MIN,1.0,2025-12-11 04:29:37
,,fantasypros.com,Week 10,Alec,Ingold,RB,MIA,1.0,2025-12-11 04:29:37
,,fantasypros.com,Week 11,Kyle,Juszczyk,RB,SF,1.0,2025-12-11 04:29:37
,,fantasypros.com,Week 11,Alec,Ingold,RB,MIA,1.0,2025-12-11 04:29:37
,,fantasypros.com,Week 11,Adam,Prentice,RB,DEN,1.0,2025-12-11 04:29:37
,,fantasypros.com,Week 11,Hunter,Luepke,RB,DAL,1.0,2025-12-11 04:29:37
,,fantasypros.com,Week 11,Patrick,Ricard,RB,BAL,1.0,2025-12-11 04:29:37
,,fantasypros.com,Week 11,C.J.,Ham,RB,MIN,1.0,2025-12-11 04:29:37
,,fantasypros.com,Week 11,Trey,Sermon,RB,FA,1.0,2025-12-11 04:29:37
,,fantasypros.com,Week 13,Isaiah,Hodgins,WR,NYG,1.0,2025-12-11 04:29:37
,,fantasypros.com,Week 13,Elijah,Moore,WR,FA,1.0,2025-12-11 04:29:37
,,sleeper.com,Week 14,Anthony,Firkser,TE,DET,1.0,2025-12-11 04:29:37
,,fantasypros.com,Week 15,Alec,Ingold,RB,MIA,1.0,2025-12-11 04:29:37
4198,automatic,fanduel.com,Week 12,Jamal,Agnew,WR,ATL,0.99,2025-12-11 04:29:37
5008,automatic,fanduel.com,Week 13,Durham,Smythe,TE,CHI,0.99,2025-12-11 04:29:37
4351,automatic,fanduel.com,Week 13,Tim,Patrick,WR,JAX,0.99,2025-12-11 04:29:37
5010,automatic,fanduel.com,Week 10,Will,Dissly,TE,LAC,0.98,2025-12-11 04:29:37
12531,automatic,fanduel.com,Week 11,Trevor,Etienne,RB,CAR,0.98,2025-12-11 04:29:37
12544,automatic,fanduel.com,Week 12,LeQuint,Allen Jr.,RB,JAX,0.98,2025-12-11 04:29:37
12531,automatic,fanduel.com,Week 12,Trevor,Etienne,RB,CAR,0.98,2025-12-11 04:29:37
11633,automatic,fanduel.com,Week 14,Jamari,Thrash,WR,CLE,0.98,2025-12-11 04:29:37
,,fanduel.com,Week 10,Alec,Ingold,RB,MIA,0.98,2025-12-11 04:29:37
12544,automatic,fanduel.com,Week 11,LeQuint,Allen Jr.,RB,JAX,0.97,2025-12-11 04:29:37
5086,automatic,fanduel.com,Week 12,Marquez,Valdes-Scantling,WR,PIT,0.97,2025-12-11 04:29:37
13121,automatic,fanduel.com,Week 12,Ben,Yurosek,TE,MIN,0.97,2025-12-11 04:29:37
12544,automatic,fanduel.com,Week 10,LeQuint,Allen Jr.,RB,JAX,0.96,2025-12-11 04:29:37
7535,automatic,fanduel.com,Week 13,Hunter,Long,TE,JAX,0.96,2025-12-11 04:29:37
11649,automatic,fanduel.com,Week 15,Kendall,Milton,RB,CIN,0.96,2025-12-11 04:29:37
6427,automatic,fanduel.com,Week 10,Ashton,Dulin,WR,IND,0.95,2025-12-11 04:29:37
4198,automatic,fanduel.com,Week 13,Jamal,Agnew,WR,ATL,0.95,2025-12-11 04:29:37
11157,automatic,fanduel.com,Week 15,Brycen,Tremayne,WR,CAR,0.95,2025-12-11 04:29:37
,,fanduel.com,Week 11,Alec,Ingold,RB,MIA,0.95,2025-12-11 04:29:37
,,fanduel.com,Week 14,Hunter,Luepke,RB,DAL,0.95,2025-12-11 04:29:37
,,fanduel.com,Week 12,Patrick,Ricard,RB,BAL,0.94,2025-12-11 04:29:37
11168,automatic,fanduel.com,Week 11,Xavier,Smith,WR,LAR,0.93,2025-12-11 04:29:37
6323,automatic,fanduel.com,Week 15,Andrew,Beck,RB,NYJ,0.93,2025-12-11 04:29:37
,,fanduel.com,Week 11,Kyle,Juszczyk,RB,SF,0.93,2025-12-11 04:29:37
7757,automatic,fanduel.com,Week 14,Ben,Skowronek,WR,PIT,0.92,2025-12-11 04:29:37
8127,automatic,fanduel.com,Week 12,Charlie,Kolar,TE,BAL,0.91,2025-12-11 04:29:37
5985,automatic,sleeper.com,Week 10,Foster,Moreau,TE,NO,0.9,2025-12-11 04:29:37
12634,automatic,sleeper.com,Week 10,Jordan,Watkins,WR,SF,0.9,2025-12-11 04:29:37
4718,automatic,sleeper.com,Week 10,Dare,Ogunbowale,RB,HOU,0.9,2025-12-11 04:29:37
7611,automatic,fantasypros.com,Week 10,Rhamondre,Stevenson,RB,NE,0.9,2025-12-11 04:29:37
11643,automatic,fantasypros.com,Week 10,Jaylen,Wright,RB,MIA,0.9,2025-12-11 04:29:37
11821,automatic,fantasypros.com,Week 10,Tahj,Washington,WR,MIA,0.9,2025-12-11 04:29:37
9486,automatic,fantasypros.com,Week 10,Dontayvion,Wicks,WR,GB,0.9,2025-12-11 04:29:37
7891,automatic,sleeper.com,Week 11,Brock,Wright,TE,DET,0.9,2025-12-11 04:29:37
4995,automatic,sleeper.com,Week 11,Ian,Thomas,TE,LV,0.9,2025-12-11 04:29:37
11421,automatic,sleeper.com,Week 12,Ryan,Miller,WR,TB,0.9,2025-12-11 04:29:37
11575,automatic,sleeper.com,Week 12,Ray,Davis,RB,BUF,0.9,2025-12-11 04:29:37
4054,automatic,fanduel.com,Week 12,Mo,Alie-Cox,TE,IND,0.9,2025-12-11 04:29:37
12531,automatic,fantasypros.com,Week 12,Trevor,Etienne,RB,CAR,0.9,2025-12-11 04:29:37
4718,automatic,fantasypros.com,Week 12,Dare,Ogunbowale,RB,HOU,0.9,2025-12-11 04:29:37
10235,automatic,fantasypros.com,Week 12,Roschon,Johnson,RB,CHI,0.9,2025-12-11 04:29:37
7039,automatic,sleeper.com,Week 13,Cody,White,WR,SEA,0.9,2025-12-11 04:29:37
12670,automatic,sleeper.com,Week 13,KeAndre,Lambert-Smith,WR,LAC,0.9,2025-12-11 04:29:37
11157,automatic,fanduel.com,Week 13,Brycen,Tremayne,WR,CAR,0.9,2025-12-11 04:29:37
7436,automatic,sleeper.com,Week 14,Mason,Kinsey,WR,TEN,0.9,2025-12-11 04:29:37
7757,automatic,sleeper.com,Week 14,Ben,Skowronek,WR,PIT,0.9,2025-12-11 04:29:37
4314,automatic,sleeper.com,Week 14,Johnny,Mundt,TE,JAX,0.9,2025-12-11 04:29:37
12658,automatic,sleeper.com,Week 14,Jackson,Hawes,TE,BUF,0.9,2025-12-11 04:29:37
2359,automatic,fantasypros.com,Week 14,Ameer,Abdullah,RB,IND,0.9,2025-12-11 04:29:37
11579,automatic,fantasypros.com,Week 14,Audric,Estime,RB,NO,0.9,2025-12-11 04:29:37
11199,automatic,fantasypros.com,Week 14,Emari,Demercado,RB,ARI,0.9,2025-12-11 04:29:37
12547,automatic,sleeper.com,Week 15,Kyle,Williams,WR,NE,0.9,2025-12-11 04:29:37
12658,automatic,sleeper.com,Week 15,Jackson,Hawes,TE,BUF,0.9,2025-12-11 04:29:37
12412,automatic,fantasypros.com,Week 15,Terrell,Jennings,RB,NE,0.9,2025-12-11 04:29:37
6957,automatic,fantasypros.com,Week 15,James,Proche II,WR,TEN,0.9,2025-12-11 04:29:37
,,fantasypros.com,Week 15,Adam,Prentice,RB,DEN,0.9,2025-12-11 04:29:37
,,fanduel.com,Week 15,Patrick,Ricard,RB,BAL,0.9,2025-12-11 04:29:37
10227,automatic,fanduel.com,Week 11,Payne,Durham,TE,TB,0.89,2025-12-11 04:29:37
12520,automatic,fanduel.com,Week 14,Xavier,Restrepo,WR,TEN,0.89,2025-12-11 04:29:37
,,fanduel.com,Week 12,Kyle,Juszczyk,RB,SF,0.89,2025-12-11 04:29:37
12357,automatic,fanduel.com,Week 11,David,Martin-Robinson,TE,TEN,0.88,2025-12-11 04:29:37
11306,automatic,fanduel.com,Week 13,Xavier,Gipson,WR,PHI,0.88,2025-12-11 04:29:37
12171,automatic,fanduel.com,Week 13,British,Brooks,RB,HOU,0.87,2025-12-11 04:29:37
8254,automatic,fanduel.com,Week 15,Julius,Chestnut,RB,TEN,0.86,2025-12-11 04:29:37
8127,automatic,fanduel.com,Week 11,Charlie,Kolar,TE,BAL,0.85,2025-12-11 04:29:37
11306,automatic,fanduel.com,Week 12,Xavier,Gipson,WR,PHI,0.85,2025-12-11 04:29:37
7561,automatic,fanduel.com,Week 13,Elijah,Mitchell,RB,KC,0.85,2025-12-11 04:29:37
2359,automatic,fanduel.com,Week 10,Ameer,Abdullah,RB,IND,0.84,2025-12-11 04:29:37
11651,automatic,fanduel.com,Week 15,Isaac,Guerendo,RB,SF,0.84,2025-12-11 04:29:37
,,fanduel.com,Week 15,Hunter,Luepke,RB,DAL,0.84,2025-12-11 04:29:37
,,fanduel.com,Week 11,Hunter,Luepke,RB,DAL,0.83,2025-12-11 04:29:37
11299,automatic,fanduel.com,Week 10,Zavier,Scott,RB,MIN,0.82,2025-12-11 04:29:37
7607,automatic,fanduel.com,Week 11,Michael,Carter,RB,ARI,0.82,2025-12-11 04:29:37
7531,automatic,fanduel.com,Week 15,Feleipe,Franks,TE,ATL,0.82,2025-12-11 04:29:37
5284,automatic,fanduel.com,Week 14,Jeff,Wilson,RB,MIA,0.81,2025-12-11 04:29:37
4995,automatic,fanduel.com,Week 15,Ian,Thomas,TE,LV,0.81,2025-12-11 04:29:37
,,fanduel.com,Week 13,Hunter,Luepke,RB,DAL,0.81,2025-12-11 04:29:37
8139,automatic,fanduel.com,Week 10,Zamir,White,RB,LV,0.8,2025-12-11 04:29:37
12539,automatic,fanduel.com,Week 10,Arian,Smith,WR,NYJ,0.8,2025-12-11 04:29:37
11157,automatic,sleeper.com,Week 10,Brycen,Tremayne,WR,CAR,0.8,2025-12-11 04:29:37
11596,automatic,sleeper.com,Week 10,Ben,Sinnott,TE,WAS,0.8,2025-12-11 04:29:37
11617,automatic,sleeper.com,Week 10,Malachi,Corley,WR,CLE,0.8,2025-12-11 04:29:37
3048,automatic,sleeper.com,Week 10,Chris,Manhertz,TE,NYG,0.8,2025-12-11 04:29:37
12531,automatic,sleeper.com,Week 10,Trevor,Etienne,RB,CAR,0.8,2025-12-11 04:29:37
4995,automatic,sleeper.com,Week 10,Ian,Thomas,TE,LV,0.8,2025-12-11 04:29:37
8168,automatic,sleeper.com,Week 10,Skyy,Moore,WR,SF,0.8,2025-12-11 04:29:37
12658,automatic,sleeper.com,Week 10,Jackson,Hawes,TE,BUF,0.8,2025-12-11 04:29:37
6427,automatic,sleeper.com,Week 10,Ashton,Dulin,WR,IND,0.8,2025-12-11 04:29:37
6012,automatic,fantasypros.com,Week 10,Travis,Homer,RB,CHI,0.8,2025-12-11 04:29:37
6694,automatic,fantasypros.com,Week 10,D'Ernest,Johnson,RB,NE,0.8,2025-12-11 04:29:37
12531,automatic,fantasypros.com,Week 10,Trevor,Etienne,RB,CAR,0.8,2025-12-11 04:29:37
11574,automatic,fantasypros.com,Week 10,Dylan,Laube,RB,LV,0.8,2025-12-11 04:29:37
11157,automatic,sleeper.com,Week 11,Brycen,Tremayne,WR,CAR,0.8,2025-12-11 04:29:37
3048,automatic,sleeper.com,Week 11,Chris,Manhertz,TE,NYG,0.8,2025-12-11 04:29:37
12670,automatic,sleeper.com,Week 11,KeAndre,Lambert-Smith,WR,LAC,0.8,2025-12-11 04:29:37
11299,automatic,fanduel.com,Week 11,Zavier,Scott,RB,MIN,0.8,2025-12-11 04:29:37
11157,automatic,sleeper.com,Week 12,Brycen,Tremayne,WR,CAR,0.8,2025-12-11 04:29:37
7746,automatic,sleeper.com,Week 12,Austin,Trammell,WR,JAX,0.8,2025-12-11 04:29:37
4995,automatic,sleeper.com,Week 12,Ian,Thomas,TE,LV,0.8,2025-12-11 04:29:37
2306,automatic,fantasypros.com,Week 12,Jameis,Winston,QB,NYG,0.8,2025-12-11 04:29:37
6694,automatic,fantasypros.com,Week 12,D'Ernest,Johnson,RB,NE,0.8,2025-12-11 04:29:37
11199,automatic,fantasypros.com,Week 12,Emari,Demercado,RB,ARI,0.8,2025-12-11 04:29:37
8254,automatic,fantasypros.com,Week 12,Julius,Chestnut,RB,TEN,0.8,2025-12-11 04:29:37
12471,automatic,fantasypros.com,Week 12,DJ,Giddens,RB,IND,0.8,2025-12-11 04:29:37
8204,automatic,fantasypros.com,Week 12,Bo,Melton,WR,GB,0.8,2025-12-11 04:29:37
4054,automatic,sleeper.com,Week 13,Mo,Alie-Cox,TE,IND,0.8,2025-12-11 04:29:37
11157,automatic,sleeper.com,Week 13,Brycen,Tremayne,WR,CAR,0.8,2025-12-11 04:29:37
5133,automatic,sleeper.com,Week 13,Tyler,Conklin,TE,LAC,0.8,2025-12-11 04:29:37
11201,automatic,sleeper.com,Week 13,Blake,Whiteheart,TE,CLE,0.8,2025-12-11 04:29:37
7075,automatic,sleeper.com,Week 13,Charlie,Woerner,TE,ATL,0.8,2025-12-11 04:29:37
4995,automatic,sleeper.com,Week 13,Ian,Thomas,TE,LV,0.8,2025-12-11 04:29:37
12547,automatic,sleeper.com,Week 13,Kyle,Williams,WR,NE,0.8,2025-12-11 04:29:37
4718,automatic,sleeper.com,Week 13,Dare,Ogunbowale,RB,HOU,0.8,2025-12-11 04:29:37
12412,automatic,sleeper.com,Week 13,Terrell,Jennings,RB,NE,0.8,2025-12-11 04:29:37
4314,automatic,sleeper.com,Week 13,Johnny,Mundt,TE,JAX,0.8,2025-12-11 04:29:37
12658,automatic,sleeper.com,Week 13,Jackson,Hawes,TE,BUF,0.8,2025-12-11 04:29:37
5284,automatic,fanduel.com,Week 13,Jeff,Wilson,RB,MIA,0.8,2025-12-11 04:29:37
4054,automatic,sleeper.com,Week 14,Mo,Alie-Cox,TE,IND,0.8,2025-12-11 04:29:37
5773,automatic,sleeper.com,Week 14,KhaDarel,Hodge,WR,ATL,0.8,2025-12-11 04:29:37
11201,automatic,sleeper.com,Week 14,Blake,Whiteheart,TE,CLE,0.8,2025-12-11 04:29:37
7075,automatic,sleeper.com,Week 14,Charlie,Woerner,TE,ATL,0.8,2025-12-11 04:29:37
4995,automatic,sleeper.com,Week 14,Ian,Thomas,TE,LV,0.8,2025-12-11 04:29:37
11729,automatic,sleeper.com,Week 14,Sione,Vaki,RB,DET,0.8,2025-12-11 04:29:37
4718,automatic,sleeper.com,Week 14,Dare,Ogunbowale,RB,HOU,0.8,2025-12-11 04:29:37
12670,automatic,sleeper.com,Week 14,KeAndre,Lambert-Smith,WR,LAC,0.8,2025-12-11 04:29:37
11068,automatic,sleeper.com,Week 14,Mitch,Tinsley,WR,CIN,0.8,2025-12-11 04:29:37
7593,automatic,fantasypros.com,Week 14,Trey,Sermon,RB,PIT,0.8,2025-12-11 04:29:37
12471,automatic,fantasypros.com,Week 14,DJ,Giddens,RB,IND,0.8,2025-12-11 04:29:37
11157,automatic,sleeper.com,Week 15,Brycen,Tremayne,WR,CAR,0.8,2025-12-11 04:29:37
5773,automatic,sleeper.com,Week 15,KhaDarel,Hodge,WR,ATL,0.8,2025-12-11 04:29:37
12641,automatic,sleeper.com,Week 15,Jaylin,Lane,WR,WAS,0.8,2025-12-11 04:29:37
11201,automatic,sleeper.com,Week 15,Blake,Whiteheart,TE,CLE,0.8,2025-12-11 04:29:37
4995,automatic,sleeper.com,Week 15,Ian,Thomas,TE,LV,0.8,2025-12-11 04:29:37
12412,automatic,sleeper.com,Week 15,Terrell,Jennings,RB,NE,0.8,2025-12-11 04:29:37
12670,automatic,sleeper.com,Week 15,KeAndre,Lambert-Smith,WR,LAC,0.8,2025-12-11 04:29:37
4314,automatic,sleeper.com,Week 15,Johnny,Mundt,TE,JAX,0.8,2025-12-11 04:29:37
6588,automatic,sleeper.com,Week 15,Tom,Kennedy,WR,DET,0.8,2025-12-11 04:29:37
11068,automatic,sleeper.com,Week 15,Mitch,Tinsley,WR,CIN,0.8,2025-12-11 04:29:37
12171,automatic,fantasypros.com,Week 15,British,Brooks,RB,HOU,0.8,2025-12-11 04:29:37
4035,automatic,fantasypros.com,Week 15,Alvin,Kamara,RB,NO,0.8,2025-12-11 04:29:37
12471,automatic,fantasypros.com,Week 15,DJ,Giddens,RB,IND,0.8,2025-12-11 04:29:37
6820,automatic,fantasypros.com,Week 15,Clyde,Edwards-Helaire,RB,KC,0.8,2025-12-11 04:29:37
,,sleeper.com,Week 10,C.J.,Ham,RB,MIN,0.8,2025-12-11 04:29:37
,,fantasypros.com,Week 10,Patrick,Ricard,RB,BAL,0.8,2025-12-11 04:29:37
,,fantasypros.com,Week 10,Adam,Prentice,RB,DEN,0.8,2025-12-11 04:29:37
,,fantasypros.com,Week 10,C.J.,Ham,RB,MIN,0.8,2025-12-11 04:29:37
,,sleeper.com,Week 11,C.J.,Ham,RB,MIN,0.8,2025-12-11 04:29:37
,,sleeper.com,Week 12,C.J.,Ham,RB,MIN,0.8,2025-12-11 04:29:37
,,fanduel.com,Week 13,Kyle,Juszczyk,RB,SF,0.8,2025-12-11 04:29:37
,,fantasypros.com,Week 14,Alec,Ingold,RB,MIA,0.8,2025-12-11 04:29:37
,,fantasypros.com,Week 14,C.J.,Ham,RB,MIN,0.8,2025-12-11 04:29:37
11370,automatic,fanduel.com,Week 11,Chris,Brooks,RB,GB,0.79,2025-12-11 04:29:37
8254,automatic,fanduel.com,Week 12,Julius,Chestnut,RB,TEN,0.79,2025-12-11 04:29:37
6659,automatic,fanduel.com,Week 13,Craig,Reynolds,RB,DET,0.79,2025-12-11 04:29:37
11651,automatic,fanduel.com,Week 12,Isaac,Guerendo,RB,SF,0.78,2025-12-11 04:29:37
7587,automatic,fanduel.com,Week 15,Dyami,Brown,WR,JAX,0.78,2025-12-11 04:29:37
6012,automatic,fanduel.com,Week 12,Travis,Homer,RB,CHI,0.77,2025-12-11 04:29:37
,,fanduel.com,Week 10,Tay,Martin,WR,WAS,0.77,2025-12-11 04:29:37
,,fanduel.com,Week 11,Tay,Martin,WR,WAS,0.77,2025-12-11 04:29:37
8207,automatic,fanduel.com,Week 13,Tyler,Goodson,RB,IND,0.75,2025-12-11 04:29:37
,,fanduel.com,Week 12,Hunter,Luepke,RB,DAL,0.75,2025-12-11 04:29:37
11729,automatic,fanduel.com,Week 12,Sione,Vaki,RB,DET,0.74,2025-12-11 04:29:37
11299,automatic,fanduel.com,Week 12,Zavier,Scott,RB,MIN,0.74,2025-12-11 04:29:37
6694,automatic,fanduel.com,Week 12,D'Ernest,Johnson,RB,NE,0.72,2025-12-11 04:29:37
12171,automatic,fanduel.com,Week 15,British,Brooks,RB,HOU,0.72,2025-12-11 04:29:37
5284,automatic,fanduel.com,Week 15,Jeff,Wilson,RB,MIA,0.72,2025-12-11 04:29:37
6820,automatic,fanduel.com,Week 12,Clyde,Edwards-Helaire,RB,KC,0.71,2025-12-11 04:29:37
6694,automatic,fanduel.com,Week 13,D'Ernest,Johnson,RB,NE,0.71,2025-12-11 04:29:37
4054,automatic,fanduel.com,Week 15,Mo,Alie-Cox,TE,IND,0.71,2025-12-11 04:29:37
8181,automatic,fanduel.com,Week 15,Connor,Heyward,TE,PIT,0.71,2025-12-11 04:29:37
7842,automatic,sleeper.com,Week 10,Luke,Farrell,TE,SF,0.7,2025-12-11 04:29:37
5133,automatic,sleeper.com,Week 10,Tyler,Conklin,TE,LAC,0.7,2025-12-11 04:29:37
11201,automatic,sleeper.com,Week 10,Blake,Whiteheart,TE,CLE,0.7,2025-12-11 04:29:37
8583,automatic,sleeper.com,Week 10,Stone,Smartt,TE,NYJ,0.7,2025-12-11 04:29:37
7075,automatic,sleeper.com,Week 10,Charlie,Woerner,TE,ATL,0.7,2025-12-11 04:29:37
5113,automatic,sleeper.com,Week 10,Cedrick,Wilson,WR,MIA,0.7,2025-12-11 04:29:37
7083,automatic,fantasypros.com,Week 10,Tyler,Huntley,QB,BAL,0.7,2025-12-11 04:29:37
1234,automatic,fantasypros.com,Week 10,Russell,Wilson,QB,NYG,0.7,2025-12-11 04:29:37
6659,automatic,fantasypros.com,Week 10,Craig,Reynolds,RB,DET,0.7,2025-12-11 04:29:37
6386,automatic,sleeper.com,Week 11,Alex,Bachman,WR,LV,0.7,2025-12-11 04:29:37
8254,automatic,sleeper.com,Week 11,Julius,Chestnut,RB,TEN,0.7,2025-12-11 04:29:37
12482,automatic,sleeper.com,Week 11,Savion,Williams,WR,GB,0.7,2025-12-11 04:29:37
11201,automatic,sleeper.com,Week 11,Blake,Whiteheart,TE,CLE,0.7,2025-12-11 04:29:37
12531,automatic,sleeper.com,Week 11,Trevor,Etienne,RB,CAR,0.7,2025-12-11 04:29:37
11593,automatic,sleeper.com,Week 11,Brevyn,Spann-Ford,TE,DAL,0.7,2025-12-11 04:29:37
8583,automatic,sleeper.com,Week 11,Stone,Smartt,TE,NYJ,0.7,2025-12-11 04:29:37
7075,automatic,sleeper.com,Week 11,Charlie,Woerner,TE,ATL,0.7,2025-12-11 04:29:37
11421,automatic,sleeper.com,Week 11,Ryan,Miller,WR,TB,0.7,2025-12-11 04:29:37
11068,automatic,sleeper.com,Week 11,Mitch,Tinsley,WR,CIN,0.7,2025-12-11 04:29:37
11643,automatic,fanduel.com,Week 11,Jaylen,Wright,RB,MIA,0.7,2025-12-11 04:29:37
8254,automatic,sleeper.com,Week 12,Julius,Chestnut,RB,TEN,0.7,2025-12-11 04:29:37
11201,automatic,sleeper.com,Week 12,Blake,Whiteheart,TE,CLE,0.7,2025-12-11 04:29:37
12531,automatic,sleeper.com,Week 12,Trevor,Etienne,RB,CAR,0.7,2025-12-11 04:29:37
12412,automatic,sleeper.com,Week 12,Terrell,Jennings,RB,NE,0.7,2025-12-11 04:29:37
12505,automatic,sleeper.com,Week 12,Jalen,Royals,WR,KC,0.7,2025-12-11 04:29:37
12486,automatic,fantasypros.com,Week 12,Dillon,Gabriel,QB,CLE,0.7,2025-12-11 04:29:37
8177,automatic,sleeper.com,Week 13,Grant,Calcaterra,TE,PHI,0.7,2025-12-11 04:29:37
8254,automatic,sleeper.com,Week 13,Julius,Chestnut,RB,TEN,0.7,2025-12-11 04:29:37
6699,automatic,sleeper.com,Week 13,Gunner,Olszewski,WR,NYG,0.7,2025-12-11 04:29:37
11593,automatic,sleeper.com,Week 13,Brevyn,Spann-Ford,TE,DAL,0.7,2025-12-11 04:29:37
12543,automatic,sleeper.com,Week 14,Tahj,Brooks,RB,CIN,0.7,2025-12-11 04:29:37
8254,automatic,sleeper.com,Week 14,Julius,Chestnut,RB,TEN,0.7,2025-12-11 04:29:37
5133,automatic,sleeper.com,Week 14,Tyler,Conklin,TE,LAC,0.7,2025-12-11 04:29:37
11593,automatic,sleeper.com,Week 14,Brevyn,Spann-Ford,TE,DAL,0.7,2025-12-11 04:29:37
11762,automatic,sleeper.com,Week 14,Anthony,Gould,WR,IND,0.7,2025-12-11 04:29:37
6659,automatic,fanduel.com,Week 14,Craig,Reynolds,RB,DET,0.7,2025-12-11 04:29:37
7537,automatic,fantasypros.com,Week 14,Jaret,Patterson,RB,LAC,0.7,2025-12-11 04:29:37
4054,automatic,sleeper.com,Week 15,Mo,Alie-Cox,TE,IND,0.7,2025-12-11 04:29:37
8254,automatic,sleeper.com,Week 15,Julius,Chestnut,RB,TEN,0.7,2025-12-11 04:29:37
6699,automatic,sleeper.com,Week 15,Gunner,Olszewski,WR,NYG,0.7,2025-12-11 04:29:37
5133,automatic,sleeper.com,Week 15,Tyler,Conklin,TE,LAC,0.7,2025-12-11 04:29:37
12531,automatic,sleeper.com,Week 15,Trevor,Etienne,RB,CAR,0.7,2025-12-11 04:29:37
11593,automatic,sleeper.com,Week 15,Brevyn,Spann-Ford,TE,DAL,0.7,2025-12-11 04:29:37
11729,automatic,sleeper.com,Week 15,Sione,Vaki,RB,DET,0.7,2025-12-11 04:29:37
11649,automatic,fantasypros.com,Week 15,Kendall,Milton,RB,CIN,0.7,2025-12-11 04:29:37
12531,automatic,fantasypros.com,Week 15,Trevor,Etienne,RB,CAR,0.7,2025-12-11 04:29:37
8207,automatic,fantasypros.com,Week 15,Tyler,Goodson,RB,IND,0.7,2025-12-11 04:29:37
8254,automatic,fantasypros.com,Week 15,Julius,Chestnut,RB,TEN,0.7,2025-12-11 04:29:37
11994,automatic,fantasypros.com,Week 15,Kameron,Johnson,WR,TB,0.7,2025-12-11 04:29:37
7537,automatic,fanduel.com,Week 15,Jaret,Patterson,RB,LAC,0.7,2025-12-11 04:29:37
,,fantasypros.com,Week 12,Hunter,Luepke,RB,DAL,0.7,2025-12-11 04:29:37
,,sleeper.com,Week 13,C.J.,Ham,RB,MIN,0.7,2025-12-11 04:29:37
6694,automatic,fanduel.com,Week 10,D'Ernest,Johnson,RB,NE,0.69,2025-12-11 04:29:37
11651,automatic,fanduel.com,Week 13,Isaac,Guerendo,RB,SF,0.69,2025-12-11 04:29:37
11729,automatic,fanduel.com,Week 11,Sione,Vaki,RB,DET,0.68,2025-12-11 04:29:37
11593,automatic,fanduel.com,Week 11,Brevyn,Spann-Ford,TE,DAL,0.68,2025-12-11 04:29:37
11157,automatic,fanduel.com,Week 10,Brycen,Tremayne,WR,CAR,0.67,2025-12-11 04:29:37
7204,automatic,fanduel.com,Week 13,Reggie,Gilliam,RB,BUF,0.67,2025-12-11 04:29:37
11729,automatic,fanduel.com,Week 14,Sione,Vaki,RB,DET,0.67,2025-12-11 04:29:37
12470,automatic,fanduel.com,Week 10,Riley,Leonard,QB,IND,0.66,2025-12-11 04:29:37
7204,automatic,fanduel.com,Week 11,Reggie,Gilliam,RB,BUF,0.66,2025-12-11 04:29:37
8698,automatic,fanduel.com,Week 12,Jake,Tonges,TE,SF,0.66,2025-12-11 04:29:37
10234,automatic,fanduel.com,Week 15,Derius,Davis,WR,LAC,0.66,2025-12-11 04:29:37
7204,automatic,fanduel.com,Week 10,Reggie,Gilliam,RB,BUF,0.65,2025-12-11 04:29:37
10227,automatic,fanduel.com,Week 10,Payne,Durham,TE,TB,0.65,2025-12-11 04:29:37
11237,automatic,fanduel.com,Week 10,Jacob,Saylors,RB,DET,0.65,2025-12-11 04:29:37
7842,automatic,fanduel.com,Week 12,Luke,Farrell,TE,SF,0.65,2025-12-11 04:29:37
11592,automatic,fanduel.com,Week 13,Erick,All Jr.,TE,CIN,0.65,2025-12-11 04:29:37
6144,automatic,fanduel.com,Week 14,Trayveon,Williams,RB,LAC,0.65,2025-12-11 04:29:37
7204,automatic,fanduel.com,Week 15,Reggie,Gilliam,RB,BUF,0.65,2025-12-11 04:29:37
,,fanduel.com,Week 13,Alec,Ingold,RB,MIA,0.65,2025-12-11 04:29:37
,,fanduel.com,Week 14,Alec,Ingold,RB,MIA,0.65,2025-12-11 04:29:37
5284,automatic,fanduel.com,Week 10,Jeff,Wilson,RB,MIA,0.64,2025-12-11 04:29:37
11643,automatic,fanduel.com,Week 10,Jaylen,Wright,RB,MIA,0.64,2025-12-11 04:29:37
6938,automatic,fanduel.com,Week 10,Cam,Akers,RB,MIN,0.64,2025-12-11 04:29:37
11729,automatic,fanduel.com,Week 13,Sione,Vaki,RB,DET,0.64,2025-12-11 04:29:37
8181,automatic,fanduel.com,Week 14,Connor,Heyward,TE,PIT,0.64,2025-12-11 04:29:37
6012,automatic,fanduel.com,Week 14,Travis,Homer,RB,CHI,0.64,2025-12-11 04:29:37
4718,automatic,fanduel.com,Week 14,Dare,Ogunbowale,RB,HOU,0.64,2025-12-11 04:29:37
,,fanduel.com,Week 15,Nyheim,Hines,RB,LAC,0.64,2025-12-11 04:29:37
11579,automatic,fanduel.com,Week 10,Audric,Estime,RB,NO,0.63,2025-12-11 04:29:37
10214,automatic,fanduel.com,Week 10,Davis,Allen,TE,LAR,0.63,2025-12-11 04:29:37
5284,automatic,fanduel.com,Week 11,Jeff,Wilson,RB,MIA,0.63,2025-12-11 04:29:37
1689,automatic,fanduel.com,Week 11,Adam,Thielen,WR,MIN,0.63,2025-12-11 04:29:37
6938,automatic,fanduel.com,Week 11,Cam,Akers,RB,MIN,0.63,2025-12-11 04:29:37
10214,automatic,fanduel.com,Week 11,Davis,Allen,TE,LAR,0.63,2025-12-11 04:29:37
11593,automatic,fanduel.com,Week 13,Brevyn,Spann-Ford,TE,DAL,0.63,2025-12-11 04:29:37
8123,automatic,fanduel.com,Week 14,Hassan,Haskins,RB,LAC,0.63,2025-12-11 04:29:37
10234,automatic,fanduel.com,Week 14,Derius,Davis,WR,LAC,0.63,2025-12-11 04:29:37
6828,automatic,fanduel.com,Week 15,A.J.,Dillon,RB,PHI,0.63,2025-12-11 04:29:37
,,fanduel.com,Week 14,Nyheim,Hines,RB,LAC,0.63,2025-12-11 04:29:37
10235,automatic,fanduel.com,Week 10,Roschon,Johnson,RB,CHI,0.62,2025-12-11 04:29:37
8139,automatic,fanduel.com,Week 12,Zamir,White,RB,LV,0.62,2025-12-11 04:29:37
11593,automatic,fanduel.com,Week 14,Brevyn,Spann-Ford,TE,DAL,0.62,2025-12-11 04:29:37
12928,automatic,fanduel.com,Week 14,Amar,Johnson,RB,LAC,0.62,2025-12-11 04:29:37
,,fanduel.com,Week 15,Alec,Ingold,RB,MIA,0.62,2025-12-11 04:29:37
4054,automatic,fanduel.com,Week 10,Mo,Alie-Cox,TE,IND,0.61,2025-12-11 04:29:37
12897,automatic,fanduel.com,Week 10,Nathan,Carter,RB,ATL,0.61,2025-12-11 04:29:37
7891,automatic,fanduel.com,Week 11,Brock,Wright,TE,DET,0.61,2025-12-11 04:29:37
11593,automatic,fanduel.com,Week 12,Brevyn,Spann-Ford,TE,DAL,0.61,2025-12-11 04:29:37
6828,automatic,fanduel.com,Week 14,A.J.,Dillon,RB,PHI,0.61,2025-12-11 04:29:37
,,fanduel.com,Week 10,Andrew,Ogletree,TE,IND,0.61,2025-12-11 04:29:37
8500,automatic,fanduel.com,Week 10,John,FitzPatrick,TE,GB,0.6,2025-12-11 04:29:37
4054,automatic,sleeper.com,Week 10,Mo,Alie-Cox,TE,IND,0.6,2025-12-11 04:29:37
12542,automatic,sleeper.com,Week 10,Efton,Chism,WR,NE,0.6,2025-12-11 04:29:37
6659,automatic,sleeper.com,Week 10,Craig,Reynolds,RB,DET,0.6,2025-12-11 04:29:37
8013,automatic,sleeper.com,Week 10,Tim,Jones,WR,JAX,0.6,2025-12-11 04:29:37
12482,automatic,sleeper.com,Week 10,Savion,Williams,WR,GB,0.6,2025-12-11 04:29:37
12048,automatic,sleeper.com,Week 10,George,Holani,RB,SEA,0.6,2025-12-11 04:29:37
12787,automatic,sleeper.com,Week 10,Josh,Williams,RB,TB,0.6,2025-12-11 04:29:37
6144,automatic,sleeper.com,Week 10,Trayveon,Williams,RB,LAC,0.6,2025-12-11 04:29:37
6290,automatic,sleeper.com,Week 10,Scotty,Miller,WR,PIT,0.6,2025-12-11 04:29:37
5008,automatic,sleeper.com,Week 10,Durham,Smythe,TE,CHI,0.6,2025-12-11 04:29:37
12471,automatic,sleeper.com,Week 10,DJ,Giddens,RB,IND,0.6,2025-12-11 04:29:37
11562,automatic,fantasypros.com,Week 10,Spencer,Rattler,QB,NO,0.6,2025-12-11 04:29:37
11589,automatic,fantasypros.com,Week 10,Trey,Benson,RB,ARI,0.6,2025-12-11 04:29:37
12471,automatic,fantasypros.com,Week 10,DJ,Giddens,RB,IND,0.6,2025-12-11 04:29:37
12897,automatic,fantasypros.com,Week 10,Nathan,Carter,RB,ATL,0.6,2025-12-11 04:29:37
11421,automatic,fantasypros.com,Week 10,Ryan,Miller,WR,TB,0.6,2025-12-11 04:29:37
13101,automatic,fantasypros.com,Week 10,Gage,Larvadain,WR,CLE,0.6,2025-12-11 04:29:37
7757,automatic,fantasypros.com,Week 10,Ben,Skowronek,WR,PIT,0.6,2025-12-11 04:29:37
5938,automatic,fantasypros.com,Week 10,Lil'Jordan,Humphrey,WR,NYG,0.6,2025-12-11 04:29:37
12542,automatic,sleeper.com,Week 11,Efton,Chism,WR,NE,0.6,2025-12-11 04:29:37
10234,automatic,sleeper.com,Week 11,Derius,Davis,WR,LAC,0.6,2025-12-11 04:29:37
12062,automatic,sleeper.com,Week 11,Cam,Grandy,TE,CIN,0.6,2025-12-11 04:29:37
6290,automatic,sleeper.com,Week 11,Scotty,Miller,WR,PIT,0.6,2025-12-11 04:29:37
5154,automatic,sleeper.com,Week 11,Trent,Sherfield,WR,DEN,0.6,2025-12-11 04:29:37
7602,automatic,sleeper.com,Week 11,Kylen,Granson,TE,PHI,0.6,2025-12-11 04:29:37
7050,automatic,sleeper.com,Week 11,Josiah,Deguara,TE,ARI,0.6,2025-12-11 04:29:37
8168,automatic,sleeper.com,Week 11,Skyy,Moore,WR,SF,0.6,2025-12-11 04:29:37
12505,automatic,sleeper.com,Week 11,Jalen,Royals,WR,KC,0.6,2025-12-11 04:29:37
12897,automatic,fanduel.com,Week 11,Nathan,Carter,RB,ATL,0.6,2025-12-11 04:29:37
10228,automatic,sleeper.com,Week 12,Charlie,Jones,WR,CIN,0.6,2025-12-11 04:29:37
6386,automatic,sleeper.com,Week 12,Alex,Bachman,WR,LV,0.6,2025-12-11 04:29:37
6659,automatic,sleeper.com,Week 12,Craig,Reynolds,RB,DET,0.6,2025-12-11 04:29:37
7535,automatic,sleeper.com,Week 12,Hunter,Long,TE,JAX,0.6,2025-12-11 04:29:37
11593,automatic,sleeper.com,Week 12,Brevyn,Spann-Ford,TE,DAL,0.6,2025-12-11 04:29:37
6290,automatic,sleeper.com,Week 12,Scotty,Miller,WR,PIT,0.6,2025-12-11 04:29:37
12471,automatic,sleeper.com,Week 12,DJ,Giddens,RB,IND,0.6,2025-12-11 04:29:37
7602,automatic,sleeper.com,Week 12,Kylen,Granson,TE,PHI,0.6,2025-12-11 04:29:37
11320,automatic,fanduel.com,Week 12,Nikko,Remigio,WR,KC,0.6,2025-12-11 04:29:37
10214,automatic,fanduel.com,Week 12,Davis,Allen,TE,LAR,0.6,2025-12-11 04:29:37
7591,automatic,fantasypros.com,Week 12,Justin,Fields,QB,NYJ,0.6,2025-12-11 04:29:37
12510,automatic,fantasypros.com,Week 12,Jalen,Milroe,QB,SEA,0.6,2025-12-11 04:29:37
11570,automatic,fantasypros.com,Week 12,Rasheen,Ali,RB,BAL,0.6,2025-12-11 04:29:37
11649,automatic,fantasypros.com,Week 12,Kendall,Milton,RB,CIN,0.6,2025-12-11 04:29:37
8139,automatic,fantasypros.com,Week 12,Zamir,White,RB,LV,0.6,2025-12-11 04:29:37
3269,automatic,sleeper.com,Week 13,Chris,Moore,WR,WAS,0.6,2025-12-11 04:29:37
7746,automatic,sleeper.com,Week 13,Austin,Trammell,WR,JAX,0.6,2025-12-11 04:29:37
11596,automatic,sleeper.com,Week 13,Ben,Sinnott,TE,WAS,0.6,2025-12-11 04:29:37
12531,automatic,sleeper.com,Week 13,Trevor,Etienne,RB,CAR,0.6,2025-12-11 04:29:37
6290,automatic,sleeper.com,Week 13,Scotty,Miller,WR,PIT,0.6,2025-12-11 04:29:37
5113,automatic,sleeper.com,Week 13,Cedrick,Wilson,WR,MIA,0.6,2025-12-11 04:29:37
8117,automatic,fanduel.com,Week 13,Jalen,Tolbert,WR,DAL,0.6,2025-12-11 04:29:37
12544,automatic,fanduel.com,Week 13,LeQuint,Allen Jr.,RB,JAX,0.6,2025-12-11 04:29:37
3269,automatic,sleeper.com,Week 14,Chris,Moore,WR,WAS,0.6,2025-12-11 04:29:37
8177,automatic,sleeper.com,Week 14,Grant,Calcaterra,TE,PHI,0.6,2025-12-11 04:29:37
7587,automatic,sleeper.com,Week 14,Dyami,Brown,WR,JAX,0.6,2025-12-11 04:29:37
12482,automatic,sleeper.com,Week 14,Savion,Williams,WR,GB,0.6,2025-12-11 04:29:37
11596,automatic,sleeper.com,Week 14,Ben,Sinnott,TE,WAS,0.6,2025-12-11 04:29:37
5113,automatic,sleeper.com,Week 14,Cedrick,Wilson,WR,MIA,0.6,2025-12-11 04:29:37
6960,automatic,sleeper.com,Week 14,Tyler,Johnson,WR,NYJ,0.6,2025-12-11 04:29:37
11574,automatic,fanduel.com,Week 14,Dylan,Laube,RB,LV,0.6,2025-12-11 04:29:37
12775,automatic,fantasypros.com,Week 14,Max,Brosmer,QB,MIN,0.6,2025-12-11 04:29:37
5000,automatic,fantasypros.com,Week 14,Chase,Edmonds,RB,WAS,0.6,2025-12-11 04:29:37
8177,automatic,sleeper.com,Week 15,Grant,Calcaterra,TE,PHI,0.6,2025-12-11 04:29:37
12543,automatic,sleeper.com,Week 15,Tahj,Brooks,RB,CIN,0.6,2025-12-11 04:29:37
12482,automatic,sleeper.com,Week 15,Savion,Williams,WR,GB,0.6,2025-12-11 04:29:37
10234,automatic,sleeper.com,Week 15,Derius,Davis,WR,LAC,0.6,2025-12-11 04:29:37
6290,automatic,sleeper.com,Week 15,Scotty,Miller,WR,PIT,0.6,2025-12-11 04:29:37
3200,automatic,sleeper.com,Week 15,Sterling,Shepard,WR,TB,0.6,2025-12-11 04:29:37
5113,automatic,sleeper.com,Week 15,Cedrick,Wilson,WR,MIA,0.6,2025-12-11 04:29:37
1373,automatic,fantasypros.com,Week 15,Geno,Smith,QB,LV,0.6,2025-12-11 04:29:37
12472,automatic,fantasypros.com,Week 15,Raheim,Sanders,RB,CLE,0.6,2025-12-11 04:29:37
11633,automatic,fantasypros.com,Week 15,Jamari,Thrash,WR,CLE,0.6,2025-12-11 04:29:37
,,fanduel.com,Week 10,Ben,Sims,TE,GB,0.6,2025-12-11 04:29:37
,,fanduel.com,Week 14,Patrick,Ricard,RB,BAL,0.6,2025-12-11 04:29:37
,,fantasypros.com,Week 15,Trent,Sherfield Sr.,WR,ARI,0.6,2025-12-11 04:29:37
6869,automatic,fanduel.com,Week 10,Adam,Trautman,TE,DEN,0.59,2025-12-11 04:29:37
1689,automatic,fanduel.com,Week 10,Adam,Thielen,WR,MIN,0.59,2025-12-11 04:29:37
8698,automatic,fanduel.com,Week 10,Jake,Tonges,TE,SF,0.59,2025-12-11 04:29:37
6869,automatic,fanduel.com,Week 11,Adam,Trautman,TE,DEN,0.59,2025-12-11 04:29:37
12765,automatic,fanduel.com,Week 12,Keleki,Latu,TE,BUF,0.59,2025-12-11 04:29:37
8117,automatic,fanduel.com,Week 12,Jalen,Tolbert,WR,DAL,0.59,2025-12-11 04:29:37
6012,automatic,fanduel.com,Week 13,Travis,Homer,RB,CHI,0.59,2025-12-11 04:29:37
4718,automatic,fanduel.com,Week 13,Dare,Ogunbowale,RB,HOU,0.59,2025-12-11 04:29:37
12765,automatic,fanduel.com,Week 13,Keleki,Latu,TE,BUF,0.59,2025-12-11 04:29:37
8139,automatic,fanduel.com,Week 14,Zamir,White,RB,LV,0.59,2025-12-11 04:29:37
,,fanduel.com,Week 10,Justin,Shorter,TE,LV,0.59,2025-12-11 04:29:37
7842,automatic,fanduel.com,Week 11,Luke,Farrell,TE,SF,0.58,2025-12-11 04:29:37
8698,automatic,fanduel.com,Week 11,Jake,Tonges,TE,SF,0.58,2025-12-11 04:29:37
11716,automatic,fanduel.com,Week 11,Tip,Reiman,TE,ARI,0.58,2025-12-11 04:29:37
6828,automatic,fanduel.com,Week 12,A.J.,Dillon,RB,PHI,0.58,2025-12-11 04:29:37
10227,automatic,fanduel.com,Week 12,Payne,Durham,TE,TB,0.58,2025-12-11 04:29:37
12718,automatic,fanduel.com,Week 14,Konata,Mumpfield,WR,LAR,0.58,2025-12-11 04:29:37
,,fanduel.com,Week 11,Ben,Sims,TE,GB,0.58,2025-12-11 04:29:37
8227,automatic,fanduel.com,Week 10,Teagan,Quitoriano,TE,ATL,0.57,2025-12-11 04:29:37
11592,automatic,fanduel.com,Week 11,Erick,All Jr.,TE,CIN,0.57,2025-12-11 04:29:37
11592,automatic,fanduel.com,Week 12,Erick,All Jr.,TE,CIN,0.57,2025-12-11 04:29:37
12897,automatic,fanduel.com,Week 12,Nathan,Carter,RB,ATL,0.57,2025-12-11 04:29:37
8168,automatic,fanduel.com,Week 12,Skyy,Moore,WR,SF,0.57,2025-12-11 04:29:37
12634,automatic,fanduel.com,Week 12,Jordan,Watkins,WR,SF,0.57,2025-12-11 04:29:37
8227,automatic,fanduel.com,Week 13,Teagan,Quitoriano,TE,ATL,0.57,2025-12-11 04:29:37
8885,automatic,fanduel.com,Week 13,Tucker,Fisk,TE,LAC,0.57,2025-12-11 04:29:37
12765,automatic,fanduel.com,Week 15,Keleki,Latu,TE,BUF,0.57,2025-12-11 04:29:37
7531,automatic,fanduel.com,Week 10,Feleipe,Franks,TE,ATL,0.56,2025-12-11 04:29:37
5973,automatic,fanduel.com,Week 10,Josh,Oliver,TE,MIN,0.56,2025-12-11 04:29:37
8181,automatic,fanduel.com,Week 10,Connor,Heyward,TE,PIT,0.56,2025-12-11 04:29:37
5773,automatic,fanduel.com,Week 11,Khadarel,Hodge,WR,ATL,0.56,2025-12-11 04:29:37
8227,automatic,fanduel.com,Week 11,Teagan,Quitoriano,TE,ATL,0.56,2025-12-11 04:29:37
8423,automatic,fanduel.com,Week 11,Brittain,Brown,RB,CHI,0.56,2025-12-11 04:29:37
10235,automatic,fanduel.com,Week 11,Roschon,Johnson,RB,CHI,0.56,2025-12-11 04:29:37
8181,automatic,fanduel.com,Week 12,Connor,Heyward,TE,PIT,0.56,2025-12-11 04:29:37
7233,automatic,fanduel.com,Week 12,Andre,Baccellia,WR,ARI,0.56,2025-12-11 04:29:37
8181,automatic,fanduel.com,Week 13,Connor,Heyward,TE,PIT,0.56,2025-12-11 04:29:37
3048,automatic,fanduel.com,Week 15,Chris,Manhertz,TE,NYG,0.56,2025-12-11 04:29:37
7842,automatic,fanduel.com,Week 15,Luke,Farrell,TE,SF,0.56,2025-12-11 04:29:37
8168,automatic,fanduel.com,Week 15,Skyy,Moore,WR,SF,0.56,2025-12-11 04:29:37
8698,automatic,fanduel.com,Week 15,Jake,Tonges,TE,SF,0.56,2025-12-11 04:29:37
,,fanduel.com,Week 12,Mecole,Hardman,WR,BUF,0.56,2025-12-11 04:29:37
7612,automatic,fanduel.com,Week 10,Dee,Eskridge,WR,MIA,0.55,2025-12-11 04:29:37
13121,automatic,fanduel.com,Week 10,Ben,Yurosek,TE,MIN,0.55,2025-12-11 04:29:37
11994,automatic,fanduel.com,Week 10,Kameron,Johnson,WR,TB,0.55,2025-12-11 04:29:37
11421,automatic,fanduel.com,Week 10,Ryan,Miller,WR,TB,0.55,2025-12-11 04:29:37
7531,automatic,fanduel.com,Week 11,Feleipe,Franks,TE,ATL,0.55,2025-12-11 04:29:37
7536,automatic,fanduel.com,Week 11,Quintin,Morris,TE,JAX,0.55,2025-12-11 04:29:37
8168,automatic,fanduel.com,Week 11,Skyy,Moore,WR,SF,0.55,2025-12-11 04:29:37
11994,automatic,fanduel.com,Week 12,Kameron,Johnson,WR,TB,0.55,2025-12-11 04:29:37
8177,automatic,fanduel.com,Week 13,Grant,Calcaterra,TE,PHI,0.55,2025-12-11 04:29:37
8423,automatic,fanduel.com,Week 13,Brittain,Brown,RB,CHI,0.55,2025-12-11 04:29:37
8698,automatic,fanduel.com,Week 13,Jake,Tonges,TE,SF,0.55,2025-12-11 04:29:37
3048,automatic,fanduel.com,Week 13,Chris,Manhertz,TE,NYG,0.55,2025-12-11 04:29:37
11820,automatic,fanduel.com,Week 14,Devin,Culp,TE,TB,0.55,2025-12-11 04:29:37
4189,automatic,fanduel.com,Week 10,Eric,Saubert,TE,SEA,0.54,2025-12-11 04:29:37
8527,automatic,fanduel.com,Week 10,Dareke,Young,WR,SEA,0.54,2025-12-11 04:29:37
8181,automatic,fanduel.com,Week 11,Connor,Heyward,TE,PIT,0.54,2025-12-11 04:29:37
11068,automatic,fanduel.com,Week 12,Mitchell,Tinsley,WR,CIN,0.54,2025-12-11 04:29:37
1689,automatic,fanduel.com,Week 12,Adam,Thielen,WR,MIN,0.54,2025-12-11 04:29:37
8527,automatic,fanduel.com,Week 14,Dareke,Young,WR,SEA,0.54,2025-12-11 04:29:37
13151,automatic,fanduel.com,Week 14,Nick,Kallerup,TE,SEA,0.54,2025-12-11 04:29:37
10227,automatic,fanduel.com,Week 14,Payne,Durham,TE,TB,0.54,2025-12-11 04:29:37
4314,automatic,fanduel.com,Week 14,Johnny,Mundt,TE,JAX,0.54,2025-12-11 04:29:37
10227,automatic,fanduel.com,Week 15,Payne,Durham,TE,TB,0.54,2025-12-11 04:29:37
11820,automatic,fanduel.com,Week 15,Devin,Culp,TE,TB,0.54,2025-12-11 04:29:37
8207,automatic,fanduel.com,Week 15,Tyler,Goodson,RB,IND,0.54,2025-12-11 04:29:37
6290,automatic,fanduel.com,Week 15,Scotty,Miller,WR,PIT,0.54,2025-12-11 04:29:37
8170,automatic,fanduel.com,Week 10,James,Mitchell,TE,CAR,0.53,2025-12-11 04:29:37
7607,automatic,fanduel.com,Week 10,Michael,Carter,RB,ARI,0.53,2025-12-11 04:29:37
6001,automatic,fanduel.com,Week 12,Drew,Sample,TE,CIN,0.53,2025-12-11 04:29:37
8177,automatic,fanduel.com,Week 12,Grant,Calcaterra,TE,PHI,0.53,2025-12-11 04:29:37
12048,automatic,fanduel.com,Week 13,George,Holani,RB,SEA,0.53,2025-12-11 04:29:37
4189,automatic,fanduel.com,Week 14,Eric,Saubert,TE,SEA,0.53,2025-12-11 04:29:37
10867,automatic,fanduel.com,Week 14,Jake,Bobo,WR,SEA,0.53,2025-12-11 04:29:37
13151,automatic,fanduel.com,Week 15,Nick,Kallerup,TE,SEA,0.53,2025-12-11 04:29:37
11421,automatic,fanduel.com,Week 13,Ryan,Miller,WR,TB,0.52,2025-12-11 04:29:37
11994,automatic,fanduel.com,Week 14,Kameron,Johnson,WR,TB,0.52,2025-12-11 04:29:37
11421,automatic,fanduel.com,Week 14,Ryan,Miller,WR,TB,0.52,2025-12-11 04:29:37
5010,automatic,fanduel.com,Week 14,Will,Dissly,TE,LAC,0.52,2025-12-11 04:29:37
11421,automatic,fanduel.com,Week 15,Ryan,Miller,WR,TB,0.52,2025-12-11 04:29:37
7535,automatic,fanduel.com,Week 15,Hunter,Long,TE,JAX,0.52,2025-12-11 04:29:37
4189,automatic,fanduel.com,Week 15,Eric,Saubert,TE,SEA,0.52,2025-12-11 04:29:37
8527,automatic,fanduel.com,Week 15,Dareke,Young,WR,SEA,0.52,2025-12-11 04:29:37
111,automatic,fanduel.com,Week 10,Marcedes,Lewis,TE,DEN,0.51,2025-12-11 04:29:37
5773,automatic,fanduel.com,Week 10,Khadarel,Hodge,WR,ATL,0.51,2025-12-11 04:29:37
9225,automatic,fanduel.com,Week 10,Tank,Bigsby,RB,PHI,0.51,2025-12-11 04:29:37
111,automatic,fanduel.com,Week 11,Marcedes,Lewis,TE,DEN,0.51,2025-12-11 04:29:37
10867,automatic,fanduel.com,Week 13,Jake,Bobo,WR,SEA,0.51,2025-12-11 04:29:37
12412,automatic,fanduel.com,Week 13,Terrell,Jennings,RB,NE,0.51,2025-12-11 04:29:37
11994,automatic,fanduel.com,Week 15,Kameron,Johnson,WR,TB,0.51,2025-12-11 04:29:37
10867,automatic,fanduel.com,Week 15,Jake,Bobo,WR,SEA,0.51,2025-12-11 04:29:37
,,fanduel.com,Week 14,Trishton,Jackson,WR,ARI,0.51,2025-12-11 04:29:37
,,fanduel.com,Week 15,Tay,Martin,WR,WAS,0.51,2025-12-11 04:29:37
5773,automatic,sleeper.com,Week 10,KhaDarel,Hodge,WR,ATL,0.5,2025-12-11 04:29:37
10234,automatic,sleeper.com,Week 10,Derius,Davis,WR,LAC,0.5,2025-12-11 04:29:37
8423,automatic,sleeper.com,Week 10,Brittain,Brown,RB,CHI,0.5,2025-12-11 04:29:37
7602,automatic,sleeper.com,Week 10,Kylen,Granson,TE,PHI,0.5,2025-12-11 04:29:37
12510,automatic,fantasypros.com,Week 10,Jalen,Milroe,QB,SEA,0.5,2025-12-11 04:29:37
3976,automatic,fantasypros.com,Week 10,Mitchell,Trubisky,QB,BUF,0.5,2025-12-11 04:29:37
8161,automatic,fantasypros.com,Week 10,Malik,Willis,QB,GB,0.5,2025-12-11 04:29:37
1837,automatic,fantasypros.com,Week 10,Jimmy,Garoppolo,QB,LAR,0.5,2025-12-11 04:29:37
11654,automatic,fantasypros.com,Week 10,Dante,Miller,RB,NYG,0.5,2025-12-11 04:29:37
12787,automatic,fantasypros.com,Week 10,Josh,Williams,RB,TB,0.5,2025-12-11 04:29:37
11651,automatic,fantasypros.com,Week 10,Isaac,Guerendo,RB,SF,0.5,2025-12-11 04:29:37
10235,automatic,fantasypros.com,Week 10,Roschon,Johnson,RB,CHI,0.5,2025-12-11 04:29:37
11608,automatic,fantasypros.com,Week 10,Isaiah,Williams,WR,NYJ,0.5,2025-12-11 04:29:37
5773,automatic,sleeper.com,Week 11,KhaDarel,Hodge,WR,ATL,0.5,2025-12-11 04:29:37
6659,automatic,sleeper.com,Week 11,Craig,Reynolds,RB,DET,0.5,2025-12-11 04:29:37
10228,automatic,fanduel.com,Week 11,Charlie,Jones,WR,CIN,0.5,2025-12-11 04:29:37
4054,automatic,sleeper.com,Week 12,Mo,Alie-Cox,TE,IND,0.5,2025-12-11 04:29:37
6820,automatic,sleeper.com,Week 12,Clyde,Edwards-Helaire,RB,KC,0.5,2025-12-11 04:29:37
5185,automatic,sleeper.com,Week 12,Allen,Lazard,WR,NYJ,0.5,2025-12-11 04:29:37
7842,automatic,sleeper.com,Week 12,Luke,Farrell,TE,SF,0.5,2025-12-11 04:29:37
7587,automatic,sleeper.com,Week 12,Dyami,Brown,WR,JAX,0.5,2025-12-11 04:29:37
4198,automatic,sleeper.com,Week 12,Jamal,Agnew,WR,ATL,0.5,2025-12-11 04:29:37
8168,automatic,sleeper.com,Week 12,Skyy,Moore,WR,SF,0.5,2025-12-11 04:29:37
5096,automatic,sleeper.com,Week 12,Ray-Ray,McCloud,WR,NYG,0.5,2025-12-11 04:29:37
829,automatic,fantasypros.com,Week 12,Andy,Dalton,QB,CAR,0.5,2025-12-11 04:29:37
7083,automatic,fantasypros.com,Week 12,Tyler,Huntley,QB,BAL,0.5,2025-12-11 04:29:37
7527,automatic,fantasypros.com,Week 12,Mac,Jones,QB,SF,0.5,2025-12-11 04:29:37
8161,automatic,fantasypros.com,Week 12,Malik,Willis,QB,GB,0.5,2025-12-11 04:29:37
12775,automatic,fantasypros.com,Week 12,Max,Brosmer,QB,MIN,0.5,2025-12-11 04:29:37
11256,automatic,fantasypros.com,Week 12,Tyson,Bagent,QB,CHI,0.5,2025-12-11 04:29:37
10866,automatic,fantasypros.com,Week 12,Aidan,O'Connell,QB,LV,0.5,2025-12-11 04:29:37
6820,automatic,fantasypros.com,Week 12,Clyde,Edwards-Helaire,RB,KC,0.5,2025-12-11 04:29:37
6828,automatic,fantasypros.com,Week 12,A.J.,Dillon,RB,PHI,0.5,2025-12-11 04:29:37
8423,automatic,fantasypros.com,Week 12,Brittain,Brown,RB,CHI,0.5,2025-12-11 04:29:37
7599,automatic,fantasypros.com,Week 12,Jermar,Jefferson,RB,ARI,0.5,2025-12-11 04:29:37
12718,automatic,fantasypros.com,Week 12,Konata,Mumpfield,WR,LAR,0.5,2025-12-11 04:29:37
3423,automatic,sleeper.com,Week 13,Robbie,Chosen,WR,WAS,0.5,2025-12-11 04:29:37
11806,automatic,sleeper.com,Week 13,Casey,Washington,WR,ATL,0.5,2025-12-11 04:29:37
5773,automatic,sleeper.com,Week 13,KhaDarel,Hodge,WR,ATL,0.5,2025-12-11 04:29:37
7587,automatic,sleeper.com,Week 13,Dyami,Brown,WR,JAX,0.5,2025-12-11 04:29:37
6957,automatic,sleeper.com,Week 13,James,Proche,WR,TEN,0.5,2025-12-11 04:29:37
10234,automatic,sleeper.com,Week 13,Derius,Davis,WR,LAC,0.5,2025-12-11 04:29:37
11306,automatic,sleeper.com,Week 13,Xavier,Gipson,WR,PHI,0.5,2025-12-11 04:29:37
11168,automatic,sleeper.com,Week 13,Xavier,Smith,WR,LAR,0.5,2025-12-11 04:29:37
8489,automatic,sleeper.com,Week 13,Drew,Ogletree,TE,IND,0.5,2025-12-11 04:29:37
9497,automatic,sleeper.com,Week 13,Jalin,Hyatt,WR,NYG,0.5,2025-12-11 04:29:37
6960,automatic,sleeper.com,Week 13,Tyler,Johnson,WR,NYJ,0.5,2025-12-11 04:29:37
10234,automatic,sleeper.com,Week 14,Derius,Davis,WR,LAC,0.5,2025-12-11 04:29:37
12539,automatic,sleeper.com,Week 14,Arian,Smith,WR,NYJ,0.5,2025-12-11 04:29:37
11306,automatic,sleeper.com,Week 14,Xavier,Gipson,WR,PHI,0.5,2025-12-11 04:29:37
8489,automatic,sleeper.com,Week 14,Drew,Ogletree,TE,IND,0.5,2025-12-11 04:29:37
4234,automatic,sleeper.com,Week 14,Noah,Brown,WR,WAS,0.5,2025-12-11 04:29:37
11806,automatic,fanduel.com,Week 14,Casey,Washington,WR,ATL,0.5,2025-12-11 04:29:37
4972,automatic,fantasypros.com,Week 14,Mason,Rudolph,QB,PIT,0.5,2025-12-11 04:29:37
7585,automatic,fantasypros.com,Week 14,Davis,Mills,QB,HOU,0.5,2025-12-11 04:29:37
2152,automatic,fantasypros.com,Week 14,Teddy,Bridgewater,QB,TB,0.5,2025-12-11 04:29:37
7591,automatic,fantasypros.com,Week 14,Justin,Fields,QB,NYJ,0.5,2025-12-11 04:29:37
19,automatic,fantasypros.com,Week 14,Joe,Flacco,QB,CIN,0.5,2025-12-11 04:29:37
7587,automatic,sleeper.com,Week 15,Dyami,Brown,WR,JAX,0.5,2025-12-11 04:29:37
8227,automatic,sleeper.com,Week 15,Teagan,Quitoriano,TE,ATL,0.5,2025-12-11 04:29:37
11299,automatic,sleeper.com,Week 15,Zavier,Scott,RB,MIN,0.5,2025-12-11 04:29:37
12539,automatic,sleeper.com,Week 15,Arian,Smith,WR,NYJ,0.5,2025-12-11 04:29:37
11762,automatic,sleeper.com,Week 15,Anthony,Gould,WR,IND,0.5,2025-12-11 04:29:37
8489,automatic,sleeper.com,Week 15,Drew,Ogletree,TE,IND,0.5,2025-12-11 04:29:37
8168,automatic,sleeper.com,Week 15,Skyy,Moore,WR,SF,0.5,2025-12-11 04:29:37
9497,automatic,sleeper.com,Week 15,Jalin,Hyatt,WR,NYG,0.5,2025-12-11 04:29:37
6960,automatic,sleeper.com,Week 15,Tyler,Johnson,WR,NYJ,0.5,2025-12-11 04:29:37
827,automatic,fantasypros.com,Week 15,Tyrod,Taylor,QB,NYJ,0.5,2025-12-11 04:29:37
7610,automatic,fantasypros.com,Week 15,Trey,Lance,QB,LAC,0.5,2025-12-11 04:29:37
2152,automatic,fantasypros.com,Week 15,Teddy,Bridgewater,QB,TB,0.5,2025-12-11 04:29:37
12775,automatic,fantasypros.com,Week 15,Max,Brosmer,QB,MIN,0.5,2025-12-11 04:29:37
7083,automatic,fantasypros.com,Week 15,Tyler,Huntley,QB,BAL,0.5,2025-12-11 04:29:37
19,automatic,fantasypros.com,Week 15,Joe,Flacco,QB,CIN,0.5,2025-12-11 04:29:37
7585,automatic,fantasypros.com,Week 15,Davis,Mills,QB,HOU,0.5,2025-12-11 04:29:37
11256,automatic,fantasypros.com,Week 15,Tyson,Bagent,QB,CHI,0.5,2025-12-11 04:29:37
4972,automatic,fantasypros.com,Week 15,Mason,Rudolph,QB,PIT,0.5,2025-12-11 04:29:37
12510,automatic,fantasypros.com,Week 15,Jalen,Milroe,QB,SEA,0.5,2025-12-11 04:29:37
12543,automatic,fantasypros.com,Week 15,Tahj,Brooks,RB,CIN,0.5,2025-12-11 04:29:37
12670,automatic,fanduel.com,Week 15,KeAndre,Lambert-Smith,WR,LAC,0.5,2025-12-11 04:29:37
,,fantasypros.com,Week 12,Patrick,Ricard,RB,BAL,0.5,2025-12-11 04:29:37
4198,automatic,fanduel.com,Week 10,Jamal,Agnew,WR,ATL,0.49,2025-12-11 04:29:37
4718,automatic,fanduel.com,Week 11,Dare,Ogunbowale,RB,HOU,0.49,2025-12-11 04:29:37
4198,automatic,fanduel.com,Week 11,Jamal,Agnew,WR,ATL,0.49,2025-12-11 04:29:37
11320,automatic,fanduel.com,Week 11,Nikko,Remigio,WR,KC,0.49,2025-12-11 04:29:37
7842,automatic,fanduel.com,Week 13,Luke,Farrell,TE,SF,0.49,2025-12-11 04:29:37
11633,automatic,fanduel.com,Week 13,Jamari,Thrash,WR,CLE,0.49,2025-12-11 04:29:37
12634,automatic,fanduel.com,Week 13,Jordan,Watkins,WR,SF,0.49,2025-12-11 04:29:37
5086,automatic,fanduel.com,Week 13,Marquez,Valdes-Scantling,WR,PIT,0.49,2025-12-11 04:29:37
6144,automatic,fanduel.com,Week 13,Trayveon,Williams,RB,LAC,0.49,2025-12-11 04:29:37
12670,automatic,fanduel.com,Week 14,KeAndre,Lambert-Smith,WR,LAC,0.49,2025-12-11 04:29:37
,,fanduel.com,Week 13,Jack,Westover,RB,NE,0.49,2025-12-11 04:29:37
,,fanduel.com,Week 15,Andrew,Ogletree,TE,IND,0.49,2025-12-11 04:29:37
8168,automatic,fanduel.com,Week 13,Skyy,Moore,WR,SF,0.48,2025-12-11 04:29:37
7757,automatic,fanduel.com,Week 13,Ben,Skowronek,WR,PIT,0.48,2025-12-11 04:29:37
13122,automatic,fanduel.com,Week 13,Carter,Runyon,TE,LV,0.48,2025-12-11 04:29:37
6290,automatic,fanduel.com,Week 14,Scotty,Miller,WR,PIT,0.48,2025-12-11 04:29:37
8885,automatic,fanduel.com,Week 14,Tucker,Fisk,TE,LAC,0.48,2025-12-11 04:29:37
8139,automatic,fanduel.com,Week 15,Zamir,White,RB,LV,0.48,2025-12-11 04:29:37
12357,automatic,fanduel.com,Week 15,David,Martin-Robinson,TE,TEN,0.48,2025-12-11 04:29:37
5113,automatic,fanduel.com,Week 15,Cedrick,Wilson,WR,MIA,0.48,2025-12-11 04:29:37
7602,automatic,fanduel.com,Week 10,Kylen,Granson,TE,PHI,0.47,2025-12-11 04:29:37
11056,automatic,fanduel.com,Week 11,Jared,Wayne,WR,HOU,0.47,2025-12-11 04:29:37
11068,automatic,fanduel.com,Week 11,Mitchell,Tinsley,WR,CIN,0.47,2025-12-11 04:29:37
7602,automatic,fanduel.com,Week 11,Kylen,Granson,TE,PHI,0.47,2025-12-11 04:29:37
6938,automatic,fanduel.com,Week 12,Cam,Akers,RB,MIN,0.47,2025-12-11 04:29:37
13122,automatic,fanduel.com,Week 12,Carter,Runyon,TE,LV,0.47,2025-12-11 04:29:37
6386,automatic,fanduel.com,Week 13,Alex,Bachman,WR,LV,0.47,2025-12-11 04:29:37
7612,automatic,fanduel.com,Week 14,Dee,Eskridge,WR,MIA,0.47,2025-12-11 04:29:37
11596,automatic,fanduel.com,Week 14,Ben,Sinnott,TE,WAS,0.47,2025-12-11 04:29:37
5133,automatic,fanduel.com,Week 14,Tyler,Conklin,TE,LAC,0.47,2025-12-11 04:29:37
,,fanduel.com,Week 14,Tay,Martin,WR,WAS,0.47,2025-12-11 04:29:37
9497,automatic,fanduel.com,Week 10,Jalin,Hyatt,WR,NYG,0.46,2025-12-11 04:29:37
12171,automatic,fanduel.com,Week 10,British,Brooks,RB,HOU,0.46,2025-12-11 04:29:37
11056,automatic,fanduel.com,Week 12,Jared,Wayne,WR,HOU,0.46,2025-12-11 04:29:37
5121,automatic,fanduel.com,Week 13,Braxton,Berrios,WR,HOU,0.46,2025-12-11 04:29:37
7716,automatic,fanduel.com,Week 13,John,Bates,TE,WAS,0.46,2025-12-11 04:29:37
5086,automatic,fanduel.com,Week 14,Marquez,Valdes-Scantling,WR,PIT,0.46,2025-12-11 04:29:37
11959,automatic,fanduel.com,Week 14,Bryce,Oliver,WR,TEN,0.46,2025-12-11 04:29:37
13122,automatic,fanduel.com,Week 14,Carter,Runyon,TE,LV,0.46,2025-12-11 04:29:37
6386,automatic,fanduel.com,Week 15,Alex,Bachman,WR,LV,0.46,2025-12-11 04:29:37
13122,automatic,fanduel.com,Week 15,Carter,Runyon,TE,LV,0.46,2025-12-11 04:29:37
4718,automatic,fanduel.com,Week 10,Dare,Ogunbowale,RB,HOU,0.45,2025-12-11 04:29:37
4718,automatic,fanduel.com,Week 12,Dare,Ogunbowale,RB,HOU,0.45,2025-12-11 04:29:37
6386,automatic,fanduel.com,Week 12,Alex,Bachman,WR,LV,0.45,2025-12-11 04:29:37
7612,automatic,fanduel.com,Week 13,Dee,Eskridge,WR,MIA,0.45,2025-12-11 04:29:37
12357,automatic,fanduel.com,Week 13,David,Martin-Robinson,TE,TEN,0.45,2025-12-11 04:29:37
12357,automatic,fanduel.com,Week 14,David,Martin-Robinson,TE,TEN,0.45,2025-12-11 04:29:37
8583,automatic,fanduel.com,Week 14,Stone,Smartt,TE,NYJ,0.45,2025-12-11 04:29:37
6386,automatic,fanduel.com,Week 14,Alex,Bachman,WR,LV,0.45,2025-12-11 04:29:37
4198,automatic,fanduel.com,Week 15,Jamal,Agnew,WR,ATL,0.45,2025-12-11 04:29:37
7602,automatic,fanduel.com,Week 15,Kylen,Granson,TE,PHI,0.45,2025-12-11 04:29:37
7989,automatic,fanduel.com,Week 15,DJ,Turner,WR,LV,0.45,2025-12-11 04:29:37
11762,automatic,fanduel.com,Week 15,Anthony,Gould,WR,IND,0.45,2025-12-11 04:29:37
11299,automatic,fanduel.com,Week 15,Zavier,Scott,RB,MIN,0.45,2025-12-11 04:29:37
5121,automatic,fanduel.com,Week 11,Braxton,Berrios,WR,HOU,0.44,2025-12-11 04:29:37
9497,automatic,fanduel.com,Week 11,Jalin,Hyatt,WR,NYG,0.44,2025-12-11 04:29:37
11625,automatic,fanduel.com,Week 12,Adonai,Mitchell,WR,NYJ,0.44,2025-12-11 04:29:37
4171,automatic,fanduel.com,Week 14,Josh,Reynolds,WR,NYJ,0.44,2025-12-11 04:29:37
7602,automatic,fanduel.com,Week 14,Kylen,Granson,TE,PHI,0.44,2025-12-11 04:29:37
12471,automatic,fanduel.com,Week 15,DJ,Giddens,RB,IND,0.44,2025-12-11 04:29:37
9492,automatic,fanduel.com,Week 10,Trey,Palmer,WR,NO,0.43,2025-12-11 04:29:37
12539,automatic,fanduel.com,Week 14,Arian,Smith,WR,NYJ,0.43,2025-12-11 04:29:37
6960,automatic,fanduel.com,Week 14,Tyler,Johnson,WR,NYJ,0.43,2025-12-11 04:29:37
8253,automatic,fanduel.com,Week 14,Deven,Thompkins,WR,ATL,0.43,2025-12-11 04:29:37
7595,automatic,fanduel.com,Week 14,Tylan,Wallace,WR,BAL,0.43,2025-12-11 04:29:37
8861,automatic,fanduel.com,Week 14,Irvin,Charles,WR,NYJ,0.43,2025-12-11 04:29:37
13150,automatic,fanduel.com,Week 14,Darius,Cooper,WR,PHI,0.43,2025-12-11 04:29:37
12539,automatic,fanduel.com,Week 15,Arian,Smith,WR,NYJ,0.43,2025-12-11 04:29:37
,,fanduel.com,Week 10,Irv,Smith Jr.,TE,HOU,0.43,2025-12-11 04:29:37
5955,automatic,fanduel.com,Week 10,Hunter,Renfrow,WR,CAR,0.42,2025-12-11 04:29:37
11056,automatic,fanduel.com,Week 10,Jared,Wayne,WR,HOU,0.42,2025-12-11 04:29:37
6847,automatic,fanduel.com,Week 12,Devin,Duvernay,WR,CHI,0.42,2025-12-11 04:29:37
4995,automatic,fanduel.com,Week 12,Ian,Thomas,TE,LV,0.42,2025-12-11 04:29:37
13150,automatic,fanduel.com,Week 15,Darius,Cooper,WR,PHI,0.42,2025-12-11 04:29:37
8145,automatic,fanduel.com,Week 10,Jeremy,Ruckert,TE,NYJ,0.41,2025-12-11 04:29:37
11625,automatic,fanduel.com,Week 11,Adonai,Mitchell,WR,NYJ,0.41,2025-12-11 04:29:37
6960,automatic,fanduel.com,Week 13,Tyler,Johnson,WR,NYJ,0.41,2025-12-11 04:29:37
1166,automatic,fantasypros.com,Week 10,Kirk,Cousins,QB,ATL,0.4,2025-12-11 04:29:37
11256,automatic,fantasypros.com,Week 10,Tyson,Bagent,QB,CHI,0.4,2025-12-11 04:29:37
4179,automatic,fantasypros.com,Week 10,Joshua,Dobbs,QB,NE,0.4,2025-12-11 04:29:37
829,automatic,fantasypros.com,Week 10,Andy,Dalton,QB,CAR,0.4,2025-12-11 04:29:37
827,automatic,fantasypros.com,Week 10,Tyrod,Taylor,QB,NYJ,0.4,2025-12-11 04:29:37
7538,automatic,fantasypros.com,Week 10,Zach,Wilson,QB,MIA,0.4,2025-12-11 04:29:37
6136,automatic,fantasypros.com,Week 10,Jarrett,Stidham,QB,DEN,0.4,2025-12-11 04:29:37
12470,automatic,fantasypros.com,Week 10,Riley,Leonard,QB,IND,0.4,2025-12-11 04:29:37
4972,automatic,fantasypros.com,Week 10,Mason,Rudolph,QB,PIT,0.4,2025-12-11 04:29:37
7720,automatic,fantasypros.com,Week 10,Kene,Nwangwu,RB,NYJ,0.4,2025-12-11 04:29:37
6938,automatic,fantasypros.com,Week 10,Cam,Akers,RB,MIN,0.4,2025-12-11 04:29:37
12171,automatic,fantasypros.com,Week 10,British,Brooks,RB,HOU,0.4,2025-12-11 04:29:37
6828,automatic,fantasypros.com,Week 10,A.J.,Dillon,RB,PHI,0.4,2025-12-11 04:29:37
12048,automatic,fantasypros.com,Week 10,George,Holani,RB,SEA,0.4,2025-12-11 04:29:37
5154,automatic,fantasypros.com,Week 10,Trent,Sherfield Sr.,WR,DEN,0.4,2025-12-11 04:29:37
11157,automatic,fantasypros.com,Week 10,Brycen,Tremayne,WR,CAR,0.4,2025-12-11 04:29:37
6820,automatic,sleeper.com,Week 11,Clyde,Edwards-Helaire,RB,KC,0.4,2025-12-11 04:29:37
7842,automatic,sleeper.com,Week 11,Luke,Farrell,TE,SF,0.4,2025-12-11 04:29:37
12634,automatic,sleeper.com,Week 11,Jordan,Watkins,WR,SF,0.4,2025-12-11 04:29:37
5008,automatic,sleeper.com,Week 11,Durham,Smythe,TE,CHI,0.4,2025-12-11 04:29:37
10235,automatic,sleeper.com,Week 11,Roschon,Johnson,RB,CHI,0.4,2025-12-11 04:29:37
8139,automatic,sleeper.com,Week 11,Zamir,White,RB,LV,0.4,2025-12-11 04:29:37
11994,automatic,sleeper.com,Week 12,Kameron,Johnson,WR,TB,0.4,2025-12-11 04:29:37
10227,automatic,sleeper.com,Week 12,Payne,Durham,TE,TB,0.4,2025-12-11 04:29:37
11595,automatic,sleeper.com,Week 12,Jared,Wiley,TE,KC,0.4,2025-12-11 04:29:37
5008,automatic,sleeper.com,Week 12,Durham,Smythe,TE,CHI,0.4,2025-12-11 04:29:37
10235,automatic,sleeper.com,Week 12,Roschon,Johnson,RB,CHI,0.4,2025-12-11 04:29:37
6427,automatic,sleeper.com,Week 12,Ashton,Dulin,WR,IND,0.4,2025-12-11 04:29:37
4179,automatic,fantasypros.com,Week 12,Joshua,Dobbs,QB,NE,0.4,2025-12-11 04:29:37
1837,automatic,fantasypros.com,Week 12,Jimmy,Garoppolo,QB,LAR,0.4,2025-12-11 04:29:37
1234,automatic,fantasypros.com,Week 12,Russell,Wilson,QB,NYG,0.4,2025-12-11 04:29:37
11562,automatic,fantasypros.com,Week 12,Spencer,Rattler,QB,NO,0.4,2025-12-11 04:29:37
3976,automatic,fantasypros.com,Week 12,Mitchell,Trubisky,QB,BUF,0.4,2025-12-11 04:29:37
11557,automatic,fantasypros.com,Week 12,Joe,Milton III,QB,DAL,0.4,2025-12-11 04:29:37
12470,automatic,fantasypros.com,Week 12,Riley,Leonard,QB,IND,0.4,2025-12-11 04:29:37
9230,automatic,fantasypros.com,Week 12,Tanner,McKee,QB,PHI,0.4,2025-12-11 04:29:37
4464,automatic,fantasypros.com,Week 12,Nick,Mullens,QB,JAX,0.4,2025-12-11 04:29:37
6111,automatic,fantasypros.com,Week 12,Jake,Browning,QB,CIN,0.4,2025-12-11 04:29:37
6012,automatic,fantasypros.com,Week 12,Travis,Homer,RB,CHI,0.4,2025-12-11 04:29:37
4147,automatic,fantasypros.com,Week 12,Samaje,Perine,RB,CIN,0.4,2025-12-11 04:29:37
12171,automatic,fantasypros.com,Week 12,British,Brooks,RB,HOU,0.4,2025-12-11 04:29:37
11651,automatic,fantasypros.com,Week 12,Isaac,Guerendo,RB,SF,0.4,2025-12-11 04:29:37
12897,automatic,fantasypros.com,Week 12,Nathan,Carter,RB,ATL,0.4,2025-12-11 04:29:37
6847,automatic,fantasypros.com,Week 12,Devin,Duvernay,WR,CHI,0.4,2025-12-11 04:29:37
8207,automatic,sleeper.com,Week 13,Tyler,Goodson,RB,IND,0.4,2025-12-11 04:29:37
10227,automatic,sleeper.com,Week 13,Payne,Durham,TE,TB,0.4,2025-12-11 04:29:37
11595,automatic,sleeper.com,Week 13,Jared,Wiley,TE,KC,0.4,2025-12-11 04:29:37
5008,automatic,sleeper.com,Week 13,Durham,Smythe,TE,CHI,0.4,2025-12-11 04:29:37
7602,automatic,sleeper.com,Week 13,Kylen,Granson,TE,PHI,0.4,2025-12-11 04:29:37
11421,automatic,sleeper.com,Week 13,Ryan,Miller,WR,TB,0.4,2025-12-11 04:29:37
8168,automatic,sleeper.com,Week 13,Skyy,Moore,WR,SF,0.4,2025-12-11 04:29:37
8207,automatic,sleeper.com,Week 14,Tyler,Goodson,RB,IND,0.4,2025-12-11 04:29:37
10227,automatic,sleeper.com,Week 14,Payne,Durham,TE,TB,0.4,2025-12-11 04:29:37
11595,automatic,sleeper.com,Week 14,Jared,Wiley,TE,KC,0.4,2025-12-11 04:29:37
12732,automatic,sleeper.com,Week 14,Dominic,Lovett,WR,DET,0.4,2025-12-11 04:29:37
5008,automatic,sleeper.com,Week 14,Durham,Smythe,TE,CHI,0.4,2025-12-11 04:29:37
11421,automatic,sleeper.com,Week 14,Ryan,Miller,WR,TB,0.4,2025-12-11 04:29:37
11306,automatic,fanduel.com,Week 14,Xavier,Gipson,WR,PHI,0.4,2025-12-11 04:29:37
8698,automatic,sleeper.com,Week 15,Jake,Tonges,TE,SF,0.4,2025-12-11 04:29:37
8207,automatic,sleeper.com,Week 15,Tyler,Goodson,RB,IND,0.4,2025-12-11 04:29:37
10227,automatic,sleeper.com,Week 15,Payne,Durham,TE,TB,0.4,2025-12-11 04:29:37
11595,automatic,sleeper.com,Week 15,Jared,Wiley,TE,KC,0.4,2025-12-11 04:29:37
5008,automatic,sleeper.com,Week 15,Durham,Smythe,TE,CHI,0.4,2025-12-11 04:29:37
11421,automatic,sleeper.com,Week 15,Ryan,Miller,WR,TB,0.4,2025-12-11 04:29:37
1837,automatic,fantasypros.com,Week 15,Jimmy,Garoppolo,QB,LAR,0.4,2025-12-11 04:29:37
4179,automatic,fantasypros.com,Week 15,Joshua,Dobbs,QB,NE,0.4,2025-12-11 04:29:37
8161,automatic,fantasypros.com,Week 15,Malik,Willis,QB,GB,0.4,2025-12-11 04:29:37
3976,automatic,fantasypros.com,Week 15,Mitchell,Trubisky,QB,BUF,0.4,2025-12-11 04:29:37
11557,automatic,fantasypros.com,Week 15,Joe,Milton III,QB,DAL,0.4,2025-12-11 04:29:37
7527,automatic,fantasypros.com,Week 15,Mac,Jones,QB,SF,0.4,2025-12-11 04:29:37
2306,automatic,fantasypros.com,Week 15,Jameis,Winston,QB,NYG,0.4,2025-12-11 04:29:37
6037,automatic,fantasypros.com,Week 15,Brett,Rypien,QB,IND,0.4,2025-12-11 04:29:37
4464,automatic,fantasypros.com,Week 15,Nick,Mullens,QB,JAX,0.4,2025-12-11 04:29:37
11562,automatic,fantasypros.com,Week 15,Spencer,Rattler,QB,NO,0.4,2025-12-11 04:29:37
9230,automatic,fantasypros.com,Week 15,Tanner,McKee,QB,PHI,0.4,2025-12-11 04:29:37
7204,automatic,fantasypros.com,Week 15,Reggie,Gilliam,RB,BUF,0.4,2025-12-11 04:29:37
12457,automatic,fantasypros.com,Week 15,Jaydon,Blue,RB,DAL,0.4,2025-12-11 04:29:37
7595,automatic,fantasypros.com,Week 15,Tylan,Wallace,WR,BAL,0.4,2025-12-11 04:29:37
11306,automatic,fanduel.com,Week 15,Xavier,Gipson,WR,PHI,0.4,2025-12-11 04:29:37
,,fantasypros.com,Week 12,C.J.,Ham,RB,MIN,0.4,2025-12-11 04:29:37
,,sleeper.com,Week 14,Nick,Vannett,TE,LAR,0.4,2025-12-11 04:29:37
,,sleeper.com,Week 15,Nick,Vannett,TE,LAR,0.4,2025-12-11 04:29:37
,,fantasypros.com,Week 15,C.J.,Ham,RB,MIN,0.4,2025-12-11 04:29:37
5121,automatic,fanduel.com,Week 10,Braxton,Berrios,WR,HOU,0.39,2025-12-11 04:29:37
8145,automatic,fanduel.com,Week 13,Jeremy,Ruckert,TE,NYJ,0.39,2025-12-11 04:29:37
11299,automatic,fanduel.com,Week 13,Zavier,Scott,RB,MIN,0.36,2025-12-11 04:29:37
6111,automatic,fanduel.com,Week 11,Jake,Browning,QB,CIN,0.34,2025-12-11 04:29:37
11648,automatic,fanduel.com,Week 12,Kedon,Slovis,QB,ARI,0.34,2025-12-11 04:29:37
2306,automatic,fanduel.com,Week 15,Jameis,Winston,QB,NYG,0.34,2025-12-11 04:29:37
1837,automatic,fanduel.com,Week 10,Jimmy,Garoppolo,QB,LAR,0.32,2025-12-11 04:29:37
1166,automatic,fanduel.com,Week 10,Kirk,Cousins,QB,ATL,0.31,2025-12-11 04:29:37
1166,automatic,fanduel.com,Week 11,Kirk,Cousins,QB,ATL,0.31,2025-12-11 04:29:37
1837,automatic,fanduel.com,Week 11,Jimmy,Garoppolo,QB,LAR,0.31,2025-12-11 04:29:37
6111,automatic,fanduel.com,Week 12,Jake,Browning,QB,CIN,0.31,2025-12-11 04:29:37
4464,automatic,fanduel.com,Week 12,Nick,Mullens,QB,JAX,0.31,2025-12-11 04:29:37
1837,automatic,fanduel.com,Week 12,Jimmy,Garoppolo,QB,LAR,0.31,2025-12-11 04:29:37
1837,automatic,fanduel.com,Week 13,Jimmy,Garoppolo,QB,LAR,0.31,2025-12-11 04:29:37
11557,automatic,fanduel.com,Week 14,Joe,Milton III,QB,DAL,0.31,2025-12-11 04:29:37
4995,automatic,fanduel.com,Week 10,Ian,Thomas,TE,LV,0.3,2025-12-11 04:29:37
1234,automatic,fanduel.com,Week 10,Russell,Wilson,QB,NYG,0.3,2025-12-11 04:29:37
11651,automatic,sleeper.com,Week 10,Isaac,Guerendo,RB,SF,0.3,2025-12-11 04:29:37
8207,automatic,sleeper.com,Week 10,Tyler,Goodson,RB,IND,0.3,2025-12-11 04:29:37
7039,automatic,sleeper.com,Week 10,Cody,White,WR,SEA,0.3,2025-12-11 04:29:37
7757,automatic,sleeper.com,Week 10,Ben,Skowronek,WR,PIT,0.3,2025-12-11 04:29:37
11569,automatic,sleeper.com,Week 10,Jarquez,Hunter,RB,LAR,0.3,2025-12-11 04:29:37
8885,automatic,sleeper.com,Week 10,Tucker,Fisk,TE,LAC,0.3,2025-12-11 04:29:37
11820,automatic,sleeper.com,Week 10,Devin,Culp,TE,TB,0.3,2025-12-11 04:29:37
9230,automatic,fantasypros.com,Week 10,Tanner,McKee,QB,PHI,0.3,2025-12-11 04:29:37
7610,automatic,fantasypros.com,Week 10,Trey,Lance,QB,LAC,0.3,2025-12-11 04:29:37
7593,automatic,fantasypros.com,Week 10,Trey,Sermon,RB,PIT,0.3,2025-12-11 04:29:37
12515,automatic,fantasypros.com,Week 10,Donovan,Edwards,RB,WAS,0.3,2025-12-11 04:29:37
12718,automatic,fantasypros.com,Week 10,Konata,Mumpfield,WR,LAR,0.3,2025-12-11 04:29:37
11651,automatic,sleeper.com,Week 11,Isaac,Guerendo,RB,SF,0.3,2025-12-11 04:29:37
7039,automatic,sleeper.com,Week 11,Cody,White,WR,SEA,0.3,2025-12-11 04:29:37
11595,automatic,sleeper.com,Week 11,Jared,Wiley,TE,KC,0.3,2025-12-11 04:29:37
7757,automatic,sleeper.com,Week 11,Ben,Skowronek,WR,PIT,0.3,2025-12-11 04:29:37
11821,automatic,sleeper.com,Week 11,Tahj,Washington,WR,MIA,0.3,2025-12-11 04:29:37
8885,automatic,sleeper.com,Week 11,Tucker,Fisk,TE,LAC,0.3,2025-12-11 04:29:37
4464,automatic,fanduel.com,Week 11,Nick,Mullens,QB,JAX,0.3,2025-12-11 04:29:37
7610,automatic,fanduel.com,Week 11,Trey,Lance,QB,LAC,0.3,2025-12-11 04:29:37
11648,automatic,fanduel.com,Week 11,Kedon,Slovis,QB,ARI,0.3,2025-12-11 04:29:37
11557,automatic,fanduel.com,Week 11,Joe,Milton III,QB,DAL,0.3,2025-12-11 04:29:37
5121,automatic,sleeper.com,Week 12,Braxton,Berrios,WR,HOU,0.3,2025-12-11 04:29:37
11651,automatic,sleeper.com,Week 12,Isaac,Guerendo,RB,SF,0.3,2025-12-11 04:29:37
3048,automatic,sleeper.com,Week 12,Chris,Manhertz,TE,NYG,0.3,2025-12-11 04:29:37
12634,automatic,sleeper.com,Week 12,Jordan,Watkins,WR,SF,0.3,2025-12-11 04:29:37
7757,automatic,sleeper.com,Week 12,Ben,Skowronek,WR,PIT,0.3,2025-12-11 04:29:37
8583,automatic,sleeper.com,Week 12,Stone,Smartt,TE,NYJ,0.3,2025-12-11 04:29:37
8204,automatic,sleeper.com,Week 12,Bo,Melton,WR,GB,0.3,2025-12-11 04:29:37
8489,automatic,sleeper.com,Week 12,Drew,Ogletree,TE,IND,0.3,2025-12-11 04:29:37
8139,automatic,sleeper.com,Week 12,Zamir,White,RB,LV,0.3,2025-12-11 04:29:37
1234,automatic,fanduel.com,Week 12,Russell,Wilson,QB,NYG,0.3,2025-12-11 04:29:37
6011,automatic,fanduel.com,Week 12,Gardner,Minshew,QB,KC,0.3,2025-12-11 04:29:37
11557,automatic,fanduel.com,Week 12,Joe,Milton III,QB,DAL,0.3,2025-12-11 04:29:37
7527,automatic,fanduel.com,Week 12,Mac,Jones,QB,SF,0.3,2025-12-11 04:29:37
3357,automatic,fantasypros.com,Week 12,Brandon,Allen,QB,TEN,0.3,2025-12-11 04:29:37
4574,automatic,fantasypros.com,Week 12,Cooper,Rush,QB,BAL,0.3,2025-12-11 04:29:37
6037,automatic,fantasypros.com,Week 12,Brett,Rypien,QB,IND,0.3,2025-12-11 04:29:37
12738,automatic,fantasypros.com,Week 12,Phil,Mafah,RB,DAL,0.3,2025-12-11 04:29:37
7204,automatic,fantasypros.com,Week 12,Reggie,Gilliam,RB,BUF,0.3,2025-12-11 04:29:37
8698,automatic,sleeper.com,Week 13,Jake,Tonges,TE,SF,0.3,2025-12-11 04:29:37
10867,automatic,sleeper.com,Week 13,Jake,Bobo,WR,SEA,0.3,2025-12-11 04:29:37
6386,automatic,sleeper.com,Week 13,Alex,Bachman,WR,LV,0.3,2025-12-11 04:29:37
11651,automatic,sleeper.com,Week 13,Isaac,Guerendo,RB,SF,0.3,2025-12-11 04:29:37
3048,automatic,sleeper.com,Week 13,Chris,Manhertz,TE,NYG,0.3,2025-12-11 04:29:37
7757,automatic,sleeper.com,Week 13,Ben,Skowronek,WR,PIT,0.3,2025-12-11 04:29:37
13150,automatic,sleeper.com,Week 13,Darius,Cooper,WR,PHI,0.3,2025-12-11 04:29:37
11821,automatic,sleeper.com,Week 13,Tahj,Washington,WR,MIA,0.3,2025-12-11 04:29:37
11569,automatic,sleeper.com,Week 13,Jarquez,Hunter,RB,LAR,0.3,2025-12-11 04:29:37
8885,automatic,sleeper.com,Week 13,Tucker,Fisk,TE,LAC,0.3,2025-12-11 04:29:37
6011,automatic,fanduel.com,Week 13,Gardner,Minshew,QB,KC,0.3,2025-12-11 04:29:37
11557,automatic,fanduel.com,Week 13,Joe,Milton III,QB,DAL,0.3,2025-12-11 04:29:37
4464,automatic,fanduel.com,Week 13,Nick,Mullens,QB,JAX,0.3,2025-12-11 04:29:37
6386,automatic,sleeper.com,Week 14,Alex,Bachman,WR,LV,0.3,2025-12-11 04:29:37
8583,automatic,sleeper.com,Week 14,Stone,Smartt,TE,NYJ,0.3,2025-12-11 04:29:37
6290,automatic,sleeper.com,Week 14,Scotty,Miller,WR,PIT,0.3,2025-12-11 04:29:37
8204,automatic,sleeper.com,Week 14,Bo,Melton,WR,GB,0.3,2025-12-11 04:29:37
11821,automatic,sleeper.com,Week 14,Tahj,Washington,WR,MIA,0.3,2025-12-11 04:29:37
7602,automatic,sleeper.com,Week 14,Kylen,Granson,TE,PHI,0.3,2025-12-11 04:29:37
11569,automatic,sleeper.com,Week 14,Jarquez,Hunter,RB,LAR,0.3,2025-12-11 04:29:37
7233,automatic,sleeper.com,Week 14,Andre,Baccellia,WR,ARI,0.3,2025-12-11 04:29:37
8885,automatic,sleeper.com,Week 14,Tucker,Fisk,TE,LAC,0.3,2025-12-11 04:29:37
4464,automatic,fanduel.com,Week 14,Nick,Mullens,QB,JAX,0.3,2025-12-11 04:29:37
11574,automatic,sleeper.com,Week 15,Dylan,Laube,RB,LV,0.3,2025-12-11 04:29:37
6386,automatic,sleeper.com,Week 15,Alex,Bachman,WR,LV,0.3,2025-12-11 04:29:37
11651,automatic,sleeper.com,Week 15,Isaac,Guerendo,RB,SF,0.3,2025-12-11 04:29:37
3048,automatic,sleeper.com,Week 15,Chris,Manhertz,TE,NYG,0.3,2025-12-11 04:29:37
10225,automatic,sleeper.com,Week 15,Jonathan,Mingo,WR,DAL,0.3,2025-12-11 04:29:37
12732,automatic,sleeper.com,Week 15,Dominic,Lovett,WR,DET,0.3,2025-12-11 04:29:37
12634,automatic,sleeper.com,Week 15,Jordan,Watkins,WR,SF,0.3,2025-12-11 04:29:37
7757,automatic,sleeper.com,Week 15,Ben,Skowronek,WR,PIT,0.3,2025-12-11 04:29:37
8583,automatic,sleeper.com,Week 15,Stone,Smartt,TE,NYJ,0.3,2025-12-11 04:29:37
8195,automatic,sleeper.com,Week 15,Ronnie,Rivers,RB,LAR,0.3,2025-12-11 04:29:37
13150,automatic,sleeper.com,Week 15,Darius,Cooper,WR,PHI,0.3,2025-12-11 04:29:37
11821,automatic,sleeper.com,Week 15,Tahj,Washington,WR,MIA,0.3,2025-12-11 04:29:37
7602,automatic,sleeper.com,Week 15,Kylen,Granson,TE,PHI,0.3,2025-12-11 04:29:37
6136,automatic,fantasypros.com,Week 15,Jarrett,Stidham,QB,DEN,0.3,2025-12-11 04:29:37
829,automatic,fantasypros.com,Week 15,Andy,Dalton,QB,CAR,0.3,2025-12-11 04:29:37
8123,automatic,fantasypros.com,Week 15,Hassan,Haskins,RB,LAC,0.3,2025-12-11 04:29:37
7527,automatic,fanduel.com,Week 15,Mac,Jones,QB,SF,0.3,2025-12-11 04:29:37
,,sleeper.com,Week 10,Patrick,Ricard,RB,BAL,0.3,2025-12-11 04:29:37
,,sleeper.com,Week 11,Patrick,Ricard,RB,BAL,0.3,2025-12-11 04:29:37
,,sleeper.com,Week 12,Patrick,Ricard,RB,BAL,0.3,2025-12-11 04:29:37
,,sleeper.com,Week 14,C.J.,Ham,RB,MIN,0.3,2025-12-11 04:29:37
,,sleeper.com,Week 14,Patrick,Ricard,RB,BAL,0.3,2025-12-11 04:29:37
,,sleeper.com,Week 15,C.J.,Ham,RB,MIN,0.3,2025-12-11 04:29:37
,,sleeper.com,Week 15,Patrick,Ricard,RB,BAL,0.3,2025-12-11 04:29:37
2152,automatic,fanduel.com,Week 10,Teddy,Bridgewater,QB,TB,0.29,2025-12-11 04:29:37
8885,automatic,fanduel.com,Week 10,Tucker,Fisk,TE,LAC,0.29,2025-12-11 04:29:37
8500,automatic,fanduel.com,Week 11,John,FitzPatrick,TE,GB,0.29,2025-12-11 04:29:37
12775,automatic,fanduel.com,Week 11,Max,Brosmer,QB,MIN,0.29,2025-12-11 04:29:37
12470,automatic,fanduel.com,Week 12,Riley,Leonard,QB,IND,0.29,2025-12-11 04:29:37
829,automatic,fanduel.com,Week 12,Andy,Dalton,QB,CAR,0.29,2025-12-11 04:29:37
11648,automatic,fanduel.com,Week 13,Kedon,Slovis,QB,ARI,0.29,2025-12-11 04:29:37
7610,automatic,fanduel.com,Week 13,Trey,Lance,QB,LAC,0.29,2025-12-11 04:29:37
6136,automatic,fanduel.com,Week 13,Jarrett,Stidham,QB,DEN,0.29,2025-12-11 04:29:37
2306,automatic,fanduel.com,Week 13,Jameis,Winston,QB,NYG,0.29,2025-12-11 04:29:37
5127,automatic,fanduel.com,Week 14,Kyle,Allen,QB,DET,0.29,2025-12-11 04:29:37
19,automatic,fanduel.com,Week 14,Joe,Flacco,QB,CIN,0.29,2025-12-11 04:29:37
3976,automatic,fanduel.com,Week 14,Mitchell,Trubisky,QB,BUF,0.29,2025-12-11 04:29:37
11648,automatic,fanduel.com,Week 14,Kedon,Slovis,QB,ARI,0.29,2025-12-11 04:29:37
4464,automatic,fanduel.com,Week 15,Nick,Mullens,QB,JAX,0.29,2025-12-11 04:29:37
19,automatic,fanduel.com,Week 15,Joe,Flacco,QB,CIN,0.29,2025-12-11 04:29:37
11557,automatic,fanduel.com,Week 15,Joe,Milton III,QB,DAL,0.29,2025-12-11 04:29:37
11648,automatic,fanduel.com,Week 10,Kedon,Slovis,QB,ARI,0.28,2025-12-11 04:29:37
12670,automatic,fanduel.com,Week 10,KeAndre,Lambert-Smith,WR,LAC,0.28,2025-12-11 04:29:37
4972,automatic,fanduel.com,Week 11,Mason,Rudolph,QB,PIT,0.28,2025-12-11 04:29:37
9230,automatic,fanduel.com,Week 13,Tanner,McKee,QB,PHI,0.28,2025-12-11 04:29:37
19,automatic,fanduel.com,Week 13,Joe,Flacco,QB,CIN,0.28,2025-12-11 04:29:37
829,automatic,fanduel.com,Week 13,Andy,Dalton,QB,CAR,0.28,2025-12-11 04:29:37
12470,automatic,fanduel.com,Week 13,Riley,Leonard,QB,IND,0.28,2025-12-11 04:29:37
4972,automatic,fanduel.com,Week 15,Mason,Rudolph,QB,PIT,0.28,2025-12-11 04:29:37
829,automatic,fanduel.com,Week 10,Andy,Dalton,QB,CAR,0.27,2025-12-11 04:29:37
11256,automatic,fanduel.com,Week 10,Tyson,Bagent,QB,CHI,0.27,2025-12-11 04:29:37
3976,automatic,fanduel.com,Week 10,Mitchell,Trubisky,QB,BUF,0.27,2025-12-11 04:29:37
829,automatic,fanduel.com,Week 11,Andy,Dalton,QB,CAR,0.27,2025-12-11 04:29:37
11256,automatic,fanduel.com,Week 12,Tyson,Bagent,QB,CHI,0.27,2025-12-11 04:29:37
9230,automatic,fanduel.com,Week 12,Tanner,McKee,QB,PHI,0.27,2025-12-11 04:29:37
12470,automatic,fanduel.com,Week 14,Riley,Leonard,QB,IND,0.27,2025-12-11 04:29:37
5854,automatic,fanduel.com,Week 14,Drew,Lock,QB,SEA,0.27,2025-12-11 04:29:37
4179,automatic,fanduel.com,Week 15,Joshua,Dobbs,QB,NE,0.27,2025-12-11 04:29:37
7585,automatic,fanduel.com,Week 15,Davis,Mills,QB,HOU,0.27,2025-12-11 04:29:37
829,automatic,fanduel.com,Week 15,Andy,Dalton,QB,CAR,0.27,2025-12-11 04:29:37
4464,automatic,fanduel.com,Week 10,Nick,Mullens,QB,JAX,0.26,2025-12-11 04:29:37
4179,automatic,fanduel.com,Week 11,Joshua,Dobbs,QB,NE,0.26,2025-12-11 04:29:37
4179,automatic,fanduel.com,Week 12,Joshua,Dobbs,QB,NE,0.26,2025-12-11 04:29:37
4179,automatic,fanduel.com,Week 13,Joshua,Dobbs,QB,NE,0.26,2025-12-11 04:29:37
11256,automatic,fanduel.com,Week 15,Tyson,Bagent,QB,CHI,0.26,2025-12-11 04:29:37
7527,automatic,fanduel.com,Week 10,Mac,Jones,QB,SF,0.25,2025-12-11 04:29:37
7610,automatic,fanduel.com,Week 10,Trey,Lance,QB,LAC,0.25,2025-12-11 04:29:37
2152,automatic,fanduel.com,Week 11,Teddy,Bridgewater,QB,TB,0.25,2025-12-11 04:29:37
1234,automatic,fanduel.com,Week 11,Russell,Wilson,QB,NYG,0.25,2025-12-11 04:29:37
7527,automatic,fanduel.com,Week 11,Mac,Jones,QB,SF,0.25,2025-12-11 04:29:37
6136,automatic,fanduel.com,Week 11,Jarrett,Stidham,QB,DEN,0.25,2025-12-11 04:29:37
4995,automatic,fanduel.com,Week 11,Ian,Thomas,TE,LV,0.25,2025-12-11 04:29:37
2152,automatic,fanduel.com,Week 12,Teddy,Bridgewater,QB,TB,0.25,2025-12-11 04:29:37
4972,automatic,fanduel.com,Week 13,Mason,Rudolph,QB,PIT,0.25,2025-12-11 04:29:37
6011,automatic,fanduel.com,Week 14,Gardner,Minshew,QB,KC,0.25,2025-12-11 04:29:37
6185,automatic,fanduel.com,Week 15,Easton,Stick,QB,ATL,0.25,2025-12-11 04:29:37
7610,automatic,fanduel.com,Week 15,Trey,Lance,QB,LAC,0.25,2025-12-11 04:29:37
7612,automatic,fanduel.com,Week 15,Dee,Eskridge,WR,MIA,0.25,2025-12-11 04:29:37
6136,automatic,fanduel.com,Week 10,Jarrett,Stidham,QB,DEN,0.24,2025-12-11 04:29:37
12775,automatic,fanduel.com,Week 10,Max,Brosmer,QB,MIN,0.24,2025-12-11 04:29:37
5127,automatic,fanduel.com,Week 10,Kyle,Allen,QB,DET,0.24,2025-12-11 04:29:37
4972,automatic,fanduel.com,Week 10,Mason,Rudolph,QB,PIT,0.24,2025-12-11 04:29:37
12524,automatic,fanduel.com,Week 11,Shedeur,Sanders,QB,CLE,0.24,2025-12-11 04:29:37
6011,automatic,fanduel.com,Week 11,Gardner,Minshew,QB,KC,0.24,2025-12-11 04:29:37
5127,automatic,fanduel.com,Week 11,Kyle,Allen,QB,DET,0.24,2025-12-11 04:29:37
5127,automatic,fanduel.com,Week 12,Kyle,Allen,QB,DET,0.24,2025-12-11 04:29:37
12775,automatic,fanduel.com,Week 12,Max,Brosmer,QB,MIN,0.24,2025-12-11 04:29:37
6185,automatic,fanduel.com,Week 12,Easton,Stick,QB,ATL,0.24,2025-12-11 04:29:37
11256,automatic,fanduel.com,Week 13,Tyson,Bagent,QB,CHI,0.24,2025-12-11 04:29:37
5127,automatic,fanduel.com,Week 13,Kyle,Allen,QB,DET,0.24,2025-12-11 04:29:37
8161,automatic,fanduel.com,Week 13,Malik,Willis,QB,GB,0.24,2025-12-11 04:29:37
12500,automatic,fanduel.com,Week 13,Quinn,Ewers,QB,MIA,0.24,2025-12-11 04:29:37
7527,automatic,fanduel.com,Week 13,Mac,Jones,QB,SF,0.24,2025-12-11 04:29:37
6185,automatic,fanduel.com,Week 13,Easton,Stick,QB,ATL,0.24,2025-12-11 04:29:37
6185,automatic,fanduel.com,Week 14,Easton,Stick,QB,ATL,0.24,2025-12-11 04:29:37
11562,automatic,fanduel.com,Week 14,Spencer,Rattler,QB,NO,0.24,2025-12-11 04:29:37
8161,automatic,fanduel.com,Week 14,Malik,Willis,QB,GB,0.24,2025-12-11 04:29:37
11648,automatic,fanduel.com,Week 15,Kedon,Slovis,QB,ARI,0.24,2025-12-11 04:29:37
6011,automatic,fanduel.com,Week 15,Gardner,Minshew,QB,KC,0.24,2025-12-11 04:29:37
6136,automatic,fanduel.com,Week 15,Jarrett,Stidham,QB,DEN,0.24,2025-12-11 04:29:37
5127,automatic,fanduel.com,Week 15,Kyle,Allen,QB,DET,0.24,2025-12-11 04:29:37
12775,automatic,fanduel.com,Week 15,Max,Brosmer,QB,MIN,0.24,2025-12-11 04:29:37
12471,automatic,fanduel.com,Week 10,DJ,Giddens,RB,IND,0.23,2025-12-11 04:29:37
11562,automatic,fanduel.com,Week 10,Spencer,Rattler,QB,NO,0.23,2025-12-11 04:29:37
12524,automatic,fanduel.com,Week 10,Shedeur,Sanders,QB,CLE,0.23,2025-12-11 04:29:37
5854,automatic,fanduel.com,Week 10,Drew,Lock,QB,SEA,0.23,2025-12-11 04:29:37
8161,automatic,fanduel.com,Week 10,Malik,Willis,QB,GB,0.23,2025-12-11 04:29:37
3976,automatic,fanduel.com,Week 11,Mitchell,Trubisky,QB,BUF,0.23,2025-12-11 04:29:37
8161,automatic,fanduel.com,Week 11,Malik,Willis,QB,GB,0.23,2025-12-11 04:29:37
11256,automatic,fanduel.com,Week 11,Tyson,Bagent,QB,CHI,0.23,2025-12-11 04:29:37
5854,automatic,fanduel.com,Week 11,Drew,Lock,QB,SEA,0.23,2025-12-11 04:29:37
9230,automatic,fanduel.com,Week 11,Tanner,McKee,QB,PHI,0.23,2025-12-11 04:29:37
8160,automatic,fanduel.com,Week 11,Kenny,Pickett,QB,LV,0.23,2025-12-11 04:29:37
3976,automatic,fanduel.com,Week 12,Mitchell,Trubisky,QB,BUF,0.23,2025-12-11 04:29:37
8161,automatic,fanduel.com,Week 12,Malik,Willis,QB,GB,0.23,2025-12-11 04:29:37
3357,automatic,fanduel.com,Week 12,Brandon,Allen,QB,TEN,0.23,2025-12-11 04:29:37
8160,automatic,fanduel.com,Week 12,Kenny,Pickett,QB,LV,0.23,2025-12-11 04:29:37
3357,automatic,fanduel.com,Week 13,Brandon,Allen,QB,TEN,0.23,2025-12-11 04:29:37
3976,automatic,fanduel.com,Week 13,Mitchell,Trubisky,QB,BUF,0.23,2025-12-11 04:29:37
12486,automatic,fanduel.com,Week 14,Dillon,Gabriel,QB,CLE,0.23,2025-12-11 04:29:37
12500,automatic,fanduel.com,Week 14,Quinn,Ewers,QB,MIA,0.23,2025-12-11 04:29:37
7585,automatic,fanduel.com,Week 14,Davis,Mills,QB,HOU,0.23,2025-12-11 04:29:37
3976,automatic,fanduel.com,Week 15,Mitchell,Trubisky,QB,BUF,0.23,2025-12-11 04:29:37
10866,automatic,fanduel.com,Week 15,Aidan,O'Connell,QB,LV,0.23,2025-12-11 04:29:37
7083,automatic,fanduel.com,Week 15,Tyler,Huntley,QB,BAL,0.23,2025-12-11 04:29:37
12486,automatic,fanduel.com,Week 15,Dillon,Gabriel,QB,CLE,0.23,2025-12-11 04:29:37
11562,automatic,fanduel.com,Week 15,Spencer,Rattler,QB,NO,0.23,2025-12-11 04:29:37
827,automatic,fanduel.com,Week 10,Tyrod,Taylor,QB,NYJ,0.22,2025-12-11 04:29:37
4179,automatic,fanduel.com,Week 10,Joshua,Dobbs,QB,NE,0.22,2025-12-11 04:29:37
260,automatic,fanduel.com,Week 10,Josh,Johnson,QB,WAS,0.22,2025-12-11 04:29:37
9230,automatic,fanduel.com,Week 10,Tanner,McKee,QB,PHI,0.22,2025-12-11 04:29:37
827,automatic,fanduel.com,Week 11,Tyrod,Taylor,QB,NYJ,0.22,2025-12-11 04:29:37
260,automatic,fanduel.com,Week 11,Josh,Johnson,QB,WAS,0.22,2025-12-11 04:29:37
7538,automatic,fanduel.com,Week 11,Zach,Wilson,QB,MIA,0.22,2025-12-11 04:29:37
3357,automatic,fanduel.com,Week 11,Brandon,Allen,QB,TEN,0.22,2025-12-11 04:29:37
7591,automatic,fanduel.com,Week 12,Justin,Fields,QB,NYJ,0.22,2025-12-11 04:29:37
5854,automatic,fanduel.com,Week 12,Drew,Lock,QB,SEA,0.22,2025-12-11 04:29:37
11562,automatic,fanduel.com,Week 12,Spencer,Rattler,QB,NO,0.22,2025-12-11 04:29:37
11562,automatic,fanduel.com,Week 13,Spencer,Rattler,QB,NO,0.22,2025-12-11 04:29:37
7585,automatic,fanduel.com,Week 13,Davis,Mills,QB,HOU,0.22,2025-12-11 04:29:37
5854,automatic,fanduel.com,Week 13,Drew,Lock,QB,SEA,0.22,2025-12-11 04:29:37
260,automatic,fanduel.com,Week 14,Josh,Johnson,QB,WAS,0.22,2025-12-11 04:29:37
8161,automatic,fanduel.com,Week 15,Malik,Willis,QB,GB,0.22,2025-12-11 04:29:37
4574,automatic,fanduel.com,Week 10,Cooper,Rush,QB,BAL,0.21,2025-12-11 04:29:37
7083,automatic,fanduel.com,Week 12,Tyler,Huntley,QB,BAL,0.21,2025-12-11 04:29:37
7083,automatic,fanduel.com,Week 13,Tyler,Huntley,QB,BAL,0.21,2025-12-11 04:29:37
7591,automatic,fanduel.com,Week 13,Justin,Fields,QB,NYJ,0.21,2025-12-11 04:29:37
260,automatic,fanduel.com,Week 13,Josh,Johnson,QB,WAS,0.21,2025-12-11 04:29:37
7083,automatic,fanduel.com,Week 14,Tyler,Huntley,QB,BAL,0.21,2025-12-11 04:29:37
7608,automatic,sleeper.com,Week 10,Khalil,Herbert,RB,NYJ,0.2,2025-12-11 04:29:37
6847,automatic,sleeper.com,Week 10,Devin,Duvernay,WR,CHI,0.2,2025-12-11 04:29:37
4198,automatic,sleeper.com,Week 10,Jamal,Agnew,WR,ATL,0.2,2025-12-11 04:29:37
11762,automatic,sleeper.com,Week 10,Anthony,Gould,WR,IND,0.2,2025-12-11 04:29:37
5010,automatic,sleeper.com,Week 10,Will,Dissly,TE,LAC,0.2,2025-12-11 04:29:37
10235,automatic,sleeper.com,Week 10,Roschon,Johnson,RB,CHI,0.2,2025-12-11 04:29:37
12670,automatic,sleeper.com,Week 10,KeAndre,Lambert-Smith,WR,LAC,0.2,2025-12-11 04:29:37
12524,automatic,fantasypros.com,Week 10,Shedeur,Sanders,QB,CLE,0.2,2025-12-11 04:29:37
4464,automatic,fantasypros.com,Week 10,Nick,Mullens,QB,JAX,0.2,2025-12-11 04:29:37
12500,automatic,fantasypros.com,Week 10,Quinn,Ewers,QB,MIA,0.2,2025-12-11 04:29:37
8220,automatic,fantasypros.com,Week 10,Sincere,McCormick,RB,SF,0.2,2025-12-11 04:29:37
7204,automatic,fantasypros.com,Week 10,Reggie,Gilliam,RB,BUF,0.2,2025-12-11 04:29:37
10228,automatic,sleeper.com,Week 11,Charlie,Jones,WR,CIN,0.2,2025-12-11 04:29:37
7608,automatic,sleeper.com,Week 11,Khalil,Herbert,RB,NYJ,0.2,2025-12-11 04:29:37
7607,automatic,sleeper.com,Week 11,Michael,Carter,RB,ARI,0.2,2025-12-11 04:29:37
6847,automatic,sleeper.com,Week 11,Devin,Duvernay,WR,CHI,0.2,2025-12-11 04:29:37
10225,automatic,sleeper.com,Week 11,Jonathan,Mingo,WR,DAL,0.2,2025-12-11 04:29:37
5955,automatic,sleeper.com,Week 11,Hunter,Renfrow,WR,CAR,0.2,2025-12-11 04:29:37
11299,automatic,sleeper.com,Week 11,Zavier,Scott,RB,MIN,0.2,2025-12-11 04:29:37
4198,automatic,sleeper.com,Week 11,Jamal,Agnew,WR,ATL,0.2,2025-12-11 04:29:37
5010,automatic,sleeper.com,Week 11,Will,Dissly,TE,LAC,0.2,2025-12-11 04:29:37
11569,automatic,sleeper.com,Week 11,Jarquez,Hunter,RB,LAR,0.2,2025-12-11 04:29:37
11579,automatic,sleeper.com,Week 12,Audric,Estime,RB,NO,0.2,2025-12-11 04:29:37
7608,automatic,sleeper.com,Week 12,Khalil,Herbert,RB,NYJ,0.2,2025-12-11 04:29:37
10867,automatic,sleeper.com,Week 12,Jake,Bobo,WR,SEA,0.2,2025-12-11 04:29:37
6847,automatic,sleeper.com,Week 12,Devin,Duvernay,WR,CHI,0.2,2025-12-11 04:29:37
7946,automatic,sleeper.com,Week 12,Jack,Stoll,TE,NO,0.2,2025-12-11 04:29:37
10225,automatic,sleeper.com,Week 12,Jonathan,Mingo,WR,DAL,0.2,2025-12-11 04:29:37
5955,automatic,sleeper.com,Week 12,Hunter,Renfrow,WR,CAR,0.2,2025-12-11 04:29:37
11299,automatic,sleeper.com,Week 12,Zavier,Scott,RB,MIN,0.2,2025-12-11 04:29:37
7720,automatic,sleeper.com,Week 12,Kene,Nwangwu,RB,NYJ,0.2,2025-12-11 04:29:37
11306,automatic,sleeper.com,Week 12,Xavier,Gipson,WR,PHI,0.2,2025-12-11 04:29:37
11762,automatic,sleeper.com,Week 12,Anthony,Gould,WR,IND,0.2,2025-12-11 04:29:37
11569,automatic,sleeper.com,Week 12,Jarquez,Hunter,RB,LAR,0.2,2025-12-11 04:29:37
11581,automatic,fantasypros.com,Week 12,MarShawn,Lloyd,RB,GB,0.2,2025-12-11 04:29:37
4198,automatic,fantasypros.com,Week 12,Jamal,Agnew,WR,ATL,0.2,2025-12-11 04:29:37
12542,automatic,sleeper.com,Week 13,Efton,Chism,WR,NE,0.2,2025-12-11 04:29:37
10228,automatic,sleeper.com,Week 13,Charlie,Jones,WR,CIN,0.2,2025-12-11 04:29:37
11574,automatic,sleeper.com,Week 13,Dylan,Laube,RB,LV,0.2,2025-12-11 04:29:37
7608,automatic,sleeper.com,Week 13,Khalil,Herbert,RB,NYJ,0.2,2025-12-11 04:29:37
11384,automatic,sleeper.com,Week 13,Owen,Wright,RB,TB,0.2,2025-12-11 04:29:37
6847,automatic,sleeper.com,Week 13,Devin,Duvernay,WR,CHI,0.2,2025-12-11 04:29:37
7946,automatic,sleeper.com,Week 13,Jack,Stoll,TE,NO,0.2,2025-12-11 04:29:37
10225,automatic,sleeper.com,Week 13,Jonathan,Mingo,WR,DAL,0.2,2025-12-11 04:29:37
11994,automatic,sleeper.com,Week 13,Kameron,Johnson,WR,TB,0.2,2025-12-11 04:29:37
12634,automatic,sleeper.com,Week 13,Jordan,Watkins,WR,SF,0.2,2025-12-11 04:29:37
8583,automatic,sleeper.com,Week 13,Stone,Smartt,TE,NYJ,0.2,2025-12-11 04:29:37
4198,automatic,sleeper.com,Week 13,Jamal,Agnew,WR,ATL,0.2,2025-12-11 04:29:37
12471,automatic,sleeper.com,Week 13,DJ,Giddens,RB,IND,0.2,2025-12-11 04:29:37
11762,automatic,sleeper.com,Week 13,Anthony,Gould,WR,IND,0.2,2025-12-11 04:29:37
5010,automatic,sleeper.com,Week 13,Will,Dissly,TE,LAC,0.2,2025-12-11 04:29:37
8160,automatic,fanduel.com,Week 13,Kenny,Pickett,QB,LV,0.2,2025-12-11 04:29:37
10228,automatic,sleeper.com,Week 14,Charlie,Jones,WR,CIN,0.2,2025-12-11 04:29:37
11574,automatic,sleeper.com,Week 14,Dylan,Laube,RB,LV,0.2,2025-12-11 04:29:37
6847,automatic,sleeper.com,Week 14,Devin,Duvernay,WR,CHI,0.2,2025-12-11 04:29:37
7946,automatic,sleeper.com,Week 14,Jack,Stoll,TE,NO,0.2,2025-12-11 04:29:37
10225,automatic,sleeper.com,Week 14,Jonathan,Mingo,WR,DAL,0.2,2025-12-11 04:29:37
12457,automatic,sleeper.com,Week 14,Jaydon,Blue,RB,DAL,0.2,2025-12-11 04:29:37
11994,automatic,sleeper.com,Week 14,Kameron,Johnson,WR,TB,0.2,2025-12-11 04:29:37
13150,automatic,sleeper.com,Week 14,Darius,Cooper,WR,PHI,0.2,2025-12-11 04:29:37
4198,automatic,sleeper.com,Week 14,Jamal,Agnew,WR,ATL,0.2,2025-12-11 04:29:37
12471,automatic,sleeper.com,Week 14,DJ,Giddens,RB,IND,0.2,2025-12-11 04:29:37
5010,automatic,sleeper.com,Week 14,Will,Dissly,TE,LAC,0.2,2025-12-11 04:29:37
12542,automatic,sleeper.com,Week 15,Efton,Chism,WR,NE,0.2,2025-12-11 04:29:37
10228,automatic,sleeper.com,Week 15,Charlie,Jones,WR,CIN,0.2,2025-12-11 04:29:37
6847,automatic,sleeper.com,Week 15,Devin,Duvernay,WR,CHI,0.2,2025-12-11 04:29:37
7946,automatic,sleeper.com,Week 15,Jack,Stoll,TE,NO,0.2,2025-12-11 04:29:37
12457,automatic,sleeper.com,Week 15,Jaydon,Blue,RB,DAL,0.2,2025-12-11 04:29:37
11994,automatic,sleeper.com,Week 15,Kameron,Johnson,WR,TB,0.2,2025-12-11 04:29:37
8204,automatic,sleeper.com,Week 15,Bo,Melton,WR,GB,0.2,2025-12-11 04:29:37
4198,automatic,sleeper.com,Week 15,Jamal,Agnew,WR,ATL,0.2,2025-12-11 04:29:37
12471,automatic,sleeper.com,Week 15,DJ,Giddens,RB,IND,0.2,2025-12-11 04:29:37
5010,automatic,sleeper.com,Week 15,Will,Dissly,TE,LAC,0.2,2025-12-11 04:29:37
3357,automatic,fantasypros.com,Week 15,Brandon,Allen,QB,TEN,0.2,2025-12-11 04:29:37
7538,automatic,fantasypros.com,Week 15,Zach,Wilson,QB,MIA,0.2,2025-12-11 04:29:37
12500,automatic,fantasypros.com,Week 15,Quinn,Ewers,QB,MIA,0.2,2025-12-11 04:29:37
1234,automatic,fantasypros.com,Week 15,Russell,Wilson,QB,NYG,0.2,2025-12-11 04:29:37
11581,automatic,fantasypros.com,Week 15,MarShawn,Lloyd,RB,GB,0.2,2025-12-11 04:29:37
,,sleeper.com,Week 15,Corey,Kiner,RB,ARI,0.2,2025-12-11 04:29:37
6323,automatic,fanduel.com,Week 14,Andrew,Beck,RB,NYJ,0.19,2025-12-11 04:29:37
12787,automatic,fanduel.com,Week 14,Josh,Williams,RB,TB,0.19,2025-12-11 04:29:37
11384,automatic,fanduel.com,Week 14,Owen,Wright,RB,TB,0.19,2025-12-11 04:29:37
6960,automatic,fanduel.com,Week 15,Tyler,Johnson,WR,NYJ,0.19,2025-12-11 04:29:37
,,fanduel.com,Week 14,Chase,Edmonds,RB,TB,0.19,2025-12-11 04:29:37
8160,automatic,fanduel.com,Week 10,Kenny,Pickett,QB,LV,0.18,2025-12-11 04:29:37
7538,automatic,fanduel.com,Week 10,Zach,Wilson,QB,MIA,0.18,2025-12-11 04:29:37
12171,automatic,fanduel.com,Week 11,British,Brooks,RB,HOU,0.18,2025-12-11 04:29:37
8423,automatic,fanduel.com,Week 12,Brittain,Brown,RB,CHI,0.18,2025-12-11 04:29:37
10235,automatic,fanduel.com,Week 12,Roschon,Johnson,RB,CHI,0.18,2025-12-11 04:29:37
12486,automatic,fanduel.com,Week 13,Dillon,Gabriel,QB,CLE,0.18,2025-12-11 04:29:37
12897,automatic,fanduel.com,Week 13,Nathan,Carter,RB,ATL,0.18,2025-12-11 04:29:37
12048,automatic,fanduel.com,Week 14,George,Holani,RB,SEA,0.18,2025-12-11 04:29:37
11384,automatic,fanduel.com,Week 15,Owen,Wright,RB,TB,0.18,2025-12-11 04:29:37
7538,automatic,fanduel.com,Week 15,Zach,Wilson,QB,MIA,0.18,2025-12-11 04:29:37
12171,automatic,fanduel.com,Week 12,British,Brooks,RB,HOU,0.17,2025-12-11 04:29:37
7561,automatic,fanduel.com,Week 12,Elijah,Mitchell,RB,KC,0.17,2025-12-11 04:29:37
11237,automatic,fanduel.com,Week 13,Jacob,Saylors,RB,DET,0.17,2025-12-11 04:29:37
12171,automatic,fanduel.com,Week 14,British,Brooks,RB,HOU,0.17,2025-12-11 04:29:37
11237,automatic,fanduel.com,Week 14,Jacob,Saylors,RB,DET,0.17,2025-12-11 04:29:37
8254,automatic,fanduel.com,Week 14,Julius,Chestnut,RB,TEN,0.17,2025-12-11 04:29:37
12897,automatic,fanduel.com,Week 15,Nathan,Carter,RB,ATL,0.17,2025-12-11 04:29:37
12412,automatic,fanduel.com,Week 15,Terrell,Jennings,RB,NE,0.17,2025-12-11 04:29:37
6144,automatic,fanduel.com,Week 15,Trayveon,Williams,RB,LAC,0.17,2025-12-11 04:29:37
12928,automatic,fanduel.com,Week 15,Amar,Johnson,RB,LAC,0.17,2025-12-11 04:29:37
7083,automatic,fanduel.com,Week 11,Tyler,Huntley,QB,BAL,0.16,2025-12-11 04:29:37
12472,automatic,fanduel.com,Week 13,Raheim,Sanders,RB,CLE,0.11,2025-12-11 04:29:37
7536,automatic,sleeper.com,Week 10,Quintin,Morris,TE,JAX,0.1,2025-12-11 04:29:37
5955,automatic,sleeper.com,Week 10,Hunter,Renfrow,WR,CAR,0.1,2025-12-11 04:29:37
8181,automatic,sleeper.com,Week 10,Connor,Heyward,TE,PIT,0.1,2025-12-11 04:29:37
8129,automatic,sleeper.com,Week 10,Dameon,Pierce,RB,HOU,0.1,2025-12-11 04:29:37
7720,automatic,sleeper.com,Week 10,Kene,Nwangwu,RB,NYJ,0.1,2025-12-11 04:29:37
13121,automatic,sleeper.com,Week 10,Ben,Yurosek,TE,MIN,0.1,2025-12-11 04:29:37
5285,automatic,sleeper.com,Week 10,Ross,Dwelley,TE,DET,0.1,2025-12-11 04:29:37
8219,automatic,sleeper.com,Week 10,Jelani,Woods,TE,NYJ,0.1,2025-12-11 04:29:37
11306,automatic,sleeper.com,Week 10,Xavier,Gipson,WR,PHI,0.1,2025-12-11 04:29:37
11729,automatic,sleeper.com,Week 10,Sione,Vaki,RB,DET,0.1,2025-12-11 04:29:37
6828,automatic,sleeper.com,Week 10,A.J.,Dillon,RB,PHI,0.1,2025-12-11 04:29:37
11729,automatic,fantasypros.com,Week 10,Sione,Vaki,RB,DET,0.1,2025-12-11 04:29:37
11617,automatic,fantasypros.com,Week 10,Malachi,Corley,WR,CLE,0.1,2025-12-11 04:29:37
11806,automatic,fantasypros.com,Week 10,Casey,Washington,WR,ATL,0.1,2025-12-11 04:29:37
11574,automatic,sleeper.com,Week 11,Dylan,Laube,RB,LV,0.1,2025-12-11 04:29:37
11644,automatic,sleeper.com,Week 11,Cody,Schrader,RB,JAX,0.1,2025-12-11 04:29:37
4602,automatic,sleeper.com,Week 11,Robert,Tonyan,TE,KC,0.1,2025-12-11 04:29:37
8181,automatic,sleeper.com,Week 11,Connor,Heyward,TE,PIT,0.1,2025-12-11 04:29:37
8129,automatic,sleeper.com,Week 11,Dameon,Pierce,RB,HOU,0.1,2025-12-11 04:29:37
7720,automatic,sleeper.com,Week 11,Kene,Nwangwu,RB,NYJ,0.1,2025-12-11 04:29:37
13121,automatic,sleeper.com,Week 11,Ben,Yurosek,TE,MIN,0.1,2025-12-11 04:29:37
5285,automatic,sleeper.com,Week 11,Ross,Dwelley,TE,DET,0.1,2025-12-11 04:29:37
8219,automatic,sleeper.com,Week 11,Jelani,Woods,TE,NYJ,0.1,2025-12-11 04:29:37
11306,automatic,sleeper.com,Week 11,Xavier,Gipson,WR,PHI,0.1,2025-12-11 04:29:37
10212,automatic,sleeper.com,Week 11,Josh,Whyle,TE,GB,0.1,2025-12-11 04:29:37
11320,automatic,sleeper.com,Week 11,Nikko,Remigio,WR,KC,0.1,2025-12-11 04:29:37
11820,automatic,sleeper.com,Week 11,Devin,Culp,TE,TB,0.1,2025-12-11 04:29:37
12542,automatic,sleeper.com,Week 12,Efton,Chism,WR,NE,0.1,2025-12-11 04:29:37
11644,automatic,sleeper.com,Week 12,Cody,Schrader,RB,JAX,0.1,2025-12-11 04:29:37
11384,automatic,sleeper.com,Week 12,Owen,Wright,RB,TB,0.1,2025-12-11 04:29:37
6694,automatic,sleeper.com,Week 12,D'Ernest,Johnson,RB,NE,0.1,2025-12-11 04:29:37
4602,automatic,sleeper.com,Week 12,Robert,Tonyan,TE,KC,0.1,2025-12-11 04:29:37
8181,automatic,sleeper.com,Week 12,Connor,Heyward,TE,PIT,0.1,2025-12-11 04:29:37
13121,automatic,sleeper.com,Week 12,Ben,Yurosek,TE,MIN,0.1,2025-12-11 04:29:37
8219,automatic,sleeper.com,Week 12,Jelani,Woods,TE,NYJ,0.1,2025-12-11 04:29:37
12467,automatic,sleeper.com,Week 12,Jordan,James,RB,SF,0.1,2025-12-11 04:29:37
7050,automatic,sleeper.com,Week 12,Josiah,Deguara,TE,ARI,0.1,2025-12-11 04:29:37
11320,automatic,sleeper.com,Week 12,Nikko,Remigio,WR,KC,0.1,2025-12-11 04:29:37
6828,automatic,sleeper.com,Week 12,A.J.,Dillon,RB,PHI,0.1,2025-12-11 04:29:37
11820,automatic,sleeper.com,Week 12,Devin,Culp,TE,TB,0.1,2025-12-11 04:29:37
6770,automatic,fantasypros.com,Week 12,Joe,Burrow,QB,CIN,0.1,2025-12-11 04:29:37
6659,automatic,fantasypros.com,Week 12,Craig,Reynolds,RB,DET,0.1,2025-12-11 04:29:37
11644,automatic,sleeper.com,Week 13,Cody,Schrader,RB,JAX,0.1,2025-12-11 04:29:37
6694,automatic,sleeper.com,Week 13,D'Ernest,Johnson,RB,NE,0.1,2025-12-11 04:29:37
7536,automatic,sleeper.com,Week 13,Quintin,Morris,TE,JAX,0.1,2025-12-11 04:29:37
5955,automatic,sleeper.com,Week 13,Hunter,Renfrow,WR,CAR,0.1,2025-12-11 04:29:37
11299,automatic,sleeper.com,Week 13,Zavier,Scott,RB,MIN,0.1,2025-12-11 04:29:37
8181,automatic,sleeper.com,Week 13,Connor,Heyward,TE,PIT,0.1,2025-12-11 04:29:37
7720,automatic,sleeper.com,Week 13,Kene,Nwangwu,RB,NYJ,0.1,2025-12-11 04:29:37
8219,automatic,sleeper.com,Week 13,Jelani,Woods,TE,NYJ,0.1,2025-12-11 04:29:37
7050,automatic,sleeper.com,Week 13,Josiah,Deguara,TE,ARI,0.1,2025-12-11 04:29:37
6828,automatic,sleeper.com,Week 13,A.J.,Dillon,RB,PHI,0.1,2025-12-11 04:29:37
11820,automatic,sleeper.com,Week 13,Devin,Culp,TE,TB,0.1,2025-12-11 04:29:37
6938,automatic,fanduel.com,Week 13,Cam,Akers,RB,MIN,0.1,2025-12-11 04:29:37
11579,automatic,sleeper.com,Week 14,Audric,Estime,RB,NO,0.1,2025-12-11 04:29:37
11921,automatic,sleeper.com,Week 14,Xavier,Weaver,WR,ARI,0.1,2025-12-11 04:29:37
11644,automatic,sleeper.com,Week 14,Cody,Schrader,RB,JAX,0.1,2025-12-11 04:29:37
7536,automatic,sleeper.com,Week 14,Quintin,Morris,TE,JAX,0.1,2025-12-11 04:29:37
8227,automatic,sleeper.com,Week 14,Teagan,Quitoriano,TE,ATL,0.1,2025-12-11 04:29:37
4602,automatic,sleeper.com,Week 14,Robert,Tonyan,TE,KC,0.1,2025-12-11 04:29:37
8181,automatic,sleeper.com,Week 14,Connor,Heyward,TE,PIT,0.1,2025-12-11 04:29:37
13121,automatic,sleeper.com,Week 14,Ben,Yurosek,TE,MIN,0.1,2025-12-11 04:29:37
8219,automatic,sleeper.com,Week 14,Jelani,Woods,TE,NYJ,0.1,2025-12-11 04:29:37
7050,automatic,sleeper.com,Week 14,Josiah,Deguara,TE,ARI,0.1,2025-12-11 04:29:37
11320,automatic,sleeper.com,Week 14,Nikko,Remigio,WR,KC,0.1,2025-12-11 04:29:37
8139,automatic,sleeper.com,Week 14,Zamir,White,RB,LV,0.1,2025-12-11 04:29:37
6828,automatic,sleeper.com,Week 14,A.J.,Dillon,RB,PHI,0.1,2025-12-11 04:29:37
11820,automatic,sleeper.com,Week 14,Devin,Culp,TE,TB,0.1,2025-12-11 04:29:37
11579,automatic,sleeper.com,Week 15,Audric,Estime,RB,NO,0.1,2025-12-11 04:29:37
4443,automatic,sleeper.com,Week 15,Pharaoh,Brown,TE,ARI,0.1,2025-12-11 04:29:37
6694,automatic,sleeper.com,Week 15,D'Ernest,Johnson,RB,NE,0.1,2025-12-11 04:29:37
4602,automatic,sleeper.com,Week 15,Robert,Tonyan,TE,KC,0.1,2025-12-11 04:29:37
5955,automatic,sleeper.com,Week 15,Hunter,Renfrow,WR,CAR,0.1,2025-12-11 04:29:37
8181,automatic,sleeper.com,Week 15,Connor,Heyward,TE,PIT,0.1,2025-12-11 04:29:37
13121,automatic,sleeper.com,Week 15,Ben,Yurosek,TE,MIN,0.1,2025-12-11 04:29:37
8219,automatic,sleeper.com,Week 15,Jelani,Woods,TE,NYJ,0.1,2025-12-11 04:29:37
12467,automatic,sleeper.com,Week 15,Jordan,James,RB,SF,0.1,2025-12-11 04:29:37
7050,automatic,sleeper.com,Week 15,Josiah,Deguara,TE,ARI,0.1,2025-12-11 04:29:37
11320,automatic,sleeper.com,Week 15,Nikko,Remigio,WR,KC,0.1,2025-12-11 04:29:37
11820,automatic,sleeper.com,Week 15,Devin,Culp,TE,TB,0.1,2025-12-11 04:29:37
6111,automatic,fantasypros.com,Week 15,Jake,Browning,QB,CIN,0.1,2025-12-11 04:29:37
7720,automatic,fantasypros.com,Week 15,Kene,Nwangwu,RB,NYJ,0.1,2025-12-11 04:29:37
,,sleeper.com,Week 10,Tyler,Davis,K,FA,0.1,2025-12-11 04:29:37
,,sleeper.com,Week 10,Josiah,Deguara,TE,FA,0.1,2025-12-11 04:29:37
,,sleeper.com,Week 11,Tyler,Davis,K,FA,0.1,2025-12-11 04:29:37
,,sleeper.com,Week 12,Tyler,Davis,K,FA,0.1,2025-12-11 04:29:37
,,sleeper.com,Week 13,Tyler,Davis,K,FA,0.1,2025-12-11 04:29:37
,,sleeper.com,Week 14,Tyler,Davis,K,FA,0.1,2025-12-11 04:29:37
,,sleeper.com,Week 15,Tyler,Davis,K,FA,0.1,2025-12-11 04:29:37
,,fanduel.com,Week 13,Adam,Prentice,RB,DEN,0.06,2025-12-11 04:29:37
6386,automatic,fanduel.com,Week 10,Alex,Bachman,WR,LV,0.0,2025-12-11 04:29:37
9494,automatic,fanduel.com,Week 10,Marvin,Mims,WR,DEN,0.0,2025-12-11 04:29:37
11439,automatic,fanduel.com,Week 10,Jaleel,McLaughlin,RB,DEN,0.0,2025-12-11 04:29:37
10866,automatic,fanduel.com,Week 10,Aidan,O'Connell,QB,LV,0.0,2025-12-11 04:29:37
12541,automatic,fanduel.com,Week 10,Dont'e,Thornton Jr.,WR,LV,0.0,2025-12-11 04:29:37
13122,automatic,fanduel.com,Week 10,Carter,Runyon,TE,LV,0.0,2025-12-11 04:29:37
6185,automatic,fanduel.com,Week 10,Easton,Stick,QB,ATL,0.0,2025-12-11 04:29:37
9229,automatic,fanduel.com,Week 10,Anthony,Richardson,QB,IND,0.0,2025-12-11 04:29:37
10220,automatic,fanduel.com,Week 10,Will,Mallory,TE,IND,0.0,2025-12-11 04:29:37
8207,automatic,fanduel.com,Week 10,Tyler,Goodson,RB,IND,0.0,2025-12-11 04:29:37
11762,automatic,fanduel.com,Week 10,Anthony,Gould,WR,IND,0.0,2025-12-11 04:29:37
11474,automatic,fanduel.com,Week 10,Dylan,Drummond,WR,ATL,0.0,2025-12-11 04:29:37
4274,automatic,fanduel.com,Week 10,David,Moore,WR,CAR,0.0,2025-12-11 04:29:37
8799,automatic,fanduel.com,Week 10,Zaire,Mitchell-Paden,TE,NO,0.0,2025-12-11 04:29:37
12480,automatic,fanduel.com,Week 10,Moliki,Matavao,TE,NO,0.0,2025-12-11 04:29:37
1737,automatic,fanduel.com,Week 10,Case,Keenum,QB,CHI,0.0,2025-12-11 04:29:37
2306,automatic,fanduel.com,Week 10,Jameis,Winston,QB,NYG,0.0,2025-12-11 04:29:37
5008,automatic,fanduel.com,Week 10,Durham,Smythe,TE,CHI,0.0,2025-12-11 04:29:37
6012,automatic,fanduel.com,Week 10,Travis,Homer,RB,CHI,0.0,2025-12-11 04:29:37
10223,automatic,fanduel.com,Week 10,Eric,Gray,RB,NYG,0.0,2025-12-11 04:29:37
12481,automatic,fanduel.com,Week 10,Cam,Skattebo,RB,NYG,0.0,2025-12-11 04:29:37
12889,automatic,fanduel.com,Week 10,Beaux,Collins,WR,NYG,0.0,2025-12-11 04:29:37
13079,automatic,fanduel.com,Week 10,Jahdae,Walker,WR,CHI,0.0,2025-12-11 04:29:37
12715,automatic,fanduel.com,Week 10,Thomas,Fidone II,TE,NYG,0.0,2025-12-11 04:29:37
2505,automatic,fanduel.com,Week 10,Darren,Waller,TE,MIA,0.0,2025-12-11 04:29:37
7596,automatic,fanduel.com,Week 10,Elijah,Moore,WR,BUF,0.0,2025-12-11 04:29:37
11371,automatic,fanduel.com,Week 10,Julian,Hill,TE,MIA,0.0,2025-12-11 04:29:37
11821,automatic,fanduel.com,Week 10,Tahj,Washington,WR,MIA,0.0,2025-12-11 04:29:37
12500,automatic,fanduel.com,Week 10,Quinn,Ewers,QB,MIA,0.0,2025-12-11 04:29:37
12389,automatic,fanduel.com,Week 10,Hayden,Rucci,TE,MIA,0.0,2025-12-11 04:29:37
7083,automatic,fanduel.com,Week 10,Tyler,Huntley,QB,BAL,0.0,2025-12-11 04:29:37
8230,automatic,fanduel.com,Week 10,Ty,Chandler,RB,MIN,0.0,2025-12-11 04:29:37
11629,automatic,fanduel.com,Week 10,Devontez,Walker,WR,BAL,0.0,2025-12-11 04:29:37
11570,automatic,fanduel.com,Week 10,Rasheen,Ali,RB,BAL,0.0,2025-12-11 04:29:37
12496,automatic,fanduel.com,Week 10,Tai,Felton,WR,MIN,0.0,2025-12-11 04:29:37
12699,automatic,fanduel.com,Week 10,LaJohntay,Wester,WR,BAL,0.0,2025-12-11 04:29:37
13075,automatic,fanduel.com,Week 10,Myles,Price,WR,MIN,0.0,2025-12-11 04:29:37
4171,automatic,fanduel.com,Week 10,Josh,Reynolds,WR,NYJ,0.0,2025-12-11 04:29:37
6960,automatic,fanduel.com,Week 10,Tyler,Johnson,WR,NYJ,0.0,2025-12-11 04:29:37
8583,automatic,fanduel.com,Week 10,Stone,Smartt,TE,NYJ,0.0,2025-12-11 04:29:37
8861,automatic,fanduel.com,Week 10,Irvin,Charles,WR,NYJ,0.0,2025-12-11 04:29:37
11576,automatic,fanduel.com,Week 10,Braelon,Allen,RB,NYJ,0.0,2025-12-11 04:29:37
11201,automatic,fanduel.com,Week 10,Blake,Whiteheart,TE,CLE,0.0,2025-12-11 04:29:37
12472,automatic,fanduel.com,Week 10,Raheim,Sanders,RB,CLE,0.0,2025-12-11 04:29:37
12538,automatic,fanduel.com,Week 10,Brady,Cook,QB,NYJ,0.0,2025-12-11 04:29:37
13101,automatic,fanduel.com,Week 10,Gage,Larvadain,WR,CLE,0.0,2025-12-11 04:29:37
4018,automatic,fanduel.com,Week 10,Joe,Mixon,RB,HOU,0.0,2025-12-11 04:29:37
5374,automatic,fanduel.com,Week 10,Justin,Watson,WR,HOU,0.0,2025-12-11 04:29:37
8129,automatic,fanduel.com,Week 10,Dameon,Pierce,RB,HOU,0.0,2025-12-11 04:29:37
9758,automatic,fanduel.com,Week 10,C.J.,Stroud,QB,HOU,0.0,2025-12-11 04:29:37
9502,automatic,fanduel.com,Week 10,Tank,Dell,WR,HOU,0.0,2025-12-11 04:29:37
9480,automatic,fanduel.com,Week 10,Brenton,Strange,TE,JAX,0.0,2025-12-11 04:29:37
11599,automatic,fanduel.com,Week 10,Cade,Stover,TE,HOU,0.0,2025-12-11 04:29:37
12530,automatic,fanduel.com,Week 10,Travis,Hunter,WR,JAX,0.0,2025-12-11 04:29:37
2216,automatic,fanduel.com,Week 10,Mike,Evans,WR,TB,0.0,2025-12-11 04:29:37
11618,automatic,fanduel.com,Week 10,Jalen,McMillan,WR,TB,0.0,2025-12-11 04:29:37
11820,automatic,fanduel.com,Week 10,Devin,Culp,TE,TB,0.0,2025-12-11 04:29:37
12787,automatic,fanduel.com,Week 10,Josh,Williams,RB,TB,0.0,2025-12-11 04:29:37
11384,automatic,fanduel.com,Week 10,Owen,Wright,RB,TB,0.0,2025-12-11 04:29:37
12542,automatic,fanduel.com,Week 10,Efton,Chism III,WR,NE,0.0,2025-12-11 04:29:37
5849,automatic,fanduel.com,Week 10,Kyler,Murray,QB,ARI,0.0,2025-12-11 04:29:37
7039,automatic,fanduel.com,Week 10,Cody,White,WR,SEA,0.0,2025-12-11 04:29:37
11716,automatic,fanduel.com,Week 10,Tip,Reiman,TE,ARI,0.0,2025-12-11 04:29:37
11921,automatic,fanduel.com,Week 10,Xavier,Weaver,WR,ARI,0.0,2025-12-11 04:29:37
12656,automatic,fanduel.com,Week 10,Robbie,Ouzts,RB,SEA,0.0,2025-12-11 04:29:37
11381,automatic,fanduel.com,Week 10,Travis,Vokolek,TE,ARI,0.0,2025-12-11 04:29:37
12510,automatic,fanduel.com,Week 10,Jalen,Milroe,QB,SEA,0.0,2025-12-11 04:29:37
13151,automatic,fanduel.com,Week 10,Nick,Kallerup,TE,SEA,0.0,2025-12-11 04:29:37
12475,automatic,fanduel.com,Week 10,Ricky,White III,WR,SEA,0.0,2025-12-11 04:29:37
4218,automatic,fanduel.com,Week 10,Trent,Taylor,WR,SF,0.0,2025-12-11 04:29:37
6803,automatic,fanduel.com,Week 10,Brandon,Aiyuk,WR,SF,0.0,2025-12-11 04:29:37
7562,automatic,fanduel.com,Week 10,Tutu,Atwell,WR,LAR,0.0,2025-12-11 04:29:37
11616,automatic,fanduel.com,Week 10,Jacob,Cowing,WR,SF,0.0,2025-12-11 04:29:37
12718,automatic,fanduel.com,Week 10,Konata,Mumpfield,WR,LAR,0.0,2025-12-11 04:29:37
11569,automatic,fanduel.com,Week 10,Jarquez,Hunter,RB,LAR,0.0,2025-12-11 04:29:37
11065,automatic,fanduel.com,Week 10,Adrian,Martinez,QB,SF,0.0,2025-12-11 04:29:37
12467,automatic,fanduel.com,Week 10,Jordan,James,RB,SF,0.0,2025-12-11 04:29:37
12634,automatic,fanduel.com,Week 10,Jordan,Watkins,WR,SF,0.0,2025-12-11 04:29:37
4234,automatic,fanduel.com,Week 10,Noah,Brown,WR,WAS,0.0,2025-12-11 04:29:37
5927,automatic,fanduel.com,Week 10,Terry,McLaurin,WR,WAS,0.0,2025-12-11 04:29:37
6659,automatic,fanduel.com,Week 10,Craig,Reynolds,RB,DET,0.0,2025-12-11 04:29:37
7716,automatic,fanduel.com,Week 10,John,Bates,TE,WAS,0.0,2025-12-11 04:29:37
8041,automatic,fanduel.com,Week 10,Shane,Zylstra,TE,DET,0.0,2025-12-11 04:29:37
11650,automatic,fanduel.com,Week 10,Luke,McCaffrey,WR,WAS,0.0,2025-12-11 04:29:37
11566,automatic,fanduel.com,Week 10,Jayden,Daniels,QB,WAS,0.0,2025-12-11 04:29:37
11729,automatic,fanduel.com,Week 10,Sione,Vaki,RB,DET,0.0,2025-12-11 04:29:37
12732,automatic,fanduel.com,Week 10,Dominic,Lovett,WR,DET,0.0,2025-12-11 04:29:37
12938,automatic,fanduel.com,Week 10,Jackson,Meeks,WR,DET,0.0,2025-12-11 04:29:37
12532,automatic,fanduel.com,Week 10,Ja'Corey,Brooks,WR,WAS,0.0,2025-12-11 04:29:37
5086,automatic,fanduel.com,Week 10,Marquez,Valdes-Scantling,WR,PIT,0.0,2025-12-11 04:29:37
6144,automatic,fanduel.com,Week 10,Trayveon,Williams,RB,LAC,0.0,2025-12-11 04:29:37
7757,automatic,fanduel.com,Week 10,Ben,Skowronek,WR,PIT,0.0,2025-12-11 04:29:37
8123,automatic,fanduel.com,Week 10,Hassan,Haskins,RB,LAC,0.0,2025-12-11 04:29:37
8206,automatic,fanduel.com,Week 10,Skylar,Thompson,QB,PIT,0.0,2025-12-11 04:29:37
10234,automatic,fanduel.com,Week 10,Derius,Davis,WR,LAC,0.0,2025-12-11 04:29:37
12971,automatic,fanduel.com,Week 10,Ke'Shawn,Williams,WR,PIT,0.0,2025-12-11 04:29:37
12928,automatic,fanduel.com,Week 10,Amar,Johnson,RB,LAC,0.0,2025-12-11 04:29:37
8162,automatic,fanduel.com,Week 10,Sam,Howell,QB,PHI,0.0,2025-12-11 04:29:37
10222,automatic,fanduel.com,Week 10,Jayden,Reed,WR,GB,0.0,2025-12-11 04:29:37
13150,automatic,fanduel.com,Week 10,Darius,Cooper,WR,PHI,0.0,2025-12-11 04:29:37
10210,automatic,fanduel.com,Week 10,Cameron,Latu,TE,PHI,0.0,2025-12-11 04:29:37
12928,automatic,fantasypros.com,Week 10,Amar,Johnson,RB,LAC,0.0,2025-12-11 04:29:37
9510,automatic,fantasypros.com,Week 10,Lew,Nichols III,RB,PIT,0.0,2025-12-11 04:29:37
12542,automatic,fantasypros.com,Week 10,Efton,Chism III,WR,NE,0.0,2025-12-11 04:29:37
8147,automatic,fantasypros.com,Week 10,John,Metchie III,WR,NYJ,0.0,2025-12-11 04:29:37
12670,automatic,fantasypros.com,Week 10,KeAndre,Lambert-Smith,WR,LAC,0.0,2025-12-11 04:29:37
6847,automatic,fantasypros.com,Week 10,Devin,Duvernay,WR,CHI,0.0,2025-12-11 04:29:37
5773,automatic,fantasypros.com,Week 10,KhaDarel,Hodge,WR,ATL,0.0,2025-12-11 04:29:37
7595,automatic,fantasypros.com,Week 10,Tylan,Wallace,WR,BAL,0.0,2025-12-11 04:29:37
9497,automatic,fantasypros.com,Week 10,Jalin,Hyatt,WR,NYG,0.0,2025-12-11 04:29:37
10234,automatic,fantasypros.com,Week 10,Derius,Davis,WR,LAC,0.0,2025-12-11 04:29:37
5121,automatic,fantasypros.com,Week 10,Braxton,Berrios,WR,HOU,0.0,2025-12-11 04:29:37
11762,automatic,fantasypros.com,Week 10,Anthony,Gould,WR,IND,0.0,2025-12-11 04:29:37
11306,automatic,fantasypros.com,Week 10,Xavier,Gipson,WR,PHI,0.0,2025-12-11 04:29:37
8200,automatic,fantasypros.com,Week 10,Kevin,Austin Jr.,WR,NO,0.0,2025-12-11 04:29:37
10867,automatic,fantasypros.com,Week 10,Jake,Bobo,WR,SEA,0.0,2025-12-11 04:29:37
12475,automatic,fantasypros.com,Week 10,Ricky,White III,WR,SEA,0.0,2025-12-11 04:29:37
12699,automatic,fantasypros.com,Week 10,LaJohntay,Wester,WR,BAL,0.0,2025-12-11 04:29:37
12496,automatic,fantasypros.com,Week 10,Tai,Felton,WR,MIN,0.0,2025-12-11 04:29:37
3423,automatic,fantasypros.com,Week 10,Robbie,Chosen,WR,WAS,0.0,2025-12-11 04:29:37
12971,automatic,fantasypros.com,Week 10,Ke'Shawn,Williams,WR,PIT,0.0,2025-12-11 04:29:37
11921,automatic,fantasypros.com,Week 10,Xavier,Weaver,WR,ARI,0.0,2025-12-11 04:29:37
11474,automatic,fantasypros.com,Week 10,Dylan,Drummond,WR,ATL,0.0,2025-12-11 04:29:37
7812,automatic,fantasypros.com,Week 10,Simi,Fehoko,WR,ARI,0.0,2025-12-11 04:29:37
6386,automatic,fantasypros.com,Week 10,Alex,Bachman,WR,LV,0.0,2025-12-11 04:29:37
13150,automatic,fantasypros.com,Week 10,Darius,Cooper,WR,PHI,0.0,2025-12-11 04:29:37
4171,automatic,fanduel.com,Week 11,Josh,Reynolds,WR,NYJ,0.0,2025-12-11 04:29:37
7611,automatic,fanduel.com,Week 11,Rhamondre,Stevenson,RB,NE,0.0,2025-12-11 04:29:37
8146,automatic,fanduel.com,Week 11,Garrett,Wilson,WR,NYJ,0.0,2025-12-11 04:29:37
8583,automatic,fanduel.com,Week 11,Stone,Smartt,TE,NYJ,0.0,2025-12-11 04:29:37
9504,automatic,fanduel.com,Week 11,Kayshon,Boutte,WR,NE,0.0,2025-12-11 04:29:37
8861,automatic,fanduel.com,Week 11,Irvin,Charles,WR,NYJ,0.0,2025-12-11 04:29:37
11576,automatic,fanduel.com,Week 11,Braelon,Allen,RB,NYJ,0.0,2025-12-11 04:29:37
12538,automatic,fanduel.com,Week 11,Brady,Cook,QB,NYJ,0.0,2025-12-11 04:29:37
12542,automatic,fanduel.com,Week 11,Efton,Chism III,WR,NE,0.0,2025-12-11 04:29:37
2505,automatic,fanduel.com,Week 11,Darren,Waller,TE,MIA,0.0,2025-12-11 04:29:37
4234,automatic,fanduel.com,Week 11,Noah,Brown,WR,WAS,0.0,2025-12-11 04:29:37
5927,automatic,fanduel.com,Week 11,Terry,McLaurin,WR,WAS,0.0,2025-12-11 04:29:37
7612,automatic,fanduel.com,Week 11,Dee,Eskridge,WR,MIA,0.0,2025-12-11 04:29:37
7716,automatic,fanduel.com,Week 11,John,Bates,TE,WAS,0.0,2025-12-11 04:29:37
11371,automatic,fanduel.com,Week 11,Julian,Hill,TE,MIA,0.0,2025-12-11 04:29:37
11650,automatic,fanduel.com,Week 11,Luke,McCaffrey,WR,WAS,0.0,2025-12-11 04:29:37
11566,automatic,fanduel.com,Week 11,Jayden,Daniels,QB,WAS,0.0,2025-12-11 04:29:37
11821,automatic,fanduel.com,Week 11,Tahj,Washington,WR,MIA,0.0,2025-12-11 04:29:37
12532,automatic,fanduel.com,Week 11,Ja'Corey,Brooks,WR,WAS,0.0,2025-12-11 04:29:37
12500,automatic,fanduel.com,Week 11,Quinn,Ewers,QB,MIA,0.0,2025-12-11 04:29:37
12389,automatic,fanduel.com,Week 11,Hayden,Rucci,TE,MIA,0.0,2025-12-11 04:29:37
2216,automatic,fanduel.com,Week 11,Mike,Evans,WR,TB,0.0,2025-12-11 04:29:37
4037,automatic,fanduel.com,Week 11,Chris,Godwin,WR,TB,0.0,2025-12-11 04:29:37
7670,automatic,fanduel.com,Week 11,Josh,Palmer,WR,BUF,0.0,2025-12-11 04:29:37
10236,automatic,fanduel.com,Week 11,Dalton,Kincaid,TE,BUF,0.0,2025-12-11 04:29:37
11584,automatic,fanduel.com,Week 11,Bucky,Irving,RB,TB,0.0,2025-12-11 04:29:37
11618,automatic,fanduel.com,Week 11,Jalen,McMillan,WR,TB,0.0,2025-12-11 04:29:37
11820,automatic,fanduel.com,Week 11,Devin,Culp,TE,TB,0.0,2025-12-11 04:29:37
12787,automatic,fanduel.com,Week 11,Josh,Williams,RB,TB,0.0,2025-12-11 04:29:37
11384,automatic,fanduel.com,Week 11,Owen,Wright,RB,TB,0.0,2025-12-11 04:29:37
4018,automatic,fanduel.com,Week 11,Joe,Mixon,RB,HOU,0.0,2025-12-11 04:29:37
4981,automatic,fanduel.com,Week 11,Calvin,Ridley,WR,TEN,0.0,2025-12-11 04:29:37
5374,automatic,fanduel.com,Week 11,Justin,Watson,WR,HOU,0.0,2025-12-11 04:29:37
8129,automatic,fanduel.com,Week 11,Dameon,Pierce,RB,HOU,0.0,2025-12-11 04:29:37
9502,automatic,fanduel.com,Week 11,Tank,Dell,WR,HOU,0.0,2025-12-11 04:29:37
11599,automatic,fanduel.com,Week 11,Cade,Stover,TE,HOU,0.0,2025-12-11 04:29:37
11959,automatic,fanduel.com,Week 11,Bryce,Oliver,WR,TEN,0.0,2025-12-11 04:29:37
12516,automatic,fanduel.com,Week 11,Kalel,Mullings,RB,TEN,0.0,2025-12-11 04:29:37
4274,automatic,fanduel.com,Week 11,David,Moore,WR,CAR,0.0,2025-12-11 04:29:37
5955,automatic,fanduel.com,Week 11,Hunter,Renfrow,WR,CAR,0.0,2025-12-11 04:29:37
6185,automatic,fanduel.com,Week 11,Easton,Stick,QB,ATL,0.0,2025-12-11 04:29:37
8170,automatic,fanduel.com,Week 11,James,Mitchell,TE,CAR,0.0,2025-12-11 04:29:37
11157,automatic,fanduel.com,Week 11,Brycen,Tremayne,WR,CAR,0.0,2025-12-11 04:29:37
11474,automatic,fanduel.com,Week 11,Dylan,Drummond,WR,ATL,0.0,2025-12-11 04:29:37
10222,automatic,fanduel.com,Week 11,Jayden,Reed,WR,GB,0.0,2025-12-11 04:29:37
10223,automatic,fanduel.com,Week 11,Eric,Gray,RB,NYG,0.0,2025-12-11 04:29:37
11581,automatic,fanduel.com,Week 11,MarShawn,Lloyd,RB,GB,0.0,2025-12-11 04:29:37
12508,automatic,fanduel.com,Week 11,Jaxson,Dart,QB,NYG,0.0,2025-12-11 04:29:37
12481,automatic,fanduel.com,Week 11,Cam,Skattebo,RB,NYG,0.0,2025-12-11 04:29:37
12889,automatic,fanduel.com,Week 11,Beaux,Collins,WR,NYG,0.0,2025-12-11 04:29:37
12715,automatic,fanduel.com,Week 11,Thomas,Fidone II,TE,NYG,0.0,2025-12-11 04:29:37
5010,automatic,fanduel.com,Week 11,Will,Dissly,TE,LAC,0.0,2025-12-11 04:29:37
7535,automatic,fanduel.com,Week 11,Hunter,Long,TE,JAX,0.0,2025-12-11 04:29:37
8123,automatic,fanduel.com,Week 11,Hassan,Haskins,RB,LAC,0.0,2025-12-11 04:29:37
10234,automatic,fanduel.com,Week 11,Derius,Davis,WR,LAC,0.0,2025-12-11 04:29:37
11631,automatic,fanduel.com,Week 11,Brian,Thomas Jr.,WR,JAX,0.0,2025-12-11 04:29:37
12507,automatic,fanduel.com,Week 11,Omarion,Hampton,RB,LAC,0.0,2025-12-11 04:29:37
12670,automatic,fanduel.com,Week 11,KeAndre,Lambert-Smith,WR,LAC,0.0,2025-12-11 04:29:37
12928,automatic,fanduel.com,Week 11,Amar,Johnson,RB,LAC,0.0,2025-12-11 04:29:37
4993,automatic,fanduel.com,Week 11,Mike,Gesicki,TE,CIN,0.0,2025-12-11 04:29:37
5086,automatic,fanduel.com,Week 11,Marquez,Valdes-Scantling,WR,PIT,0.0,2025-12-11 04:29:37
5409,automatic,fanduel.com,Week 11,Tanner,Hudson,TE,CIN,0.0,2025-12-11 04:29:37
6770,automatic,fanduel.com,Week 11,Joe,Burrow,QB,CIN,0.0,2025-12-11 04:29:37
7757,automatic,fanduel.com,Week 11,Ben,Skowronek,WR,PIT,0.0,2025-12-11 04:29:37
8206,automatic,fanduel.com,Week 11,Skylar,Thompson,QB,PIT,0.0,2025-12-11 04:29:37
11640,automatic,fanduel.com,Week 11,Jermaine,Burton,WR,CIN,0.0,2025-12-11 04:29:37
12062,automatic,fanduel.com,Week 11,Cam,Grandy,TE,CIN,0.0,2025-12-11 04:29:37
12971,automatic,fanduel.com,Week 11,Ke'Shawn,Williams,WR,PIT,0.0,2025-12-11 04:29:37
1737,automatic,fanduel.com,Week 11,Case,Keenum,QB,CHI,0.0,2025-12-11 04:29:37
5008,automatic,fanduel.com,Week 11,Durham,Smythe,TE,CHI,0.0,2025-12-11 04:29:37
6012,automatic,fanduel.com,Week 11,Travis,Homer,RB,CHI,0.0,2025-12-11 04:29:37
5973,automatic,fanduel.com,Week 11,Josh,Oliver,TE,MIN,0.0,2025-12-11 04:29:37
8230,automatic,fanduel.com,Week 11,Ty,Chandler,RB,MIN,0.0,2025-12-11 04:29:37
12496,automatic,fanduel.com,Week 11,Tai,Felton,WR,MIN,0.0,2025-12-11 04:29:37
13079,automatic,fanduel.com,Week 11,Jahdae,Walker,WR,CHI,0.0,2025-12-11 04:29:37
13075,automatic,fanduel.com,Week 11,Myles,Price,WR,MIN,0.0,2025-12-11 04:29:37
4218,automatic,fanduel.com,Week 11,Trent,Taylor,WR,SF,0.0,2025-12-11 04:29:37
5849,automatic,fanduel.com,Week 11,Kyler,Murray,QB,ARI,0.0,2025-12-11 04:29:37
6803,automatic,fanduel.com,Week 11,Brandon,Aiyuk,WR,SF,0.0,2025-12-11 04:29:37
7812,automatic,fanduel.com,Week 11,Simi,Fehoko,WR,ARI,0.0,2025-12-11 04:29:37
7233,automatic,fanduel.com,Week 11,Andre,Baccellia,WR,ARI,0.0,2025-12-11 04:29:37
11628,automatic,fanduel.com,Week 11,Marvin,Harrison Jr.,WR,ARI,0.0,2025-12-11 04:29:37
11616,automatic,fanduel.com,Week 11,Jacob,Cowing,WR,SF,0.0,2025-12-11 04:29:37
11381,automatic,fanduel.com,Week 11,Travis,Vokolek,TE,ARI,0.0,2025-12-11 04:29:37
11065,automatic,fanduel.com,Week 11,Adrian,Martinez,QB,SF,0.0,2025-12-11 04:29:37
12467,automatic,fanduel.com,Week 11,Jordan,James,RB,SF,0.0,2025-12-11 04:29:37
12634,automatic,fanduel.com,Week 11,Jordan,Watkins,WR,SF,0.0,2025-12-11 04:29:37
4189,automatic,fanduel.com,Week 11,Eric,Saubert,TE,SEA,0.0,2025-12-11 04:29:37
7562,automatic,fanduel.com,Week 11,Tutu,Atwell,WR,LAR,0.0,2025-12-11 04:29:37
7039,automatic,fanduel.com,Week 11,Cody,White,WR,SEA,0.0,2025-12-11 04:29:37
8527,automatic,fanduel.com,Week 11,Dareke,Young,WR,SEA,0.0,2025-12-11 04:29:37
10867,automatic,fanduel.com,Week 11,Jake,Bobo,WR,SEA,0.0,2025-12-11 04:29:37
12497,automatic,fanduel.com,Week 11,Tory,Horton,WR,SEA,0.0,2025-12-11 04:29:37
12656,automatic,fanduel.com,Week 11,Robbie,Ouzts,RB,SEA,0.0,2025-12-11 04:29:37
12718,automatic,fanduel.com,Week 11,Konata,Mumpfield,WR,LAR,0.0,2025-12-11 04:29:37
12510,automatic,fanduel.com,Week 11,Jalen,Milroe,QB,SEA,0.0,2025-12-11 04:29:37
11569,automatic,fanduel.com,Week 11,Jarquez,Hunter,RB,LAR,0.0,2025-12-11 04:29:37
13151,automatic,fanduel.com,Week 11,Nick,Kallerup,TE,SEA,0.0,2025-12-11 04:29:37
12475,automatic,fanduel.com,Week 11,Ricky,White III,WR,SEA,0.0,2025-12-11 04:29:37
4574,automatic,fanduel.com,Week 11,Cooper,Rush,QB,BAL,0.0,2025-12-11 04:29:37
7571,automatic,fanduel.com,Week 11,Rashod,Bateman,WR,BAL,0.0,2025-12-11 04:29:37
11201,automatic,fanduel.com,Week 11,Blake,Whiteheart,TE,CLE,0.0,2025-12-11 04:29:37
11629,automatic,fanduel.com,Week 11,Devontez,Walker,WR,BAL,0.0,2025-12-11 04:29:37
11570,automatic,fanduel.com,Week 11,Rasheen,Ali,RB,BAL,0.0,2025-12-11 04:29:37
12699,automatic,fanduel.com,Week 11,LaJohntay,Wester,WR,BAL,0.0,2025-12-11 04:29:37
12472,automatic,fanduel.com,Week 11,Raheim,Sanders,RB,CLE,0.0,2025-12-11 04:29:37
13101,automatic,fanduel.com,Week 11,Gage,Larvadain,WR,CLE,0.0,2025-12-11 04:29:37
7561,automatic,fanduel.com,Week 11,Elijah,Mitchell,RB,KC,0.0,2025-12-11 04:29:37
8205,automatic,fanduel.com,Week 11,Isiah,Pacheco,RB,KC,0.0,2025-12-11 04:29:37
11439,automatic,fanduel.com,Week 11,Jaleel,McLaughlin,RB,DEN,0.0,2025-12-11 04:29:37
11433,automatic,fanduel.com,Week 11,Nate,Adkins,TE,DEN,0.0,2025-12-11 04:29:37
11311,automatic,fanduel.com,Week 11,Jason,Brownlee,WR,KC,0.0,2025-12-11 04:29:37
11595,automatic,fanduel.com,Week 11,Jared,Wiley,TE,KC,0.0,2025-12-11 04:29:37
12505,automatic,fanduel.com,Week 11,Jalen,Royals,WR,KC,0.0,2025-12-11 04:29:37
6828,automatic,fanduel.com,Week 11,A.J.,Dillon,RB,PHI,0.0,2025-12-11 04:29:37
6659,automatic,fanduel.com,Week 11,Craig,Reynolds,RB,DET,0.0,2025-12-11 04:29:37
8041,automatic,fanduel.com,Week 11,Shane,Zylstra,TE,DET,0.0,2025-12-11 04:29:37
8162,automatic,fanduel.com,Week 11,Sam,Howell,QB,PHI,0.0,2025-12-11 04:29:37
12732,automatic,fanduel.com,Week 11,Dominic,Lovett,WR,DET,0.0,2025-12-11 04:29:37
13150,automatic,fanduel.com,Week 11,Darius,Cooper,WR,PHI,0.0,2025-12-11 04:29:37
11237,automatic,fanduel.com,Week 11,Jacob,Saylors,RB,DET,0.0,2025-12-11 04:29:37
10210,automatic,fanduel.com,Week 11,Cameron,Latu,TE,PHI,0.0,2025-12-11 04:29:37
12938,automatic,fanduel.com,Week 11,Jackson,Meeks,WR,DET,0.0,2025-12-11 04:29:37
6386,automatic,fanduel.com,Week 11,Alex,Bachman,WR,LV,0.0,2025-12-11 04:29:37
8139,automatic,fanduel.com,Week 11,Zamir,White,RB,LV,0.0,2025-12-11 04:29:37
10225,automatic,fanduel.com,Week 11,Jonathan,Mingo,WR,DAL,0.0,2025-12-11 04:29:37
10866,automatic,fanduel.com,Week 11,Aidan,O'Connell,QB,LV,0.0,2025-12-11 04:29:37
11506,automatic,fanduel.com,Week 11,Jalen,Cropper,WR,DAL,0.0,2025-12-11 04:29:37
13122,automatic,fanduel.com,Week 11,Carter,Runyon,TE,LV,0.0,2025-12-11 04:29:37
4018,automatic,fanduel.com,Week 12,Joe,Mixon,RB,HOU,0.0,2025-12-11 04:29:37
5374,automatic,fanduel.com,Week 12,Justin,Watson,WR,HOU,0.0,2025-12-11 04:29:37
5121,automatic,fanduel.com,Week 12,Braxton,Berrios,WR,HOU,0.0,2025-12-11 04:29:37
6850,automatic,fanduel.com,Week 12,Harrison,Bryant,TE,HOU,0.0,2025-12-11 04:29:37
7596,automatic,fanduel.com,Week 12,Elijah,Moore,WR,BUF,0.0,2025-12-11 04:29:37
8129,automatic,fanduel.com,Week 12,Dameon,Pierce,RB,HOU,0.0,2025-12-11 04:29:37
10236,automatic,fanduel.com,Week 12,Dalton,Kincaid,TE,BUF,0.0,2025-12-11 04:29:37
9758,automatic,fanduel.com,Week 12,C.J.,Stroud,QB,HOU,0.0,2025-12-11 04:29:37
9502,automatic,fanduel.com,Week 12,Tank,Dell,WR,HOU,0.0,2025-12-11 04:29:37
11637,automatic,fanduel.com,Week 12,Keon,Coleman,WR,BUF,0.0,2025-12-11 04:29:37
11599,automatic,fanduel.com,Week 12,Cade,Stover,TE,HOU,0.0,2025-12-11 04:29:37
4171,automatic,fanduel.com,Week 12,Josh,Reynolds,WR,NYJ,0.0,2025-12-11 04:29:37
4574,automatic,fanduel.com,Week 12,Cooper,Rush,QB,BAL,0.0,2025-12-11 04:29:37
5995,automatic,fanduel.com,Week 12,Justice,Hill,RB,BAL,0.0,2025-12-11 04:29:37
7571,automatic,fanduel.com,Week 12,Rashod,Bateman,WR,BAL,0.0,2025-12-11 04:29:37
8146,automatic,fanduel.com,Week 12,Garrett,Wilson,WR,NYJ,0.0,2025-12-11 04:29:37
8583,automatic,fanduel.com,Week 12,Stone,Smartt,TE,NYJ,0.0,2025-12-11 04:29:37
8861,automatic,fanduel.com,Week 12,Irvin,Charles,WR,NYJ,0.0,2025-12-11 04:29:37
11576,automatic,fanduel.com,Week 12,Braelon,Allen,RB,NYJ,0.0,2025-12-11 04:29:37
11570,automatic,fanduel.com,Week 12,Rasheen,Ali,RB,BAL,0.0,2025-12-11 04:29:37
12699,automatic,fanduel.com,Week 12,LaJohntay,Wester,WR,BAL,0.0,2025-12-11 04:29:37
12538,automatic,fanduel.com,Week 12,Brady,Cook,QB,NYJ,0.0,2025-12-11 04:29:37
6149,automatic,fanduel.com,Week 12,Darius,Slayton,WR,NYG,0.0,2025-12-11 04:29:37
6659,automatic,fanduel.com,Week 12,Craig,Reynolds,RB,DET,0.0,2025-12-11 04:29:37
8041,automatic,fanduel.com,Week 12,Shane,Zylstra,TE,DET,0.0,2025-12-11 04:29:37
10859,automatic,fanduel.com,Week 12,Sam,LaPorta,TE,DET,0.0,2025-12-11 04:29:37
10223,automatic,fanduel.com,Week 12,Eric,Gray,RB,NYG,0.0,2025-12-11 04:29:37
12508,automatic,fanduel.com,Week 12,Jaxson,Dart,QB,NYG,0.0,2025-12-11 04:29:37
12481,automatic,fanduel.com,Week 12,Cam,Skattebo,RB,NYG,0.0,2025-12-11 04:29:37
12732,automatic,fanduel.com,Week 12,Dominic,Lovett,WR,DET,0.0,2025-12-11 04:29:37
12889,automatic,fanduel.com,Week 12,Beaux,Collins,WR,NYG,0.0,2025-12-11 04:29:37
11237,automatic,fanduel.com,Week 12,Jacob,Saylors,RB,DET,0.0,2025-12-11 04:29:37
12938,automatic,fanduel.com,Week 12,Jackson,Meeks,WR,DET,0.0,2025-12-11 04:29:37
12715,automatic,fanduel.com,Week 12,Thomas,Fidone II,TE,NYG,0.0,2025-12-11 04:29:37
1737,automatic,fanduel.com,Week 12,Case,Keenum,QB,CHI,0.0,2025-12-11 04:29:37
5008,automatic,fanduel.com,Week 12,Durham,Smythe,TE,CHI,0.0,2025-12-11 04:29:37
8206,automatic,fanduel.com,Week 12,Skylar,Thompson,QB,PIT,0.0,2025-12-11 04:29:37
13079,automatic,fanduel.com,Week 12,Jahdae,Walker,WR,CHI,0.0,2025-12-11 04:29:37
12971,automatic,fanduel.com,Week 12,Ke'Shawn,Williams,WR,PIT,0.0,2025-12-11 04:29:37
4147,automatic,fanduel.com,Week 12,Samaje,Perine,RB,CIN,0.0,2025-12-11 04:29:37
4993,automatic,fanduel.com,Week 12,Mike,Gesicki,TE,CIN,0.0,2025-12-11 04:29:37
6770,automatic,fanduel.com,Week 12,Joe,Burrow,QB,CIN,0.0,2025-12-11 04:29:37
7564,automatic,fanduel.com,Week 12,Ja'Marr,Chase,WR,CIN,0.0,2025-12-11 04:29:37
11640,automatic,fanduel.com,Week 12,Jermaine,Burton,WR,CIN,0.0,2025-12-11 04:29:37
12062,automatic,fanduel.com,Week 12,Cam,Grandy,TE,CIN,0.0,2025-12-11 04:29:37
12542,automatic,fanduel.com,Week 12,Efton,Chism III,WR,NE,0.0,2025-12-11 04:29:37
5850,automatic,fanduel.com,Week 12,Josh,Jacobs,RB,GB,0.0,2025-12-11 04:29:37
5973,automatic,fanduel.com,Week 12,Josh,Oliver,TE,MIN,0.0,2025-12-11 04:29:37
8230,automatic,fanduel.com,Week 12,Ty,Chandler,RB,MIN,0.0,2025-12-11 04:29:37
10222,automatic,fanduel.com,Week 12,Jayden,Reed,WR,GB,0.0,2025-12-11 04:29:37
11210,automatic,fanduel.com,Week 12,Malik,Heath,WR,GB,0.0,2025-12-11 04:29:37
11581,automatic,fanduel.com,Week 12,MarShawn,Lloyd,RB,GB,0.0,2025-12-11 04:29:37
12496,automatic,fanduel.com,Week 12,Tai,Felton,WR,MIN,0.0,2025-12-11 04:29:37
13075,automatic,fanduel.com,Week 12,Myles,Price,WR,MIN,0.0,2025-12-11 04:29:37
9229,automatic,fanduel.com,Week 12,Anthony,Richardson,QB,IND,0.0,2025-12-11 04:29:37
11311,automatic,fanduel.com,Week 12,Jason,Brownlee,WR,KC,0.0,2025-12-11 04:29:37
11762,automatic,fanduel.com,Week 12,Anthony,Gould,WR,IND,0.0,2025-12-11 04:29:37
11595,automatic,fanduel.com,Week 12,Jared,Wiley,TE,KC,0.0,2025-12-11 04:29:37
12505,automatic,fanduel.com,Week 12,Jalen,Royals,WR,KC,0.0,2025-12-11 04:29:37
7039,automatic,fanduel.com,Week 12,Cody,White,WR,SEA,0.0,2025-12-11 04:29:37
11959,automatic,fanduel.com,Week 12,Bryce,Oliver,WR,TEN,0.0,2025-12-11 04:29:37
12497,automatic,fanduel.com,Week 12,Tory,Horton,WR,SEA,0.0,2025-12-11 04:29:37
12656,automatic,fanduel.com,Week 12,Robbie,Ouzts,RB,SEA,0.0,2025-12-11 04:29:37
12510,automatic,fanduel.com,Week 12,Jalen,Milroe,QB,SEA,0.0,2025-12-11 04:29:37
12516,automatic,fanduel.com,Week 12,Kalel,Mullings,RB,TEN,0.0,2025-12-11 04:29:37
13151,automatic,fanduel.com,Week 12,Nick,Kallerup,TE,SEA,0.0,2025-12-11 04:29:37
12475,automatic,fanduel.com,Week 12,Ricky,White III,WR,SEA,0.0,2025-12-11 04:29:37
5849,automatic,fanduel.com,Week 12,Kyler,Murray,QB,ARI,0.0,2025-12-11 04:29:37
7535,automatic,fanduel.com,Week 12,Hunter,Long,TE,JAX,0.0,2025-12-11 04:29:37
7812,automatic,fanduel.com,Week 12,Simi,Fehoko,WR,ARI,0.0,2025-12-11 04:29:37
11199,automatic,fanduel.com,Week 12,Emari,Demercado,RB,ARI,0.0,2025-12-11 04:29:37
9480,automatic,fanduel.com,Week 12,Brenton,Strange,TE,JAX,0.0,2025-12-11 04:29:37
11628,automatic,fanduel.com,Week 12,Marvin,Harrison Jr.,WR,ARI,0.0,2025-12-11 04:29:37
11381,automatic,fanduel.com,Week 12,Travis,Vokolek,TE,ARI,0.0,2025-12-11 04:29:37
10866,automatic,fanduel.com,Week 12,Aidan,O'Connell,QB,LV,0.0,2025-12-11 04:29:37
11201,automatic,fanduel.com,Week 12,Blake,Whiteheart,TE,CLE,0.0,2025-12-11 04:29:37
11633,automatic,fanduel.com,Week 12,Jamari,Thrash,WR,CLE,0.0,2025-12-11 04:29:37
12472,automatic,fanduel.com,Week 12,Raheim,Sanders,RB,CLE,0.0,2025-12-11 04:29:37
12486,automatic,fanduel.com,Week 12,Dillon,Gabriel,QB,CLE,0.0,2025-12-11 04:29:37
13101,automatic,fanduel.com,Week 12,Gage,Larvadain,WR,CLE,0.0,2025-12-11 04:29:37
8162,automatic,fanduel.com,Week 12,Sam,Howell,QB,PHI,0.0,2025-12-11 04:29:37
10225,automatic,fanduel.com,Week 12,Jonathan,Mingo,WR,DAL,0.0,2025-12-11 04:29:37
13150,automatic,fanduel.com,Week 12,Darius,Cooper,WR,PHI,0.0,2025-12-11 04:29:37
10210,automatic,fanduel.com,Week 12,Cameron,Latu,TE,PHI,0.0,2025-12-11 04:29:37
11506,automatic,fanduel.com,Week 12,Jalen,Cropper,WR,DAL,0.0,2025-12-11 04:29:37
7946,automatic,fanduel.com,Week 12,Jack,Stoll,TE,NO,0.0,2025-12-11 04:29:37
7531,automatic,fanduel.com,Week 12,Feleipe,Franks,TE,ATL,0.0,2025-12-11 04:29:37
8112,automatic,fanduel.com,Week 12,Drake,London,WR,ATL,0.0,2025-12-11 04:29:37
8227,automatic,fanduel.com,Week 12,Teagan,Quitoriano,TE,ATL,0.0,2025-12-11 04:29:37
9492,automatic,fanduel.com,Week 12,Trey,Palmer,WR,NO,0.0,2025-12-11 04:29:37
12480,automatic,fanduel.com,Week 12,Moliki,Matavao,TE,NO,0.0,2025-12-11 04:29:37
11474,automatic,fanduel.com,Week 12,Dylan,Drummond,WR,ATL,0.0,2025-12-11 04:29:37
2216,automatic,fanduel.com,Week 12,Mike,Evans,WR,TB,0.0,2025-12-11 04:29:37
4037,automatic,fanduel.com,Week 12,Chris,Godwin,WR,TB,0.0,2025-12-11 04:29:37
7562,automatic,fanduel.com,Week 12,Tutu,Atwell,WR,LAR,0.0,2025-12-11 04:29:37
11618,automatic,fanduel.com,Week 12,Jalen,McMillan,WR,TB,0.0,2025-12-11 04:29:37
11569,automatic,fanduel.com,Week 12,Jarquez,Hunter,RB,LAR,0.0,2025-12-11 04:29:37
12787,automatic,fanduel.com,Week 12,Josh,Williams,RB,TB,0.0,2025-12-11 04:29:37
11384,automatic,fanduel.com,Week 12,Owen,Wright,RB,TB,0.0,2025-12-11 04:29:37
10857,automatic,fanduel.com,Week 12,Stetson,Bennett,QB,LAR,0.0,2025-12-11 04:29:37
4274,automatic,fanduel.com,Week 12,David,Moore,WR,CAR,0.0,2025-12-11 04:29:37
5955,automatic,fanduel.com,Week 12,Hunter,Renfrow,WR,CAR,0.0,2025-12-11 04:29:37
6803,automatic,fanduel.com,Week 12,Brandon,Aiyuk,WR,SF,0.0,2025-12-11 04:29:37
8170,automatic,fanduel.com,Week 12,James,Mitchell,TE,CAR,0.0,2025-12-11 04:29:37
11616,automatic,fanduel.com,Week 12,Jacob,Cowing,WR,SF,0.0,2025-12-11 04:29:37
11157,automatic,fanduel.com,Week 12,Brycen,Tremayne,WR,CAR,0.0,2025-12-11 04:29:37
11065,automatic,fanduel.com,Week 12,Adrian,Martinez,QB,SF,0.0,2025-12-11 04:29:37
12467,automatic,fanduel.com,Week 12,Jordan,James,RB,SF,0.0,2025-12-11 04:29:37
12511,automatic,fantasypros.com,Week 12,Will,Howard,QB,PIT,0.0,2025-12-11 04:29:37
8162,automatic,fantasypros.com,Week 12,Sam,Howell,QB,PHI,0.0,2025-12-11 04:29:37
6011,automatic,fantasypros.com,Week 12,Gardner,Minshew II,QB,KC,0.0,2025-12-11 04:29:37
5854,automatic,fantasypros.com,Week 12,Drew,Lock,QB,SEA,0.0,2025-12-11 04:29:37
1737,automatic,fantasypros.com,Week 12,Case,Keenum,QB,CHI,0.0,2025-12-11 04:29:37
10215,automatic,fantasypros.com,Week 12,Jake,Haener,QB,NO,0.0,2025-12-11 04:29:37
2549,automatic,fantasypros.com,Week 12,Trevor,Siemian,QB,TEN,0.0,2025-12-11 04:29:37
11292,automatic,fantasypros.com,Week 12,Tommy,DeVito,QB,NE,0.0,2025-12-11 04:29:37
8002,automatic,fantasypros.com,Week 12,Shane,Buechele,QB,BUF,0.0,2025-12-11 04:29:37
7720,automatic,fantasypros.com,Week 12,Kene,Nwangwu,RB,NYJ,0.0,2025-12-11 04:29:37
11729,automatic,fantasypros.com,Week 12,Sione,Vaki,RB,DET,0.0,2025-12-11 04:29:37
11654,automatic,fantasypros.com,Week 12,Dante,Miller,RB,NYG,0.0,2025-12-11 04:29:37
6938,automatic,fantasypros.com,Week 12,Cam,Akers,RB,MIN,0.0,2025-12-11 04:29:37
12634,automatic,fantasypros.com,Week 12,Jordan,Watkins,WR,SF,0.0,2025-12-11 04:29:37
7039,automatic,fantasypros.com,Week 12,Cody,White,WR,SEA,0.0,2025-12-11 04:29:37
11640,automatic,fantasypros.com,Week 12,Jermaine,Burton,WR,CIN,0.0,2025-12-11 04:29:37
7746,automatic,fantasypros.com,Week 12,Austin,Trammell,WR,JAX,0.0,2025-12-11 04:29:37
12475,automatic,fantasypros.com,Week 12,Ricky,White III,WR,SEA,0.0,2025-12-11 04:29:37
6427,automatic,fantasypros.com,Week 12,Ashton,Dulin,WR,IND,0.0,2025-12-11 04:29:37
7233,automatic,fantasypros.com,Week 12,Andre,Baccellia,WR,ARI,0.0,2025-12-11 04:29:37
11633,automatic,fantasypros.com,Week 12,Jamari,Thrash,WR,CLE,0.0,2025-12-11 04:29:37
11168,automatic,fantasypros.com,Week 12,Xavier,Smith,WR,LAR,0.0,2025-12-11 04:29:37
7828,automatic,fanduel.com,Week 13,Noah,Gray,TE,KC,0.0,2025-12-11 04:29:37
11311,automatic,fanduel.com,Week 13,Jason,Brownlee,WR,KC,0.0,2025-12-11 04:29:37
11595,automatic,fanduel.com,Week 13,Jared,Wiley,TE,KC,0.0,2025-12-11 04:29:37
11320,automatic,fanduel.com,Week 13,Nikko,Remigio,WR,KC,0.0,2025-12-11 04:29:37
11506,automatic,fanduel.com,Week 13,Jalen,Cropper,WR,DAL,0.0,2025-12-11 04:29:37
12505,automatic,fanduel.com,Week 13,Jalen,Royals,WR,KC,0.0,2025-12-11 04:29:37
1737,automatic,fanduel.com,Week 13,Case,Keenum,QB,CHI,0.0,2025-12-11 04:29:37
6828,automatic,fanduel.com,Week 13,A.J.,Dillon,RB,PHI,0.0,2025-12-11 04:29:37
8162,automatic,fanduel.com,Week 13,Sam,Howell,QB,PHI,0.0,2025-12-11 04:29:37
10235,automatic,fanduel.com,Week 13,Roschon,Johnson,RB,CHI,0.0,2025-12-11 04:29:37
13150,automatic,fanduel.com,Week 13,Darius,Cooper,WR,PHI,0.0,2025-12-11 04:29:37
13079,automatic,fanduel.com,Week 13,Jahdae,Walker,WR,CHI,0.0,2025-12-11 04:29:37
10210,automatic,fanduel.com,Week 13,Cameron,Latu,TE,PHI,0.0,2025-12-11 04:29:37
3634,automatic,fanduel.com,Week 13,Kalif,Raymond,WR,DET,0.0,2025-12-11 04:29:37
8041,automatic,fanduel.com,Week 13,Shane,Zylstra,TE,DET,0.0,2025-12-11 04:29:37
10859,automatic,fanduel.com,Week 13,Sam,LaPorta,TE,DET,0.0,2025-12-11 04:29:37
11210,automatic,fanduel.com,Week 13,Malik,Heath,WR,GB,0.0,2025-12-11 04:29:37
11581,automatic,fanduel.com,Week 13,MarShawn,Lloyd,RB,GB,0.0,2025-12-11 04:29:37
12732,automatic,fanduel.com,Week 13,Dominic,Lovett,WR,DET,0.0,2025-12-11 04:29:37
12938,automatic,fanduel.com,Week 13,Jackson,Meeks,WR,DET,0.0,2025-12-11 04:29:37
4574,automatic,fanduel.com,Week 13,Cooper,Rush,QB,BAL,0.0,2025-12-11 04:29:37
6801,automatic,fanduel.com,Week 13,Tee,Higgins,WR,CIN,0.0,2025-12-11 04:29:37
6111,automatic,fanduel.com,Week 13,Jake,Browning,QB,CIN,0.0,2025-12-11 04:29:37
11640,automatic,fanduel.com,Week 13,Jermaine,Burton,WR,CIN,0.0,2025-12-11 04:29:37
11570,automatic,fanduel.com,Week 13,Rasheen,Ali,RB,BAL,0.0,2025-12-11 04:29:37
12543,automatic,fanduel.com,Week 13,Tahj,Brooks,RB,CIN,0.0,2025-12-11 04:29:37
12699,automatic,fanduel.com,Week 13,LaJohntay,Wester,WR,BAL,0.0,2025-12-11 04:29:37
4274,automatic,fanduel.com,Week 13,David,Moore,WR,CAR,0.0,2025-12-11 04:29:37
5955,automatic,fanduel.com,Week 13,Hunter,Renfrow,WR,CAR,0.0,2025-12-11 04:29:37
11168,automatic,fanduel.com,Week 13,Xavier,Smith,WR,LAR,0.0,2025-12-11 04:29:37
11569,automatic,fanduel.com,Week 13,Jarquez,Hunter,RB,LAR,0.0,2025-12-11 04:29:37
10857,automatic,fanduel.com,Week 13,Stetson,Bennett,QB,LAR,0.0,2025-12-11 04:29:37
13011,automatic,fanduel.com,Week 13,Brennan,Presley,WR,LAR,0.0,2025-12-11 04:29:37
4035,automatic,fanduel.com,Week 13,Alvin,Kamara,RB,NO,0.0,2025-12-11 04:29:37
7538,automatic,fanduel.com,Week 13,Zach,Wilson,QB,MIA,0.0,2025-12-11 04:29:37
7946,automatic,fanduel.com,Week 13,Jack,Stoll,TE,NO,0.0,2025-12-11 04:29:37
9492,automatic,fanduel.com,Week 13,Trey,Palmer,WR,NO,0.0,2025-12-11 04:29:37
12480,automatic,fanduel.com,Week 13,Moliki,Matavao,TE,NO,0.0,2025-12-11 04:29:37
12389,automatic,fanduel.com,Week 13,Hayden,Rucci,TE,MIA,0.0,2025-12-11 04:29:37
6803,automatic,fanduel.com,Week 13,Brandon,Aiyuk,WR,SF,0.0,2025-12-11 04:29:37
8157,automatic,fanduel.com,Week 13,Bailey,Zappe,QB,CLE,0.0,2025-12-11 04:29:37
11616,automatic,fanduel.com,Week 13,Jacob,Cowing,WR,SF,0.0,2025-12-11 04:29:37
11065,automatic,fanduel.com,Week 13,Adrian,Martinez,QB,SF,0.0,2025-12-11 04:29:37
12467,automatic,fanduel.com,Week 13,Jordan,James,RB,SF,0.0,2025-12-11 04:29:37
4018,automatic,fanduel.com,Week 13,Joe,Mixon,RB,HOU,0.0,2025-12-11 04:29:37
5374,automatic,fanduel.com,Week 13,Justin,Watson,WR,HOU,0.0,2025-12-11 04:29:37
6427,automatic,fanduel.com,Week 13,Ashton,Dulin,WR,IND,0.0,2025-12-11 04:29:37
6850,automatic,fanduel.com,Week 13,Harrison,Bryant,TE,HOU,0.0,2025-12-11 04:29:37
9229,automatic,fanduel.com,Week 13,Anthony,Richardson,QB,IND,0.0,2025-12-11 04:29:37
9502,automatic,fanduel.com,Week 13,Tank,Dell,WR,HOU,0.0,2025-12-11 04:29:37
11056,automatic,fanduel.com,Week 13,Jared,Wayne,WR,HOU,0.0,2025-12-11 04:29:37
11959,automatic,fanduel.com,Week 13,Bryce,Oliver,WR,TEN,0.0,2025-12-11 04:29:37
12516,automatic,fanduel.com,Week 13,Kalel,Mullings,RB,TEN,0.0,2025-12-11 04:29:37
4171,automatic,fanduel.com,Week 13,Josh,Reynolds,WR,NYJ,0.0,2025-12-11 04:29:37
7531,automatic,fanduel.com,Week 13,Feleipe,Franks,TE,ATL,0.0,2025-12-11 04:29:37
8146,automatic,fanduel.com,Week 13,Garrett,Wilson,WR,NYJ,0.0,2025-12-11 04:29:37
8583,automatic,fanduel.com,Week 13,Stone,Smartt,TE,NYJ,0.0,2025-12-11 04:29:37
8861,automatic,fanduel.com,Week 13,Irvin,Charles,WR,NYJ,0.0,2025-12-11 04:29:37
11576,automatic,fanduel.com,Week 13,Braelon,Allen,RB,NYJ,0.0,2025-12-11 04:29:37
12538,automatic,fanduel.com,Week 13,Brady,Cook,QB,NYJ,0.0,2025-12-11 04:29:37
2216,automatic,fanduel.com,Week 13,Mike,Evans,WR,TB,0.0,2025-12-11 04:29:37
5849,automatic,fanduel.com,Week 13,Kyler,Murray,QB,ARI,0.0,2025-12-11 04:29:37
7812,automatic,fanduel.com,Week 13,Simi,Fehoko,WR,ARI,0.0,2025-12-11 04:29:37
11618,automatic,fanduel.com,Week 13,Jalen,McMillan,WR,TB,0.0,2025-12-11 04:29:37
11820,automatic,fanduel.com,Week 13,Devin,Culp,TE,TB,0.0,2025-12-11 04:29:37
11381,automatic,fanduel.com,Week 13,Travis,Vokolek,TE,ARI,0.0,2025-12-11 04:29:37
12787,automatic,fanduel.com,Week 13,Josh,Williams,RB,TB,0.0,2025-12-11 04:29:37
11384,automatic,fanduel.com,Week 13,Owen,Wright,RB,TB,0.0,2025-12-11 04:29:37
5973,automatic,fanduel.com,Week 13,Josh,Oliver,TE,MIN,0.0,2025-12-11 04:29:37
7039,automatic,fanduel.com,Week 13,Cody,White,WR,SEA,0.0,2025-12-11 04:29:37
8230,automatic,fanduel.com,Week 13,Ty,Chandler,RB,MIN,0.0,2025-12-11 04:29:37
12496,automatic,fanduel.com,Week 13,Tai,Felton,WR,MIN,0.0,2025-12-11 04:29:37
12497,automatic,fanduel.com,Week 13,Tory,Horton,WR,SEA,0.0,2025-12-11 04:29:37
12656,automatic,fanduel.com,Week 13,Robbie,Ouzts,RB,SEA,0.0,2025-12-11 04:29:37
12510,automatic,fanduel.com,Week 13,Jalen,Milroe,QB,SEA,0.0,2025-12-11 04:29:37
13121,automatic,fanduel.com,Week 13,Ben,Yurosek,TE,MIN,0.0,2025-12-11 04:29:37
13075,automatic,fanduel.com,Week 13,Myles,Price,WR,MIN,0.0,2025-12-11 04:29:37
13151,automatic,fanduel.com,Week 13,Nick,Kallerup,TE,SEA,0.0,2025-12-11 04:29:37
12475,automatic,fanduel.com,Week 13,Ricky,White III,WR,SEA,0.0,2025-12-11 04:29:37
6290,automatic,fanduel.com,Week 13,Scotty,Miller,WR,PIT,0.0,2025-12-11 04:29:37
8206,automatic,fanduel.com,Week 13,Skylar,Thompson,QB,PIT,0.0,2025-12-11 04:29:37
12971,automatic,fanduel.com,Week 13,Ke'Shawn,Williams,WR,PIT,0.0,2025-12-11 04:29:37
5010,automatic,fanduel.com,Week 13,Will,Dissly,TE,LAC,0.0,2025-12-11 04:29:37
8139,automatic,fanduel.com,Week 13,Zamir,White,RB,LV,0.0,2025-12-11 04:29:37
8123,automatic,fanduel.com,Week 13,Hassan,Haskins,RB,LAC,0.0,2025-12-11 04:29:37
10234,automatic,fanduel.com,Week 13,Derius,Davis,WR,LAC,0.0,2025-12-11 04:29:37
10866,automatic,fanduel.com,Week 13,Aidan,O'Connell,QB,LV,0.0,2025-12-11 04:29:37
12670,automatic,fanduel.com,Week 13,KeAndre,Lambert-Smith,WR,LAC,0.0,2025-12-11 04:29:37
12928,automatic,fanduel.com,Week 13,Amar,Johnson,RB,LAC,0.0,2025-12-11 04:29:37
5154,automatic,fanduel.com,Week 13,Trent,Sherfield,WR,DEN,0.0,2025-12-11 04:29:37
8135,automatic,fanduel.com,Week 13,Treylon,Burks,WR,WAS,0.0,2025-12-11 04:29:37
11433,automatic,fanduel.com,Week 13,Nate,Adkins,TE,DEN,0.0,2025-12-11 04:29:37
8249,automatic,fanduel.com,Week 13,Lucas,Krull,TE,DEN,0.0,2025-12-11 04:29:37
11596,automatic,fanduel.com,Week 13,Ben,Sinnott,TE,WAS,0.0,2025-12-11 04:29:37
11650,automatic,fanduel.com,Week 13,Luke,McCaffrey,WR,WAS,0.0,2025-12-11 04:29:37
11566,automatic,fanduel.com,Week 13,Jayden,Daniels,QB,WAS,0.0,2025-12-11 04:29:37
12532,automatic,fanduel.com,Week 13,Ja'Corey,Brooks,WR,WAS,0.0,2025-12-11 04:29:37
1234,automatic,fanduel.com,Week 13,Russell,Wilson,QB,NYG,0.0,2025-12-11 04:29:37
10223,automatic,fanduel.com,Week 13,Eric,Gray,RB,NYG,0.0,2025-12-11 04:29:37
11292,automatic,fanduel.com,Week 13,Tommy,DeVito,QB,NE,0.0,2025-12-11 04:29:37
12481,automatic,fanduel.com,Week 13,Cam,Skattebo,RB,NYG,0.0,2025-12-11 04:29:37
12889,automatic,fanduel.com,Week 13,Beaux,Collins,WR,NYG,0.0,2025-12-11 04:29:37
12715,automatic,fanduel.com,Week 13,Thomas,Fidone II,TE,NYG,0.0,2025-12-11 04:29:37
12542,automatic,fanduel.com,Week 13,Efton,Chism III,WR,NE,0.0,2025-12-11 04:29:37
8146,automatic,fanduel.com,Week 14,Garrett,Wilson,WR,NYJ,0.0,2025-12-11 04:29:37
11566,automatic,fanduel.com,Week 14,Jayden,Daniels,QB,WAS,0.0,2025-12-11 04:29:37
11576,automatic,fanduel.com,Week 14,Braelon,Allen,RB,NYJ,0.0,2025-12-11 04:29:37
12497,automatic,fanduel.com,Week 14,Tory,Horton,WR,SEA,0.0,2025-12-11 04:29:37
3634,automatic,fanduel.com,Week 14,Kalif,Raymond,WR,DET,0.0,2025-12-11 04:29:37
7891,automatic,fanduel.com,Week 14,Brock,Wright,TE,DET,0.0,2025-12-11 04:29:37
8041,automatic,fanduel.com,Week 14,Shane,Zylstra,TE,DET,0.0,2025-12-11 04:29:37
10225,automatic,fanduel.com,Week 14,Jonathan,Mingo,WR,DAL,0.0,2025-12-11 04:29:37
10859,automatic,fanduel.com,Week 14,Sam,LaPorta,TE,DET,0.0,2025-12-11 04:29:37
12732,automatic,fanduel.com,Week 14,Dominic,Lovett,WR,DET,0.0,2025-12-11 04:29:37
11506,automatic,fanduel.com,Week 14,Jalen,Cropper,WR,DAL,0.0,2025-12-11 04:29:37
12938,automatic,fanduel.com,Week 14,Jackson,Meeks,WR,DET,0.0,2025-12-11 04:29:37
4574,automatic,fanduel.com,Week 14,Cooper,Rush,QB,BAL,0.0,2025-12-11 04:29:37
4972,automatic,fanduel.com,Week 14,Mason,Rudolph,QB,PIT,0.0,2025-12-11 04:29:37
8206,automatic,fanduel.com,Week 14,Skylar,Thompson,QB,PIT,0.0,2025-12-11 04:29:37
12699,automatic,fanduel.com,Week 14,LaJohntay,Wester,WR,BAL,0.0,2025-12-11 04:29:37
12971,automatic,fanduel.com,Week 14,Ke'Shawn,Williams,WR,PIT,0.0,2025-12-11 04:29:37
4198,automatic,fanduel.com,Week 14,Jamal,Agnew,WR,ATL,0.0,2025-12-11 04:29:37
7531,automatic,fanduel.com,Week 14,Feleipe,Franks,TE,ATL,0.0,2025-12-11 04:29:37
8227,automatic,fanduel.com,Week 14,Teagan,Quitoriano,TE,ATL,0.0,2025-12-11 04:29:37
12656,automatic,fanduel.com,Week 14,Robbie,Ouzts,RB,SEA,0.0,2025-12-11 04:29:37
12510,automatic,fanduel.com,Week 14,Jalen,Milroe,QB,SEA,0.0,2025-12-11 04:29:37
12475,automatic,fanduel.com,Week 14,Ricky,White III,WR,SEA,0.0,2025-12-11 04:29:37
3357,automatic,fanduel.com,Week 14,Brandon,Allen,QB,TEN,0.0,2025-12-11 04:29:37
8157,automatic,fanduel.com,Week 14,Bailey,Zappe,QB,CLE,0.0,2025-12-11 04:29:37
11201,automatic,fanduel.com,Week 14,Blake,Whiteheart,TE,CLE,0.0,2025-12-11 04:29:37
12472,automatic,fanduel.com,Week 14,Raheim,Sanders,RB,CLE,0.0,2025-12-11 04:29:37
12516,automatic,fanduel.com,Week 14,Kalel,Mullings,RB,TEN,0.0,2025-12-11 04:29:37
7591,automatic,fanduel.com,Week 14,Justin,Fields,QB,NYJ,0.0,2025-12-11 04:29:37
7538,automatic,fanduel.com,Week 14,Zach,Wilson,QB,MIA,0.0,2025-12-11 04:29:37
12538,automatic,fanduel.com,Week 14,Brady,Cook,QB,NYJ,0.0,2025-12-11 04:29:37
11821,automatic,fanduel.com,Week 14,Tahj,Washington,WR,MIA,0.0,2025-12-11 04:29:37
12389,automatic,fanduel.com,Week 14,Hayden,Rucci,TE,MIA,0.0,2025-12-11 04:29:37
2216,automatic,fanduel.com,Week 14,Mike,Evans,WR,TB,0.0,2025-12-11 04:29:37
2152,automatic,fanduel.com,Week 14,Teddy,Bridgewater,QB,TB,0.0,2025-12-11 04:29:37
4035,automatic,fanduel.com,Week 14,Alvin,Kamara,RB,NO,0.0,2025-12-11 04:29:37
7946,automatic,fanduel.com,Week 14,Jack,Stoll,TE,NO,0.0,2025-12-11 04:29:37
9492,automatic,fanduel.com,Week 14,Trey,Palmer,WR,NO,0.0,2025-12-11 04:29:37
8799,automatic,fanduel.com,Week 14,Zaire,Mitchell-Paden,TE,NO,0.0,2025-12-11 04:29:37
12480,automatic,fanduel.com,Week 14,Moliki,Matavao,TE,NO,0.0,2025-12-11 04:29:37
6427,automatic,fanduel.com,Week 14,Ashton,Dulin,WR,IND,0.0,2025-12-11 04:29:37
7535,automatic,fanduel.com,Week 14,Hunter,Long,TE,JAX,0.0,2025-12-11 04:29:37
9229,automatic,fanduel.com,Week 14,Anthony,Richardson,QB,IND,0.0,2025-12-11 04:29:37
10220,automatic,fanduel.com,Week 14,Will,Mallory,TE,IND,0.0,2025-12-11 04:29:37
12471,automatic,fanduel.com,Week 14,DJ,Giddens,RB,IND,0.0,2025-12-11 04:29:37
1737,automatic,fanduel.com,Week 14,Case,Keenum,QB,CHI,0.0,2025-12-11 04:29:37
6847,automatic,fanduel.com,Week 14,Devin,Duvernay,WR,CHI,0.0,2025-12-11 04:29:37
8423,automatic,fanduel.com,Week 14,Brittain,Brown,RB,CHI,0.0,2025-12-11 04:29:37
10222,automatic,fanduel.com,Week 14,Jayden,Reed,WR,GB,0.0,2025-12-11 04:29:37
10235,automatic,fanduel.com,Week 14,Roschon,Johnson,RB,CHI,0.0,2025-12-11 04:29:37
11210,automatic,fanduel.com,Week 14,Malik,Heath,WR,GB,0.0,2025-12-11 04:29:37
11256,automatic,fanduel.com,Week 14,Tyson,Bagent,QB,CHI,0.0,2025-12-11 04:29:37
11581,automatic,fanduel.com,Week 14,MarShawn,Lloyd,RB,GB,0.0,2025-12-11 04:29:37
12501,automatic,fanduel.com,Week 14,Matthew,Golden,WR,GB,0.0,2025-12-11 04:29:37
12482,automatic,fanduel.com,Week 14,Savion,Williams,WR,GB,0.0,2025-12-11 04:29:37
13079,automatic,fanduel.com,Week 14,Jahdae,Walker,WR,CHI,0.0,2025-12-11 04:29:37
5973,automatic,fanduel.com,Week 14,Josh,Oliver,TE,MIN,0.0,2025-12-11 04:29:37
6938,automatic,fanduel.com,Week 14,Cam,Akers,RB,MIN,0.0,2025-12-11 04:29:37
8230,automatic,fanduel.com,Week 14,Ty,Chandler,RB,MIN,0.0,2025-12-11 04:29:37
12496,automatic,fanduel.com,Week 14,Tai,Felton,WR,MIN,0.0,2025-12-11 04:29:37
13121,automatic,fanduel.com,Week 14,Ben,Yurosek,TE,MIN,0.0,2025-12-11 04:29:37
13075,automatic,fanduel.com,Week 14,Myles,Price,WR,MIN,0.0,2025-12-11 04:29:37
12532,automatic,fanduel.com,Week 14,Ja'Corey,Brooks,WR,WAS,0.0,2025-12-11 04:29:37
5154,automatic,fanduel.com,Week 14,Trent,Sherfield,WR,DEN,0.0,2025-12-11 04:29:37
6136,automatic,fanduel.com,Week 14,Jarrett,Stidham,QB,DEN,0.0,2025-12-11 04:29:37
8160,automatic,fanduel.com,Week 14,Kenny,Pickett,QB,LV,0.0,2025-12-11 04:29:37
11433,automatic,fanduel.com,Week 14,Nate,Adkins,TE,DEN,0.0,2025-12-11 04:29:37
10866,automatic,fanduel.com,Week 14,Aidan,O'Connell,QB,LV,0.0,2025-12-11 04:29:37
8249,automatic,fanduel.com,Week 14,Lucas,Krull,TE,DEN,0.0,2025-12-11 04:29:37
6111,automatic,fanduel.com,Week 14,Jake,Browning,QB,CIN,0.0,2025-12-11 04:29:37
11640,automatic,fanduel.com,Week 14,Jermaine,Burton,WR,CIN,0.0,2025-12-11 04:29:37
11592,automatic,fanduel.com,Week 14,Erick,All Jr.,TE,CIN,0.0,2025-12-11 04:29:37
12062,automatic,fanduel.com,Week 14,Cam,Grandy,TE,CIN,0.0,2025-12-11 04:29:37
1837,automatic,fanduel.com,Week 14,Jimmy,Garoppolo,QB,LAR,0.0,2025-12-11 04:29:37
7812,automatic,fanduel.com,Week 14,Simi,Fehoko,WR,ARI,0.0,2025-12-11 04:29:37
7233,automatic,fanduel.com,Week 14,Andre,Baccellia,WR,ARI,0.0,2025-12-11 04:29:37
11589,automatic,fanduel.com,Week 14,Trey,Benson,RB,ARI,0.0,2025-12-11 04:29:37
11381,automatic,fanduel.com,Week 14,Travis,Vokolek,TE,ARI,0.0,2025-12-11 04:29:37
11569,automatic,fanduel.com,Week 14,Jarquez,Hunter,RB,LAR,0.0,2025-12-11 04:29:37
10857,automatic,fanduel.com,Week 14,Stetson,Bennett,QB,LAR,0.0,2025-12-11 04:29:37
13011,automatic,fanduel.com,Week 14,Brennan,Presley,WR,LAR,0.0,2025-12-11 04:29:37
4018,automatic,fanduel.com,Week 14,Joe,Mixon,RB,HOU,0.0,2025-12-11 04:29:37
5374,automatic,fanduel.com,Week 14,Justin,Watson,WR,HOU,0.0,2025-12-11 04:29:37
5121,automatic,fanduel.com,Week 14,Braxton,Berrios,WR,HOU,0.0,2025-12-11 04:29:37
6850,automatic,fanduel.com,Week 14,Harrison,Bryant,TE,HOU,0.0,2025-12-11 04:29:37
7561,automatic,fanduel.com,Week 14,Elijah,Mitchell,RB,KC,0.0,2025-12-11 04:29:37
7828,automatic,fanduel.com,Week 14,Noah,Gray,TE,KC,0.0,2025-12-11 04:29:37
9502,automatic,fanduel.com,Week 14,Tank,Dell,WR,HOU,0.0,2025-12-11 04:29:37
11311,automatic,fanduel.com,Week 14,Jason,Brownlee,WR,KC,0.0,2025-12-11 04:29:37
11595,automatic,fanduel.com,Week 14,Jared,Wiley,TE,KC,0.0,2025-12-11 04:29:37
11320,automatic,fanduel.com,Week 14,Nikko,Remigio,WR,KC,0.0,2025-12-11 04:29:37
11056,automatic,fanduel.com,Week 14,Jared,Wayne,WR,HOU,0.0,2025-12-11 04:29:37
12505,automatic,fanduel.com,Week 14,Jalen,Royals,WR,KC,0.0,2025-12-11 04:29:37
8162,automatic,fanduel.com,Week 14,Sam,Howell,QB,PHI,0.0,2025-12-11 04:29:37
9230,automatic,fanduel.com,Week 14,Tanner,McKee,QB,PHI,0.0,2025-12-11 04:29:37
10210,automatic,fanduel.com,Week 14,Cameron,Latu,TE,PHI,0.0,2025-12-11 04:29:37
11566,automatic,espn.com,Week 14,Jayden,Daniels,QB,WAS,0.0,2025-12-11 04:29:37
5849,automatic,espn.com,Week 14,Kyler,Murray,QB,ARI,0.0,2025-12-11 04:29:37
7591,automatic,espn.com,Week 14,Justin,Fields,QB,NYJ,0.0,2025-12-11 04:29:37
19,automatic,espn.com,Week 14,Joe,Flacco,QB,CIN,0.0,2025-12-11 04:29:37
11559,automatic,espn.com,Week 14,Michael,Penix Jr.,QB,ATL,0.0,2025-12-11 04:29:37
7585,automatic,espn.com,Week 14,Davis,Mills,QB,HOU,0.0,2025-12-11 04:29:37
3161,automatic,espn.com,Week 14,Carson,Wentz,QB,MIN,0.0,2025-12-11 04:29:37
4972,automatic,espn.com,Week 14,Mason,Rudolph,QB,PIT,0.0,2025-12-11 04:29:37
12486,automatic,espn.com,Week 14,Dillon,Gabriel,QB,CLE,0.0,2025-12-11 04:29:37
11562,automatic,espn.com,Week 14,Spencer,Rattler,QB,NO,0.0,2025-12-11 04:29:37
12775,automatic,espn.com,Week 14,Max,Brosmer,QB,MIN,0.0,2025-12-11 04:29:37
9229,automatic,espn.com,Week 14,Anthony,Richardson Sr.,QB,IND,0.0,2025-12-11 04:29:37
6111,automatic,espn.com,Week 14,Jake,Browning,QB,CIN,0.0,2025-12-11 04:29:37
12510,automatic,espn.com,Week 14,Jalen,Milroe,QB,SEA,0.0,2025-12-11 04:29:37
7042,automatic,espn.com,Week 14,Tyler,Bass,K,BUF,0.0,2025-12-11 04:29:37
5119,automatic,espn.com,Week 14,Jason,Sanders,K,MIA,0.0,2025-12-11 04:29:37
12185,automatic,espn.com,Week 14,Spencer,Shrader,K,IND,0.0,2025-12-11 04:29:37
8932,automatic,espn.com,Week 14,Lucas,Havrisik,K,GB,0.0,2025-12-11 04:29:37
11058,automatic,espn.com,Week 14,Blake,Grupe,K,NO,0.0,2025-12-11 04:29:37
11566,automatic,espn.com,Week 15,Jayden,Daniels,QB,WAS,0.0,2025-12-11 04:29:37
1373,automatic,espn.com,Week 15,Geno,Smith,QB,LV,0.0,2025-12-11 04:29:37
5870,automatic,espn.com,Week 15,Daniel,Jones,QB,IND,0.0,2025-12-11 04:29:37
5849,automatic,espn.com,Week 15,Kyler,Murray,QB,ARI,0.0,2025-12-11 04:29:37
7591,automatic,espn.com,Week 15,Justin,Fields,QB,NYJ,0.0,2025-12-11 04:29:37
19,automatic,espn.com,Week 15,Joe,Flacco,QB,CIN,0.0,2025-12-11 04:29:37
11559,automatic,espn.com,Week 15,Michael,Penix Jr.,QB,ATL,0.0,2025-12-11 04:29:37
7585,automatic,espn.com,Week 15,Davis,Mills,QB,HOU,0.0,2025-12-11 04:29:37
7527,automatic,espn.com,Week 15,Mac,Jones,QB,SF,0.0,2025-12-11 04:29:37
2306,automatic,espn.com,Week 15,Jameis,Winston,QB,NYG,0.0,2025-12-11 04:29:37
3161,automatic,espn.com,Week 15,Carson,Wentz,QB,MIN,0.0,2025-12-11 04:29:37
1234,automatic,espn.com,Week 15,Russell,Wilson,QB,NYG,0.0,2025-12-11 04:29:37
7610,automatic,espn.com,Week 15,Trey,Lance,QB,LAC,0.0,2025-12-11 04:29:37
12486,automatic,espn.com,Week 15,Dillon,Gabriel,QB,CLE,0.0,2025-12-11 04:29:37
11562,automatic,espn.com,Week 15,Spencer,Rattler,QB,NO,0.0,2025-12-11 04:29:37
9229,automatic,espn.com,Week 15,Anthony,Richardson Sr.,QB,IND,0.0,2025-12-11 04:29:37
4972,automatic,espn.com,Week 15,Mason,Rudolph,QB,PIT,0.0,2025-12-11 04:29:37
6111,automatic,espn.com,Week 15,Jake,Browning,QB,CIN,0.0,2025-12-11 04:29:37
12775,automatic,espn.com,Week 15,Max,Brosmer,QB,MIN,0.0,2025-12-11 04:29:37
7042,automatic,espn.com,Week 15,Tyler,Bass,K,BUF,0.0,2025-12-11 04:29:37
5119,automatic,espn.com,Week 15,Jason,Sanders,K,MIA,0.0,2025-12-11 04:29:37
12185,automatic,espn.com,Week 15,Spencer,Shrader,K,IND,0.0,2025-12-11 04:29:37
8932,automatic,espn.com,Week 15,Lucas,Havrisik,K,GB,0.0,2025-12-11 04:29:37
503,automatic,espn.com,Week 15,Graham,Gano,K,NYG,0.0,2025-12-11 04:29:37
2152,automatic,fanduel.com,Week 15,Teddy,Bridgewater,QB,TB,0.0,2025-12-11 04:29:37
8227,automatic,fanduel.com,Week 15,Teagan,Quitoriano,TE,ATL,0.0,2025-12-11 04:29:37
11618,automatic,fanduel.com,Week 15,Jalen,McMillan,WR,TB,0.0,2025-12-11 04:29:37
11806,automatic,fanduel.com,Week 15,Casey,Washington,WR,ATL,0.0,2025-12-11 04:29:37
12787,automatic,fanduel.com,Week 15,Josh,Williams,RB,TB,0.0,2025-12-11 04:29:37
6694,automatic,fanduel.com,Week 15,D'Ernest,Johnson,RB,NE,0.0,2025-12-11 04:29:37
7670,automatic,fanduel.com,Week 15,Josh,Palmer,WR,BUF,0.0,2025-12-11 04:29:37
11292,automatic,fanduel.com,Week 15,Tommy,DeVito,QB,NE,0.0,2025-12-11 04:29:37
12542,automatic,fanduel.com,Week 15,Efton,Chism III,WR,NE,0.0,2025-12-11 04:29:37
4171,automatic,fanduel.com,Week 15,Josh,Reynolds,WR,NYJ,0.0,2025-12-11 04:29:37
4314,automatic,fanduel.com,Week 15,Johnny,Mundt,TE,JAX,0.0,2025-12-11 04:29:37
7591,automatic,fanduel.com,Week 15,Justin,Fields,QB,NYJ,0.0,2025-12-11 04:29:37
8146,automatic,fanduel.com,Week 15,Garrett,Wilson,WR,NYJ,0.0,2025-12-11 04:29:37
7536,automatic,fanduel.com,Week 15,Quintin,Morris,TE,JAX,0.0,2025-12-11 04:29:37
8861,automatic,fanduel.com,Week 15,Irvin,Charles,WR,NYJ,0.0,2025-12-11 04:29:37
11576,automatic,fanduel.com,Week 15,Braelon,Allen,RB,NYJ,0.0,2025-12-11 04:29:37
260,automatic,fanduel.com,Week 15,Josh,Johnson,QB,WAS,0.0,2025-12-11 04:29:37
1234,automatic,fanduel.com,Week 15,Russell,Wilson,QB,NYG,0.0,2025-12-11 04:29:37
2307,automatic,fanduel.com,Week 15,Marcus,Mariota,QB,WAS,0.0,2025-12-11 04:29:37
5096,automatic,fanduel.com,Week 15,Ray-Ray,McCloud,WR,NYG,0.0,2025-12-11 04:29:37
10223,automatic,fanduel.com,Week 15,Eric,Gray,RB,NYG,0.0,2025-12-11 04:29:37
12481,automatic,fanduel.com,Week 15,Cam,Skattebo,RB,NYG,0.0,2025-12-11 04:29:37
12889,automatic,fanduel.com,Week 15,Beaux,Collins,WR,NYG,0.0,2025-12-11 04:29:37
12715,automatic,fanduel.com,Week 15,Thomas,Fidone II,TE,NYG,0.0,2025-12-11 04:29:37
12532,automatic,fanduel.com,Week 15,Ja'Corey,Brooks,WR,WAS,0.0,2025-12-11 04:29:37
1373,automatic,fanduel.com,Week 15,Geno,Smith,QB,LV,0.0,2025-12-11 04:29:37
8162,automatic,fanduel.com,Week 15,Sam,Howell,QB,PHI,0.0,2025-12-11 04:29:37
9230,automatic,fanduel.com,Week 15,Tanner,McKee,QB,PHI,0.0,2025-12-11 04:29:37
10210,automatic,fanduel.com,Week 15,Cameron,Latu,TE,PHI,0.0,2025-12-11 04:29:37
4018,automatic,fanduel.com,Week 15,Joe,Mixon,RB,HOU,0.0,2025-12-11 04:29:37
5374,automatic,fanduel.com,Week 15,Justin,Watson,WR,HOU,0.0,2025-12-11 04:29:37
5849,automatic,fanduel.com,Week 15,Kyler,Murray,QB,ARI,0.0,2025-12-11 04:29:37
5121,automatic,fanduel.com,Week 15,Braxton,Berrios,WR,HOU,0.0,2025-12-11 04:29:37
6850,automatic,fanduel.com,Week 15,Harrison,Bryant,TE,HOU,0.0,2025-12-11 04:29:37
7812,automatic,fanduel.com,Week 15,Simi,Fehoko,WR,ARI,0.0,2025-12-11 04:29:37
9502,automatic,fanduel.com,Week 15,Tank,Dell,WR,HOU,0.0,2025-12-11 04:29:37
11056,automatic,fanduel.com,Week 15,Jared,Wayne,WR,HOU,0.0,2025-12-11 04:29:37
11381,automatic,fanduel.com,Week 15,Travis,Vokolek,TE,ARI,0.0,2025-12-11 04:29:37
4574,automatic,fanduel.com,Week 15,Cooper,Rush,QB,BAL,0.0,2025-12-11 04:29:37
6801,automatic,fanduel.com,Week 15,Tee,Higgins,WR,CIN,0.0,2025-12-11 04:29:37
6111,automatic,fanduel.com,Week 15,Jake,Browning,QB,CIN,0.0,2025-12-11 04:29:37
9511,automatic,fanduel.com,Week 15,Keaton,Mitchell,RB,BAL,0.0,2025-12-11 04:29:37
11592,automatic,fanduel.com,Week 15,Erick,All Jr.,TE,CIN,0.0,2025-12-11 04:29:37
12062,automatic,fanduel.com,Week 15,Cam,Grandy,TE,CIN,0.0,2025-12-11 04:29:37
12699,automatic,fanduel.com,Week 15,LaJohntay,Wester,WR,BAL,0.0,2025-12-11 04:29:37
6820,automatic,fanduel.com,Week 15,Clyde,Edwards-Helaire,RB,KC,0.0,2025-12-11 04:29:37
7561,automatic,fanduel.com,Week 15,Elijah,Mitchell,RB,KC,0.0,2025-12-11 04:29:37
8123,automatic,fanduel.com,Week 15,Hassan,Haskins,RB,LAC,0.0,2025-12-11 04:29:37
11311,automatic,fanduel.com,Week 15,Jason,Brownlee,WR,KC,0.0,2025-12-11 04:29:37
8885,automatic,fanduel.com,Week 15,Tucker,Fisk,TE,LAC,0.0,2025-12-11 04:29:37
11595,automatic,fanduel.com,Week 15,Jared,Wiley,TE,KC,0.0,2025-12-11 04:29:37
11320,automatic,fanduel.com,Week 15,Nikko,Remigio,WR,KC,0.0,2025-12-11 04:29:37
12505,automatic,fanduel.com,Week 15,Jalen,Royals,WR,KC,0.0,2025-12-11 04:29:37
1737,automatic,fanduel.com,Week 15,Case,Keenum,QB,CHI,0.0,2025-12-11 04:29:37
8157,automatic,fanduel.com,Week 15,Bailey,Zappe,QB,CLE,0.0,2025-12-11 04:29:37
8423,automatic,fanduel.com,Week 15,Brittain,Brown,RB,CHI,0.0,2025-12-11 04:29:37
10235,automatic,fanduel.com,Week 15,Roschon,Johnson,RB,CHI,0.0,2025-12-11 04:29:37
11617,automatic,fanduel.com,Week 15,Malachi,Corley,WR,CLE,0.0,2025-12-11 04:29:37
11633,automatic,fanduel.com,Week 15,Jamari,Thrash,WR,CLE,0.0,2025-12-11 04:29:37
12472,automatic,fanduel.com,Week 15,Raheim,Sanders,RB,CLE,0.0,2025-12-11 04:29:37
13079,automatic,fanduel.com,Week 15,Jahdae,Walker,WR,CHI,0.0,2025-12-11 04:29:37
6806,automatic,fanduel.com,Week 15,J.K.,Dobbins,RB,DEN,0.0,2025-12-11 04:29:37
11433,automatic,fanduel.com,Week 15,Nate,Adkins,TE,DEN,0.0,2025-12-11 04:29:37
8249,automatic,fanduel.com,Week 15,Lucas,Krull,TE,DEN,0.0,2025-12-11 04:29:37
11581,automatic,fanduel.com,Week 15,MarShawn,Lloyd,RB,GB,0.0,2025-12-11 04:29:37
12482,automatic,fanduel.com,Week 15,Savion,Williams,WR,GB,0.0,2025-12-11 04:29:37
3357,automatic,fanduel.com,Week 15,Brandon,Allen,QB,TEN,0.0,2025-12-11 04:29:37
6803,automatic,fanduel.com,Week 15,Brandon,Aiyuk,WR,SF,0.0,2025-12-11 04:29:37
11616,automatic,fanduel.com,Week 15,Jacob,Cowing,WR,SF,0.0,2025-12-11 04:29:37
11959,automatic,fanduel.com,Week 15,Bryce,Oliver,WR,TEN,0.0,2025-12-11 04:29:37
12516,automatic,fanduel.com,Week 15,Kalel,Mullings,RB,TEN,0.0,2025-12-11 04:29:37
11065,automatic,fanduel.com,Week 15,Adrian,Martinez,QB,SF,0.0,2025-12-11 04:29:37
12467,automatic,fanduel.com,Week 15,Jordan,James,RB,SF,0.0,2025-12-11 04:29:37
12634,automatic,fanduel.com,Week 15,Jordan,Watkins,WR,SF,0.0,2025-12-11 04:29:37
5854,automatic,fanduel.com,Week 15,Drew,Lock,QB,SEA,0.0,2025-12-11 04:29:37
6427,automatic,fanduel.com,Week 15,Ashton,Dulin,WR,IND,0.0,2025-12-11 04:29:37
9229,automatic,fanduel.com,Week 15,Anthony,Richardson,QB,IND,0.0,2025-12-11 04:29:37
10220,automatic,fanduel.com,Week 15,Will,Mallory,TE,IND,0.0,2025-12-11 04:29:37
12048,automatic,fanduel.com,Week 15,George,Holani,RB,SEA,0.0,2025-12-11 04:29:37
12497,automatic,fanduel.com,Week 15,Tory,Horton,WR,SEA,0.0,2025-12-11 04:29:37
12656,automatic,fanduel.com,Week 15,Robbie,Ouzts,RB,SEA,0.0,2025-12-11 04:29:37
12510,automatic,fanduel.com,Week 15,Jalen,Milroe,QB,SEA,0.0,2025-12-11 04:29:37
12475,automatic,fanduel.com,Week 15,Ricky,White III,WR,SEA,0.0,2025-12-11 04:29:37
4274,automatic,fanduel.com,Week 15,David,Moore,WR,CAR,0.0,2025-12-11 04:29:37
5955,automatic,fanduel.com,Week 15,Hunter,Renfrow,WR,CAR,0.0,2025-12-11 04:29:37
7946,automatic,fanduel.com,Week 15,Jack,Stoll,TE,NO,0.0,2025-12-11 04:29:37
8170,automatic,fanduel.com,Week 15,James,Mitchell,TE,CAR,0.0,2025-12-11 04:29:37
9492,automatic,fanduel.com,Week 15,Trey,Palmer,WR,NO,0.0,2025-12-11 04:29:37
9220,automatic,fanduel.com,Week 15,Evan,Hull,RB,NO,0.0,2025-12-11 04:29:37
11579,automatic,fanduel.com,Week 15,Audric,Estime,RB,NO,0.0,2025-12-11 04:29:37
8799,automatic,fanduel.com,Week 15,Zaire,Mitchell-Paden,TE,NO,0.0,2025-12-11 04:29:37
12480,automatic,fanduel.com,Week 15,Moliki,Matavao,TE,NO,0.0,2025-12-11 04:29:37
1837,automatic,fanduel.com,Week 15,Jimmy,Garoppolo,QB,LAR,0.0,2025-12-11 04:29:37
3634,automatic,fanduel.com,Week 15,Kalif,Raymond,WR,DET,0.0,2025-12-11 04:29:37
6659,automatic,fanduel.com,Week 15,Craig,Reynolds,RB,DET,0.0,2025-12-11 04:29:37
7562,automatic,fanduel.com,Week 15,Tutu,Atwell,WR,LAR,0.0,2025-12-11 04:29:37
10859,automatic,fanduel.com,Week 15,Sam,LaPorta,TE,DET,0.0,2025-12-11 04:29:37
11729,automatic,fanduel.com,Week 15,Sione,Vaki,RB,DET,0.0,2025-12-11 04:29:37
12732,automatic,fanduel.com,Week 15,Dominic,Lovett,WR,DET,0.0,2025-12-11 04:29:37
11237,automatic,fanduel.com,Week 15,Jacob,Saylors,RB,DET,0.0,2025-12-11 04:29:37
11569,automatic,fanduel.com,Week 15,Jarquez,Hunter,RB,LAR,0.0,2025-12-11 04:29:37
12938,automatic,fanduel.com,Week 15,Jackson,Meeks,WR,DET,0.0,2025-12-11 04:29:37
10857,automatic,fanduel.com,Week 15,Stetson,Bennett,QB,LAR,0.0,2025-12-11 04:29:37
13011,automatic,fanduel.com,Week 15,Brennan,Presley,WR,LAR,0.0,2025-12-11 04:29:37
13110,automatic,fanduel.com,Week 15,Zach,Horton,TE,DET,0.0,2025-12-11 04:29:37
8230,automatic,fanduel.com,Week 15,Ty,Chandler,RB,MIN,0.0,2025-12-11 04:29:37
12457,automatic,fanduel.com,Week 15,Jaydon,Blue,RB,DAL,0.0,2025-12-11 04:29:37
13121,automatic,fanduel.com,Week 15,Ben,Yurosek,TE,MIN,0.0,2025-12-11 04:29:37
13075,automatic,fanduel.com,Week 15,Myles,Price,WR,MIN,0.0,2025-12-11 04:29:37
11506,automatic,fanduel.com,Week 15,Jalen,Cropper,WR,DAL,0.0,2025-12-11 04:29:37
8206,automatic,fanduel.com,Week 15,Skylar,Thompson,QB,PIT,0.0,2025-12-11 04:29:37
8849,automatic,fanduel.com,Week 15,Tanner,Conner,TE,MIA,0.0,2025-12-11 04:29:37
11630,automatic,fanduel.com,Week 15,Roman,Wilson,WR,PIT,0.0,2025-12-11 04:29:37
11821,automatic,fanduel.com,Week 15,Tahj,Washington,WR,MIA,0.0,2025-12-11 04:29:37
12971,automatic,fanduel.com,Week 15,Ke'Shawn,Williams,WR,PIT,0.0,2025-12-11 04:29:37
12500,automatic,fanduel.com,Week 15,Quinn,Ewers,QB,MIA,0.0,2025-12-11 04:29:37
,,fanduel.com,Week 10,Dalevon,Campbell,WR,CAR,0.0,2025-12-11 04:29:37
,,fanduel.com,Week 10,Patrick,Ricard,RB,BAL,0.0,2025-12-11 04:29:37
,,fanduel.com,Week 10,C.J.,Ham,RB,MIN,0.0,2025-12-11 04:29:37
,,fanduel.com,Week 10,Cade,McDonald,WR,CLE,0.0,2025-12-11 04:29:37
,,fanduel.com,Week 10,Chase,Edmonds,RB,TB,0.0,2025-12-11 04:29:37
,,fanduel.com,Week 10,Jack,Westover,RB,NE,0.0,2025-12-11 04:29:37
,,fanduel.com,Week 10,Brady,Russell,RB,SEA,0.0,2025-12-11 04:29:37
,,fanduel.com,Week 10,Trishton,Jackson,WR,ARI,0.0,2025-12-11 04:29:37
,,fanduel.com,Week 11,Jack,Westover,RB,NE,0.0,2025-12-11 04:29:37
,,fanduel.com,Week 11,Chase,Edmonds,RB,TB,0.0,2025-12-11 04:29:37
,,fanduel.com,Week 11,Irv,Smith Jr.,TE,HOU,0.0,2025-12-11 04:29:37
,,fanduel.com,Week 11,Dalevon,Campbell,WR,CAR,0.0,2025-12-11 04:29:37
,,fanduel.com,Week 11,C.J.,Ham,RB,MIN,0.0,2025-12-11 04:29:37
,,fanduel.com,Week 11,Trishton,Jackson,WR,ARI,0.0,2025-12-11 04:29:37
,,fanduel.com,Week 11,Brady,Russell,RB,SEA,0.0,2025-12-11 04:29:37
,,fanduel.com,Week 11,Patrick,Ricard,RB,BAL,0.0,2025-12-11 04:29:37
,,fanduel.com,Week 11,Cade,McDonald,WR,CLE,0.0,2025-12-11 04:29:37
,,fanduel.com,Week 12,Irv,Smith Jr.,TE,HOU,0.0,2025-12-11 04:29:37
,,fanduel.com,Week 12,C.J.,Ham,RB,MIN,0.0,2025-12-11 04:29:37
,,fanduel.com,Week 12,Ben,Sims,TE,GB,0.0,2025-12-11 04:29:37
,,fanduel.com,Week 12,Brady,Russell,RB,SEA,0.0,2025-12-11 04:29:37
,,fanduel.com,Week 12,Trishton,Jackson,WR,ARI,0.0,2025-12-11 04:29:37
,,fanduel.com,Week 12,Justin,Shorter,TE,LV,0.0,2025-12-11 04:29:37
,,fanduel.com,Week 12,Cade,McDonald,WR,CLE,0.0,2025-12-11 04:29:37
,,fanduel.com,Week 12,Dalevon,Campbell,WR,CAR,0.0,2025-12-11 04:29:37
,,fantasypros.com,Week 12,Jeff,Driskel,QB,ARI,0.0,2025-12-11 04:29:37
,,fantasypros.com,Week 12,Sincere,McCormick,RB,FA,0.0,2025-12-11 04:29:37
,,fanduel.com,Week 13,Ben,Sims,TE,GB,0.0,2025-12-11 04:29:37
,,fanduel.com,Week 13,Dalevon,Campbell,WR,CAR,0.0,2025-12-11 04:29:37
,,fanduel.com,Week 13,Cade,McDonald,WR,CLE,0.0,2025-12-11 04:29:37
,,fanduel.com,Week 13,Irv,Smith Jr.,TE,HOU,0.0,2025-12-11 04:29:37
,,fanduel.com,Week 13,Jakob,Johnson,RB,HOU,0.0,2025-12-11 04:29:37
,,fanduel.com,Week 13,Trishton,Jackson,WR,ARI,0.0,2025-12-11 04:29:37
,,fanduel.com,Week 13,C.J.,Ham,RB,MIN,0.0,2025-12-11 04:29:37
,,fanduel.com,Week 13,Brady,Russell,RB,SEA,0.0,2025-12-11 04:29:37
,,fanduel.com,Week 13,Mecole,Hardman,WR,BUF,0.0,2025-12-11 04:29:37
,,fanduel.com,Week 13,Justin,Shorter,TE,LV,0.0,2025-12-11 04:29:37
,,fanduel.com,Week 13,Tay,Martin,WR,WAS,0.0,2025-12-11 04:29:37
,,fanduel.com,Week 14,Brady,Russell,RB,SEA,0.0,2025-12-11 04:29:37
,,fanduel.com,Week 14,Cade,McDonald,WR,CLE,0.0,2025-12-11 04:29:37
,,fanduel.com,Week 14,Ben,Sims,TE,GB,0.0,2025-12-11 04:29:37
,,fanduel.com,Week 14,C.J.,Ham,RB,MIN,0.0,2025-12-11 04:29:37
,,fanduel.com,Week 14,Justin,Shorter,TE,LV,0.0,2025-12-11 04:29:37
,,fanduel.com,Week 14,Irv,Smith Jr.,TE,HOU,0.0,2025-12-11 04:29:37
,,fanduel.com,Week 14,Jakob,Johnson,RB,HOU,0.0,2025-12-11 04:29:37
,,fanduel.com,Week 15,Mecole,Hardman,WR,BUF,0.0,2025-12-11 04:29:37
,,fanduel.com,Week 15,Jack,Westover,RB,NE,0.0,2025-12-11 04:29:37
,,fanduel.com,Week 15,Justin,Shorter,TE,LV,0.0,2025-12-11 04:29:37
,,fanduel.com,Week 15,Irv,Smith Jr.,TE,HOU,0.0,2025-12-11 04:29:37
,,fanduel.com,Week 15,Jakob,Johnson,RB,HOU,0.0,2025-12-11 04:29:37
,,fanduel.com,Week 15,Trishton,Jackson,WR,ARI,0.0,2025-12-11 04:29:37
,,fanduel.com,Week 15,Corey,Kiner,RB,ARI,0.0,2025-12-11 04:29:37
,,fanduel.com,Week 15,Cade,McDonald,WR,CLE,0.0,2025-12-11 04:29:37
,,fanduel.com,Week 15,Brady,Russell,RB,SEA,0.0,2025-12-11 04:29:37
,,fanduel.com,Week 15,Dalevon,Campbell,WR,CAR,0.0,2025-12-11 04:29:37
,,fanduel.com,Week 15,Hayden,Rucci,TE,DET,0.0,2025-12-11 04:29:37
,,fanduel.com,Week 15,C.J.,Ham,RB,MIN,0.0,2025-12-11 04:29:37
